return-date	order-id	sku	asin	fnsku	product-name	quantity	fulfillment-center-id	detailed-disposition	reason	license-plate-number	customer-comments
2026-06-09T09:25:01+00:00	171-7911897-7170717	1030300_EAN	B0FBMGT6V7	X002C88WLZ	Cubelelo Drift Explorer 3x3 Speed Cube | Best Starter Speedcube for Beginners | Perfect Brain Teaser for Kids Ages 4 to14 Years Old & Above Boys Girls Children | Smooth Turning Puzzle Toy for Adults	1	BLR5	SELLABLE	UNDELIVERABLE_REFUSED	LPNBLR5P9473137	
2026-06-09T09:06:25+00:00	402-9322970-2778717	1030300_EAN	B0FBMGT6V7	X002C88WLZ	Cubelelo Drift Explorer 3x3 Speed Cube | Best Starter Speedcube for Beginners | Perfect Brain Teaser for Kids Ages 4 to14 Years Old & Above Boys Girls Children | Smooth Turning Puzzle Toy for Adults	1	BLR5	SELLABLE	UNDELIVERABLE_REFUSED	LPNBLR5P7984269	
2026-06-09T08:17:58+00:00	403-1834232-8995520	1030300_EAN	B0FBMGT6V7	X002C88WLZ	Cubelelo Drift Explorer 3x3 Speed Cube | Best Starter Speedcube for Beginners | Perfect Brain Teaser for Kids Ages 4 to14 Years Old & Above Boys Girls Children | Smooth Turning Puzzle Toy for Adults	1	DEL2	SELLABLE	UNDELIVERABLE_REFUSED	LPNDEL2R69949864	
2026-06-09T08:15:03+00:00	402-5041531-9633943	1120100	B08LBGYZ51	X0019BU32H	Cubelelo Drift 3x3 Mirror (Silver) Magic Speed Cube | Shape Shifter Speedcube with Durable Stickers | Advanced 3x3x3 Puzzle Toy for Kids Ages 7-14 Boys Girls & Adults | Collector's Item	1	BLR5	SELLABLE	UNDELIVERABLE_REFUSED	LPNBLR5P8853533	
2026-06-09T08:11:11+00:00	408-5689268-0348304	1030478	B09PYRTM4X	X001HYK0PL	Cubelelo Drift 3x3 Jelly Edition Speedcube Magic Cube Puzzle	1	BLR5	SELLABLE	UNDELIVERABLE_REFUSED	LPNBLR5P8883345	
2026-06-09T07:57:40+00:00	407-9333339-0240342	1030300_EAN	B0FBMGT6V7	X002C88WLZ	Cubelelo Drift Explorer 3x3 Speed Cube | Best Starter Speedcube for Beginners | Perfect Brain Teaser for Kids Ages 4 to14 Years Old & Above Boys Girls Children | Smooth Turning Puzzle Toy for Adults	1	CCX1	SELLABLE	UNDELIVERABLE_REFUSED	LPNCCX1B5433229	
2026-06-09T07:43:51+00:00	404-3873732-5781142	1630210	B09HH8CC7Y	X00262W227	Cubelelo Drift Number Sliding Magnetic Puzzle 4x4 | Toys For 6-10 Years Old Boys & Girls | 15-Blocks Brain Teaser Puzzle Game for Kids | Educational, Learning, Activity Toy for Return & Birthday Gifts	1	BOM4	SELLABLE	DEFECTIVE	LPNBOM4N41474321	
2026-06-09T07:36:15+00:00	403-8391536-4081965	1030604	B0DRVQVFJB	X0027JJHDB	Cubelelo Drift 3M v3 3x3 Magnetic Speedcube (Standard) | Latest Version with New & Improved Internal Structure for Smooth Turns & Stability | Cube Toy for 6-10 Years Old Boys Girls Adults	1	CCX1	SELLABLE	UNDELIVERABLE_REFUSED	LPNCCX1B4158091	
2026-06-09T07:22:22+00:00	404-4990863-6843510	1030400	B07XPNC385	X0012WM1NR	Cubelelo Drift 3x3 Black Speedcube | Beginner Cube for Kids & Adults | Magic Speed Stress Buster Brainstorming Puzzle (Multicolor) | Anti-Pop Technology | Smooth Turning | Durable	1	CCX1	SELLABLE	UNDELIVERABLE_REFUSED	LPNCCX1B4784774	
2026-06-09T07:03:39+00:00	403-9657721-1601103	1030300_EAN	B0FBMGT6V7	X002C88WLZ	Cubelelo Drift Explorer 3x3 Speed Cube | Best Starter Speedcube for Beginners | Perfect Brain Teaser for Kids Ages 4 to14 Years Old & Above Boys Girls Children | Smooth Turning Puzzle Toy for Adults	1	CCX1	SELLABLE	UNDELIVERABLE_REFUSED	LPNCCX1B4145083	
2026-06-09T06:51:02+00:00	408-9089536-9092344	1030604	B0DRVQVFJB	X0027JJHDB	Cubelelo Drift 3M v3 3x3 Magnetic Speedcube (Standard) | Latest Version with New & Improved Internal Structure for Smooth Turns & Stability | Cube Toy for 6-10 Years Old Boys Girls Adults	1	CCX2	SELLABLE	DEFECTIVE	LPNCCX2B0753114	
2026-06-09T06:46:33+00:00	408-5236697-0123568	1120039	B0DRVW5BNS	X0027ISPWL	Cubelelo Drift 3x3 Mirror Blue (Tiled) Speed Cube | New Blue Version Looks Stunning with Buttery Smooth Turns | Ideal for Kids Above 5 6 Years Old Boys Girls | 3x3x3 Shape-Shifting Design Puzzle Toy	1	BOM4	SELLABLE	UNDELIVERABLE_UNKNOWN	LPNBOM4N41876472	
2026-06-09T06:46:33+00:00	408-5236697-0123568	1460501	B08XK25RRF	X001VLOAKL	Cubelelo Drift 2x2 & 3x3 Cube Gift Box Combo | 2-in-1 Puzzle Toy Game Set for Children Kids & Adults Ages 4 5 6 & Above | Double the Challenge, Twice the Fun | Ultimate Value Saver Combo	1	BOM4	SELLABLE	UNDELIVERABLE_UNKNOWN	LPNBOM4N41876473	
2026-06-09T06:08:57+00:00	404-8437095-1098741	1030604	B0DRVQVFJB	X0027JJHDB	Cubelelo Drift 3M v3 3x3 Magnetic Speedcube (Standard) | Latest Version with New & Improved Internal Structure for Smooth Turns & Stability | Cube Toy for 6-10 Years Old Boys Girls Adults	1	BOM4	DEFECTIVE	DEFECTIVE	LPNBOM4N41474233	Wrong/used product has been delivered
2026-06-09T06:06:09+00:00	408-9362547-2195539	1030300_EAN	B0FBMGT6V7	X002C88WLZ	Cubelelo Drift Explorer 3x3 Speed Cube | Best Starter Speedcube for Beginners | Perfect Brain Teaser for Kids Ages 4 to14 Years Old & Above Boys Girls Children | Smooth Turning Puzzle Toy for Adults	1	BLR5	SELLABLE	UNDELIVERABLE_REFUSED	LPNBLR5P9435846	
2026-06-09T05:47:22+00:00	171-5550821-9457117	1030604	B0DRVQVFJB	X0027JJHDB	Cubelelo Drift 3M v3 3x3 Magnetic Speedcube (Standard) | Latest Version with New & Improved Internal Structure for Smooth Turns & Stability | Cube Toy for 6-10 Years Old Boys Girls Adults	1	DEL4	SELLABLE	UNDELIVERABLE_UNKNOWN	LPNDEL4AA3631572	
2026-06-09T04:56:05+00:00	171-0185491-2123539	TB00003	B0FF47DZ8G	X002C817VR	TinkerBox Color and Pattern Sliding Puzzle Game | Educational Wooden Toy for Kids | Color & Shape Matching Brain Teaser for Ages 3-7 | Preschool Learning Toy for Boys & Girls	1	DEL2	SELLABLE	UNDELIVERABLE_REFUSED	LPNDEL2R69531276	
2026-06-09T04:50:49+00:00	402-5075459-8915545	1460553	B0BYVHGR5H	X001WPZI9N	Cubelelo Drift 2x2, 3x3 & Pyraminx Cube Combo (Stickerless) | Ideal for Kids Above 3 4 5 6 Years Old Boys Girls | 3 in 1 Speedcube Gift Set | High Speed Puzzle 3x3x3 2x2x2 Pyramid Triangle	1	BLR5	SELLABLE	UNDELIVERABLE_REFUSED	LPNBLR5P6557116	
2026-06-09T04:48:35+00:00	408-1177360-3926740	1630201	B09QMNCWYG	X001I5SK8D	Cubelelo Drift Infinity Cube (Green) | Magic Puzzle Cool Mini Gadget for Stress and Anxiety Relief for Kids and Adults | Desk Finger Flip Toy for Fun and Game | for Ages 3 Years and Above	1	BLR5	SELLABLE	UNDELIVERABLE_REFUSED	LPNBLR5P6685465	
2026-06-09T04:35:10+00:00	406-1667027-7861943	1030500	B08H88N2N9	X0018CDFL3	Cubelelo Drift Warrior 3x3 Stickerless Cube | Beginner Speedcube for Kids Boys Girls Above 3 4 5 6 Years Old & Above | Magic Puzzle Toy | Durable & Smooth Cube with Anti-Pop Design 3 3	1	DEL2	SELLABLE	UNDELIVERABLE_REFUSED	LPNDEL2R69527357	
2026-06-09T04:18:18+00:00	405-9039616-2025918	1030700_EAN	B0BRXJ9Q4G	X001P8LWWT	Cubelelo Drift 3M Plus v2 3x3 (Magnetic) Cube | New Upgraded Version Based on MoYu RS3M v5 | Dual-Adjustment System | Premium Speedcube for Kids Boys Girls Ages 4+ Year Old & Adults	1	BOM4	CUSTOMER_DAMAGED	DEFECTIVE	LPNBOM4N41925276	
2026-06-09T04:12:39+00:00	406-9805770-1253961	1030651	B0DJQWJFSX	X0025EZ04D	Cubelelo Drift 3M Plus v2 3x3 (Magnetic) (New Upgraded Version) | Based on MoYu RS3M v5 | Dual-Adjustment System | Speedcube for Kids & Adults | Magic Speedy Stress Buster Brainstorming Puzzle	1	DEL2	SELLABLE	UNDELIVERABLE_REFUSED	LPNDEL2R69576038	
2026-06-09T04:08:25+00:00	404-9206931-1315569	1030300_EAN	B0FBMGT6V7	X002C88WLZ	Cubelelo Drift Explorer 3x3 Speed Cube | Best Starter Speedcube for Beginners | Perfect Brain Teaser for Kids Ages 4 to14 Years Old & Above Boys Girls Children | Smooth Turning Puzzle Toy for Adults	1	CJB1	SELLABLE	UNDELIVERABLE_REFUSED	LPNCJB1X197490	
2026-06-09T04:03:36+00:00	402-6483442-4372327	1030300_EAN	B0FBMGT6V7	X002C88WLZ	Cubelelo Drift Explorer 3x3 Speed Cube | Best Starter Speedcube for Beginners | Perfect Brain Teaser for Kids Ages 4 to14 Years Old & Above Boys Girls Children | Smooth Turning Puzzle Toy for Adults	1	DEL2	CUSTOMER_DAMAGED	DEFECTIVE	LPNDEL2R69719667	
2026-06-09T04:02:57+00:00	406-3307033-7992313	1060100	B09HH5R69B	X001G4MZFF	Cubelelo Drift 6x6 Stickerless Speed Cube Magic Puzzle for Kids & Adults | Advanced Level Speedcube | Speedy Stress Buster Brainstorming Cube	1	BLR5	CUSTOMER_DAMAGED	SWITCHEROO	LPNBLR5P6562743	
2026-06-09T04:01:47+00:00	402-0605950-4138720	1460553	B0BYVHGR5H	X001WPZI9N	Cubelelo Drift 2x2, 3x3 & Pyraminx Cube Combo (Stickerless) | Ideal for Kids Above 3 4 5 6 Years Old Boys Girls | 3 in 1 Speedcube Gift Set | High Speed Puzzle 3x3x3 2x2x2 Pyramid Triangle	1	CCX1	SELLABLE	NEVER_ARRIVED	LPNCCX1B4866680	
2026-06-09T04:00:47+00:00	404-1281167-0202758	1030604	B0DRVQVFJB	X0027JJHDB	Cubelelo Drift 3M v3 3x3 Magnetic Speedcube (Standard) | Latest Version with New & Improved Internal Structure for Smooth Turns & Stability | Cube Toy for 6-10 Years Old Boys Girls Adults	1	DEL2	DEFECTIVE	MISSING_PARTS	LPNDEL2R69527326	Missing
2026-06-09T03:58:24+00:00	408-6203745-2821135	1630208	B0CNXSTGRX	X001WV20T3	Cubelelo Drift Mini Rainbow Ball Puzzle | Compact, Multicolor Sphere (Fidget Toy) | Portable Brain Teaser for Kids & Adults | Stress Relief & Fun On-The-Go Puzzle	1	BLR5	SELLABLE	DEFECTIVE	LPNBLR5P6914495	
2026-06-09T03:51:55+00:00	403-9369067-5354752	1030500	B08H88N2N9	X0018CDFL3	Cubelelo Drift Warrior 3x3 Stickerless Cube | Beginner Speedcube for Kids Boys Girls Above 3 4 5 6 Years Old & Above | Magic Puzzle Toy | Durable & Smooth Cube with Anti-Pop Design 3 3	1	DEL2	SELLABLE	UNDELIVERABLE_REFUSED	LPNDEL2R69784293	
2026-06-09T03:38:55+00:00	404-7803416-8605962	1030604	B0DRVQVFJB	X0027JJHDB	Cubelelo Drift 3M v3 3x3 Magnetic Speedcube (Standard) | Latest Version with New & Improved Internal Structure for Smooth Turns & Stability | Cube Toy for 6-10 Years Old Boys Girls Adults	1	DEL2	CUSTOMER_DAMAGED	MISSING_PARTS	LPNDEL2R70068002	
2026-06-09T03:31:12+00:00	405-8006811-4859515	1460501	B08XK25RRF	X001VLOAKL	Cubelelo Drift 2x2 & 3x3 Cube Gift Box Combo | 2-in-1 Puzzle Toy Game Set for Children Kids & Adults Ages 4 5 6 & Above | Double the Challenge, Twice the Fun | Ultimate Value Saver Combo	1	DEL2	CUSTOMER_DAMAGED	SWITCHEROO	LPNDEL2R69761122	
2026-06-09T03:09:17+00:00	171-8932914-6474753	1030300_EAN	B0FBMGT6V7	X002C88WLZ	Cubelelo Drift Explorer 3x3 Speed Cube | Best Starter Speedcube for Beginners | Perfect Brain Teaser for Kids Ages 4 to14 Years Old & Above Boys Girls Children | Smooth Turning Puzzle Toy for Adults	1	BOM7	SELLABLE	UNDELIVERABLE_REFUSED	LPNBOM7D19826310	
2026-06-08T22:51:50+00:00	407-1077611-2923503	1030500	B08H88N2N9	X0018CDFL3	Cubelelo Drift Warrior 3x3 Stickerless Cube | Beginner Speedcube for Kids Boys Girls Above 3 4 5 6 Years Old & Above | Magic Puzzle Toy | Durable & Smooth Cube with Anti-Pop Design 3 3	1	BLR5	SELLABLE	UNDELIVERABLE_UNKNOWN	LPNBLR5P9474626	
2026-06-08T20:47:29+00:00	403-7887777-7897120	1030478	B09PYRTM4X	X001HYK0PL	Cubelelo Drift 3x3 Jelly Edition Speedcube Magic Cube Puzzle	1	BLR5	SELLABLE	DEFECTIVE	LPNBLR5P8461236	
2026-06-08T19:33:38+00:00	405-6212936-4793147	1030651	B0DJQWJFSX	X0025EZ04D	Cubelelo Drift 3M Plus v2 3x3 (Magnetic) (New Upgraded Version) | Based on MoYu RS3M v5 | Dual-Adjustment System | Speedcube for Kids & Adults | Magic Speedy Stress Buster Brainstorming Puzzle	1	CCX1	SELLABLE	UNDELIVERABLE_REFUSED	LPNCCX1B4132811	
2026-06-08T18:44:45+00:00	404-7332822-5941951	1030500	B08H88N2N9	X0018CDFL3	Cubelelo Drift Warrior 3x3 Stickerless Cube | Beginner Speedcube for Kids Boys Girls Above 3 4 5 6 Years Old & Above | Magic Puzzle Toy | Durable & Smooth Cube with Anti-Pop Design 3 3	1	BLR5	SELLABLE	UNDELIVERABLE_REFUSED	LPNBLR5P6556763	
2026-06-08T17:40:42+00:00	407-2643312-9473125	1460521	B0CGNW2MFJ	X001VZFQYB	Cubelelo Drift Square-1 & Skewb Gift Box | Explore the new Dimension of Uniquely Shaped Puzzles | 2 in 1 Combo Pack of Dual Challenge Delight | Brainstoming Game Toy for Children Kids & Adults	1	BLR5	SELLABLE	SWITCHEROO	LPNBLR5P6631031	I ordered a Skewb and a Square-1 cube, but I received a 4x4 cube and a 5x5 cube instead. The items delivered do not match my order. Please process the return and provide the correct products or a refu
2026-06-08T16:43:50+00:00	402-7552329-5849106	1040300	B09HH8XQ14	X001G4QY25	Cubelelo Drift 4x4 (Black) Speedcube | Challenging Brain Teaser Puzzle Toy for Kids 7-14 Years Old Boys Girls & Adults All Ages | Fast Speed Cube for Intermediate and Advanced Cubers	1	BLR5	SELLABLE	SWITCHEROO	LPNBLR5P6668669	
2026-06-08T13:36:51+00:00	405-0819729-4119546	1160200	B0CZ9M5VBG	X001ZUU6DD	Cubelelo Drift Fisher (Tiled) Magic Cube Puzzle for Kids & Adults | Unique Shape Mod with Premium Design, Smooth Finish Toy for Intermediate and Advanced Solvers | for Ages 3 and Above	1	BLR5	SELLABLE	UNDELIVERABLE_REFUSED	LPNBLR5O0793861	
2026-06-08T13:36:51+00:00	405-0819729-4119546	1290300	B0DB6311DK	X00239RFKR	Cubelelo Drift Megaminx v2 Cube (New Improved Version) | 12-Sided Fun and Challenging Puzzle with Ridge Design | Smooth Turning Dodecahedron | Perfect for Speed-Cubing | Ideal for Kids & Adults	1	BLR5	SELLABLE	UNDELIVERABLE_REFUSED	LPNBLR5O0793859	
2026-06-08T12:24:27+00:00	402-5251281-9981105	1030604	B0DRVQVFJB	X0027JJHDB	Cubelelo Drift 3M v3 3x3 Magnetic Speedcube (Standard) | Latest Version with New & Improved Internal Structure for Smooth Turns & Stability | Cube Toy for 6-10 Years Old Boys Girls Adults	1	BOM4	SELLABLE	DEFECTIVE	LPNBOM4N40640984	
2026-06-08T12:22:34+00:00	408-2459550-4916360	1030300_EAN	B0FBMGT6V7	X002C88WLZ	Cubelelo Drift Explorer 3x3 Speed Cube | Best Starter Speedcube for Beginners | Perfect Brain Teaser for Kids Ages 4 to14 Years Old & Above Boys Girls Children | Smooth Turning Puzzle Toy for Adults	1	BOM4	SELLABLE	SWITCHEROO	LPNBOM4N41905011	
2026-06-08T12:09:31+00:00	404-4353302-4321959	1120100	B08LBGYZ51	X0019BU32H	Cubelelo Drift 3x3 Mirror (Silver) Magic Speed Cube | Shape Shifter Speedcube with Durable Stickers | Advanced 3x3x3 Puzzle Toy for Kids Ages 7-14 Boys Girls & Adults | Collector's Item	1	DEL2	SELLABLE	UNDELIVERABLE_REFUSED	LPNDEL2R69592835	
2026-06-08T12:07:44+00:00	171-5421193-9919501	1030604	B0DRVQVFJB	X0027JJHDB	Cubelelo Drift 3M v3 3x3 Magnetic Speedcube (Standard) | Latest Version with New & Improved Internal Structure for Smooth Turns & Stability | Cube Toy for 6-10 Years Old Boys Girls Adults	1	BOM4	SELLABLE	DEFECTIVE	LPNBOM4N40922810	
2026-06-08T11:31:00+00:00	406-9472400-0467540	1460553	B0BYVHGR5H	X001WPZI9N	Cubelelo Drift 2x2, 3x3 & Pyraminx Cube Combo (Stickerless) | Ideal for Kids Above 3 4 5 6 Years Old Boys Girls | 3 in 1 Speedcube Gift Set | High Speed Puzzle 3x3x3 2x2x2 Pyramid Triangle	1	DEL2	SELLABLE	UNDELIVERABLE_REFUSED	LPNDEL2R69894384	
2026-06-08T10:29:23+00:00	408-8909644-8781959	1030400	B07XPNC385	X0012WM1NR	Cubelelo Drift 3x3 Black Speedcube | Beginner Cube for Kids & Adults | Magic Speed Stress Buster Brainstorming Puzzle (Multicolor) | Anti-Pop Technology | Smooth Turning | Durable	1	CCX1	SELLABLE	SWITCHEROO	LPNCCX1B4847230	
2026-06-08T10:26:14+00:00	402-0022474-7638725	1030300_EAN	B0FBMGT6V7	X002C88WLZ	Cubelelo Drift Explorer 3x3 Speed Cube | Best Starter Speedcube for Beginners | Perfect Brain Teaser for Kids Ages 4 to14 Years Old & Above Boys Girls Children | Smooth Turning Puzzle Toy for Adults	1	DEL2	SELLABLE	UNDELIVERABLE_REFUSED	LPNDEL2R70653918	
2026-06-08T10:21:09+00:00	406-5073823-0706705	1030603	B0DRVMTFN1	X0027JJ8K3	Cubelelo Drift 3M v3 3x3 (Magnetic UV Coated) Speedcube - New Version | Premium Glossy Finish, Ultra Fast & Smooth Turns, Enhanced Auto-Alignment with 48 Magnets | Puzzle Cube for Kids & Adults	1	DEL2	SELLABLE	DEFECTIVE	LPNDEL2R69794542	
2026-06-08T10:08:06+00:00	406-4285120-2517105	1030400	B07XPNC385	X0012WM1NR	Cubelelo Drift 3x3 Black Speedcube | Beginner Cube for Kids & Adults | Magic Speed Stress Buster Brainstorming Puzzle (Multicolor) | Anti-Pop Technology | Smooth Turning | Durable	1	BLR5	SELLABLE	UNDELIVERABLE_REFUSED	LPNBLR5O0786359	
2026-06-08T09:57:34+00:00	403-2168318-8660341	1280100a	B09QYW9DYC	X001LHLHUV	Cubelelo Drift Pyraminx Puzzle Speedcube | Beginner Starter Cube for Kids 3+ Year Old & Above | Triangle Pyramid Shape Stickerless 3x3 Cubes Toy | Ideal for Boys Girls Children 4 5 6+ Years & Adults	1	BLR5	SELLABLE	UNDELIVERABLE_REFUSED	LPNBLR5P8460664	
2026-06-08T09:57:34+00:00	403-2168318-8660341	1290300	B0DB6311DK	X00239RFKR	Cubelelo Drift Megaminx v2 Cube (New Improved Version) | 12-Sided Fun and Challenging Puzzle with Ridge Design | Smooth Turning Dodecahedron | Perfect for Speed-Cubing | Ideal for Kids & Adults	1	BLR5	SELLABLE	UNDELIVERABLE_REFUSED	LPNBLR5P8460672	
2026-06-08T09:56:38+00:00	405-7183152-7147548	1120100	B08LBGYZ51	X0019BU32H	Cubelelo Drift 3x3 Mirror (Silver) Magic Speed Cube | Shape Shifter Speedcube with Durable Stickers | Advanced 3x3x3 Puzzle Toy for Kids Ages 7-14 Boys Girls & Adults | Collector's Item	1	DEL2	CUSTOMER_DAMAGED	DEFECTIVE	LPNDEL2R69527066	
2026-06-08T09:24:24+00:00	403-5605060-3857161	1460553	B0BYVHGR5H	X001WPZI9N	Cubelelo Drift 2x2, 3x3 & Pyraminx Cube Combo (Stickerless) | Ideal for Kids Above 3 4 5 6 Years Old Boys Girls | 3 in 1 Speedcube Gift Set | High Speed Puzzle 3x3x3 2x2x2 Pyramid Triangle	1	DEL2	SELLABLE	UNDELIVERABLE_REFUSED	LPNDEL2R70443884	
2026-06-08T09:08:05+00:00	406-8450239-4865119	1030603	B0DRVMTFN1	X0027JJ8K3	Cubelelo Drift 3M v3 3x3 (Magnetic UV Coated) Speedcube - New Version | Premium Glossy Finish, Ultra Fast & Smooth Turns, Enhanced Auto-Alignment with 48 Magnets | Puzzle Cube for Kids & Adults	1	BOM4	SELLABLE	UNDELIVERABLE_REFUSED	LPNBOM4N40859476	
2026-06-08T08:46:21+00:00	407-6277727-8260328	1310036_EAN	B0BV276B7T	X001PWQJFP	Cubelelo Magic Snake Rainbow Puzzle Cube (72 Wedges) | Twist and Turn Shape Creation Fun Game for Kids Boys Girls and Adults | Multicolor Brain Teaser Stress Buster Toy | for Ages 3 Years and Above	1	BOM4	SELLABLE	UNDELIVERABLE_REFUSED	LPNBOM4N41495195	
2026-06-08T08:28:20+00:00	404-7305244-5623519	1040300	B09HH8XQ14	X001G4QY25	Cubelelo Drift 4x4 (Black) Speedcube | Challenging Brain Teaser Puzzle Toy for Kids 7-14 Years Old Boys Girls & Adults All Ages | Fast Speed Cube for Intermediate and Advanced Cubers	1	DEL2	SELLABLE	UNDELIVERABLE_REFUSED	LPNDEL2R70153869	
2026-06-08T08:04:11+00:00	404-0066531-6257935	1460501	B08XK25RRF	X001VLOAKL	Cubelelo Drift 2x2 & 3x3 Cube Gift Box Combo | 2-in-1 Puzzle Toy Game Set for Children Kids & Adults Ages 4 5 6 & Above | Double the Challenge, Twice the Fun | Ultimate Value Saver Combo	1	DEL2	SELLABLE	UNDELIVERABLE_REFUSED	LPNDEL2R70443863	
2026-06-08T07:44:20+00:00	171-8017014-7148319	1020200	B08LBJ3P8L	X0019BU39P	Cubelelo Drift 2x2 Stickerless Cube | Beginner Speedcube for Kids Boys Girls Above 3 4 5 6 Years Old & Above | Magic Puzzle Toy | Durable & Smooth Cube with Anti-Pop Design 2x2x2	1	BLR5	CUSTOMER_DAMAGED	DEFECTIVE	LPNBLR5P6101838	
2026-06-08T07:09:46+00:00	406-8150391-8446764	1050200	B09K7QTCXP	X001GM0XER	Cubelelo Drift 5x5 Stickerless Speed Cube | AKA Professor's Cube Magic Puzzle for Kids & Adults | Smooth and Durable Speedy Brainstorming Puzzle| Ultimate Stress Buster and Mind Challenge	1	CCX2	SELLABLE	UNDELIVERABLE_REFUSED	LPNCCX2B1925701	
2026-06-08T06:56:38+00:00	171-8935331-0849919	1030604	B0DRVQVFJB	X0027JJHDB	Cubelelo Drift 3M v3 3x3 Magnetic Speedcube (Standard) | Latest Version with New & Improved Internal Structure for Smooth Turns & Stability | Cube Toy for 6-10 Years Old Boys Girls Adults	1	BOM4	SELLABLE	UNDELIVERABLE_REFUSED	LPNBOM4N41508447	
2026-06-08T06:40:22+00:00	402-9130861-7098737	1630222	B0GH18NXXG	X002HPDYRF	Cubelelo Drift Magnetic Tangram Puzzle | with Strong Magnets, Wooden Pieces & Bold Colors | Toys for 5-10 Years Old Boys Girls & Adults | Travel Friendly, Educational Toy for Return & Birthday Gifts	1	DEL2	SELLABLE	UNDELIVERABLE_REFUSED	LPNDEL2R70831229	
2026-06-08T06:38:36+00:00	405-6083726-9562731	1460553	B0BYVHGR5H	X001WPZI9N	Cubelelo Drift 2x2, 3x3 & Pyraminx Cube Combo (Stickerless) | Ideal for Kids Above 3 4 5 6 Years Old Boys Girls | 3 in 1 Speedcube Gift Set | High Speed Puzzle 3x3x3 2x2x2 Pyramid Triangle	1	DEL2	SELLABLE	UNDELIVERABLE_REFUSED	LPNDEL2R69526874	
2026-06-08T05:56:21+00:00	404-0075044-8376317	1290300	B0DB6311DK	X00239RFKR	Cubelelo Drift Megaminx v2 Cube (New Improved Version) | 12-Sided Fun and Challenging Puzzle with Ridge Design | Smooth Turning Dodecahedron | Perfect for Speed-Cubing | Ideal for Kids & Adults	1	BLR5	CARRIER_DAMAGED	UNDELIVERABLE_REFUSED	LPNBLR5P9435229	
2026-06-08T05:50:08+00:00	407-3813761-0476335	1460501	B08XK25RRF	X001VLOAKL	Cubelelo Drift 2x2 & 3x3 Cube Gift Box Combo | 2-in-1 Puzzle Toy Game Set for Children Kids & Adults Ages 4 5 6 & Above | Double the Challenge, Twice the Fun | Ultimate Value Saver Combo	1	BLR5	SELLABLE	UNDELIVERABLE_UNKNOWN	LPNBLR5P8219330	
2026-06-08T05:20:04+00:00	404-3526936-1388338	1460521	B0CGNW2MFJ	X001VZFQYB	Cubelelo Drift Square-1 & Skewb Gift Box | Explore the new Dimension of Uniquely Shaped Puzzles | 2 in 1 Combo Pack of Dual Challenge Delight | Brainstoming Game Toy for Children Kids & Adults	1	BOM4	SELLABLE	SWITCHEROO	LPNBOM4N40904330	
2026-06-08T05:18:56+00:00	407-3108089-7107554	1630223	B0GN1TJ7F4	X002IIXAZ7	Cubelelo Drift Clang! | 2-4 Players Classic Magnetic Attraction Strategy Game | Features 24 Magnets & Adjustable Rope | Fun Gifting Toy for Family, Teens & Adults | Compact and Travel Friendly	1	BLR5	SELLABLE	UNDELIVERABLE_REFUSED	LPNBLR5P7136053	
2026-06-08T05:08:34+00:00	406-9684470-8812327	1030478	B09PYRTM4X	X001HYK0PL	Cubelelo Drift 3x3 Jelly Edition Speedcube Magic Cube Puzzle	1	CCX1	SELLABLE	UNDELIVERABLE_REFUSED	LPNCCX1B4847517	
2026-06-08T05:02:09+00:00	171-4832654-9258740	1630208	B0CNXSTGRX	X001WV20T3	Cubelelo Drift Mini Rainbow Ball Puzzle | Compact, Multicolor Sphere (Fidget Toy) | Portable Brain Teaser for Kids & Adults | Stress Relief & Fun On-The-Go Puzzle	1	BOM4	CUSTOMER_DAMAGED	DEFECTIVE	LPNBOM4N40936501	
2026-06-08T04:52:38+00:00	406-9445431-7719506	1050200	B09K7QTCXP	X001GM0XER	Cubelelo Drift 5x5 Stickerless Speed Cube | AKA Professor's Cube Magic Puzzle for Kids & Adults | Smooth and Durable Speedy Brainstorming Puzzle| Ultimate Stress Buster and Mind Challenge	1	BOM4	SELLABLE	UNDELIVERABLE_REFUSED	LPNBOM4N40919618	
2026-06-08T04:41:24+00:00	405-9059950-5557169	CLB0503	B0DKJD6WV1	X0025QFMUN	Cubelelo Drift 3M Plus v2 3x3 (Magnetic) with Cube Lubricant & Premium Pouch (2024 Updated Version) | 48 Strong Magnets for Enhanced Stability & Smooth Turns | Kids & Adults,multicolor	1	BOM4	SELLABLE	UNDELIVERABLE_UNKNOWN	LPNBOM4N40665486	
2026-06-08T04:11:15+00:00	403-6206498-3324304	1460553	B0BYVHGR5H	X001WPZI9N	Cubelelo Drift 2x2, 3x3 & Pyraminx Cube Combo (Stickerless) | Ideal for Kids Above 3 4 5 6 Years Old Boys Girls | 3 in 1 Speedcube Gift Set | High Speed Puzzle 3x3x3 2x2x2 Pyramid Triangle	1	BOM4	SELLABLE	UNDELIVERABLE_REFUSED	LPNBOM4N40565292	
2026-06-07T17:21:28+00:00	171-3621019-0325908	1120200	B08LKQHDBF	X001G4N1DP	Cubelelo Drift 3x3 Mirror (Golden) Speed Cube | Shape Shifter Magic Speedcube Puzzle Toys for 7-14 Year Old Boys Girls and Adults All Ages | Advanced 3x3 with Durable Stickers | Collector's Item	1	BLR5	CUSTOMER_DAMAGED	DEFECTIVE	LPNBLR5P6113282	
2026-06-07T16:42:07+00:00	408-0253770-7762779	1030400	B07XPNC385	X0012WM1NR	Cubelelo Drift 3x3 Black Speedcube | Beginner Cube for Kids & Adults | Magic Speed Stress Buster Brainstorming Puzzle (Multicolor) | Anti-Pop Technology | Smooth Turning | Durable	1	BLR5	SELLABLE	UNDELIVERABLE_REFUSED	LPNBLR5O0792798	
2026-06-07T15:24:50+00:00	171-9462083-0112330	1460553	B0BYVHGR5H	X001WPZI9N	Cubelelo Drift 2x2, 3x3 & Pyraminx Cube Combo (Stickerless) | Ideal for Kids Above 3 4 5 6 Years Old Boys Girls | 3 in 1 Speedcube Gift Set | High Speed Puzzle 3x3x3 2x2x2 Pyramid Triangle	1	BLR5	SELLABLE	UNDELIVERABLE_UNKNOWN	LPNBLR5P9396851	
2026-06-07T15:13:46+00:00	404-9309161-8705909	1120600	B0DRVRHR6G	X0027JGNCT	Cubelelo Drift 3x3 Mirror Blue (Magnetic) (Tiled) Speedcube | Premium New Version Shape-Shifting Puzzle with Stunning Looks, Buttery Smooth Turns & Durability | Ideal for Kids Boys Girls Ages 6 & up	1	BLR5	SELLABLE	UNDELIVERABLE_UNKNOWN	LPNBLR5P6113187	
2026-06-07T12:52:44+00:00	403-2019836-6477928	1120100	B08LBGYZ51	X0019BU32H	Cubelelo Drift 3x3 Mirror (Silver) Magic Speed Cube | Shape Shifter Speedcube with Durable Stickers | Advanced 3x3x3 Puzzle Toy for Kids Ages 7-14 Boys Girls & Adults | Collector's Item	1	BLR5	SELLABLE	UNDELIVERABLE_REFUSED	LPNBLR5O0798684	
2026-06-07T12:52:00+00:00	407-6761053-5140339	1030400	B07XPNC385	X0012WM1NR	Cubelelo Drift 3x3 Black Speedcube | Beginner Cube for Kids & Adults | Magic Speed Stress Buster Brainstorming Puzzle (Multicolor) | Anti-Pop Technology | Smooth Turning | Durable	1	BLR5	SELLABLE	UNDELIVERABLE_REFUSED	LPNBLR5P6529290	
2026-06-07T12:18:36+00:00	408-2928827-0386712	1040400	B0FL7TDJLF	X002DFU80F	Cubelelo Drift 4x4 Stickerless Cube Puzzle Toy | Combines Smoothness, Stability & Durability | 4x4x4 Speedcube for Beginners| Suitable for Kids Ages 6 to 14 Years Old, Boys, Girls & Adults	1	BLR5	SELLABLE	UNDELIVERABLE_REFUSED	LPNBLR5P6100910	
2026-06-07T11:33:40+00:00	407-2213347-2167506	1030500	B08H88N2N9	X0018CDFL3	Cubelelo Drift Warrior 3x3 Stickerless Cube | Beginner Speedcube for Kids Boys Girls Above 3 4 5 6 Years Old & Above | Magic Puzzle Toy | Durable & Smooth Cube with Anti-Pop Design 3 3	1	DEL4	SELLABLE	UNDELIVERABLE_UNKNOWN	LPNDEL4AA3878535	
2026-06-07T11:21:22+00:00	406-5114153-9916365	1120100	B08LBGYZ51	X0019BU32H	Cubelelo Drift 3x3 Mirror (Silver) Magic Speed Cube | Shape Shifter Speedcube with Durable Stickers | Advanced 3x3x3 Puzzle Toy for Kids Ages 7-14 Boys Girls & Adults | Collector's Item	1	DEL2	SELLABLE	UNDELIVERABLE_REFUSED	LPNDEL2R69978352	
2026-06-07T11:15:54+00:00	407-8045724-1457110	1030300_EAN	B0FBMGT6V7	X002C88WLZ	Cubelelo Drift Explorer 3x3 Speed Cube | Best Starter Speedcube for Beginners | Perfect Brain Teaser for Kids Ages 4 to14 Years Old & Above Boys Girls Children | Smooth Turning Puzzle Toy for Adults	1	BOM4	SELLABLE	UNDELIVERABLE_REFUSED	LPNBOM4N41492353	
2026-06-07T11:06:07+00:00	407-3188649-5094711	1460510	B0BZL11XWC	X001VW450P	Cubelelo Drift 4x4, 5x5 Premium Gift Box | 2-in-1 Puzzle Game Set | Challenge, Thrice The Fun | Ultimate Value Saver Combo | Brainstoming Toy for Children Kids & Adults	1	BLR5	SELLABLE	UNDELIVERABLE_REFUSED	LPNBLR5O0798505	
2026-06-07T10:36:41+00:00	402-6635769-6213140	1630222	B0GH18NXXG	X002HPDYRF	Cubelelo Drift Magnetic Tangram Puzzle | with Strong Magnets, Wooden Pieces & Bold Colors | Toys for 5-10 Years Old Boys Girls & Adults | Travel Friendly, Educational Toy for Return & Birthday Gifts	1	BLR5	SELLABLE	UNDELIVERABLE_REFUSED	LPNBLR5O0810134	
2026-06-07T09:39:30+00:00	408-3057181-9602720	CLB0503	B0DKJD6WV1	X0025QFMUN	Cubelelo Drift 3M Plus v2 3x3 (Magnetic) with Cube Lubricant & Premium Pouch (2024 Updated Version) | 48 Strong Magnets for Enhanced Stability & Smooth Turns | Kids & Adults,multicolor	1	DEL2	SELLABLE	UNDELIVERABLE_REFUSED	LPNDEL2R70577032	
2026-06-07T09:23:32+00:00	404-2231133-1643505	1030300_EAN	B0FBMGT6V7	X002C88WLZ	Cubelelo Drift Explorer 3x3 Speed Cube | Best Starter Speedcube for Beginners | Perfect Brain Teaser for Kids Ages 4 to14 Years Old & Above Boys Girls Children | Smooth Turning Puzzle Toy for Adults	1	BLR5	SELLABLE	DEFECTIVE	LPNBLR5O0798548	My kids are not satisfied with this product. So, we are decided to return the product.
2026-06-07T09:23:06+00:00	407-9628443-6499540	1030300_EAN	B0FBMGT6V7	X002C88WLZ	Cubelelo Drift Explorer 3x3 Speed Cube | Best Starter Speedcube for Beginners | Perfect Brain Teaser for Kids Ages 4 to14 Years Old & Above Boys Girls Children | Smooth Turning Puzzle Toy for Adults	1	BOM4	SELLABLE	NOT_AS_DESCRIBED	LPNBOM4N40858989	The colour of cube is very light and it also is not same cube as shown in picture description
2026-06-07T09:20:19+00:00	405-9463523-4934747	1030604	B0DRVQVFJB	X0027JJHDB	Cubelelo Drift 3M v3 3x3 Magnetic Speedcube (Standard) | Latest Version with New & Improved Internal Structure for Smooth Turns & Stability | Cube Toy for 6-10 Years Old Boys Girls Adults	1	DEL2	CUSTOMER_DAMAGED	SWITCHEROO	LPNDEL2R69760441	
2026-06-07T09:11:53+00:00	405-4379808-2496317	1460510	B0BZL11XWC	X001VW450P	Cubelelo Drift 4x4, 5x5 Premium Gift Box | 2-in-1 Puzzle Game Set | Challenge, Thrice The Fun | Ultimate Value Saver Combo | Brainstoming Toy for Children Kids & Adults	1	BLR5	SELLABLE	UNDELIVERABLE_REFUSED	LPNBLR5P6944372	
2026-06-07T09:11:53+00:00	405-7202808-8845121	1460510	B0BZL11XWC	X001VW450P	Cubelelo Drift 4x4, 5x5 Premium Gift Box | 2-in-1 Puzzle Game Set | Challenge, Thrice The Fun | Ultimate Value Saver Combo | Brainstoming Toy for Children Kids & Adults	1	BLR5	SELLABLE	UNDELIVERABLE_REFUSED	LPNBLR5P6944367	
2026-06-07T08:18:21+00:00	407-9305524-7017943	1460510	B0BZL11XWC	X001VW450P	Cubelelo Drift 4x4, 5x5 Premium Gift Box | 2-in-1 Puzzle Game Set | Challenge, Thrice The Fun | Ultimate Value Saver Combo | Brainstoming Toy for Children Kids & Adults	1	DEL2	SELLABLE	SWITCHEROO	LPNDEL2R69572271	In the pic and description there was two cube one is 4×4 and one is 5×5 and i received only two 5×5 cubes
2026-06-07T07:59:17+00:00	402-8460275-9377106	1290300	B0DB6311DK	X00239RFKR	Cubelelo Drift Megaminx v2 Cube (New Improved Version) | 12-Sided Fun and Challenging Puzzle with Ridge Design | Smooth Turning Dodecahedron | Perfect for Speed-Cubing | Ideal for Kids & Adults	1	BLR5	SELLABLE	UNDELIVERABLE_REFUSED	LPNBLR5P9378356	
2026-06-07T07:43:07+00:00	405-1351330-0576301	1460503	B08XK4V59M	X001VFXJDV	Cubelelo Drift 2x2, 3x3 & 4x4 Premium Gift Box | 3-in-1 Puzzle Game Set | Triple the Challenge, Thrice the Fun | Ultimate Value Saver Combo | Brainstoming Toy for Children Kids & Adults	1	DEL2	SELLABLE	UNDELIVERABLE_REFUSED	LPNDEL2R69724539	
2026-06-07T07:37:35+00:00	404-9996717-1200367	1030604	B0DRVQVFJB	X0027JJHDB	Cubelelo Drift 3M v3 3x3 Magnetic Speedcube (Standard) | Latest Version with New & Improved Internal Structure for Smooth Turns & Stability | Cube Toy for 6-10 Years Old Boys Girls Adults	1	DEL2	SELLABLE	DEFECTIVE	LPNDEL2R69976694	
2026-06-07T07:10:41+00:00	406-3159185-1020348	1630210	B09HH8CC7Y	X00262W227	Cubelelo Drift Number Sliding Magnetic Puzzle 4x4 | Toys For 6-10 Years Old Boys & Girls | 15-Blocks Brain Teaser Puzzle Game for Kids | Educational, Learning, Activity Toy for Return & Birthday Gifts	1	BLR8	SELLABLE	UNDELIVERABLE_REFUSED	LPNBLR8Z5488904	
2026-06-07T06:35:02+00:00	404-2660838-9993137	1460577	B0D9NW55MK	X00232KSTT	Cubelelo Drift 2x2 with Cube Lubricant and Stand Combo | High-Performance Speed Cube | Smooth Turning & Durable | Ideal for All Ages	1	DEL2	CUSTOMER_DAMAGED	DEFECTIVE	LPNDEL2R84029369	
2026-06-07T06:33:56+00:00	405-4104148-7869124	1280100a	B09QYW9DYC	X001LHLHUV	Cubelelo Drift Pyraminx Puzzle Speedcube | Beginner Starter Cube for Kids 3+ Year Old & Above | Triangle Pyramid Shape Stickerless 3x3 Cubes Toy | Ideal for Boys Girls Children 4 5 6+ Years & Adults	1	CCX1	SELLABLE	MISSING_PARTS	LPNCCX1B41594	Uper layer missing
2026-06-07T06:32:42+00:00	404-2385164-5118700	1180200	B0CZ9JH3F5	X001ZUQ2D1	Cubelelo Drift Axis (Tiled) 3x3 Magic Cube Puzzle | Unique Shape Mod with Premium Design, Smooth Finish Toy for Intermediate & Advanced Solvers | Toys for Adults & Kids Girls Boys Ages 7-14 Years Old	1	BLR5	SELLABLE	UNDELIVERABLE_REFUSED	LPNBLR5P9471271	
2026-06-07T05:18:03+00:00	404-7405776-9681108	1030604	B0DRVQVFJB	X0027JJHDB	Cubelelo Drift 3M v3 3x3 Magnetic Speedcube (Standard) | Latest Version with New & Improved Internal Structure for Smooth Turns & Stability | Cube Toy for 6-10 Years Old Boys Girls Adults	1	DEL4	SELLABLE	UNDELIVERABLE_REFUSED	LPNDEL4AA3781722	
2026-06-07T05:16:38+00:00	402-8368071-4245957	1280600_EAN	B0BSFD6XY8	X001PEDWDF	Cubelelo Drift Pyraminx M (Magnetic) Puzzle | Toys for Kids 4 5 6 7 8 to 14 Years Old & Above Boys Girls All Ages | Stickerless Pyramid Triangle High Speed Gift Cube Toy | Travel Friendly	1	BLR5	CUSTOMER_DAMAGED	DAMAGED_BY_CARRIER	LPNBLR5P8200354	
2026-06-07T05:14:33+00:00	402-1514423-2453139	1030604	B0DRVQVFJB	X0027JJHDB	Cubelelo Drift 3M v3 3x3 Magnetic Speedcube (Standard) | Latest Version with New & Improved Internal Structure for Smooth Turns & Stability | Cube Toy for 6-10 Years Old Boys Girls Adults	1	DEL2	SELLABLE	UNDELIVERABLE_REFUSED	LPNDEL2R70579176	
2026-06-07T04:45:16+00:00	402-5696974-4070702	1460553	B0BYVHGR5H	X001WPZI9N	Cubelelo Drift 2x2, 3x3 & Pyraminx Cube Combo (Stickerless) | Ideal for Kids Above 3 4 5 6 Years Old Boys Girls | 3 in 1 Speedcube Gift Set | High Speed Puzzle 3x3x3 2x2x2 Pyramid Triangle	1	BLR5	SELLABLE	SWITCHEROO	LPNBLR5P8200317	Return wrong style
2026-06-07T04:38:40+00:00	403-9923208-0582722	1460553	B0BYVHGR5H	X001WPZI9N	Cubelelo Drift 2x2, 3x3 & Pyraminx Cube Combo (Stickerless) | Ideal for Kids Above 3 4 5 6 Years Old Boys Girls | 3 in 1 Speedcube Gift Set | High Speed Puzzle 3x3x3 2x2x2 Pyramid Triangle	1	DEL2	SELLABLE	UNDELIVERABLE_REFUSED	LPNDEL2R70205672	
2026-06-07T04:30:04+00:00	403-6561321-7870721	1030604	B0DRVQVFJB	X0027JJHDB	Cubelelo Drift 3M v3 3x3 Magnetic Speedcube (Standard) | Latest Version with New & Improved Internal Structure for Smooth Turns & Stability | Cube Toy for 6-10 Years Old Boys Girls Adults	1	DEL4	SELLABLE	UNDELIVERABLE_UNKNOWN	LPNDEL4AA3781634	
2026-06-07T04:14:33+00:00	403-9074601-4679506	1030604	B0DRVQVFJB	X0027JJHDB	Cubelelo Drift 3M v3 3x3 Magnetic Speedcube (Standard) | Latest Version with New & Improved Internal Structure for Smooth Turns & Stability | Cube Toy for 6-10 Years Old Boys Girls Adults	1	DEL2	SELLABLE	DEFECTIVE	LPNDEL2R70443178	
2026-06-07T03:38:44+00:00	171-5170665-1262731	1060100	B09HH5R69B	X001G4MZFF	Cubelelo Drift 6x6 Stickerless Speed Cube Magic Puzzle for Kids & Adults | Advanced Level Speedcube | Speedy Stress Buster Brainstorming Cube	1	BLR5	CUSTOMER_DAMAGED	DEFECTIVE	LPNBLR5P8521931	
2026-06-07T03:36:34+00:00	408-6405230-6169113	1030300_EAN	B0FBMGT6V7	X002C88WLZ	Cubelelo Drift Explorer 3x3 Speed Cube | Best Starter Speedcube for Beginners | Perfect Brain Teaser for Kids Ages 4 to14 Years Old & Above Boys Girls Children | Smooth Turning Puzzle Toy for Adults	1	DEL2	SELLABLE	UNDELIVERABLE_REFUSED	LPNDEL2R70274745	
2026-06-07T03:23:20+00:00	406-6209114-4349966	1030604	B0DRVQVFJB	X0027JJHDB	Cubelelo Drift 3M v3 3x3 Magnetic Speedcube (Standard) | Latest Version with New & Improved Internal Structure for Smooth Turns & Stability | Cube Toy for 6-10 Years Old Boys Girls Adults	1	BOM4	SELLABLE	UNDELIVERABLE_REFUSED	LPNBOM4N40890794	
2026-06-07T03:22:20+00:00	403-8081287-0494715	1030500	B08H88N2N9	X0018CDFL3	Cubelelo Drift Warrior 3x3 Stickerless Cube | Beginner Speedcube for Kids Boys Girls Above 3 4 5 6 Years Old & Above | Magic Puzzle Toy | Durable & Smooth Cube with Anti-Pop Design 3 3	1	BOM4	SELLABLE	DAMAGED_BY_FC	LPNBLR5P5784327	Shipping box ok Product Ke Part Nikla Rahe He
2026-06-07T03:22:05+00:00	402-3137618-1645155	1460553	B0BYVHGR5H	X001WPZI9N	Cubelelo Drift 2x2, 3x3 & Pyraminx Cube Combo (Stickerless) | Ideal for Kids Above 3 4 5 6 Years Old Boys Girls | 3 in 1 Speedcube Gift Set | High Speed Puzzle 3x3x3 2x2x2 Pyramid Triangle	1	DEL2	SELLABLE	UNDELIVERABLE_REFUSED	LPNDEL2R69734312	
2026-06-07T03:05:33+00:00	171-8861002-0436329	1460510	B0BZL11XWC	X001VW450P	Cubelelo Drift 4x4, 5x5 Premium Gift Box | 2-in-1 Puzzle Game Set | Challenge, Thrice The Fun | Ultimate Value Saver Combo | Brainstoming Toy for Children Kids & Adults	1	BLR5	SELLABLE	UNDELIVERABLE_REFUSED	LPNBLR5P6600002	
2026-06-07T03:05:33+00:00	171-6161413-9555531	1120200	B08LKQHDBF	X001G4N1DP	Cubelelo Drift 3x3 Mirror (Golden) Speed Cube | Shape Shifter Magic Speedcube Puzzle Toys for 7-14 Year Old Boys Girls and Adults All Ages | Advanced 3x3 with Durable Stickers | Collector's Item	1	BLR5	SELLABLE	UNDELIVERABLE_REFUSED	LPNBLR5P6600003	
2026-06-06T12:52:32+00:00	408-3103461-6201960	1630222	B0GH18NXXG	X002HPDYRF	Cubelelo Drift Magnetic Tangram Puzzle | with Strong Magnets, Wooden Pieces & Bold Colors | Toys for 5-10 Years Old Boys Girls & Adults | Travel Friendly, Educational Toy for Return & Birthday Gifts	1	BLR5	SELLABLE	DAMAGED_BY_FC	LPNBLR5P6690795	
2026-06-06T12:24:26+00:00	404-0933289-4457946	1030300_EAN	B0FBMGT6V7	X002C88WLZ	Cubelelo Drift Explorer 3x3 Speed Cube | Best Starter Speedcube for Beginners | Perfect Brain Teaser for Kids Ages 4 to14 Years Old & Above Boys Girls Children | Smooth Turning Puzzle Toy for Adults	1	BLR5	SELLABLE	UNDELIVERABLE_UNKNOWN	LPNBLR5P6169045	
2026-06-06T12:19:20+00:00	408-4002202-9259506	1030700_EAN	B0BRXJ9Q4G	X001P8LWWT	Cubelelo Drift 3M Plus v2 3x3 (Magnetic) Cube | New Upgraded Version Based on MoYu RS3M v5 | Dual-Adjustment System | Premium Speedcube for Kids Boys Girls Ages 4+ Year Old & Adults	1	DEL2	CUSTOMER_DAMAGED	DEFECTIVE	LPNDEL2R70579090	
2026-06-06T12:11:14+00:00	402-2597736-8687511	1460503	B08XK4V59M	X001VFXJDV	Cubelelo Drift 2x2, 3x3 & 4x4 Premium Gift Box | 3-in-1 Puzzle Game Set | Triple the Challenge, Thrice the Fun | Ultimate Value Saver Combo | Brainstoming Toy for Children Kids & Adults	1	BOM4	SELLABLE	UNDELIVERABLE_REFUSED	LPNBOM4N40930284	
2026-06-06T12:06:15+00:00	408-4612037-9376363	CLB0503	B0DKJD6WV1	X0025QFMUN	Cubelelo Drift 3M Plus v2 3x3 (Magnetic) with Cube Lubricant & Premium Pouch (2024 Updated Version) | 48 Strong Magnets for Enhanced Stability & Smooth Turns | Kids & Adults,multicolor	1	DEL2	SELLABLE	UNDELIVERABLE_REFUSED	LPNDEL2R70203857	
2026-06-06T11:36:51+00:00	171-9676045-5620332	1030604	B0DRVQVFJB	X0027JJHDB	Cubelelo Drift 3M v3 3x3 Magnetic Speedcube (Standard) | Latest Version with New & Improved Internal Structure for Smooth Turns & Stability | Cube Toy for 6-10 Years Old Boys Girls Adults	1	CCX1	CUSTOMER_DAMAGED	DEFECTIVE	LPNCCX1B5207003	
2026-06-06T11:26:23+00:00	403-9452802-2686736	1030604	B0DRVQVFJB	X0027JJHDB	Cubelelo Drift 3M v3 3x3 Magnetic Speedcube (Standard) | Latest Version with New & Improved Internal Structure for Smooth Turns & Stability | Cube Toy for 6-10 Years Old Boys Girls Adults	1	BLR5	SELLABLE	UNDELIVERABLE_REFUSED	LPNBLR5P6877336	
2026-06-06T11:24:31+00:00	406-0646952-8084324	1030300_EAN	B0FBMGT6V7	X002C88WLZ	Cubelelo Drift Explorer 3x3 Speed Cube | Best Starter Speedcube for Beginners | Perfect Brain Teaser for Kids Ages 4 to14 Years Old & Above Boys Girls Children | Smooth Turning Puzzle Toy for Adults	1	PAX1	SELLABLE	UNDELIVERABLE_UNKNOWN	LPNPAX1A2686601	
2026-06-06T11:23:26+00:00	171-2169563-3186721	1280600_EAN	B0BSFD6XY8	X001PEDWDF	Cubelelo Drift Pyraminx M (Magnetic) Puzzle | Toys for Kids 4 5 6 7 8 to 14 Years Old & Above Boys Girls All Ages | Stickerless Pyramid Triangle High Speed Gift Cube Toy | Travel Friendly	1	BOM4	CUSTOMER_DAMAGED	DEFECTIVE	LPNBOM4N40738831	
2026-06-06T10:59:03+00:00	404-5545004-6123557	1030604	B0DRVQVFJB	X0027JJHDB	Cubelelo Drift 3M v3 3x3 Magnetic Speedcube (Standard) | Latest Version with New & Improved Internal Structure for Smooth Turns & Stability | Cube Toy for 6-10 Years Old Boys Girls Adults	1	BOM4	CUSTOMER_DAMAGED	SWITCHEROO	LPNBOM4N40702444	
2026-06-06T10:35:39+00:00	405-2621059-3488342	1630210	B09HH8CC7Y	X00262W227	Cubelelo Drift Number Sliding Magnetic Puzzle 4x4 | Toys For 6-10 Years Old Boys & Girls | 15-Blocks Brain Teaser Puzzle Game for Kids | Educational, Learning, Activity Toy for Return & Birthday Gifts	1	BOM7	SELLABLE	UNDELIVERABLE_UNKNOWN	LPNBOM7D19803493	
2026-06-06T10:25:36+00:00	405-6109858-4893930	1030604	B0DRVQVFJB	X0027JJHDB	Cubelelo Drift 3M v3 3x3 Magnetic Speedcube (Standard) | Latest Version with New & Improved Internal Structure for Smooth Turns & Stability | Cube Toy for 6-10 Years Old Boys Girls Adults	1	BLR5	SELLABLE	UNDELIVERABLE_REFUSED	LPNBLR5P6877253	
2026-06-06T10:23:14+00:00	405-1608402-6105960	1030700_EAN	B0BRXJ9Q4G	X001P8LWWT	Cubelelo Drift 3M Plus v2 3x3 (Magnetic) Cube | New Upgraded Version Based on MoYu RS3M v5 | Dual-Adjustment System | Premium Speedcube for Kids Boys Girls Ages 4+ Year Old & Adults	1	CCX1	SELLABLE	UNDELIVERABLE_REFUSED	LPNCCX1B4947449	
2026-06-06T10:03:36+00:00	171-7438145-1618700	1140022	B08169YZPG	X001602BQR	Cubelelo Drift Gear 3x3 Stickerless Cube Speed Cube | Toy for Kids & Adults | Magic Speedy Stress Buster Brainstorming Puzzle 3x3x3 (Multicolor)	1	BLR5	SELLABLE	UNDELIVERABLE_REFUSED	LPNBLR5P8253994	
2026-06-06T10:03:36+00:00	171-7438145-1618700	1060100	B09HH5R69B	X001G4MZFF	Cubelelo Drift 6x6 Stickerless Speed Cube Magic Puzzle for Kids & Adults | Advanced Level Speedcube | Speedy Stress Buster Brainstorming Cube	1	BLR5	SELLABLE	UNDELIVERABLE_REFUSED	LPNBLR5P8253991	
2026-06-06T09:09:31+00:00	407-3762657-6823537	1030700_EAN	B0BRXJ9Q4G	X001P8LWWT	Cubelelo Drift 3M Plus v2 3x3 (Magnetic) Cube | New Upgraded Version Based on MoYu RS3M v5 | Dual-Adjustment System | Premium Speedcube for Kids Boys Girls Ages 4+ Year Old & Adults	1	CCX1	SELLABLE	DEFECTIVE	LPNCCX1B5177179	Used and different product recived.
2026-06-06T08:53:04+00:00	404-3584425-3141114	1050200	B09K7QTCXP	X001GM0XER	Cubelelo Drift 5x5 Stickerless Speed Cube | AKA Professor's Cube Magic Puzzle for Kids & Adults | Smooth and Durable Speedy Brainstorming Puzzle| Ultimate Stress Buster and Mind Challenge	1	BLR5	SELLABLE	SWITCHEROO	LPNBLR5P6558375	
2026-06-06T08:48:31+00:00	404-6669241-9019540	1030500	B08H88N2N9	X0018CDFL3	Cubelelo Drift Warrior 3x3 Stickerless Cube | Beginner Speedcube for Kids Boys Girls Above 3 4 5 6 Years Old & Above | Magic Puzzle Toy | Durable & Smooth Cube with Anti-Pop Design 3 3	1	CCX1	SELLABLE	UNDELIVERABLE_REFUSED	LPNCCX1B4857275	
2026-06-06T08:23:44+00:00	408-8317370-2111537	CLB0503	B0DKJD6WV1	X0025QFMUN	Cubelelo Drift 3M Plus v2 3x3 (Magnetic) with Cube Lubricant & Premium Pouch (2024 Updated Version) | 48 Strong Magnets for Enhanced Stability & Smooth Turns | Kids & Adults,multicolor	1	DEL2	SELLABLE	UNDELIVERABLE_REFUSED	LPNDEL2R84028847	
2026-06-06T08:19:21+00:00	407-1026881-1266727	1030400	B07XPNC385	X0012WM1NR	Cubelelo Drift 3x3 Black Speedcube | Beginner Cube for Kids & Adults | Magic Speed Stress Buster Brainstorming Puzzle (Multicolor) | Anti-Pop Technology | Smooth Turning | Durable	1	CCX2	SELLABLE	UNDELIVERABLE_REFUSED	LPNCCX2B1903679	
2026-06-06T08:16:43+00:00	404-7091006-4079567	1460553	B0BYVHGR5H	X001WPZI9N	Cubelelo Drift 2x2, 3x3 & Pyraminx Cube Combo (Stickerless) | Ideal for Kids Above 3 4 5 6 Years Old Boys Girls | 3 in 1 Speedcube Gift Set | High Speed Puzzle 3x3x3 2x2x2 Pyramid Triangle	1	BLR5	CUSTOMER_DAMAGED	MISSING_PARTS	LPNBLR5P6168832	
2026-06-06T07:58:46+00:00	405-4582625-3078766	1460501	B08XK25RRF	X001VLOAKL	Cubelelo Drift 2x2 & 3x3 Cube Gift Box Combo | 2-in-1 Puzzle Toy Game Set for Children Kids & Adults Ages 4 5 6 & Above | Double the Challenge, Twice the Fun | Ultimate Value Saver Combo	1	BOM4	CUSTOMER_DAMAGED	MISSING_PARTS	LPNBOM4N40935276	
2026-06-06T07:55:07+00:00	171-3434934-0459557	1030500	B08H88N2N9	X0018CDFL3	Cubelelo Drift Warrior 3x3 Stickerless Cube | Beginner Speedcube for Kids Boys Girls Above 3 4 5 6 Years Old & Above | Magic Puzzle Toy | Durable & Smooth Cube with Anti-Pop Design 3 3	1	BOM4	SELLABLE	UNDELIVERABLE_REFUSED	LPNBOM4N40858159	
2026-06-06T07:43:21+00:00	405-8304224-0101932	1030400	B07XPNC385	X0012WM1NR	Cubelelo Drift 3x3 Black Speedcube | Beginner Cube for Kids & Adults | Magic Speed Stress Buster Brainstorming Puzzle (Multicolor) | Anti-Pop Technology | Smooth Turning | Durable	1	BLR5	SELLABLE	UNDELIVERABLE_REFUSED	LPNBLR5P6711839	
2026-06-06T07:19:51+00:00	407-2105647-5255527	1040400	B0FL7TDJLF	X002DFU80F	Cubelelo Drift 4x4 Stickerless Cube Puzzle Toy | Combines Smoothness, Stability & Durability | 4x4x4 Speedcube for Beginners| Suitable for Kids Ages 6 to 14 Years Old, Boys, Girls & Adults	1	BOM4	SELLABLE	UNDELIVERABLE_REFUSED	LPNBOM4N40861587	
2026-06-06T07:03:26+00:00	171-2951358-2393131	1030604	B0DRVQVFJB	X0027JJHDB	Cubelelo Drift 3M v3 3x3 Magnetic Speedcube (Standard) | Latest Version with New & Improved Internal Structure for Smooth Turns & Stability | Cube Toy for 6-10 Years Old Boys Girls Adults	1	DEL2	SELLABLE	UNDELIVERABLE_REFUSED	LPNDEL2R70931822	
2026-06-06T06:39:08+00:00	408-9068434-5407530	1030300_EAN	B0FBMGT6V7	X002C88WLZ	Cubelelo Drift Explorer 3x3 Speed Cube | Best Starter Speedcube for Beginners | Perfect Brain Teaser for Kids Ages 4 to14 Years Old & Above Boys Girls Children | Smooth Turning Puzzle Toy for Adults	1	DEL2	SELLABLE	UNDELIVERABLE_REFUSED	LPNDEL2R69560231	
2026-06-06T06:17:35+00:00	403-2664079-9886727	1050200	B09K7QTCXP	X001GM0XER	Cubelelo Drift 5x5 Stickerless Speed Cube | AKA Professor's Cube Magic Puzzle for Kids & Adults | Smooth and Durable Speedy Brainstorming Puzzle| Ultimate Stress Buster and Mind Challenge	1	BOM4	SELLABLE	QUALITY_UNACCEPTABLE	LPNBOM4N40957893	
2026-06-06T05:59:27+00:00	404-0936192-9974720	1050200	B09K7QTCXP	X001GM0XER	Cubelelo Drift 5x5 Stickerless Speed Cube | AKA Professor's Cube Magic Puzzle for Kids & Adults | Smooth and Durable Speedy Brainstorming Puzzle| Ultimate Stress Buster and Mind Challenge	1	BLR5	CUSTOMER_DAMAGED	DAMAGED_BY_FC	LPNBLR5P6711746	
2026-06-06T05:58:27+00:00	407-0806469-7841108	1030300_EAN	B0FBMGT6V7	X002C88WLZ	Cubelelo Drift Explorer 3x3 Speed Cube | Best Starter Speedcube for Beginners | Perfect Brain Teaser for Kids Ages 4 to14 Years Old & Above Boys Girls Children | Smooth Turning Puzzle Toy for Adults	1	DEL2	SELLABLE	UNDELIVERABLE_REFUSED	LPNDEL2R69660199	
2026-06-06T05:23:26+00:00	408-1356136-9964334	1460501	B08XK25RRF	X001VLOAKL	Cubelelo Drift 2x2 & 3x3 Cube Gift Box Combo | 2-in-1 Puzzle Toy Game Set for Children Kids & Adults Ages 4 5 6 & Above | Double the Challenge, Twice the Fun | Ultimate Value Saver Combo	1	CCX1	SELLABLE	DEFECTIVE	LPNCCX1B4878891	
2026-06-06T05:12:58+00:00	407-0475515-6576363	TB04002	B0FQP762MD	X002EGUYGB	TinkerBox Ring Stacker | 9+ Months | Montessori Wooden Stacking Toy for Toddlers & Kids | STEM Learning Puzzle for Shape, Size & Color Recognition | Safe & Durable Wooden Toy	1	BLR5	SELLABLE	UNDELIVERABLE_REFUSED	LPNBLR5P6099149	
2026-06-06T04:41:07+00:00	405-6482206-9297909	1460503	B08XK4V59M	X001VFXJDV	Cubelelo Drift 2x2, 3x3 & 4x4 Premium Gift Box | 3-in-1 Puzzle Game Set | Triple the Challenge, Thrice the Fun | Ultimate Value Saver Combo | Brainstoming Toy for Children Kids & Adults	1	BOM4	CUSTOMER_DAMAGED	SWITCHEROO	LPNBOM4N40571346	
2026-06-06T04:29:04+00:00	403-0406751-5085116	1030604	B0DRVQVFJB	X0027JJHDB	Cubelelo Drift 3M v3 3x3 Magnetic Speedcube (Standard) | Latest Version with New & Improved Internal Structure for Smooth Turns & Stability | Cube Toy for 6-10 Years Old Boys Girls Adults	1	BOM4	SELLABLE	UNDELIVERABLE_REFUSED	LPNBOM4N40858004	
2026-06-06T04:10:49+00:00	406-9305673-3085149	1120038a	B0FHW9DQ29	X002CWQDK3	Cubelelo Drift Mirror 3x3 (Tiled - Colored) Speed Cube | No Stickers, Premium Finish with Smooth Turning Speedcube for Kids and Adults	1	DEL2	SELLABLE	UNDELIVERABLE_REFUSED	LPNDEL2R70652317	
2026-06-06T03:50:19+00:00	403-4425529-6661906	1460553	B0BYVHGR5H	X001WPZI9N	Cubelelo Drift 2x2, 3x3 & Pyraminx Cube Combo (Stickerless) | Ideal for Kids Above 3 4 5 6 Years Old Boys Girls | 3 in 1 Speedcube Gift Set | High Speed Puzzle 3x3x3 2x2x2 Pyramid Triangle	1	BLR5	SELLABLE	UNDELIVERABLE_REFUSED	LPNBLR5P8341219	
2026-06-06T03:38:45+00:00	405-9312491-6544348	1030700_EAN	B0BRXJ9Q4G	X001P8LWWT	Cubelelo Drift 3M Plus v2 3x3 (Magnetic) Cube | New Upgraded Version Based on MoYu RS3M v5 | Dual-Adjustment System | Premium Speedcube for Kids Boys Girls Ages 4+ Year Old & Adults	1	DEL2	SELLABLE	UNDELIVERABLE_REFUSED	LPNDEL2R70381034	
2026-06-06T03:31:42+00:00	171-9970369-2553156	1030400	B07XPNC385	X0012WM1NR	Cubelelo Drift 3x3 Black Speedcube | Beginner Cube for Kids & Adults | Magic Speed Stress Buster Brainstorming Puzzle (Multicolor) | Anti-Pop Technology | Smooth Turning | Durable	1	DEL2	SELLABLE	UNDELIVERABLE_REFUSED	LPNDEL2R70735658	
2026-06-06T03:28:37+00:00	171-4356413-5002727	1460510	B0BZL11XWC	X001VW450P	Cubelelo Drift 4x4, 5x5 Premium Gift Box | 2-in-1 Puzzle Game Set | Challenge, Thrice The Fun | Ultimate Value Saver Combo | Brainstoming Toy for Children Kids & Adults	1	DEL2	SELLABLE	UNDELIVERABLE_REFUSED	LPNDEL2R70307468	
2026-06-06T03:16:36+00:00	404-0096838-1933154	1030478	B09PYRTM4X	X001HYK0PL	Cubelelo Drift 3x3 Jelly Edition Speedcube Magic Cube Puzzle	1	DEL2	SELLABLE	UNDELIVERABLE_REFUSED	LPNDEL2R70578489	
2026-06-05T19:27:58+00:00	405-6341332-7675532	1630210	B09HH8CC7Y	X00262W227	Cubelelo Drift Number Sliding Magnetic Puzzle 4x4 | Toys For 6-10 Years Old Boys & Girls | 15-Blocks Brain Teaser Puzzle Game for Kids | Educational, Learning, Activity Toy for Return & Birthday Gifts	1	BLR5	SELLABLE	UNDELIVERABLE_REFUSED	LPNBLR5P6726522	
2026-06-05T18:30:39+00:00	402-1641715-9094727	1030322	B07F1M6KCP	X000WRSIMB	Cubelelo Drift 3x3 Carbon Fiber Speed Cube Puzzle | Premium Multicolor Magic Cube for Kids & Adults | Stress Relief Brain Teaser with Smooth Turns & Durable Carbon Fiber Stickers	1	BLR5	SELLABLE	SWITCHEROO	LPNBLR5P7709959	Different item
2026-06-05T17:53:04+00:00	171-9627378-5547533	1030400	B07XPNC385	X0012WM1NR	Cubelelo Drift 3x3 Black Speedcube | Beginner Cube for Kids & Adults | Magic Speed Stress Buster Brainstorming Puzzle (Multicolor) | Anti-Pop Technology | Smooth Turning | Durable	1	BLR5	SELLABLE	UNDELIVERABLE_REFUSED	LPNBLR5P7170964	
2026-06-05T13:54:10+00:00	404-0999815-5417918	1030300_EAN	B0FBMGT6V7	X002C88WLZ	Cubelelo Drift Explorer 3x3 Speed Cube | Best Starter Speedcube for Beginners | Perfect Brain Teaser for Kids Ages 4 to14 Years Old & Above Boys Girls Children | Smooth Turning Puzzle Toy for Adults	1	BLR5	SELLABLE	UNDELIVERABLE_REFUSED	LPNBLR5P8349660	
2026-06-05T13:16:24+00:00	406-9576395-2637122	1630201	B09QMNCWYG	X001I5SK8D	Cubelelo Drift Infinity Cube (Green) | Magic Puzzle Cool Mini Gadget for Stress and Anxiety Relief for Kids and Adults | Desk Finger Flip Toy for Fun and Game | for Ages 3 Years and Above	1	BLR5	SELLABLE	UNDELIVERABLE_REFUSED	LPNBLR5P8661290	
2026-06-05T12:37:43+00:00	405-7017341-7918764	1030651	B0DJQWJFSX	X0025EZ04D	Cubelelo Drift 3M Plus v2 3x3 (Magnetic) (New Upgraded Version) | Based on MoYu RS3M v5 | Dual-Adjustment System | Speedcube for Kids & Adults | Magic Speedy Stress Buster Brainstorming Puzzle	1	BOM4	SELLABLE	UNDELIVERABLE_REFUSED	LPNBOM4N40709916	
2026-06-05T12:32:17+00:00	407-1835544-7842764	1030300_EAN	B0FBMGT6V7	X002C88WLZ	Cubelelo Drift Explorer 3x3 Speed Cube | Best Starter Speedcube for Beginners | Perfect Brain Teaser for Kids Ages 4 to14 Years Old & Above Boys Girls Children | Smooth Turning Puzzle Toy for Adults	1	BLR5	SELLABLE	UNDELIVERABLE_UNKNOWN	LPNBLR5P8521794	
2026-06-05T11:50:34+00:00	407-3689758-7685119	1040300	B09HH8XQ14	X001G4QY25	Cubelelo Drift 4x4 (Black) Speedcube | Challenging Brain Teaser Puzzle Toy for Kids 7-14 Years Old Boys Girls & Adults All Ages | Fast Speed Cube for Intermediate and Advanced Cubers	1	DEL2	SELLABLE	DEFECTIVE	LPNDEL2R70576457	
2026-06-05T11:14:54+00:00	408-2486397-9948303	1030500	B08H88N2N9	X0018CDFL3	Cubelelo Drift Warrior 3x3 Stickerless Cube | Beginner Speedcube for Kids Boys Girls Above 3 4 5 6 Years Old & Above | Magic Puzzle Toy | Durable & Smooth Cube with Anti-Pop Design 3 3	1	BOM4	CUSTOMER_DAMAGED	DEFECTIVE	LPNBOM4N40895240	
2026-06-05T10:59:51+00:00	402-6265236-6637950	1290300	B0DB6311DK	X00239RFKR	Cubelelo Drift Megaminx v2 Cube (New Improved Version) | 12-Sided Fun and Challenging Puzzle with Ridge Design | Smooth Turning Dodecahedron | Perfect for Speed-Cubing | Ideal for Kids & Adults	1	BLR5	SELLABLE	UNDELIVERABLE_REFUSED	LPNBLR5P6212604	
2026-06-05T10:57:27+00:00	408-1346984-1756301	1030651	B0DJQWJFSX	X0025EZ04D	Cubelelo Drift 3M Plus v2 3x3 (Magnetic) (New Upgraded Version) | Based on MoYu RS3M v5 | Dual-Adjustment System | Speedcube for Kids & Adults | Magic Speedy Stress Buster Brainstorming Puzzle	1	CCX1	SELLABLE	UNDELIVERABLE_REFUSED	LPNCCX1B4757679	
2026-06-05T10:54:01+00:00	171-1583896-5709160	1030603	B0DRVMTFN1	X0027JJ8K3	Cubelelo Drift 3M v3 3x3 (Magnetic UV Coated) Speedcube - New Version | Premium Glossy Finish, Ultra Fast & Smooth Turns, Enhanced Auto-Alignment with 48 Magnets | Puzzle Cube for Kids & Adults	1	BOM4	SELLABLE	UNDELIVERABLE_REFUSED	LPNBOM4N40243442	
2026-06-05T10:27:02+00:00	402-1483205-1737949	1030500	B08H88N2N9	X0018CDFL3	Cubelelo Drift Warrior 3x3 Stickerless Cube | Beginner Speedcube for Kids Boys Girls Above 3 4 5 6 Years Old & Above | Magic Puzzle Toy | Durable & Smooth Cube with Anti-Pop Design 3 3	1	CCX1	SELLABLE	UNDELIVERABLE_REFUSED	LPNCCX1B4881105	
2026-06-05T09:41:06+00:00	171-5822875-3447541	1030604	B0DRVQVFJB	X0027JJHDB	Cubelelo Drift 3M v3 3x3 Magnetic Speedcube (Standard) | Latest Version with New & Improved Internal Structure for Smooth Turns & Stability | Cube Toy for 6-10 Years Old Boys Girls Adults	1	BLR5	SELLABLE	DEFECTIVE	LPNBLR5P6212570	
2026-06-05T09:00:46+00:00	404-5163920-1961148	1030604	B0DRVQVFJB	X0027JJHDB	Cubelelo Drift 3M v3 3x3 Magnetic Speedcube (Standard) | Latest Version with New & Improved Internal Structure for Smooth Turns & Stability | Cube Toy for 6-10 Years Old Boys Girls Adults	1	CCX2	SELLABLE	UNDELIVERABLE_REFUSED	LPNCCX2B1776683	
2026-06-05T08:49:04+00:00	171-5330573-2156324	1030651	B0DJQWJFSX	X0025EZ04D	Cubelelo Drift 3M Plus v2 3x3 (Magnetic) (New Upgraded Version) | Based on MoYu RS3M v5 | Dual-Adjustment System | Speedcube for Kids & Adults | Magic Speedy Stress Buster Brainstorming Puzzle	1	CCX1	SELLABLE	UNDELIVERABLE_UNKNOWN	LPNCCX1B5212451	
2026-06-05T08:43:29+00:00	406-2692055-8097111	1020200	B08LBJ3P8L	X0019BU39P	Cubelelo Drift 2x2 Stickerless Cube | Beginner Speedcube for Kids Boys Girls Above 3 4 5 6 Years Old & Above | Magic Puzzle Toy | Durable & Smooth Cube with Anti-Pop Design 2x2x2	1	DEL2	SELLABLE	UNDELIVERABLE_REFUSED	LPNDEL2R70450461	
2026-06-05T08:38:05+00:00	408-3093442-2447554	1030604	B0DRVQVFJB	X0027JJHDB	Cubelelo Drift 3M v3 3x3 Magnetic Speedcube (Standard) | Latest Version with New & Improved Internal Structure for Smooth Turns & Stability | Cube Toy for 6-10 Years Old Boys Girls Adults	1	DEL2	SELLABLE	DEFECTIVE	LPNDEL2R70735433	
2026-06-05T08:34:56+00:00	402-7884946-0108314	1030604	B0DRVQVFJB	X0027JJHDB	Cubelelo Drift 3M v3 3x3 Magnetic Speedcube (Standard) | Latest Version with New & Improved Internal Structure for Smooth Turns & Stability | Cube Toy for 6-10 Years Old Boys Girls Adults	1	DEL2	SELLABLE	QUALITY_UNACCEPTABLE	LPNDEL2R70833468	
2026-06-05T08:30:48+00:00	404-3299230-6516368	1030300_EAN	B0FBMGT6V7	X002C88WLZ	Cubelelo Drift Explorer 3x3 Speed Cube | Best Starter Speedcube for Beginners | Perfect Brain Teaser for Kids Ages 4 to14 Years Old & Above Boys Girls Children | Smooth Turning Puzzle Toy for Adults	1	BLR5	SELLABLE	UNDELIVERABLE_REFUSED	LPNBLR5P6884162	
2026-06-05T08:17:18+00:00	408-0042058-0139549	1030604	B0DRVQVFJB	X0027JJHDB	Cubelelo Drift 3M v3 3x3 Magnetic Speedcube (Standard) | Latest Version with New & Improved Internal Structure for Smooth Turns & Stability | Cube Toy for 6-10 Years Old Boys Girls Adults	1	BOM4	SELLABLE	UNDELIVERABLE_REFUSED	LPNBOM4N40618492	
2026-06-05T07:46:11+00:00	404-8920945-3177156	1030500	B08H88N2N9	X0018CDFL3	Cubelelo Drift Warrior 3x3 Stickerless Cube | Beginner Speedcube for Kids Boys Girls Above 3 4 5 6 Years Old & Above | Magic Puzzle Toy | Durable & Smooth Cube with Anti-Pop Design 3 3	1	BLR5	SELLABLE	UNDELIVERABLE_REFUSED	LPNBLR5P6704112	
2026-06-05T07:04:33+00:00	408-7409620-3743544	1030700_EAN	B0BRXJ9Q4G	X001P8LWWT	Cubelelo Drift 3M Plus v2 3x3 (Magnetic) Cube | New Upgraded Version Based on MoYu RS3M v5 | Dual-Adjustment System | Premium Speedcube for Kids Boys Girls Ages 4+ Year Old & Adults	1	DEL2	SELLABLE	DAMAGED_BY_FC	LPNDEL2R70735339	The cube was very tight, can&#39;t even move rows properly
2026-06-05T07:00:02+00:00	404-7722371-5219555	1030400	B07XPNC385	X0012WM1NR	Cubelelo Drift 3x3 Black Speedcube | Beginner Cube for Kids & Adults | Magic Speed Stress Buster Brainstorming Puzzle (Multicolor) | Anti-Pop Technology | Smooth Turning | Durable	1	CCX1	SELLABLE	UNDELIVERABLE_REFUSED	LPNCCX1B4924937	
2026-06-05T06:42:49+00:00	402-1301212-4730761	1030604	B0DRVQVFJB	X0027JJHDB	Cubelelo Drift 3M v3 3x3 Magnetic Speedcube (Standard) | Latest Version with New & Improved Internal Structure for Smooth Turns & Stability | Cube Toy for 6-10 Years Old Boys Girls Adults	1	DEL2	SELLABLE	UNDELIVERABLE_REFUSED	LPNDEL2R70374136	
2026-06-05T06:34:31+00:00	405-8432311-1578748	1020200	B08LBJ3P8L	X0019BU39P	Cubelelo Drift 2x2 Stickerless Cube | Beginner Speedcube for Kids Boys Girls Above 3 4 5 6 Years Old & Above | Magic Puzzle Toy | Durable & Smooth Cube with Anti-Pop Design 2x2x2	1	DEL2	SELLABLE	UNDELIVERABLE_REFUSED	LPNDEL2R70660612	
2026-06-05T06:07:28+00:00	171-2281413-2148337	1050200	B09K7QTCXP	X001GM0XER	Cubelelo Drift 5x5 Stickerless Speed Cube | AKA Professor's Cube Magic Puzzle for Kids & Adults | Smooth and Durable Speedy Brainstorming Puzzle| Ultimate Stress Buster and Mind Challenge	1	BLR5	SELLABLE	NOT_AS_DESCRIBED	LPNBLR5P6528862	Firstly this one is not 5x5 cube. It is a 4x4 cube. Secondly the packing seems tampered with cellophane tapes over it. But  the item is not damaged.
2026-06-05T06:00:29+00:00	405-4596842-1750733	1040400	B0FL7TDJLF	X002DFU80F	Cubelelo Drift 4x4 Stickerless Cube Puzzle Toy | Combines Smoothness, Stability & Durability | 4x4x4 Speedcube for Beginners| Suitable for Kids Ages 6 to 14 Years Old, Boys, Girls & Adults	1	DEL2	SELLABLE	UNDELIVERABLE_REFUSED	LPNDEL2R70107648	
2026-06-05T05:39:48+00:00	408-0622686-2811535	1030604	B0DRVQVFJB	X0027JJHDB	Cubelelo Drift 3M v3 3x3 Magnetic Speedcube (Standard) | Latest Version with New & Improved Internal Structure for Smooth Turns & Stability | Cube Toy for 6-10 Years Old Boys Girls Adults	1	CCX2	SELLABLE	UNDELIVERABLE_REFUSED	LPNCCX2B1924524	
2026-06-05T05:25:00+00:00	406-1491439-0357168	1030604	B0DRVQVFJB	X0027JJHDB	Cubelelo Drift 3M v3 3x3 Magnetic Speedcube (Standard) | Latest Version with New & Improved Internal Structure for Smooth Turns & Stability | Cube Toy for 6-10 Years Old Boys Girls Adults	1	DEL2	SELLABLE	SWITCHEROO	LPNDEL2R70654547	
2026-06-05T05:15:05+00:00	406-6388628-4908338	1460503	B08XK4V59M	X001VFXJDV	Cubelelo Drift 2x2, 3x3 & 4x4 Premium Gift Box | 3-in-1 Puzzle Game Set | Triple the Challenge, Thrice the Fun | Ultimate Value Saver Combo | Brainstoming Toy for Children Kids & Adults	1	BOM4	DEFECTIVE	SWITCHEROO	LPNBOM4N40049350	I ordered 2*2 , 3×3 and 4×4 ....  In place of 4*4 ... received trainagle and that is broken .. see screenshot
2026-06-05T04:12:54+00:00	402-5743643-4922759	1030400	B07XPNC385	X0012WM1NR	Cubelelo Drift 3x3 Black Speedcube | Beginner Cube for Kids & Adults | Magic Speed Stress Buster Brainstorming Puzzle (Multicolor) | Anti-Pop Technology | Smooth Turning | Durable	1	BLR5	CUSTOMER_DAMAGED	QUALITY_UNACCEPTABLE	LPNBLR5P6561587	
2026-06-05T04:06:18+00:00	404-7433897-4006703	1630222	B0GH18NXXG	X002HPDYRF	Cubelelo Drift Magnetic Tangram Puzzle | with Strong Magnets, Wooden Pieces & Bold Colors | Toys for 5-10 Years Old Boys Girls & Adults | Travel Friendly, Educational Toy for Return & Birthday Gifts	1	BOM4	SELLABLE	UNDELIVERABLE_REFUSED	LPNBOM4N41041443	
2026-06-05T04:04:16+00:00	406-8533458-7396334	1030604	B0DRVQVFJB	X0027JJHDB	Cubelelo Drift 3M v3 3x3 Magnetic Speedcube (Standard) | Latest Version with New & Improved Internal Structure for Smooth Turns & Stability | Cube Toy for 6-10 Years Old Boys Girls Adults	1	BOM4	SELLABLE	DEFECTIVE	LPNBOM4N40670052	
2026-06-05T04:03:38+00:00	403-0597924-0066711	1280600_EAN	B0BSFD6XY8	X001PEDWDF	Cubelelo Drift Pyraminx M (Magnetic) Puzzle | Toys for Kids 4 5 6 7 8 to 14 Years Old & Above Boys Girls All Ages | Stickerless Pyramid Triangle High Speed Gift Cube Toy | Travel Friendly	1	BOM4	DEFECTIVE	DAMAGED_BY_FC	LPNBOM4N40735755	Cube broken.
2026-06-05T03:57:28+00:00	408-0414356-2183517	1050200	B09K7QTCXP	X001GM0XER	Cubelelo Drift 5x5 Stickerless Speed Cube | AKA Professor's Cube Magic Puzzle for Kids & Adults | Smooth and Durable Speedy Brainstorming Puzzle| Ultimate Stress Buster and Mind Challenge	1	DEL2	SELLABLE	MISORDERED	LPNDEL2R70361346	
2026-06-04T19:04:50+00:00	408-0254366-0250710	1960100	B09B75WYR2	X001ESH40T	Cubelelo Drift Mini 3x3 Keychain | Magic Speed Cube Toy | Puzzle for Kids and Adults | Compact and Handy Multi Purpose Brain Teaser Game for Fun and Joy | for Ages 3 Years and Above	1	BLR5	SELLABLE	UNDELIVERABLE_REFUSED	LPNBLR5P6703635	
2026-06-04T17:26:00+00:00	403-2425063-8145139	1120100	B08LBGYZ51	X0019BU32H	Cubelelo Drift 3x3 Mirror (Silver) Magic Speed Cube | Shape Shifter Speedcube with Durable Stickers | Advanced 3x3x3 Puzzle Toy for Kids Ages 7-14 Boys Girls & Adults | Collector's Item	1	BLR5	SELLABLE	UNDELIVERABLE_REFUSED	LPNBLR5P6703540	
2026-06-04T16:28:19+00:00	404-3607565-7854756	1040400	B0FL7TDJLF	X002DFU80F	Cubelelo Drift 4x4 Stickerless Cube Puzzle Toy | Combines Smoothness, Stability & Durability | 4x4x4 Speedcube for Beginners| Suitable for Kids Ages 6 to 14 Years Old, Boys, Girls & Adults	1	BLR5	SELLABLE	NO_REASON_GIVEN	LPNBLR5P6873033	
2026-06-04T16:28:19+00:00	171-6089831-1813138	1460553	B0BYVHGR5H	X001WPZI9N	Cubelelo Drift 2x2, 3x3 & Pyraminx Cube Combo (Stickerless) | Ideal for Kids Above 3 4 5 6 Years Old Boys Girls | 3 in 1 Speedcube Gift Set | High Speed Puzzle 3x3x3 2x2x2 Pyramid Triangle	1	BLR5	CUSTOMER_DAMAGED	DEFECTIVE	LPNBLR5P6873032	
2026-06-04T14:12:27+00:00	408-9722015-1381941	1030300_EAN	B0FBMGT6V7	X002C88WLZ	Cubelelo Drift Explorer 3x3 Speed Cube | Best Starter Speedcube for Beginners | Perfect Brain Teaser for Kids Ages 4 to14 Years Old & Above Boys Girls Children | Smooth Turning Puzzle Toy for Adults	1	BLR5	SELLABLE	DEFECTIVE	LPNBLR5P6904222	The product did not our expectations. So, we are decided to return.
2026-06-04T13:17:51+00:00	404-3447554-5360368	1460553	B0BYVHGR5H	X001WPZI9N	Cubelelo Drift 2x2, 3x3 & Pyraminx Cube Combo (Stickerless) | Ideal for Kids Above 3 4 5 6 Years Old Boys Girls | 3 in 1 Speedcube Gift Set | High Speed Puzzle 3x3x3 2x2x2 Pyramid Triangle	1	BLR5	SELLABLE	UNDELIVERABLE_REFUSED	LPNBLR5P6880807	
2026-06-04T13:12:05+00:00	405-8002349-1238756	1630210	B09HH8CC7Y	X00262W227	Cubelelo Drift Number Sliding Magnetic Puzzle 4x4 | Toys For 6-10 Years Old Boys & Girls | 15-Blocks Brain Teaser Puzzle Game for Kids | Educational, Learning, Activity Toy for Return & Birthday Gifts	1	BLR5	SELLABLE	UNDELIVERABLE_UNKNOWN	LPNBLR5P8445593	
2026-06-04T12:48:51+00:00	402-2808836-1817162	1030300_EAN	B0FBMGT6V7	X002C88WLZ	Cubelelo Drift Explorer 3x3 Speed Cube | Best Starter Speedcube for Beginners | Perfect Brain Teaser for Kids Ages 4 to14 Years Old & Above Boys Girls Children | Smooth Turning Puzzle Toy for Adults	1	BOM4	SELLABLE	UNDELIVERABLE_REFUSED	LPNBOM4N40584491	
2026-06-04T12:08:17+00:00	404-2437402-5145120	1030300_EAN	B0FBMGT6V7	X002C88WLZ	Cubelelo Drift Explorer 3x3 Speed Cube | Best Starter Speedcube for Beginners | Perfect Brain Teaser for Kids Ages 4 to14 Years Old & Above Boys Girls Children | Smooth Turning Puzzle Toy for Adults	1	BLR5	SELLABLE	UNDELIVERABLE_REFUSED	LPNBLR5P6880763	
2026-06-04T12:00:40+00:00	405-3426810-2481918	1030604	B0DRVQVFJB	X0027JJHDB	Cubelelo Drift 3M v3 3x3 Magnetic Speedcube (Standard) | Latest Version with New & Improved Internal Structure for Smooth Turns & Stability | Cube Toy for 6-10 Years Old Boys Girls Adults	1	DEL2	SELLABLE	UNDELIVERABLE_REFUSED	LPNDEL2R70654397	
2026-06-04T11:15:50+00:00	408-4169150-4785965	1020200	B08LBJ3P8L	X0019BU39P	Cubelelo Drift 2x2 Stickerless Cube | Beginner Speedcube for Kids Boys Girls Above 3 4 5 6 Years Old & Above | Magic Puzzle Toy | Durable & Smooth Cube with Anti-Pop Design 2x2x2	1	BLR5	SELLABLE	UNDELIVERABLE_REFUSED	LPNBLR5P6870497	
2026-06-04T11:15:50+00:00	408-4169150-4785965	1050200	B09K7QTCXP	X001GM0XER	Cubelelo Drift 5x5 Stickerless Speed Cube | AKA Professor's Cube Magic Puzzle for Kids & Adults | Smooth and Durable Speedy Brainstorming Puzzle| Ultimate Stress Buster and Mind Challenge	1	BLR5	SELLABLE	UNDELIVERABLE_REFUSED	LPNBLR5P6870496	
2026-06-04T11:13:44+00:00	171-3885814-2117924	1310036_EAN	B0BV276B7T	X001PWQJFP	Cubelelo Magic Snake Rainbow Puzzle Cube (72 Wedges) | Twist and Turn Shape Creation Fun Game for Kids Boys Girls and Adults | Multicolor Brain Teaser Stress Buster Toy | for Ages 3 Years and Above	1	DEL2	CUSTOMER_DAMAGED	NOT_AS_DESCRIBED	LPNDEL2R70353667	
2026-06-04T11:10:18+00:00	408-1051288-6061939	1630210	B09HH8CC7Y	X00262W227	Cubelelo Drift Number Sliding Magnetic Puzzle 4x4 | Toys For 6-10 Years Old Boys & Girls | 15-Blocks Brain Teaser Puzzle Game for Kids | Educational, Learning, Activity Toy for Return & Birthday Gifts	1	BLR5	CUSTOMER_DAMAGED	SWITCHEROO	LPNBLR5P8402732	
2026-06-04T11:10:18+00:00	408-1051288-6061939	1630210	B09HH8CC7Y	X00262W227	Cubelelo Drift Number Sliding Magnetic Puzzle 4x4 | Toys For 6-10 Years Old Boys & Girls | 15-Blocks Brain Teaser Puzzle Game for Kids | Educational, Learning, Activity Toy for Return & Birthday Gifts	1	BLR5	SELLABLE	SWITCHEROO	LPNBLR5P8402763	
2026-06-04T11:02:33+00:00	408-8606153-2539517	1030604	B0DRVQVFJB	X0027JJHDB	Cubelelo Drift 3M v3 3x3 Magnetic Speedcube (Standard) | Latest Version with New & Improved Internal Structure for Smooth Turns & Stability | Cube Toy for 6-10 Years Old Boys Girls Adults	1	BLR5	CUSTOMER_DAMAGED	SWITCHEROO	LPNBLR5P6561417	
2026-06-04T10:59:51+00:00	402-4525868-6713912	1460553	B0BYVHGR5H	X001WPZI9N	Cubelelo Drift 2x2, 3x3 & Pyraminx Cube Combo (Stickerless) | Ideal for Kids Above 3 4 5 6 Years Old Boys Girls | 3 in 1 Speedcube Gift Set | High Speed Puzzle 3x3x3 2x2x2 Pyramid Triangle	1	CCX2	SELLABLE	UNDELIVERABLE_REFUSED	LPNCCX2B0712053	
2026-06-04T10:55:42+00:00	403-0210508-6747514	1120100	B08LBGYZ51	X0019BU32H	Cubelelo Drift 3x3 Mirror (Silver) Magic Speed Cube | Shape Shifter Speedcube with Durable Stickers | Advanced 3x3x3 Puzzle Toy for Kids Ages 7-14 Boys Girls & Adults | Collector's Item	1	BLR5	SELLABLE	UNDELIVERABLE_REFUSED	LPNBLR5P6561400	
2026-06-04T10:28:20+00:00	171-7311710-2508354	1120200	B08LKQHDBF	X001G4N1DP	Cubelelo Drift 3x3 Mirror (Golden) Speed Cube | Shape Shifter Magic Speedcube Puzzle Toys for 7-14 Year Old Boys Girls and Adults All Ages | Advanced 3x3 with Durable Stickers | Collector's Item	1	BLR5	SELLABLE	UNDELIVERABLE_REFUSED	LPNBLR5P2801444	
2026-06-04T09:45:14+00:00	403-3527433-3610751	1120100	B08LBGYZ51	X0019BU32H	Cubelelo Drift 3x3 Mirror (Silver) Magic Speed Cube | Shape Shifter Speedcube with Durable Stickers | Advanced 3x3x3 Puzzle Toy for Kids Ages 7-14 Boys Girls & Adults | Collector's Item	1	DEL2	CUSTOMER_DAMAGED	DEFECTIVE	LPNDEL2R70260751	
2026-06-04T09:37:40+00:00	408-2084221-8079520	1030604	B0DRVQVFJB	X0027JJHDB	Cubelelo Drift 3M v3 3x3 Magnetic Speedcube (Standard) | Latest Version with New & Improved Internal Structure for Smooth Turns & Stability | Cube Toy for 6-10 Years Old Boys Girls Adults	1	DEL2	SELLABLE	UNDELIVERABLE_REFUSED	LPNDEL2R70055144	
2026-06-04T09:35:07+00:00	171-3787321-1285929	1460503	B08XK4V59M	X001VFXJDV	Cubelelo Drift 2x2, 3x3 & 4x4 Premium Gift Box | 3-in-1 Puzzle Game Set | Triple the Challenge, Thrice the Fun | Ultimate Value Saver Combo | Brainstoming Toy for Children Kids & Adults	1	CCX2	SELLABLE	QUALITY_UNACCEPTABLE	LPNCCX2B1946618	
2026-06-04T09:15:27+00:00	403-3612944-5637132	1030300_EAN	B0FBMGT6V7	X002C88WLZ	Cubelelo Drift Explorer 3x3 Speed Cube | Best Starter Speedcube for Beginners | Perfect Brain Teaser for Kids Ages 4 to14 Years Old & Above Boys Girls Children | Smooth Turning Puzzle Toy for Adults	1	BLR5	SELLABLE	UNDELIVERABLE_REFUSED	LPNBLR5P6617062	
2026-06-04T09:06:14+00:00	404-9578231-9571531	1030400	B07XPNC385	X0012WM1NR	Cubelelo Drift 3x3 Black Speedcube | Beginner Cube for Kids & Adults | Magic Speed Stress Buster Brainstorming Puzzle (Multicolor) | Anti-Pop Technology | Smooth Turning | Durable	1	BOM4	SELLABLE	SWITCHEROO	LPNBOM4N40822907	
2026-06-04T08:35:43+00:00	408-7188959-3475540	1460553	B0BYVHGR5H	X001WPZI9N	Cubelelo Drift 2x2, 3x3 & Pyraminx Cube Combo (Stickerless) | Ideal for Kids Above 3 4 5 6 Years Old Boys Girls | 3 in 1 Speedcube Gift Set | High Speed Puzzle 3x3x3 2x2x2 Pyramid Triangle	1	BLR5	CUSTOMER_DAMAGED	MISSING_PARTS	LPNBLR5P6522324	
2026-06-04T08:34:21+00:00	406-4842463-0629933	1030604	B0DRVQVFJB	X0027JJHDB	Cubelelo Drift 3M v3 3x3 Magnetic Speedcube (Standard) | Latest Version with New & Improved Internal Structure for Smooth Turns & Stability | Cube Toy for 6-10 Years Old Boys Girls Adults	1	CCX2	SELLABLE	NEVER_ARRIVED	LPNCCX2A8892079	
2026-06-04T08:30:41+00:00	403-5354679-0071503	1030300_EAN	B0FBMGT6V7	X002C88WLZ	Cubelelo Drift Explorer 3x3 Speed Cube | Best Starter Speedcube for Beginners | Perfect Brain Teaser for Kids Ages 4 to14 Years Old & Above Boys Girls Children | Smooth Turning Puzzle Toy for Adults	1	CJB1	SELLABLE	UNDELIVERABLE_UNKNOWN	LPNCJB1X190578	
2026-06-04T08:21:53+00:00	408-7303415-5885128	CLB0503	B0DKJD6WV1	X0025QFMUN	Cubelelo Drift 3M Plus v2 3x3 (Magnetic) with Cube Lubricant & Premium Pouch (2024 Updated Version) | 48 Strong Magnets for Enhanced Stability & Smooth Turns | Kids & Adults,multicolor	1	DEL2	CUSTOMER_DAMAGED	MISSING_PARTS	LPNDEL2R70822565	
2026-06-04T08:12:15+00:00	402-4499405-1981940	1050600	B09QCL5JCC	X001I2GYZR	Cubelelo Drift 5M 5x5 (Magnetic) Stickerless Speed Cube Magic Puzzle for Kids & Adults Speedy Stress Buster Brainstorming Cube	1	DEL2	SELLABLE	DEFECTIVE	LPNDEL2R83658169	
2026-06-04T08:11:27+00:00	403-2473864-1249165	1040400	B0FL7TDJLF	X002DFU80F	Cubelelo Drift 4x4 Stickerless Cube Puzzle Toy | Combines Smoothness, Stability & Durability | 4x4x4 Speedcube for Beginners| Suitable for Kids Ages 6 to 14 Years Old, Boys, Girls & Adults	1	DEL2	SELLABLE	UNDELIVERABLE_REFUSED	LPNDEL2R70936656	
2026-06-04T07:51:55+00:00	406-8683548-5013165	1030300_EAN	B0FBMGT6V7	X002C88WLZ	Cubelelo Drift Explorer 3x3 Speed Cube | Best Starter Speedcube for Beginners | Perfect Brain Teaser for Kids Ages 4 to14 Years Old & Above Boys Girls Children | Smooth Turning Puzzle Toy for Adults	1	BLR5	SELLABLE	UNDELIVERABLE_REFUSED	LPNBLR5P7970514	
2026-06-04T07:26:13+00:00	407-1281676-9080321	1280100a	B09QYW9DYC	X001LHLHUV	Cubelelo Drift Pyraminx Puzzle Speedcube | Beginner Starter Cube for Kids 3+ Year Old & Above | Triangle Pyramid Shape Stickerless 3x3 Cubes Toy | Ideal for Boys Girls Children 4 5 6+ Years & Adults	1	BOM4	SELLABLE	UNDELIVERABLE_REFUSED	LPNBOM4N40827141	
2026-06-04T07:26:13+00:00	407-1281676-9080321	1280100a	B09QYW9DYC	X001LHLHUV	Cubelelo Drift Pyraminx Puzzle Speedcube | Beginner Starter Cube for Kids 3+ Year Old & Above | Triangle Pyramid Shape Stickerless 3x3 Cubes Toy | Ideal for Boys Girls Children 4 5 6+ Years & Adults	1	BOM4	SELLABLE	UNDELIVERABLE_REFUSED	LPNBOM4N40827142	
2026-06-04T07:18:49+00:00	403-4062615-4577134	1030400	B07XPNC385	X0012WM1NR	Cubelelo Drift 3x3 Black Speedcube | Beginner Cube for Kids & Adults | Magic Speed Stress Buster Brainstorming Puzzle (Multicolor) | Anti-Pop Technology | Smooth Turning | Durable	1	DEL2	SELLABLE	UNDELIVERABLE_REFUSED	LPNDEL2R69951284	
2026-06-04T06:47:52+00:00	402-2606957-3041937	CLB0502	B0CL3HR7YS	X001VZMI15	Cubelelo Drift Warrior 3x3 & Premium Cube Lubricant Combo | Speed Cube Set for Fast, Smooth, Professional Solving | Ultimate Kit for All Your Speedcubing Needs Multicolor for Kids, Adults All Ages	1	BLR5	SELLABLE	UNDELIVERABLE_UNKNOWN	LPNBLR5P6211327	
2026-06-04T06:02:23+00:00	171-7979524-5595553	1030604	B0DRVQVFJB	X0027JJHDB	Cubelelo Drift 3M v3 3x3 Magnetic Speedcube (Standard) | Latest Version with New & Improved Internal Structure for Smooth Turns & Stability | Cube Toy for 6-10 Years Old Boys Girls Adults	1	CCX2	SELLABLE	UNDELIVERABLE_REFUSED	LPNCCX2B1885548	
2026-06-04T06:01:05+00:00	408-8759886-9041126	1030604	B0DRVQVFJB	X0027JJHDB	Cubelelo Drift 3M v3 3x3 Magnetic Speedcube (Standard) | Latest Version with New & Improved Internal Structure for Smooth Turns & Stability | Cube Toy for 6-10 Years Old Boys Girls Adults	1	DEL2	SELLABLE	UNDELIVERABLE_REFUSED	LPNDEL2R70936497	
2026-06-04T05:54:35+00:00	405-5065624-7277912	1030604	B0DRVQVFJB	X0027JJHDB	Cubelelo Drift 3M v3 3x3 Magnetic Speedcube (Standard) | Latest Version with New & Improved Internal Structure for Smooth Turns & Stability | Cube Toy for 6-10 Years Old Boys Girls Adults	1	CCX1	SELLABLE	DEFECTIVE	LPNCCX1B4879832	
2026-06-04T04:52:05+00:00	404-9045643-0861116	1030604	B0DRVQVFJB	X0027JJHDB	Cubelelo Drift 3M v3 3x3 Magnetic Speedcube (Standard) | Latest Version with New & Improved Internal Structure for Smooth Turns & Stability | Cube Toy for 6-10 Years Old Boys Girls Adults	1	BOM4	CUSTOMER_DAMAGED	SWITCHEROO	LPNBOM4N40719688	
2026-06-04T04:51:19+00:00	404-3137449-6699560	1040300	B09HH8XQ14	X001G4QY25	Cubelelo Drift 4x4 (Black) Speedcube | Challenging Brain Teaser Puzzle Toy for Kids 7-14 Years Old Boys Girls & Adults All Ages | Fast Speed Cube for Intermediate and Advanced Cubers	1	BOM4	SELLABLE	UNDELIVERABLE_UNKNOWN	LPNBOM4N40699539	
2026-06-04T03:42:31+00:00	404-4263553-4396329	1310036_EAN	B0BV276B7T	X001PWQJFP	Cubelelo Magic Snake Rainbow Puzzle Cube (72 Wedges) | Twist and Turn Shape Creation Fun Game for Kids Boys Girls and Adults | Multicolor Brain Teaser Stress Buster Toy | for Ages 3 Years and Above	1	BOM7	SELLABLE	UNDELIVERABLE_UNKNOWN	LPNBOM7D19794874	
2026-06-04T03:33:13+00:00	405-3811520-5002740	1130100	B09K7QWDT5	X001GMABSF	Cubelelo Drift Skewb Stickerless Speedcube Puzzle for Kids & Adults | Fast & Smooth Stress Buster | Brain-Boosting Challenge for Kids and Adults (Multicolour)	1	BOM4	CUSTOMER_DAMAGED	DAMAGED_BY_CARRIER	LPNBOM4N40708171	
2026-06-04T03:31:28+00:00	404-9220537-4570754	1350100	B0BM63N44W	X001O3K2YJ	Cubelelo Drift 2x2x3 Cuboid Stickerless Puzzle | Unique Twist | Smooth Rotations for Stress Relief & Brain Teasers | Ideal Puzzle for Kids & Adults	1	BOM4	SELLABLE	UNDELIVERABLE_REFUSED	LPNBOM4N40685058	
2026-06-04T03:26:56+00:00	171-9554265-2879563	1280600_EAN	B0BSFD6XY8	X001PEDWDF	Cubelelo Drift Pyraminx M (Magnetic) Puzzle | Toys for Kids 4 5 6 7 8 to 14 Years Old & Above Boys Girls All Ages | Stickerless Pyramid Triangle High Speed Gift Cube Toy | Travel Friendly	1	DEL2	SELLABLE	DEFECTIVE	LPNDEL2R70306449	
2026-06-04T03:19:25+00:00	404-8943633-9678752	1040300	B09HH8XQ14	X001G4QY25	Cubelelo Drift 4x4 (Black) Speedcube | Challenging Brain Teaser Puzzle Toy for Kids 7-14 Years Old Boys Girls & Adults All Ages | Fast Speed Cube for Intermediate and Advanced Cubers	1	BOM4	CUSTOMER_DAMAGED	DEFECTIVE	LPNBOM4N40637106	
2026-06-04T03:16:27+00:00	402-8495340-7919568	1630202	B09B7PNSTV	X001ETHG47	Cubelelo Drift Infinity Cube (Blue) | Magic Puzzle Cool Mini Gadget for Stress and Anxiety Relief for Kids and Adults | Desk Finger Flip Toy for Fun and Game | for Ages 3 Years and Above	1	BOM4	SELLABLE	UNDELIVERABLE_REFUSED	LPNBOM4N40599300	
2026-06-04T03:04:34+00:00	171-0977646-2637120	1290300	B0DB6311DK	X00239RFKR	Cubelelo Drift Megaminx v2 Cube (New Improved Version) | 12-Sided Fun and Challenging Puzzle with Ridge Design | Smooth Turning Dodecahedron | Perfect for Speed-Cubing | Ideal for Kids & Adults	1	BLR5	CUSTOMER_DAMAGED	DEFECTIVE	LPNBLR5P7399160	
2026-06-03T21:21:58+00:00	403-4569823-2605169	1030300_EAN	B0FBMGT6V7	X002C88WLZ	Cubelelo Drift Explorer 3x3 Speed Cube | Best Starter Speedcube for Beginners | Perfect Brain Teaser for Kids Ages 4 to14 Years Old & Above Boys Girls Children | Smooth Turning Puzzle Toy for Adults	1	BLR5	SELLABLE	UNDELIVERABLE_REFUSED	LPNBLR5P6702649	
2026-06-03T20:15:06+00:00	402-7880599-2860305	1460553	B0BYVHGR5H	X001WPZI9N	Cubelelo Drift 2x2, 3x3 & Pyraminx Cube Combo (Stickerless) | Ideal for Kids Above 3 4 5 6 Years Old Boys Girls | 3 in 1 Speedcube Gift Set | High Speed Puzzle 3x3x3 2x2x2 Pyramid Triangle	1	BLR5	SELLABLE	MISSING_PARTS	LPNBLR5P6612986	
2026-06-03T19:13:21+00:00	403-1414427-2949918	1460502	B08XJVBV15	X001VLPA4L	Cubelelo Drift 3x3 & 4x4 Stickerless Combo Set - Premium Dual Speed Cube Bundle for All Skill Levels - Smooth Turning, Durable, and Vibrant Stickerless Design	1	BLR5	SELLABLE	UNDELIVERABLE_UNKNOWN	LPNBLR5P6426402	
2026-06-03T17:07:08+00:00	404-1154143-7124350	1290300	B0DB6311DK	X00239RFKR	Cubelelo Drift Megaminx v2 Cube (New Improved Version) | 12-Sided Fun and Challenging Puzzle with Ridge Design | Smooth Turning Dodecahedron | Perfect for Speed-Cubing | Ideal for Kids & Adults	1	BLR5	CARRIER_DAMAGED	DEFECTIVE	LPNBLR5P6701497	
2026-06-03T12:36:05+00:00	407-8166789-0155517	1020600	B09QCHSPYP	X001I2IMWF	Cubelelo Drift 2M 2x2 Magnetic Stickerless Speedcube | Premium Multicolor Puzzle Cube for Kids & Adults | Ideal for Speedcubing, Brainstorming, and Mental Development | (Smooth & Fast Turns)	1	BLR5	SELLABLE	DEFECTIVE	LPNBLR5P8417808	
2026-06-03T12:35:08+00:00	404-5518108-3188305	1030604	B0DRVQVFJB	X0027JJHDB	Cubelelo Drift 3M v3 3x3 Magnetic Speedcube (Standard) | Latest Version with New & Improved Internal Structure for Smooth Turns & Stability | Cube Toy for 6-10 Years Old Boys Girls Adults	1	BLR5	SELLABLE	UNDELIVERABLE_REFUSED	LPNBLR5P6903549	
2026-06-03T12:20:13+00:00	407-3079062-9276357	1630210	B09HH8CC7Y	X00262W227	Cubelelo Drift Number Sliding Magnetic Puzzle 4x4 | Toys For 6-10 Years Old Boys & Girls | 15-Blocks Brain Teaser Puzzle Game for Kids | Educational, Learning, Activity Toy for Return & Birthday Gifts	1	BLR5	SELLABLE	SWITCHEROO	LPNBLR5P6879586	Product ordered is entirely different
2026-06-03T12:19:39+00:00	404-7353695-2041156	1030300_EAN	B0FBMGT6V7	X002C88WLZ	Cubelelo Drift Explorer 3x3 Speed Cube | Best Starter Speedcube for Beginners | Perfect Brain Teaser for Kids Ages 4 to14 Years Old & Above Boys Girls Children | Smooth Turning Puzzle Toy for Adults	1	DEL2	SELLABLE	UNDELIVERABLE_REFUSED	LPNDEL2R69645749	
2026-06-03T11:24:30+00:00	406-6965333-6710723	1030604	B0DRVQVFJB	X0027JJHDB	Cubelelo Drift 3M v3 3x3 Magnetic Speedcube (Standard) | Latest Version with New & Improved Internal Structure for Smooth Turns & Stability | Cube Toy for 6-10 Years Old Boys Girls Adults	1	BOM4	SELLABLE	UNDELIVERABLE_REFUSED	LPNBOM4N40638674	
2026-06-03T11:03:58+00:00	408-1662584-0281934	1120400_EAN	B0C55QR5BN	X001S3KHY5	Cubelelo Drift Mirror 2X2 (Silver) Stickerless Speed Cube|Comes with Mirror Finished Sticker for A Premium Look&Feel|Collective Item|Speedy Stress Buster Brainstorming Puzzle for Kids & Adults |	1	BLR5	SELLABLE	UNDELIVERABLE_REFUSED	LPNBLR5P6903444	
2026-06-03T10:47:36+00:00	404-0774736-8962723	1030500	B08H88N2N9	X0018CDFL3	Cubelelo Drift Warrior 3x3 Stickerless Cube | Beginner Speedcube for Kids Boys Girls Above 3 4 5 6 Years Old & Above | Magic Puzzle Toy | Durable & Smooth Cube with Anti-Pop Design 3 3	1	DEL2	SELLABLE	NO_REASON_GIVEN	LPNDEL2R70143042	
2026-06-03T10:04:37+00:00	404-2045839-3525944	1030500	B08H88N2N9	X0018CDFL3	Cubelelo Drift Warrior 3x3 Stickerless Cube | Beginner Speedcube for Kids Boys Girls Above 3 4 5 6 Years Old & Above | Magic Puzzle Toy | Durable & Smooth Cube with Anti-Pop Design 3 3	1	DEL2	SELLABLE	UNDELIVERABLE_REFUSED	LPNDEL2R70354953	
2026-06-03T10:00:41+00:00	404-5137014-9404320	1030300_EAN	B0FBMGT6V7	X002C88WLZ	Cubelelo Drift Explorer 3x3 Speed Cube | Best Starter Speedcube for Beginners | Perfect Brain Teaser for Kids Ages 4 to14 Years Old & Above Boys Girls Children | Smooth Turning Puzzle Toy for Adults	1	DEL2	SELLABLE	UNDELIVERABLE_REFUSED	LPNDEL2R69645525	
2026-06-03T08:55:31+00:00	406-7132548-2205966	1280600_EAN	B0BSFD6XY8	X001PEDWDF	Cubelelo Drift Pyraminx M (Magnetic) Puzzle | Toys for Kids 4 5 6 7 8 to 14 Years Old & Above Boys Girls All Ages | Stickerless Pyramid Triangle High Speed Gift Cube Toy | Travel Friendly	1	BLR5	DEFECTIVE	DAMAGED_BY_FC	LPNBLR5P8261856	Full damaged
2026-06-03T08:45:51+00:00	406-4446222-4644313	1630210	B09HH8CC7Y	X00262W227	Cubelelo Drift Number Sliding Magnetic Puzzle 4x4 | Toys For 6-10 Years Old Boys & Girls | 15-Blocks Brain Teaser Puzzle Game for Kids | Educational, Learning, Activity Toy for Return & Birthday Gifts	1	DEL2	CUSTOMER_DAMAGED	DEFECTIVE	LPNDEL2R70499841	
2026-06-03T08:40:15+00:00	408-6235768-6887530	1030300_EAN	B0FBMGT6V7	X002C88WLZ	Cubelelo Drift Explorer 3x3 Speed Cube | Best Starter Speedcube for Beginners | Perfect Brain Teaser for Kids Ages 4 to14 Years Old & Above Boys Girls Children | Smooth Turning Puzzle Toy for Adults	1	DEL2	SELLABLE	UNDELIVERABLE_REFUSED	LPNDEL2R70158913	
2026-06-03T08:29:10+00:00	405-3506595-1671543	1030300_EAN	B0FBMGT6V7	X002C88WLZ	Cubelelo Drift Explorer 3x3 Speed Cube | Best Starter Speedcube for Beginners | Perfect Brain Teaser for Kids Ages 4 to14 Years Old & Above Boys Girls Children | Smooth Turning Puzzle Toy for Adults	1	DEL2	CUSTOMER_DAMAGED	SWITCHEROO	LPNDEL2R70142944	
2026-06-03T08:27:44+00:00	408-7093883-5197167	1030300_EAN	B0FBMGT6V7	X002C88WLZ	Cubelelo Drift Explorer 3x3 Speed Cube | Best Starter Speedcube for Beginners | Perfect Brain Teaser for Kids Ages 4 to14 Years Old & Above Boys Girls Children | Smooth Turning Puzzle Toy for Adults	1	BOM7	SELLABLE	UNDELIVERABLE_REFUSED	LPNBOM7D19772364	
2026-06-03T08:24:39+00:00	405-2127938-0428361	1030604	B0DRVQVFJB	X0027JJHDB	Cubelelo Drift 3M v3 3x3 Magnetic Speedcube (Standard) | Latest Version with New & Improved Internal Structure for Smooth Turns & Stability | Cube Toy for 6-10 Years Old Boys Girls Adults	1	DEL2	SELLABLE	UNDELIVERABLE_REFUSED	LPNDEL2R84028072	
2026-06-03T08:16:22+00:00	407-0513024-9033914	1030603	B0DRVMTFN1	X0027JJ8K3	Cubelelo Drift 3M v3 3x3 (Magnetic UV Coated) Speedcube - New Version | Premium Glossy Finish, Ultra Fast & Smooth Turns, Enhanced Auto-Alignment with 48 Magnets | Puzzle Cube for Kids & Adults	1	DEL2	SELLABLE	SWITCHEROO	LPNDEL2R70224967	I ordered magnetic one but it&#39;s not magnetic it&#39;s normal cube
2026-06-03T07:56:33+00:00	403-9573075-1366729	1030604	B0DRVQVFJB	X0027JJHDB	Cubelelo Drift 3M v3 3x3 Magnetic Speedcube (Standard) | Latest Version with New & Improved Internal Structure for Smooth Turns & Stability | Cube Toy for 6-10 Years Old Boys Girls Adults	1	DEL2	SELLABLE	DEFECTIVE	LPNDEL2R69645436	
2026-06-03T07:47:16+00:00	403-4929481-1079511	1030300_EAN	B0FBMGT6V7	X002C88WLZ	Cubelelo Drift Explorer 3x3 Speed Cube | Best Starter Speedcube for Beginners | Perfect Brain Teaser for Kids Ages 4 to14 Years Old & Above Boys Girls Children | Smooth Turning Puzzle Toy for Adults	1	DEL2	SELLABLE	UNDELIVERABLE_REFUSED	LPNDEL2R70161359	
2026-06-03T07:30:12+00:00	171-7869962-0856356	1120100	B08LBGYZ51	X0019BU32H	Cubelelo Drift 3x3 Mirror (Silver) Magic Speed Cube | Shape Shifter Speedcube with Durable Stickers | Advanced 3x3x3 Puzzle Toy for Kids Ages 7-14 Boys Girls & Adults | Collector's Item	1	DEL2	SELLABLE	UNDELIVERABLE_REFUSED	LPNDEL2R70930098	
2026-06-03T07:23:46+00:00	171-7957955-2678735	1460580	B079WVQD89	X002345VBR	Cubelelo Drift 4x4 with Cube Lubricant and Stand Combo | High-Performance Speed Cube | Adjustable Tension & Smooth Turning | Durable & Reliable | Ideal for All Ages	1	DEL2	SELLABLE	SWITCHEROO	LPNDEL2R69947425	I ordered a 4x4 and a 2x2 came instead
2026-06-03T07:19:04+00:00	402-3246648-6292321	1040400	B0FL7TDJLF	X002DFU80F	Cubelelo Drift 4x4 Stickerless Cube Puzzle Toy | Combines Smoothness, Stability & Durability | 4x4x4 Speedcube for Beginners| Suitable for Kids Ages 6 to 14 Years Old, Boys, Girls & Adults	1	DEL2	SELLABLE	UNDELIVERABLE_UNKNOWN	LPNDEL2R69850816	
2026-06-03T07:13:42+00:00	405-7598054-7860317	1030604	B0DRVQVFJB	X0027JJHDB	Cubelelo Drift 3M v3 3x3 Magnetic Speedcube (Standard) | Latest Version with New & Improved Internal Structure for Smooth Turns & Stability | Cube Toy for 6-10 Years Old Boys Girls Adults	1	DEL2	SELLABLE	UNDELIVERABLE_REFUSED	LPNDEL2R70158814	
2026-06-03T07:06:35+00:00	403-7660740-4816361	1030500	B08H88N2N9	X0018CDFL3	Cubelelo Drift Warrior 3x3 Stickerless Cube | Beginner Speedcube for Kids Boys Girls Above 3 4 5 6 Years Old & Above | Magic Puzzle Toy | Durable & Smooth Cube with Anti-Pop Design 3 3	1	DEL2	SELLABLE	UNDELIVERABLE_REFUSED	LPNDEL2R69645381	
2026-06-03T06:35:18+00:00	403-2207777-8304338	1630202	B09B7PNSTV	X001ETHG47	Cubelelo Drift Infinity Cube (Blue) | Magic Puzzle Cool Mini Gadget for Stress and Anxiety Relief for Kids and Adults | Desk Finger Flip Toy for Fun and Game | for Ages 3 Years and Above	1	BOM4	SELLABLE	UNDELIVERABLE_UNKNOWN	LPNBOM4N41034772	
2026-06-03T06:22:45+00:00	408-4695851-1473917	1060100	B09HH5R69B	X001G4MZFF	Cubelelo Drift 6x6 Stickerless Speed Cube Magic Puzzle for Kids & Adults | Advanced Level Speedcube | Speedy Stress Buster Brainstorming Cube	1	BLR5	SELLABLE	UNDELIVERABLE_REFUSED	LPNBLR5P6903209	
2026-06-03T06:11:06+00:00	402-9682196-2270726	1020200	B08LBJ3P8L	X0019BU39P	Cubelelo Drift 2x2 Stickerless Cube | Beginner Speedcube for Kids Boys Girls Above 3 4 5 6 Years Old & Above | Magic Puzzle Toy | Durable & Smooth Cube with Anti-Pop Design 2x2x2	1	DEL2	DEFECTIVE	DAMAGED_BY_CARRIER	LPNDEL2R70158741	Packaging was damaged as well as the product is broken
2026-06-03T06:09:42+00:00	404-6674224-1941147	1030300_EAN	B0FBMGT6V7	X002C88WLZ	Cubelelo Drift Explorer 3x3 Speed Cube | Best Starter Speedcube for Beginners | Perfect Brain Teaser for Kids Ages 4 to14 Years Old & Above Boys Girls Children | Smooth Turning Puzzle Toy for Adults	1	CCX2	SELLABLE	UNDELIVERABLE_REFUSED	LPNCCX2B0717547	
2026-06-03T06:04:40+00:00	404-9185792-5116342	1030604	B0DRVQVFJB	X0027JJHDB	Cubelelo Drift 3M v3 3x3 Magnetic Speedcube (Standard) | Latest Version with New & Improved Internal Structure for Smooth Turns & Stability | Cube Toy for 6-10 Years Old Boys Girls Adults	1	BLR5	SELLABLE	UNDELIVERABLE_UNKNOWN	LPNBLR5P8203986	
2026-06-03T05:51:37+00:00	171-0631099-3643550	1630222	B0GH18NXXG	X002HPDYRF	Cubelelo Drift Magnetic Tangram Puzzle | with Strong Magnets, Wooden Pieces & Bold Colors | Toys for 5-10 Years Old Boys Girls & Adults | Travel Friendly, Educational Toy for Return & Birthday Gifts	1	BOM4	SELLABLE	UNDELIVERABLE_REFUSED	LPNBOM4N40969807	
2026-06-03T05:32:29+00:00	403-5577958-0860361	1050200	B09K7QTCXP	X001GM0XER	Cubelelo Drift 5x5 Stickerless Speed Cube | AKA Professor's Cube Magic Puzzle for Kids & Adults | Smooth and Durable Speedy Brainstorming Puzzle| Ultimate Stress Buster and Mind Challenge	1	BLR5	SELLABLE	DEFECTIVE	LPNBLR5P8261660	
2026-06-03T05:26:24+00:00	405-0754695-4613136	1040400	B0FL7TDJLF	X002DFU80F	Cubelelo Drift 4x4 Stickerless Cube Puzzle Toy | Combines Smoothness, Stability & Durability | 4x4x4 Speedcube for Beginners| Suitable for Kids Ages 6 to 14 Years Old, Boys, Girls & Adults	1	BOM4	SELLABLE	UNDELIVERABLE_REFUSED	LPNBOM4N40822262	
2026-06-03T05:19:18+00:00	408-4864679-1160344	1120100	B08LBGYZ51	X0019BU32H	Cubelelo Drift 3x3 Mirror (Silver) Magic Speed Cube | Shape Shifter Speedcube with Durable Stickers | Advanced 3x3x3 Puzzle Toy for Kids Ages 7-14 Boys Girls & Adults | Collector's Item	1	BOM4	SELLABLE	UNDELIVERABLE_REFUSED	LPNBOM4N40822257	
2026-06-03T05:15:04+00:00	404-2370663-1904344	1460516	B0CGNS9F16	X001VZFXX5	Cubelelo Drift 3x3, 4x4 & 5x5 Stickerless Gift Box | 3-in-1 Puzzle Game Set | Triple the Challenge, Thrice the Fun | Ultimate Value Saver Combo | Brainstoming Toy for Children Kids & Adults	1	CCX2	SELLABLE	MISSING_PARTS	LPNCCX2B1885943	
2026-06-03T05:05:44+00:00	404-3570675-2292327	4001001a	B0CJBLTM11	X001VD95XL	Cubelelo Drift Daily Calendar Puzzle | A-Puzzle-A-Day | Wooden Challenging Tangram Puzzle Toys for Adults and Kids | Compact, Travel Friendly Toy for Return & Birthday Gifts	1	BLR5	CUSTOMER_DAMAGED	DAMAGED_BY_FC	LPNBLR5P7682429	
2026-06-03T04:51:05+00:00	404-8587025-1585127	4001001a	B0CJBLTM11	X001VD95XL	Cubelelo Drift Daily Calendar Puzzle | A-Puzzle-A-Day | Wooden Challenging Tangram Puzzle Toys for Adults and Kids | Compact, Travel Friendly Toy for Return & Birthday Gifts	1	BLR5	CUSTOMER_DAMAGED	DAMAGED_BY_FC	LPNBLR5P7958314	
2026-06-03T04:48:35+00:00	404-6318379-0681909	1030478	B09PYRTM4X	X001HYK0PL	Cubelelo Drift 3x3 Jelly Edition Speedcube Magic Cube Puzzle	1	CCX1	SELLABLE	UNDELIVERABLE_REFUSED	LPNCCX1B4909107	
2026-06-03T04:46:11+00:00	404-4215566-0109118	1270100	B09BZPFCZ8	X001F0AT1H	Cubelelo Drift Mastermorphix Stickerless Cube Puzzle for Kids & Adults Speedy Stress Buster Brainstorming Cube	1	DEL2	SELLABLE	DEFECTIVE	LPNDEL2R70001014	
2026-06-03T04:31:53+00:00	408-9447741-5476368	1030603	B0DRVMTFN1	X0027JJ8K3	Cubelelo Drift 3M v3 3x3 (Magnetic UV Coated) Speedcube - New Version | Premium Glossy Finish, Ultra Fast & Smooth Turns, Enhanced Auto-Alignment with 48 Magnets | Puzzle Cube for Kids & Adults	1	BOM4	CUSTOMER_DAMAGED	DEFECTIVE	LPNBOM4N40575327	
2026-06-03T04:25:50+00:00	404-6371203-9810733	1030604	B0DRVQVFJB	X0027JJHDB	Cubelelo Drift 3M v3 3x3 Magnetic Speedcube (Standard) | Latest Version with New & Improved Internal Structure for Smooth Turns & Stability | Cube Toy for 6-10 Years Old Boys Girls Adults	1	BOM4	SELLABLE	SWITCHEROO	LPNBOM4N40822171	Wanted another product of same brand
2026-06-03T04:08:50+00:00	408-0598692-1166745	1630210	B09HH8CC7Y	X00262W227	Cubelelo Drift Number Sliding Magnetic Puzzle 4x4 | Toys For 6-10 Years Old Boys & Girls | 15-Blocks Brain Teaser Puzzle Game for Kids | Educational, Learning, Activity Toy for Return & Birthday Gifts	1	BLR8	SELLABLE	UNDELIVERABLE_REFUSED	LPNBLR8Z3503762	
2026-06-03T03:26:28+00:00	406-7166510-3689116	1290300	B0DB6311DK	X00239RFKR	Cubelelo Drift Megaminx v2 Cube (New Improved Version) | 12-Sided Fun and Challenging Puzzle with Ridge Design | Smooth Turning Dodecahedron | Perfect for Speed-Cubing | Ideal for Kids & Adults	1	DEL4	SELLABLE	UNDELIVERABLE_UNKNOWN	LPNDEL4AA3832052	
2026-06-03T03:12:52+00:00	408-1240062-4998766	1120100	B08LBGYZ51	X0019BU32H	Cubelelo Drift 3x3 Mirror (Silver) Magic Speed Cube | Shape Shifter Speedcube with Durable Stickers | Advanced 3x3x3 Puzzle Toy for Kids Ages 7-14 Boys Girls & Adults | Collector's Item	1	DEL2	SELLABLE	UNDELIVERABLE_REFUSED	LPNDEL2R70395195	
2026-06-02T18:39:47+00:00	406-7676290-5619552	1030400	B07XPNC385	X0012WM1NR	Cubelelo Drift 3x3 Black Speedcube | Beginner Cube for Kids & Adults | Magic Speed Stress Buster Brainstorming Puzzle (Multicolor) | Anti-Pop Technology | Smooth Turning | Durable	1	CCX2	SELLABLE	UNDELIVERABLE_REFUSED	LPNCCX2B0738448	
2026-06-02T16:18:37+00:00	408-5233996-2465960	1030604	B0DRVQVFJB	X0027JJHDB	Cubelelo Drift 3M v3 3x3 Magnetic Speedcube (Standard) | Latest Version with New & Improved Internal Structure for Smooth Turns & Stability | Cube Toy for 6-10 Years Old Boys Girls Adults	1	CCX2	SELLABLE	UNDELIVERABLE_REFUSED	LPNCCX2B1845571	
2026-06-02T13:12:16+00:00	404-8225917-2691520	1040300	B09HH8XQ14	X001G4QY25	Cubelelo Drift 4x4 (Black) Speedcube | Challenging Brain Teaser Puzzle Toy for Kids 7-14 Years Old Boys Girls & Adults All Ages | Fast Speed Cube for Intermediate and Advanced Cubers	1	BLR5	SELLABLE	NOT_AS_DESCRIBED	LPNBLR5P8395551	Cube has stickers on black background.. stickers quantity not nice
2026-06-02T12:31:50+00:00	171-0420280-6381163	1030500	B08H88N2N9	X0018CDFL3	Cubelelo Drift Warrior 3x3 Stickerless Cube | Beginner Speedcube for Kids Boys Girls Above 3 4 5 6 Years Old & Above | Magic Puzzle Toy | Durable & Smooth Cube with Anti-Pop Design 3 3	1	BOM4	SELLABLE	NEVER_ARRIVED	LPNBOM4N40968047	
2026-06-02T11:50:19+00:00	402-3719712-9903553	1460510	B0BZL11XWC	X001VW450P	Cubelelo Drift 4x4, 5x5 Premium Gift Box | 2-in-1 Puzzle Game Set | Challenge, Thrice The Fun | Ultimate Value Saver Combo | Brainstoming Toy for Children Kids & Adults	1	BLR5	SELLABLE	MISSED_ESTIMATED_DELIVERY	LPNBLR5P8526661	
2026-06-02T11:41:32+00:00	404-9046078-4897917	1030400	B07XPNC385	X0012WM1NR	Cubelelo Drift 3x3 Black Speedcube | Beginner Cube for Kids & Adults | Magic Speed Stress Buster Brainstorming Puzzle (Multicolor) | Anti-Pop Technology | Smooth Turning | Durable	1	DEL2	SELLABLE	DEFECTIVE	LPNDEL2R70160916	
2026-06-02T11:36:36+00:00	171-2627551-6131524	1040400	B0FL7TDJLF	X002DFU80F	Cubelelo Drift 4x4 Stickerless Cube Puzzle Toy | Combines Smoothness, Stability & Durability | 4x4x4 Speedcube for Beginners| Suitable for Kids Ages 6 to 14 Years Old, Boys, Girls & Adults	1	BLR5	SELLABLE	UNDELIVERABLE_REFUSED	LPNBLR5P7731707	
2026-06-02T11:14:50+00:00	406-0358662-9774720	1030300_EAN	B0FBMGT6V7	X002C88WLZ	Cubelelo Drift Explorer 3x3 Speed Cube | Best Starter Speedcube for Beginners | Perfect Brain Teaser for Kids Ages 4 to14 Years Old & Above Boys Girls Children | Smooth Turning Puzzle Toy for Adults	1	JPX1	SELLABLE	UNDELIVERABLE_UNKNOWN	LPNJPX1A1804910	
2026-06-02T11:14:09+00:00	404-7143478-0018766	1030700_EAN	B0BRXJ9Q4G	X001P8LWWT	Cubelelo Drift 3M Plus v2 3x3 (Magnetic) Cube | New Upgraded Version Based on MoYu RS3M v5 | Dual-Adjustment System | Premium Speedcube for Kids Boys Girls Ages 4+ Year Old & Adults	1	BLR5	DEFECTIVE	MISSING_PARTS	LPNBLR5P6036343	Accessory item missing
2026-06-02T11:04:57+00:00	404-2054618-5798741	1030300_EAN	B0FBMGT6V7	X002C88WLZ	Cubelelo Drift Explorer 3x3 Speed Cube | Best Starter Speedcube for Beginners | Perfect Brain Teaser for Kids Ages 4 to14 Years Old & Above Boys Girls Children | Smooth Turning Puzzle Toy for Adults	1	DEL2	SELLABLE	UNDELIVERABLE_UNKNOWN	LPNDEL2R69645037	
2026-06-02T10:54:53+00:00	408-8641076-1163538	1030300_EAN	B0FBMGT6V7	X002C88WLZ	Cubelelo Drift Explorer 3x3 Speed Cube | Best Starter Speedcube for Beginners | Perfect Brain Teaser for Kids Ages 4 to14 Years Old & Above Boys Girls Children | Smooth Turning Puzzle Toy for Adults	1	DEL2	SELLABLE	UNDELIVERABLE_REFUSED	LPNDEL2R70505714	
2026-06-02T10:46:07+00:00	402-5069775-0224357	1460577	B0D9NW55MK	X00232KSTT	Cubelelo Drift 2x2 with Cube Lubricant and Stand Combo | High-Performance Speed Cube | Smooth Turning & Durable | Ideal for All Ages	1	DEL2	SELLABLE	SWITCHEROO	LPNDEL2R69950496	
2026-06-02T09:34:42+00:00	171-7076125-7036366	1350100	B0BM63N44W	X001O3K2YJ	Cubelelo Drift 2x2x3 Cuboid Stickerless Puzzle | Unique Twist | Smooth Rotations for Stress Relief & Brain Teasers | Ideal Puzzle for Kids & Adults	1	DEL2	SELLABLE	UNDELIVERABLE_REFUSED	LPNDEL2R70258411	
2026-06-02T09:25:25+00:00	171-5965388-5610713	1030300_EAN	B0FBMGT6V7	X002C88WLZ	Cubelelo Drift Explorer 3x3 Speed Cube | Best Starter Speedcube for Beginners | Perfect Brain Teaser for Kids Ages 4 to14 Years Old & Above Boys Girls Children | Smooth Turning Puzzle Toy for Adults	1	BLR5	CARRIER_DAMAGED	UNDELIVERABLE_REFUSED	LPNBLR5P8651343	
2026-06-02T09:20:07+00:00	403-4058534-0730739	1030500	B08H88N2N9	X0018CDFL3	Cubelelo Drift Warrior 3x3 Stickerless Cube | Beginner Speedcube for Kids Boys Girls Above 3 4 5 6 Years Old & Above | Magic Puzzle Toy | Durable & Smooth Cube with Anti-Pop Design 3 3	1	DEL2	SELLABLE	DAMAGED_BY_FC	LPNDEL2R70523879	In a very bad condition
2026-06-02T08:51:31+00:00	405-0745715-5541912	1030604	B0DRVQVFJB	X0027JJHDB	Cubelelo Drift 3M v3 3x3 Magnetic Speedcube (Standard) | Latest Version with New & Improved Internal Structure for Smooth Turns & Stability | Cube Toy for 6-10 Years Old Boys Girls Adults	1	BLR5	SELLABLE	UNDELIVERABLE_REFUSED	LPNBLR5P2768882	
2026-06-02T08:45:23+00:00	405-3682342-6081956	1030300_EAN	B0FBMGT6V7	X002C88WLZ	Cubelelo Drift Explorer 3x3 Speed Cube | Best Starter Speedcube for Beginners | Perfect Brain Teaser for Kids Ages 4 to14 Years Old & Above Boys Girls Children | Smooth Turning Puzzle Toy for Adults	1	CCX1	SELLABLE	UNDELIVERABLE_UNKNOWN	LPNCCX1B5400947	
2026-06-02T08:41:23+00:00	407-8315013-5398737	1030651	B0DJQWJFSX	X0025EZ04D	Cubelelo Drift 3M Plus v2 3x3 (Magnetic) (New Upgraded Version) | Based on MoYu RS3M v5 | Dual-Adjustment System | Speedcube for Kids & Adults | Magic Speedy Stress Buster Brainstorming Puzzle	1	DEL2	SELLABLE	UNDELIVERABLE_REFUSED	LPNDEL2R70160786	
2026-06-02T08:39:17+00:00	171-4281721-0025154	1460521	B0CGNW2MFJ	X001VZFQYB	Cubelelo Drift Square-1 & Skewb Gift Box | Explore the new Dimension of Uniquely Shaped Puzzles | 2 in 1 Combo Pack of Dual Challenge Delight | Brainstoming Game Toy for Children Kids & Adults	1	BLR8	SELLABLE	SWITCHEROO	LPNBLR8Z4419859	Items send was not matching the description.
2026-06-02T08:37:32+00:00	407-9896679-6668316	1030604	B0DRVQVFJB	X0027JJHDB	Cubelelo Drift 3M v3 3x3 Magnetic Speedcube (Standard) | Latest Version with New & Improved Internal Structure for Smooth Turns & Stability | Cube Toy for 6-10 Years Old Boys Girls Adults	1	DEL2	SELLABLE	SWITCHEROO	LPNDEL2R69850248	I ordered rubik cube what is this i didn&#39;t ordered this item
2026-06-02T08:33:16+00:00	408-4684931-3578738	CLB0525	B0DQ8XH4J5	X00271Q95N	Cubelelo Drift 3M Plus v2 MagLev 3x3 Speedcube with Premium Pouch & Cube Lubricant Combo | Advanced MagLev Technology for Superior Stability | Ultra-Smooth Turns | Ideal for Speedcubers, Kids & Adults	1	AMD2	SELLABLE	UNDELIVERABLE_REFUSED	LPNAMD2M4010292	
2026-06-02T08:13:31+00:00	407-6207110-7383542	1030604	B0DRVQVFJB	X0027JJHDB	Cubelelo Drift 3M v3 3x3 Magnetic Speedcube (Standard) | Latest Version with New & Improved Internal Structure for Smooth Turns & Stability | Cube Toy for 6-10 Years Old Boys Girls Adults	1	PAX1	SELLABLE	UNDELIVERABLE_REFUSED	LPNPAX1A1545404	
2026-06-02T08:06:37+00:00	407-2898487-0069939	1030604	B0DRVQVFJB	X0027JJHDB	Cubelelo Drift 3M v3 3x3 Magnetic Speedcube (Standard) | Latest Version with New & Improved Internal Structure for Smooth Turns & Stability | Cube Toy for 6-10 Years Old Boys Girls Adults	1	DEL2	SELLABLE	UNDELIVERABLE_REFUSED	LPNDEL2R70000709	
2026-06-02T07:53:13+00:00	171-8712024-3029954	1030300_EAN	B0FBMGT6V7	X002C88WLZ	Cubelelo Drift Explorer 3x3 Speed Cube | Best Starter Speedcube for Beginners | Perfect Brain Teaser for Kids Ages 4 to14 Years Old & Above Boys Girls Children | Smooth Turning Puzzle Toy for Adults	1	CCX1	SELLABLE	UNDELIVERABLE_REFUSED	LPNCCX1B4909698	
2026-06-02T07:52:49+00:00	406-2053185-7986759	1120038a	B0FHW9DQ29	X002CWQDK3	Cubelelo Drift Mirror 3x3 (Tiled - Colored) Speed Cube | No Stickers, Premium Finish with Smooth Turning Speedcube for Kids and Adults	1	DEL2	SELLABLE	UNDELIVERABLE_UNKNOWN	LPNDEL2R70953239	
2026-06-02T07:41:27+00:00	405-2785277-1070759	1030604	B0DRVQVFJB	X0027JJHDB	Cubelelo Drift 3M v3 3x3 Magnetic Speedcube (Standard) | Latest Version with New & Improved Internal Structure for Smooth Turns & Stability | Cube Toy for 6-10 Years Old Boys Girls Adults	1	BLR5	SELLABLE	NEVER_ARRIVED	LPNBLR5P7192775	
2026-06-02T07:39:56+00:00	408-6036491-8739525	1030604	B0DRVQVFJB	X0027JJHDB	Cubelelo Drift 3M v3 3x3 Magnetic Speedcube (Standard) | Latest Version with New & Improved Internal Structure for Smooth Turns & Stability | Cube Toy for 6-10 Years Old Boys Girls Adults	1	CCX1	SELLABLE	UNDELIVERABLE_REFUSED	LPNCCX1B5271374	
2026-06-02T07:24:23+00:00	406-6874871-8565165	1030300_EAN	B0FBMGT6V7	X002C88WLZ	Cubelelo Drift Explorer 3x3 Speed Cube | Best Starter Speedcube for Beginners | Perfect Brain Teaser for Kids Ages 4 to14 Years Old & Above Boys Girls Children | Smooth Turning Puzzle Toy for Adults	1	DEL2	SELLABLE	UNDELIVERABLE_REFUSED	LPNDEL2R69955363	
2026-06-02T06:55:17+00:00	404-9715348-8538753	1630207	B0CNXPFMRV	X001WVG7RT	Cubelelo Drift Rainbow Ball Puzzle | Compact, Multicolor Sphere (Fidget Toy) | Portable Brain Teaser for Kids & Adults | Stress Relief & Fun On-The-Go Puzzle	1	DEL2	SELLABLE	UNDELIVERABLE_REFUSED	LPNDEL2R70505562	
2026-06-02T06:38:21+00:00	405-0039064-4705923	1630222	B0GH18NXXG	X002HPDYRF	Cubelelo Drift Magnetic Tangram Puzzle | with Strong Magnets, Wooden Pieces & Bold Colors | Toys for 5-10 Years Old Boys Girls & Adults | Travel Friendly, Educational Toy for Return & Birthday Gifts	1	BOM4	SELLABLE	UNDELIVERABLE_REFUSED	LPNBOM4N40638076	
2026-06-02T05:37:27+00:00	402-4430737-9837911	1030604	B0DRVQVFJB	X0027JJHDB	Cubelelo Drift 3M v3 3x3 Magnetic Speedcube (Standard) | Latest Version with New & Improved Internal Structure for Smooth Turns & Stability | Cube Toy for 6-10 Years Old Boys Girls Adults	1	DEL4	SELLABLE	UNDELIVERABLE_REFUSED	LPNDEL2R82818030	
2026-06-02T05:27:43+00:00	406-3223287-4953131	1030300_EAN	B0FBMGT6V7	X002C88WLZ	Cubelelo Drift Explorer 3x3 Speed Cube | Best Starter Speedcube for Beginners | Perfect Brain Teaser for Kids Ages 4 to14 Years Old & Above Boys Girls Children | Smooth Turning Puzzle Toy for Adults	1	BLR5	SELLABLE	UNDELIVERABLE_REFUSED	LPNBLR5P8413681	
2026-06-02T04:05:18+00:00	402-6020222-9669128	1030300_EAN	B0FBMGT6V7	X002C88WLZ	Cubelelo Drift Explorer 3x3 Speed Cube | Best Starter Speedcube for Beginners | Perfect Brain Teaser for Kids Ages 4 to14 Years Old & Above Boys Girls Children | Smooth Turning Puzzle Toy for Adults	1	CCX1	SELLABLE	UNDELIVERABLE_REFUSED	LPNCCX1B5215857	
2026-06-02T03:47:38+00:00	404-5968410-8178737	1030500	B08H88N2N9	X0018CDFL3	Cubelelo Drift Warrior 3x3 Stickerless Cube | Beginner Speedcube for Kids Boys Girls Above 3 4 5 6 Years Old & Above | Magic Puzzle Toy | Durable & Smooth Cube with Anti-Pop Design 3 3	1	DEL2	SELLABLE	DEFECTIVE	LPNDEL2R70160533	
2026-06-02T03:26:47+00:00	407-7236324-2161164	1460553	B0BYVHGR5H	X001WPZI9N	Cubelelo Drift 2x2, 3x3 & Pyraminx Cube Combo (Stickerless) | Ideal for Kids Above 3 4 5 6 Years Old Boys Girls | 3 in 1 Speedcube Gift Set | High Speed Puzzle 3x3x3 2x2x2 Pyramid Triangle	1	BLR5	DEFECTIVE	DAMAGED_BY_CARRIER	LPNBLR5P7980465	Damaged, broken peices
2026-06-02T03:23:34+00:00	402-5539638-1181132	1460553	B0BYVHGR5H	X001WPZI9N	Cubelelo Drift 2x2, 3x3 & Pyraminx Cube Combo (Stickerless) | Ideal for Kids Above 3 4 5 6 Years Old Boys Girls | 3 in 1 Speedcube Gift Set | High Speed Puzzle 3x3x3 2x2x2 Pyramid Triangle	1	HYD8	SELLABLE	UNDELIVERABLE_REFUSED	LPNHYD8EM95759	
2026-06-02T03:10:34+00:00	402-1148487-8480353	1030300_EAN	B0FBMGT6V7	X002C88WLZ	Cubelelo Drift Explorer 3x3 Speed Cube | Best Starter Speedcube for Beginners | Perfect Brain Teaser for Kids Ages 4 to14 Years Old & Above Boys Girls Children | Smooth Turning Puzzle Toy for Adults	1	BLR5	SELLABLE	UNDELIVERABLE_REFUSED	LPNBLR5P6693628	
2026-06-02T03:10:34+00:00	402-1421997-8981902	1030300_EAN	B0FBMGT6V7	X002C88WLZ	Cubelelo Drift Explorer 3x3 Speed Cube | Best Starter Speedcube for Beginners | Perfect Brain Teaser for Kids Ages 4 to14 Years Old & Above Boys Girls Children | Smooth Turning Puzzle Toy for Adults	1	BLR5	SELLABLE	UNDELIVERABLE_REFUSED	LPNBLR5P6693629	
2026-06-01T22:51:34+00:00	407-6925009-0329909	1290300	B0DB6311DK	X00239RFKR	Cubelelo Drift Megaminx v2 Cube (New Improved Version) | 12-Sided Fun and Challenging Puzzle with Ridge Design | Smooth Turning Dodecahedron | Perfect for Speed-Cubing | Ideal for Kids & Adults	1	BLR5	SELLABLE	UNDELIVERABLE_UNKNOWN	LPNBLR5P7622005	
2026-06-01T22:35:43+00:00	405-7972813-2985903	1630222	B0GH18NXXG	X002HPDYRF	Cubelelo Drift Magnetic Tangram Puzzle | with Strong Magnets, Wooden Pieces & Bold Colors | Toys for 5-10 Years Old Boys Girls & Adults | Travel Friendly, Educational Toy for Return & Birthday Gifts	1	BLR5	SELLABLE	UNDELIVERABLE_REFUSED	LPNBLR5P7364656	
2026-06-01T21:59:24+00:00	408-4019127-1073905	1030400	B07XPNC385	X0012WM1NR	Cubelelo Drift 3x3 Black Speedcube | Beginner Cube for Kids & Adults | Magic Speed Stress Buster Brainstorming Puzzle (Multicolor) | Anti-Pop Technology | Smooth Turning | Durable	1	BLR5	SELLABLE	UNDELIVERABLE_REFUSED	LPNBLR5P8260412	
2026-06-01T20:41:07+00:00	171-9256530-2305953	1460557	B0CNKF1WY3	X001WPZKQ9	Cubelelo All Ages Drift 3X3, 4X4 & Pyraminx Gift Box	1	CCX2	SELLABLE	UNDELIVERABLE_REFUSED	LPNCCX2B0745448	
2026-06-01T20:07:28+00:00	408-5198471-9753967	1630210	B09HH8CC7Y	X00262W227	Cubelelo Drift Number Sliding Magnetic Puzzle 4x4 | Toys For 6-10 Years Old Boys & Girls | 15-Blocks Brain Teaser Puzzle Game for Kids | Educational, Learning, Activity Toy for Return & Birthday Gifts	1	CCX1	SELLABLE	UNDELIVERABLE_REFUSED	LPNCCX1B2933434	
2026-06-01T19:16:06+00:00	408-0667851-1489958	1030400	B07XPNC385	X0012WM1NR	Cubelelo Drift 3x3 Black Speedcube | Beginner Cube for Kids & Adults | Magic Speed Stress Buster Brainstorming Puzzle (Multicolor) | Anti-Pop Technology | Smooth Turning | Durable	1	BLR5	SELLABLE	UNDELIVERABLE_UNKNOWN	LPNBLR5P8260290	
2026-06-01T16:57:02+00:00	402-0589994-6854725	1460501	B08XK25RRF	X001VLOAKL	Cubelelo Drift 2x2 & 3x3 Cube Gift Box Combo | 2-in-1 Puzzle Toy Game Set for Children Kids & Adults Ages 4 5 6 & Above | Double the Challenge, Twice the Fun | Ultimate Value Saver Combo	1	BLR5	SELLABLE	DEFECTIVE	LPNBLR5P7556469	
2026-06-01T14:58:24+00:00	406-0721602-7041112	1460553	B0BYVHGR5H	X001WPZI9N	Cubelelo Drift 2x2, 3x3 & Pyraminx Cube Combo (Stickerless) | Ideal for Kids Above 3 4 5 6 Years Old Boys Girls | 3 in 1 Speedcube Gift Set | High Speed Puzzle 3x3x3 2x2x2 Pyramid Triangle	1	BLR5	SELLABLE	MISSING_PARTS	LPNBLR5P7966419	
2026-06-01T13:54:31+00:00	404-9759590-5233116	1040300	B09HH8XQ14	X001G4QY25	Cubelelo Drift 4x4 (Black) Speedcube | Challenging Brain Teaser Puzzle Toy for Kids 7-14 Years Old Boys Girls & Adults All Ages | Fast Speed Cube for Intermediate and Advanced Cubers	1	BLR5	SELLABLE	UNDELIVERABLE_REFUSED	LPNBLR5P8508816	
2026-06-01T13:42:15+00:00	407-3700846-8709920	1030604	B0DRVQVFJB	X0027JJHDB	Cubelelo Drift 3M v3 3x3 Magnetic Speedcube (Standard) | Latest Version with New & Improved Internal Structure for Smooth Turns & Stability | Cube Toy for 6-10 Years Old Boys Girls Adults	1	BLR5	DAMAGED	UNDELIVERABLE_REFUSED	LPNBLR5P7966313	
2026-06-01T12:39:45+00:00	404-2884073-7981156	1030604	B0DRVQVFJB	X0027JJHDB	Cubelelo Drift 3M v3 3x3 Magnetic Speedcube (Standard) | Latest Version with New & Improved Internal Structure for Smooth Turns & Stability | Cube Toy for 6-10 Years Old Boys Girls Adults	1	BOM4	SELLABLE	UNDELIVERABLE_REFUSED	LPNBOM4N41009306	
2026-06-01T12:39:45+00:00	404-2884073-7981156	1460503	B08XK4V59M	X001VFXJDV	Cubelelo Drift 2x2, 3x3 & 4x4 Premium Gift Box | 3-in-1 Puzzle Game Set | Triple the Challenge, Thrice the Fun | Ultimate Value Saver Combo | Brainstoming Toy for Children Kids & Adults	1	BOM4	SELLABLE	UNDELIVERABLE_REFUSED	LPNBOM4N41009307	
2026-06-01T12:14:27+00:00	407-7290231-5070732	1030300_EAN	B0FBMGT6V7	X002C88WLZ	Cubelelo Drift Explorer 3x3 Speed Cube | Best Starter Speedcube for Beginners | Perfect Brain Teaser for Kids Ages 4 to14 Years Old & Above Boys Girls Children | Smooth Turning Puzzle Toy for Adults	1	DEL2	SELLABLE	DEFECTIVE	LPNDEL2R68637882	
2026-06-01T12:10:45+00:00	405-2653743-9970745	1120100	B08LBGYZ51	X0019BU32H	Cubelelo Drift 3x3 Mirror (Silver) Magic Speed Cube | Shape Shifter Speedcube with Durable Stickers | Advanced 3x3x3 Puzzle Toy for Kids Ages 7-14 Boys Girls & Adults | Collector's Item	1	BLR5	SELLABLE	UNDELIVERABLE_UNKNOWN	LPNBLR5P8526318	
2026-06-01T11:32:37+00:00	406-0691904-0110701	1630210	B09HH8CC7Y	X00262W227	Cubelelo Drift Number Sliding Magnetic Puzzle 4x4 | Toys For 6-10 Years Old Boys & Girls | 15-Blocks Brain Teaser Puzzle Game for Kids | Educational, Learning, Activity Toy for Return & Birthday Gifts	1	BOM5	SELLABLE	UNDELIVERABLE_REFUSED	LPNBOM5F5591500	
2026-06-01T09:35:35+00:00	405-2095290-5397115	1030400	B07XPNC385	X0012WM1NR	Cubelelo Drift 3x3 Black Speedcube | Beginner Cube for Kids & Adults | Magic Speed Stress Buster Brainstorming Puzzle (Multicolor) | Anti-Pop Technology | Smooth Turning | Durable	1	DEL2	SELLABLE	UNDELIVERABLE_UNKNOWN	LPNDEL2R69954838	
2026-06-01T09:27:01+00:00	171-4422077-3937951	1030300_EAN	B0FBMGT6V7	X002C88WLZ	Cubelelo Drift Explorer 3x3 Speed Cube | Best Starter Speedcube for Beginners | Perfect Brain Teaser for Kids Ages 4 to14 Years Old & Above Boys Girls Children | Smooth Turning Puzzle Toy for Adults	1	BLR5	CUSTOMER_DAMAGED	DEFECTIVE	LPNBLR5P6693468	
2026-06-01T09:25:59+00:00	404-9026688-1241944	1040300	B09HH8XQ14	X001G4QY25	Cubelelo Drift 4x4 (Black) Speedcube | Challenging Brain Teaser Puzzle Toy for Kids 7-14 Years Old Boys Girls & Adults All Ages | Fast Speed Cube for Intermediate and Advanced Cubers	1	BLR5	CUSTOMER_DAMAGED	DEFECTIVE	LPNBLR5P8738487	
2026-06-01T09:15:15+00:00	404-9731622-2581951	1310035_EAN	B0BV247KZ6	X001PWV6K3	Cubelelo Magic Snake Rainbow Puzzle Cube (24 Wedges) | Twist and Turn Shape Creation Fun Game for Kids Boys Girls and Adults | Multicolor Brain Teaser Stress Buster Toy | for Ages 3 Years and Above	1	BLR5	SELLABLE	DEFECTIVE	LPNBLR5P8203001	
2026-06-01T08:47:26+00:00	407-1555118-9629969	1460501	B08XK25RRF	X001VLOAKL	Cubelelo Drift 2x2 & 3x3 Cube Gift Box Combo | 2-in-1 Puzzle Toy Game Set for Children Kids & Adults Ages 4 5 6 & Above | Double the Challenge, Twice the Fun | Ultimate Value Saver Combo	1	DEL2	SELLABLE	UNDELIVERABLE_REFUSED	LPNDEL2R69927625	
2026-06-01T08:14:23+00:00	407-0032416-0672312	1030300_EAN	B0FBMGT6V7	X002C88WLZ	Cubelelo Drift Explorer 3x3 Speed Cube | Best Starter Speedcube for Beginners | Perfect Brain Teaser for Kids Ages 4 to14 Years Old & Above Boys Girls Children | Smooth Turning Puzzle Toy for Adults	1	BOM5	SELLABLE	UNDELIVERABLE_UNKNOWN	LPNBOM5F5563744	
2026-06-01T08:13:52+00:00	171-7266102-7191519	1040300	B09HH8XQ14	X001G4QY25	Cubelelo Drift 4x4 (Black) Speedcube | Challenging Brain Teaser Puzzle Toy for Kids 7-14 Years Old Boys Girls & Adults All Ages | Fast Speed Cube for Intermediate and Advanced Cubers	1	DEL2	SELLABLE	NEVER_ARRIVED	LPNDEL2R70583052	
2026-06-01T07:52:47+00:00	403-7042306-9162703	1030478	B09PYRTM4X	X001HYK0PL	Cubelelo Drift 3x3 Jelly Edition Speedcube Magic Cube Puzzle	1	BOM4	SELLABLE	UNDELIVERABLE_REFUSED	LPNBOM4N40798771	
2026-06-01T07:36:11+00:00	406-2078210-1667560	CLB0502	B0CL3HR7YS	X001VZMI15	Cubelelo Drift Warrior 3x3 & Premium Cube Lubricant Combo | Speed Cube Set for Fast, Smooth, Professional Solving | Ultimate Kit for All Your Speedcubing Needs Multicolor for Kids, Adults All Ages	1	BOM4	SELLABLE	UNDELIVERABLE_REFUSED	LPNBOM4N40826505	
2026-06-01T07:05:12+00:00	407-4394807-5745959	1460553	B0BYVHGR5H	X001WPZI9N	Cubelelo Drift 2x2, 3x3 & Pyraminx Cube Combo (Stickerless) | Ideal for Kids Above 3 4 5 6 Years Old Boys Girls | 3 in 1 Speedcube Gift Set | High Speed Puzzle 3x3x3 2x2x2 Pyramid Triangle	1	DEL2	SELLABLE	UNDELIVERABLE_REFUSED	LPNDEL2R69644376	
2026-06-01T06:57:38+00:00	403-7700980-7933952	1630202	B09B7PNSTV	X001ETHG47	Cubelelo Drift Infinity Cube (Blue) | Magic Puzzle Cool Mini Gadget for Stress and Anxiety Relief for Kids and Adults | Desk Finger Flip Toy for Fun and Game | for Ages 3 Years and Above	1	CCX2	SELLABLE	DEFECTIVE	LPNCCX2B1825797	Not that good, Very loose, want to return,
2026-06-01T06:18:09+00:00	405-3427309-1041117	1460580	B079WVQD89	X002345VBR	Cubelelo Drift 4x4 with Cube Lubricant and Stand Combo | High-Performance Speed Cube | Adjustable Tension & Smooth Turning | Durable & Reliable | Ideal for All Ages	1	BLR5	SELLABLE	UNDELIVERABLE_REFUSED	LPNBLR5P7057058	
2026-06-01T05:48:47+00:00	407-8710000-4447514	1120100	B08LBGYZ51	X0019BU32H	Cubelelo Drift 3x3 Mirror (Silver) Magic Speed Cube | Shape Shifter Speedcube with Durable Stickers | Advanced 3x3x3 Puzzle Toy for Kids Ages 7-14 Boys Girls & Adults | Collector's Item	1	BLR5	CUSTOMER_DAMAGED	SWITCHEROO	LPNBLR5P7965926	
2026-06-01T04:25:43+00:00	407-6171808-9617152	1030604	B0DRVQVFJB	X0027JJHDB	Cubelelo Drift 3M v3 3x3 Magnetic Speedcube (Standard) | Latest Version with New & Improved Internal Structure for Smooth Turns & Stability | Cube Toy for 6-10 Years Old Boys Girls Adults	1	DEL2	SELLABLE	UNDELIVERABLE_REFUSED	LPNDEL2R70240704	
2026-06-01T03:59:10+00:00	407-7885207-4782765	1630222	B0GH18NXXG	X002HPDYRF	Cubelelo Drift Magnetic Tangram Puzzle | with Strong Magnets, Wooden Pieces & Bold Colors | Toys for 5-10 Years Old Boys Girls & Adults | Travel Friendly, Educational Toy for Return & Birthday Gifts	1	BLR5	SELLABLE	UNDELIVERABLE_REFUSED	LPNBLR5P8749680	
2026-06-01T03:48:40+00:00	407-2875146-8621168	1280100a	B09QYW9DYC	X001LHLHUV	Cubelelo Drift Pyraminx Puzzle Speedcube | Beginner Starter Cube for Kids 3+ Year Old & Above | Triangle Pyramid Shape Stickerless 3x3 Cubes Toy | Ideal for Boys Girls Children 4 5 6+ Years & Adults	1	DEL2	CUSTOMER_DAMAGED	MISSING_PARTS	LPNDEL2R70397801	
2026-06-01T03:29:39+00:00	402-6629741-1125166	1290300	B0DB6311DK	X00239RFKR	Cubelelo Drift Megaminx v2 Cube (New Improved Version) | 12-Sided Fun and Challenging Puzzle with Ridge Design | Smooth Turning Dodecahedron | Perfect for Speed-Cubing | Ideal for Kids & Adults	1	BOM4	CARRIER_DAMAGED	DEFECTIVE	LPNBOM4N40815984	
2026-06-01T03:21:57+00:00	404-1380255-5421921	TB00001	B0FF2FSJ7P	X002C7B5I3	TinkerBox Wooden My First Tool Kit with Storage Box | Toys for Kids 6-10 Year Old Boys and Girls | Premium 34-Piece Pretend Play Set | Realistic Tools for Learning, Education & Skill Develpoment	1	BLR5	CARRIER_DAMAGED	DAMAGED_BY_FC	LPNBLR5P7777668	
2026-06-01T03:16:18+00:00	406-7710634-9160326	1270100	B09BZPFCZ8	X001F0AT1H	Cubelelo Drift Mastermorphix Stickerless Cube Puzzle for Kids & Adults Speedy Stress Buster Brainstorming Cube	1	DEL2	SELLABLE	DEFECTIVE	LPNDEL2R70495172	
2026-05-31T22:36:35+00:00	407-1463326-6180339	1030300_EAN	B0FBMGT6V7	X002C88WLZ	Cubelelo Drift Explorer 3x3 Speed Cube | Best Starter Speedcube for Beginners | Perfect Brain Teaser for Kids Ages 4 to14 Years Old & Above Boys Girls Children | Smooth Turning Puzzle Toy for Adults	1	BLR5	DAMAGED	UNDELIVERABLE_REFUSED	LPNBLR5P7190086	
2026-05-31T21:24:40+00:00	405-1474814-4875509	1040300	B09HH8XQ14	X001G4QY25	Cubelelo Drift 4x4 (Black) Speedcube | Challenging Brain Teaser Puzzle Toy for Kids 7-14 Years Old Boys Girls & Adults All Ages | Fast Speed Cube for Intermediate and Advanced Cubers	1	BLR5	CUSTOMER_DAMAGED	DEFECTIVE	LPNBLR5P8400591	
2026-05-31T20:32:18+00:00	405-8193310-8760347	1030700_EAN	B0BRXJ9Q4G	X001P8LWWT	Cubelelo Drift 3M Plus v2 3x3 (Magnetic) Cube | New Upgraded Version Based on MoYu RS3M v5 | Dual-Adjustment System | Premium Speedcube for Kids Boys Girls Ages 4+ Year Old & Adults	1	BLR5	CUSTOMER_DAMAGED	SWITCHEROO	LPNBLR5P7592572	
2026-05-31T20:29:29+00:00	407-4759916-8815530	1020200	B08LBJ3P8L	X0019BU39P	Cubelelo Drift 2x2 Stickerless Cube | Beginner Speedcube for Kids Boys Girls Above 3 4 5 6 Years Old & Above | Magic Puzzle Toy | Durable & Smooth Cube with Anti-Pop Design 2x2x2	1	BLR5	DEFECTIVE	DAMAGED_BY_CARRIER	LPNBLR5P8329688	It is damaged. Pieces are broken and even outer packaging is totally torn, indicating that it has been already tried to be sold and returned multiple times.
2026-05-31T19:21:21+00:00	404-1157962-5156308	1630210	B09HH8CC7Y	X00262W227	Cubelelo Drift Number Sliding Magnetic Puzzle 4x4 | Toys For 6-10 Years Old Boys & Girls | 15-Blocks Brain Teaser Puzzle Game for Kids | Educational, Learning, Activity Toy for Return & Birthday Gifts	1	BLR5	SELLABLE	UNDELIVERABLE_REFUSED	LPNBLR5P7126726	
2026-05-31T18:56:56+00:00	405-1830170-6540315	1040400	B0FL7TDJLF	X002DFU80F	Cubelelo Drift 4x4 Stickerless Cube Puzzle Toy | Combines Smoothness, Stability & Durability | 4x4x4 Speedcube for Beginners| Suitable for Kids Ages 6 to 14 Years Old, Boys, Girls & Adults	1	BLR5	SELLABLE	NEVER_ARRIVED	LPNBLR5P7956601	
2026-05-31T18:44:43+00:00	404-5122049-3045162	1030604	B0DRVQVFJB	X0027JJHDB	Cubelelo Drift 3M v3 3x3 Magnetic Speedcube (Standard) | Latest Version with New & Improved Internal Structure for Smooth Turns & Stability | Cube Toy for 6-10 Years Old Boys Girls Adults	1	BLR5	SELLABLE	UNDELIVERABLE_UNKNOWN	LPNBLR5P7697219	
2026-05-31T17:51:52+00:00	406-4463694-9286754	1460511	B08JTJSCBP	X001VZFQL9	Cubelelo Drift 3x3 Black & 3x3 Stickerless Gift Box	1	BLR5	SELLABLE	UNDELIVERABLE_REFUSED	LPNBLR5P8329504	
2026-05-31T17:06:25+00:00	406-5615454-5972366	CLB0502	B0CL3HR7YS	X001VZMI15	Cubelelo Drift Warrior 3x3 & Premium Cube Lubricant Combo | Speed Cube Set for Fast, Smooth, Professional Solving | Ultimate Kit for All Your Speedcubing Needs Multicolor for Kids, Adults All Ages	1	CCX1	CUSTOMER_DAMAGED	DAMAGED_BY_FC	LPNCCX1B5281193	
2026-05-31T15:32:55+00:00	403-3071484-9397906	1460521	B0CGNW2MFJ	X001VZFQYB	Cubelelo Drift Square-1 & Skewb Gift Box | Explore the new Dimension of Uniquely Shaped Puzzles | 2 in 1 Combo Pack of Dual Challenge Delight | Brainstoming Game Toy for Children Kids & Adults	1	CCX1	CUSTOMER_DAMAGED	SWITCHEROO	LPNCCX1B2883283	
2026-05-31T15:25:49+00:00	402-5401736-3055536	1120100	B08LBGYZ51	X0019BU32H	Cubelelo Drift 3x3 Mirror (Silver) Magic Speed Cube | Shape Shifter Speedcube with Durable Stickers | Advanced 3x3x3 Puzzle Toy for Kids Ages 7-14 Boys Girls & Adults | Collector's Item	1	BLR5	SELLABLE	UNDELIVERABLE_REFUSED	LPNBLR5P7972557	
2026-05-31T14:09:07+00:00	407-2950932-3441941	1630223	B0GN1TJ7F4	X002IIXAZ7	Cubelelo Drift Clang! | 2-4 Players Classic Magnetic Attraction Strategy Game | Features 24 Magnets & Adjustable Rope | Fun Gifting Toy for Family, Teens & Adults | Compact and Travel Friendly	1	BLR5	SELLABLE	UNDELIVERABLE_UNKNOWN	LPNBLR5P7252405	
2026-05-31T13:43:15+00:00	404-8122813-4565145	1630202	B09B7PNSTV	X001ETHG47	Cubelelo Drift Infinity Cube (Blue) | Magic Puzzle Cool Mini Gadget for Stress and Anxiety Relief for Kids and Adults | Desk Finger Flip Toy for Fun and Game | for Ages 3 Years and Above	1	BLR5	SELLABLE	DEFECTIVE	LPNBLR5P7956250	
2026-05-31T13:43:15+00:00	404-8156216-8649942	1460553	B0BYVHGR5H	X001WPZI9N	Cubelelo Drift 2x2, 3x3 & Pyraminx Cube Combo (Stickerless) | Ideal for Kids Above 3 4 5 6 Years Old Boys Girls | 3 in 1 Speedcube Gift Set | High Speed Puzzle 3x3x3 2x2x2 Pyramid Triangle	1	BLR5	SELLABLE	DEFECTIVE	LPNBLR5P7956248	
2026-05-31T13:33:22+00:00	404-5473102-9188356	1030400	B07XPNC385	X0012WM1NR	Cubelelo Drift 3x3 Black Speedcube | Beginner Cube for Kids & Adults | Magic Speed Stress Buster Brainstorming Puzzle (Multicolor) | Anti-Pop Technology | Smooth Turning | Durable	1	BLR5	SELLABLE	MISSING_PARTS	LPNBLR5P7259346	Quality is not as expected
2026-05-31T12:51:03+00:00	406-9190449-2797137	1120039	B0DRVW5BNS	X0027ISPWL	Cubelelo Drift 3x3 Mirror Blue (Tiled) Speed Cube | New Blue Version Looks Stunning with Buttery Smooth Turns | Ideal for Kids Above 5 6 Years Old Boys Girls | 3x3x3 Shape-Shifting Design Puzzle Toy	1	BOM4	SELLABLE	UNDELIVERABLE_REFUSED	LPNBOM4N40778417	
2026-05-31T12:41:17+00:00	407-0812323-1657947	1030300_EAN	B0FBMGT6V7	X002C88WLZ	Cubelelo Drift Explorer 3x3 Speed Cube | Best Starter Speedcube for Beginners | Perfect Brain Teaser for Kids Ages 4 to14 Years Old & Above Boys Girls Children | Smooth Turning Puzzle Toy for Adults	1	CCX2	SELLABLE	UNDELIVERABLE_REFUSED	LPNCCX2B1810212	
2026-05-31T12:29:06+00:00	406-0428616-5865136	1030604	B0DRVQVFJB	X0027JJHDB	Cubelelo Drift 3M v3 3x3 Magnetic Speedcube (Standard) | Latest Version with New & Improved Internal Structure for Smooth Turns & Stability | Cube Toy for 6-10 Years Old Boys Girls Adults	1	DEL2	SELLABLE	UNDELIVERABLE_REFUSED	LPNDEL2R70240588	
2026-05-31T12:23:45+00:00	404-3490517-6133939	1670100_EAN	B0C55MBRHV	X001S3J90D	Cubelelo Drift Megaminx 2x2 Stickerless Speedcube Puzzle for Kids & Adults | 12 Sided Unique Challenging Puzzle with Adjustable Tension & Anti-pop Design	1	DEL2	SELLABLE	UNDELIVERABLE_REFUSED	LPNDEL2R70627960	
2026-05-31T12:15:26+00:00	407-5667534-3661164	1030700_EAN	B0BRXJ9Q4G	X001P8LWWT	Cubelelo Drift 3M Plus v2 3x3 (Magnetic) Cube | New Upgraded Version Based on MoYu RS3M v5 | Dual-Adjustment System | Premium Speedcube for Kids Boys Girls Ages 4+ Year Old & Adults	1	CCX2	SELLABLE	UNDELIVERABLE_UNKNOWN	LPNCCX2B1740006	
2026-05-31T12:11:39+00:00	408-4776611-7563564	1030604	B0DRVQVFJB	X0027JJHDB	Cubelelo Drift 3M v3 3x3 Magnetic Speedcube (Standard) | Latest Version with New & Improved Internal Structure for Smooth Turns & Stability | Cube Toy for 6-10 Years Old Boys Girls Adults	1	DEL2	SELLABLE	UNDELIVERABLE_REFUSED	LPNDEL2R70585877	
2026-05-31T11:55:43+00:00	408-4285259-0025935	1030700_EAN	B0BRXJ9Q4G	X001P8LWWT	Cubelelo Drift 3M Plus v2 3x3 (Magnetic) Cube | New Upgraded Version Based on MoYu RS3M v5 | Dual-Adjustment System | Premium Speedcube for Kids Boys Girls Ages 4+ Year Old & Adults	1	AMD2	SELLABLE	UNDELIVERABLE_REFUSED	LPNAMD2M4196314	
2026-05-31T11:48:15+00:00	403-6900002-1070740	1630207	B0CNXPFMRV	X001WVG7RT	Cubelelo Drift Rainbow Ball Puzzle | Compact, Multicolor Sphere (Fidget Toy) | Portable Brain Teaser for Kids & Adults | Stress Relief & Fun On-The-Go Puzzle	1	DEL2	SELLABLE	UNDELIVERABLE_REFUSED	LPNDEL2R70595331	
2026-05-31T11:35:41+00:00	406-4892238-5564308	1030300_EAN	B0FBMGT6V7	X002C88WLZ	Cubelelo Drift Explorer 3x3 Speed Cube | Best Starter Speedcube for Beginners | Perfect Brain Teaser for Kids Ages 4 to14 Years Old & Above Boys Girls Children | Smooth Turning Puzzle Toy for Adults	1	DEL2	SELLABLE	DEFECTIVE	LPNDEL2R70793241	
2026-05-31T11:28:48+00:00	402-7840250-3936326	1030604	B0DRVQVFJB	X0027JJHDB	Cubelelo Drift 3M v3 3x3 Magnetic Speedcube (Standard) | Latest Version with New & Improved Internal Structure for Smooth Turns & Stability | Cube Toy for 6-10 Years Old Boys Girls Adults	1	CCX1	SELLABLE	DEFECTIVE	LPNCCX1B4609032	It is a used product.
2026-05-31T11:03:52+00:00	171-8828407-0897964	1030300_EAN	B0FBMGT6V7	X002C88WLZ	Cubelelo Drift Explorer 3x3 Speed Cube | Best Starter Speedcube for Beginners | Perfect Brain Teaser for Kids Ages 4 to14 Years Old & Above Boys Girls Children | Smooth Turning Puzzle Toy for Adults	1	DEL2	SELLABLE	UNDELIVERABLE_REFUSED	LPNDEL2R70793210	
2026-05-31T10:22:47+00:00	406-7532786-1496345	1030300_EAN	B0FBMGT6V7	X002C88WLZ	Cubelelo Drift Explorer 3x3 Speed Cube | Best Starter Speedcube for Beginners | Perfect Brain Teaser for Kids Ages 4 to14 Years Old & Above Boys Girls Children | Smooth Turning Puzzle Toy for Adults	1	DEL2	SELLABLE	UNDELIVERABLE_REFUSED	LPNDEL2R70595230	
2026-05-31T10:18:14+00:00	406-5679083-9217146	1030300_EAN	B0FBMGT6V7	X002C88WLZ	Cubelelo Drift Explorer 3x3 Speed Cube | Best Starter Speedcube for Beginners | Perfect Brain Teaser for Kids Ages 4 to14 Years Old & Above Boys Girls Children | Smooth Turning Puzzle Toy for Adults	1	DEL2	SELLABLE	UNDELIVERABLE_REFUSED	LPNDEL2R70340600	
2026-05-31T10:17:51+00:00	405-2485746-0089153	1030604	B0DRVQVFJB	X0027JJHDB	Cubelelo Drift 3M v3 3x3 Magnetic Speedcube (Standard) | Latest Version with New & Improved Internal Structure for Smooth Turns & Stability | Cube Toy for 6-10 Years Old Boys Girls Adults	1	DEL2	SELLABLE	UNDELIVERABLE_REFUSED	LPNDEL2R83987141	
2026-05-31T10:10:04+00:00	404-3752591-4287560	1280100a	B09QYW9DYC	X001LHLHUV	Cubelelo Drift Pyraminx Puzzle Speedcube | Beginner Starter Cube for Kids 3+ Year Old & Above | Triangle Pyramid Shape Stickerless 3x3 Cubes Toy | Ideal for Boys Girls Children 4 5 6+ Years & Adults	1	DEL2	SELLABLE	UNDELIVERABLE_REFUSED	LPNDEL2R69854184	
2026-05-31T10:02:01+00:00	406-9591497-0641139	1030604	B0DRVQVFJB	X0027JJHDB	Cubelelo Drift 3M v3 3x3 Magnetic Speedcube (Standard) | Latest Version with New & Improved Internal Structure for Smooth Turns & Stability | Cube Toy for 6-10 Years Old Boys Girls Adults	1	CCX2	SELLABLE	SWITCHEROO	LPNCCX2B1796457	
2026-05-31T09:58:42+00:00	171-2624853-1764302	1030500	B08H88N2N9	X0018CDFL3	Cubelelo Drift Warrior 3x3 Stickerless Cube | Beginner Speedcube for Kids Boys Girls Above 3 4 5 6 Years Old & Above | Magic Puzzle Toy | Durable & Smooth Cube with Anti-Pop Design 3 3	1	BLR5	SELLABLE	UNDELIVERABLE_UNKNOWN	LPNBLR5P7259181	
2026-05-31T09:27:41+00:00	404-6813593-1094731	1630223	B0GN1TJ7F4	X002IIXAZ7	Cubelelo Drift Clang! | 2-4 Players Classic Magnetic Attraction Strategy Game | Features 24 Magnets & Adjustable Rope | Fun Gifting Toy for Family, Teens & Adults | Compact and Travel Friendly	1	DEL2	SELLABLE	DEFECTIVE	LPNDEL2R70429101	
2026-05-31T09:20:28+00:00	404-0679149-2699507	1030604	B0DRVQVFJB	X0027JJHDB	Cubelelo Drift 3M v3 3x3 Magnetic Speedcube (Standard) | Latest Version with New & Improved Internal Structure for Smooth Turns & Stability | Cube Toy for 6-10 Years Old Boys Girls Adults	1	BLR5	SELLABLE	MISSING_PARTS	LPNBLR5P7972165	Stand
2026-05-31T08:58:03+00:00	171-9837529-2278769	1630210	B09HH8CC7Y	X00262W227	Cubelelo Drift Number Sliding Magnetic Puzzle 4x4 | Toys For 6-10 Years Old Boys & Girls | 15-Blocks Brain Teaser Puzzle Game for Kids | Educational, Learning, Activity Toy for Return & Birthday Gifts	1	CCX1	SELLABLE	UNDELIVERABLE_REFUSED	LPNCCX1B4610751	
2026-05-31T08:54:26+00:00	406-5909018-1927508	1060100	B09HH5R69B	X001G4MZFF	Cubelelo Drift 6x6 Stickerless Speed Cube Magic Puzzle for Kids & Adults | Advanced Level Speedcube | Speedy Stress Buster Brainstorming Cube	1	BLR5	DEFECTIVE	DAMAGED_BY_FC	LPNBLR5P7348437	The cube had collapsed upon opening, splitting into several pieces.
2026-05-31T08:16:49+00:00	406-9016722-8763534	1030500	B08H88N2N9	X0018CDFL3	Cubelelo Drift Warrior 3x3 Stickerless Cube | Beginner Speedcube for Kids Boys Girls Above 3 4 5 6 Years Old & Above | Magic Puzzle Toy | Durable & Smooth Cube with Anti-Pop Design 3 3	1	DEL2	SELLABLE	UNDELIVERABLE_REFUSED	LPNDEL2R70633650	
2026-05-31T07:52:34+00:00	404-7735409-7277135	1120100	B08LBGYZ51	X0019BU32H	Cubelelo Drift 3x3 Mirror (Silver) Magic Speed Cube | Shape Shifter Speedcube with Durable Stickers | Advanced 3x3x3 Puzzle Toy for Kids Ages 7-14 Boys Girls & Adults | Collector's Item	1	DEL2	SELLABLE	DEFECTIVE	LPNDEL2R70793048	
2026-05-31T07:38:12+00:00	406-6672873-2926702	1460583	B0D9QBDCQW	X00233HSFF	Cubelelo Drift 5x5 Stickerless with Cube Lubricant and Stand Combo | High-Performance Speed Cube | Adjustable Tension & Smooth Turning | Durable & Reliable | Ideal for All Ages	1	DEL2	SELLABLE	UNDELIVERABLE_REFUSED	LPNDEL2R70585608	
2026-05-31T07:23:13+00:00	405-8797403-3253150	1030604	B0DRVQVFJB	X0027JJHDB	Cubelelo Drift 3M v3 3x3 Magnetic Speedcube (Standard) | Latest Version with New & Improved Internal Structure for Smooth Turns & Stability | Cube Toy for 6-10 Years Old Boys Girls Adults	1	CCX1	SELLABLE	UNDELIVERABLE_REFUSED	LPNCCX1B4559537	
2026-05-31T06:45:09+00:00	405-9851324-0466763	1630202	B09B7PNSTV	X001ETHG47	Cubelelo Drift Infinity Cube (Blue) | Magic Puzzle Cool Mini Gadget for Stress and Anxiety Relief for Kids and Adults | Desk Finger Flip Toy for Fun and Game | for Ages 3 Years and Above	1	DEL2	SELLABLE	UNDELIVERABLE_REFUSED	LPNDEL2R70240231	
2026-05-31T06:28:18+00:00	408-2895669-4361917	1460521	B0CGNW2MFJ	X001VZFQYB	Cubelelo Drift Square-1 & Skewb Gift Box | Explore the new Dimension of Uniquely Shaped Puzzles | 2 in 1 Combo Pack of Dual Challenge Delight | Brainstoming Game Toy for Children Kids & Adults	1	BLR5	CUSTOMER_DAMAGED	SWITCHEROO	LPNBLR5P7271365	
2026-05-31T06:07:01+00:00	406-4840036-6437945	1140022	B08169YZPG	X001602BQR	Cubelelo Drift Gear 3x3 Stickerless Cube Speed Cube | Toy for Kids & Adults | Magic Speedy Stress Buster Brainstorming Puzzle 3x3x3 (Multicolor)	1	BLR5	SELLABLE	DEFECTIVE	LPNBLR5P7427594	Colour change
2026-05-31T05:36:04+00:00	404-9480469-4788345	1460553	B0BYVHGR5H	X001WPZI9N	Cubelelo Drift 2x2, 3x3 & Pyraminx Cube Combo (Stickerless) | Ideal for Kids Above 3 4 5 6 Years Old Boys Girls | 3 in 1 Speedcube Gift Set | High Speed Puzzle 3x3x3 2x2x2 Pyramid Triangle	1	BLR5	SELLABLE	UNDELIVERABLE_UNKNOWN	LPNBLR5P7358564	
2026-05-31T05:10:09+00:00	407-5302472-5344306	1280100a	B09QYW9DYC	X001LHLHUV	Cubelelo Drift Pyraminx Puzzle Speedcube | Beginner Starter Cube for Kids 3+ Year Old & Above | Triangle Pyramid Shape Stickerless 3x3 Cubes Toy | Ideal for Boys Girls Children 4 5 6+ Years & Adults	1	BLR5	SELLABLE	UNDELIVERABLE_REFUSED	LPNBLR5P8197305	
2026-05-31T05:07:31+00:00	408-5262423-7515532	1030400	B07XPNC385	X0012WM1NR	Cubelelo Drift 3x3 Black Speedcube | Beginner Cube for Kids & Adults | Magic Speed Stress Buster Brainstorming Puzzle (Multicolor) | Anti-Pop Technology | Smooth Turning | Durable	1	BLR5	SELLABLE	UNDELIVERABLE_REFUSED	LPNBLR5P8394030	
2026-05-31T04:34:38+00:00	405-9859163-4323545	1030300_EAN	B0FBMGT6V7	X002C88WLZ	Cubelelo Drift Explorer 3x3 Speed Cube | Best Starter Speedcube for Beginners | Perfect Brain Teaser for Kids Ages 4 to14 Years Old & Above Boys Girls Children | Smooth Turning Puzzle Toy for Adults	1	BLR5	SELLABLE	UNDELIVERABLE_REFUSED	LPNBLR5P7427479	
2026-05-31T04:11:39+00:00	404-6409684-5774733	1040300	B09HH8XQ14	X001G4QY25	Cubelelo Drift 4x4 (Black) Speedcube | Challenging Brain Teaser Puzzle Toy for Kids 7-14 Years Old Boys Girls & Adults All Ages | Fast Speed Cube for Intermediate and Advanced Cubers	1	BOM4	DEFECTIVE	SWITCHEROO	LPNBOM4N39959189	Middle layer are too tough to move colours are too dull than in image.and box was damaged.
2026-05-31T04:04:29+00:00	171-5794257-0862717	1630210	B09HH8CC7Y	X00262W227	Cubelelo Drift Number Sliding Magnetic Puzzle 4x4 | Toys For 6-10 Years Old Boys & Girls | 15-Blocks Brain Teaser Puzzle Game for Kids | Educational, Learning, Activity Toy for Return & Birthday Gifts	1	BLR5	SELLABLE	UNDELIVERABLE_REFUSED	LPNBLR5P7189552	
2026-05-31T03:44:44+00:00	405-9518755-6015508	1030400	B07XPNC385	X0012WM1NR	Cubelelo Drift 3x3 Black Speedcube | Beginner Cube for Kids & Adults | Magic Speed Stress Buster Brainstorming Puzzle (Multicolor) | Anti-Pop Technology | Smooth Turning | Durable	1	BLR5	SELLABLE	SWITCHEROO	LPNBLR5P7701220	
2026-05-31T03:42:47+00:00	404-9937859-9130728	1040300	B09HH8XQ14	X001G4QY25	Cubelelo Drift 4x4 (Black) Speedcube | Challenging Brain Teaser Puzzle Toy for Kids 7-14 Years Old Boys Girls & Adults All Ages | Fast Speed Cube for Intermediate and Advanced Cubers	1	BOM4	SELLABLE	DEFECTIVE	LPNBOM4N40804386	Please refund my money
2026-05-31T03:18:39+00:00	408-8012943-8259544	1460553	B0BYVHGR5H	X001WPZI9N	Cubelelo Drift 2x2, 3x3 & Pyraminx Cube Combo (Stickerless) | Ideal for Kids Above 3 4 5 6 Years Old Boys Girls | 3 in 1 Speedcube Gift Set | High Speed Puzzle 3x3x3 2x2x2 Pyramid Triangle	1	DEL2	CUSTOMER_DAMAGED	DEFECTIVE	LPNDEL2R70509200	
2026-05-31T03:16:41+00:00	403-6552930-9072317	1030300_EAN	B0FBMGT6V7	X002C88WLZ	Cubelelo Drift Explorer 3x3 Speed Cube | Best Starter Speedcube for Beginners | Perfect Brain Teaser for Kids Ages 4 to14 Years Old & Above Boys Girls Children | Smooth Turning Puzzle Toy for Adults	1	BOM4	SELLABLE	UNDELIVERABLE_REFUSED	LPNBOM4N40812848	
2026-05-31T03:16:25+00:00	404-5800308-6053957	1060100	B09HH5R69B	X001G4MZFF	Cubelelo Drift 6x6 Stickerless Speed Cube Magic Puzzle for Kids & Adults | Advanced Level Speedcube | Speedy Stress Buster Brainstorming Cube	1	BOM4	SELLABLE	DEFECTIVE	LPNBOM4N40772826	
2026-05-31T03:04:15+00:00	403-2583308-8705904	1030300_EAN	B0FBMGT6V7	X002C88WLZ	Cubelelo Drift Explorer 3x3 Speed Cube | Best Starter Speedcube for Beginners | Perfect Brain Teaser for Kids Ages 4 to14 Years Old & Above Boys Girls Children | Smooth Turning Puzzle Toy for Adults	1	BLR5	SELLABLE	UNDELIVERABLE_REFUSED	LPNBLR5P7701184	
2026-05-30T22:05:30+00:00	406-9305474-7026712	1020200	B08LBJ3P8L	X0019BU39P	Cubelelo Drift 2x2 Stickerless Cube | Beginner Speedcube for Kids Boys Girls Above 3 4 5 6 Years Old & Above | Magic Puzzle Toy | Durable & Smooth Cube with Anti-Pop Design 2x2x2	1	BLR5	SELLABLE	UNDELIVERABLE_REFUSED	LPNBLR5P8197080	
2026-05-30T21:31:58+00:00	402-7386048-3388330	1030604	B0DRVQVFJB	X0027JJHDB	Cubelelo Drift 3M v3 3x3 Magnetic Speedcube (Standard) | Latest Version with New & Improved Internal Structure for Smooth Turns & Stability | Cube Toy for 6-10 Years Old Boys Girls Adults	1	BLR5	SELLABLE	UNDELIVERABLE_REFUSED	LPNBLR5P6931424	
2026-05-30T21:23:49+00:00	171-8255554-2533126	1030604	B0DRVQVFJB	X0027JJHDB	Cubelelo Drift 3M v3 3x3 Magnetic Speedcube (Standard) | Latest Version with New & Improved Internal Structure for Smooth Turns & Stability | Cube Toy for 6-10 Years Old Boys Girls Adults	1	BLR5	CUSTOMER_DAMAGED	SWITCHEROO	LPNBLR5P7979244	
2026-05-30T20:52:44+00:00	407-4088175-1309934	1030604	B0DRVQVFJB	X0027JJHDB	Cubelelo Drift 3M v3 3x3 Magnetic Speedcube (Standard) | Latest Version with New & Improved Internal Structure for Smooth Turns & Stability | Cube Toy for 6-10 Years Old Boys Girls Adults	1	BLR5	SELLABLE	UNDELIVERABLE_REFUSED	LPNBLR5P7358269	
2026-05-30T20:03:56+00:00	404-7920123-2825147	1030400	B07XPNC385	X0012WM1NR	Cubelelo Drift 3x3 Black Speedcube | Beginner Cube for Kids & Adults | Magic Speed Stress Buster Brainstorming Puzzle (Multicolor) | Anti-Pop Technology | Smooth Turning | Durable	1	BLR5	SELLABLE	DEFECTIVE	LPNBLR5P7680381	
2026-05-30T17:20:25+00:00	405-5523533-2013117	1290300	B0DB6311DK	X00239RFKR	Cubelelo Drift Megaminx v2 Cube (New Improved Version) | 12-Sided Fun and Challenging Puzzle with Ridge Design | Smooth Turning Dodecahedron | Perfect for Speed-Cubing | Ideal for Kids & Adults	1	BLR5	CARRIER_DAMAGED	MISSING_PARTS	LPNBLR5P7249944	
2026-05-30T16:57:33+00:00	403-6150859-9336342	1030300_EAN	B0FBMGT6V7	X002C88WLZ	Cubelelo Drift Explorer 3x3 Speed Cube | Best Starter Speedcube for Beginners | Perfect Brain Teaser for Kids Ages 4 to14 Years Old & Above Boys Girls Children | Smooth Turning Puzzle Toy for Adults	1	BLR5	SELLABLE	NEVER_ARRIVED	LPNBLR5P6831553	
2026-05-30T16:13:13+00:00	171-4063766-0511546	1030604	B0DRVQVFJB	X0027JJHDB	Cubelelo Drift 3M v3 3x3 Magnetic Speedcube (Standard) | Latest Version with New & Improved Internal Structure for Smooth Turns & Stability | Cube Toy for 6-10 Years Old Boys Girls Adults	1	BLR5	SELLABLE	DEFECTIVE	LPNBLR5P7680192	
2026-05-30T15:10:05+00:00	402-4443164-2598721	1020600	B09QCHSPYP	X001I2IMWF	Cubelelo Drift 2M 2x2 Magnetic Stickerless Speedcube | Premium Multicolor Puzzle Cube for Kids & Adults | Ideal for Speedcubing, Brainstorming, and Mental Development | (Smooth & Fast Turns)	1	BLR5	SELLABLE	UNDELIVERABLE_REFUSED	LPNBLR5P7258568	
2026-05-30T12:57:54+00:00	402-7816205-8798724	1030300_EAN	B0FBMGT6V7	X002C88WLZ	Cubelelo Drift Explorer 3x3 Speed Cube | Best Starter Speedcube for Beginners | Perfect Brain Teaser for Kids Ages 4 to14 Years Old & Above Boys Girls Children | Smooth Turning Puzzle Toy for Adults	1	DEL2	SELLABLE	DEFECTIVE	LPNDEL2R70594740	
2026-05-30T12:33:09+00:00	402-3546767-1197154	1630202	B09B7PNSTV	X001ETHG47	Cubelelo Drift Infinity Cube (Blue) | Magic Puzzle Cool Mini Gadget for Stress and Anxiety Relief for Kids and Adults | Desk Finger Flip Toy for Fun and Game | for Ages 3 Years and Above	1	PAX1	SELLABLE	UNDELIVERABLE_REFUSED	LPNPAX1A1515888	
2026-05-30T12:32:59+00:00	171-1519047-7661132	1040300	B09HH8XQ14	X001G4QY25	Cubelelo Drift 4x4 (Black) Speedcube | Challenging Brain Teaser Puzzle Toy for Kids 7-14 Years Old Boys Girls & Adults All Ages | Fast Speed Cube for Intermediate and Advanced Cubers	1	BLR5	SELLABLE	MISSING_PARTS	LPNBLR5P6788591	Parts came with stickering instead plastic colour
2026-05-30T12:12:25+00:00	405-4891719-4450716	1030400	B07XPNC385	X0012WM1NR	Cubelelo Drift 3x3 Black Speedcube | Beginner Cube for Kids & Adults | Magic Speed Stress Buster Brainstorming Puzzle (Multicolor) | Anti-Pop Technology | Smooth Turning | Durable	1	BOM4	SELLABLE	UNDELIVERABLE_REFUSED	LPNBOM4N40763116	
2026-05-30T12:10:52+00:00	402-1753676-7381145	1040400	B0FL7TDJLF	X002DFU80F	Cubelelo Drift 4x4 Stickerless Cube Puzzle Toy | Combines Smoothness, Stability & Durability | 4x4x4 Speedcube for Beginners| Suitable for Kids Ages 6 to 14 Years Old, Boys, Girls & Adults	1	BOM4	SELLABLE	UNDELIVERABLE_REFUSED	LPNBOM4N40838985	
2026-05-30T12:06:13+00:00	405-6207467-2384347	CLB0503	B0DKJD6WV1	X0025QFMUN	Cubelelo Drift 3M Plus v2 3x3 (Magnetic) with Cube Lubricant & Premium Pouch (2024 Updated Version) | 48 Strong Magnets for Enhanced Stability & Smooth Turns | Kids & Adults,multicolor	1	BOM4	SELLABLE	UNDELIVERABLE_UNKNOWN	LPNBOM4N40815355	
2026-05-30T11:54:32+00:00	171-3614489-1010761	1060100	B09HH5R69B	X001G4MZFF	Cubelelo Drift 6x6 Stickerless Speed Cube Magic Puzzle for Kids & Adults | Advanced Level Speedcube | Speedy Stress Buster Brainstorming Cube	1	BOM4	SELLABLE	DEFECTIVE	LPNBOM4N40804304	Quality is not good
2026-05-30T11:49:38+00:00	403-3104945-2913160	1030603	B0DRVMTFN1	X0027JJ8K3	Cubelelo Drift 3M v3 3x3 (Magnetic UV Coated) Speedcube - New Version | Premium Glossy Finish, Ultra Fast & Smooth Turns, Enhanced Auto-Alignment with 48 Magnets | Puzzle Cube for Kids & Adults	1	DEL2	SELLABLE	UNDELIVERABLE_REFUSED	LPNDEL2R70494882	
2026-05-30T11:13:37+00:00	408-7472414-5705906	1030300_EAN	B0FBMGT6V7	X002C88WLZ	Cubelelo Drift Explorer 3x3 Speed Cube | Best Starter Speedcube for Beginners | Perfect Brain Teaser for Kids Ages 4 to14 Years Old & Above Boys Girls Children | Smooth Turning Puzzle Toy for Adults	1	DEL2	SELLABLE	UNDELIVERABLE_UNKNOWN	LPNDEL2R70633204	
2026-05-30T11:07:00+00:00	407-1923911-4045136	1040400	B0FL7TDJLF	X002DFU80F	Cubelelo Drift 4x4 Stickerless Cube Puzzle Toy | Combines Smoothness, Stability & Durability | 4x4x4 Speedcube for Beginners| Suitable for Kids Ages 6 to 14 Years Old, Boys, Girls & Adults	1	BLR8	SELLABLE	UNDELIVERABLE_REFUSED	LPNBLR8Z3170594	
2026-05-30T11:03:53+00:00	171-1945428-8061919	1460521	B0CGNW2MFJ	X001VZFQYB	Cubelelo Drift Square-1 & Skewb Gift Box | Explore the new Dimension of Uniquely Shaped Puzzles | 2 in 1 Combo Pack of Dual Challenge Delight | Brainstoming Game Toy for Children Kids & Adults	1	BLR5	SELLABLE	SWITCHEROO	LPNBLR5P8202043	
2026-05-30T10:56:07+00:00	406-1288576-0443512	1030300_EAN	B0FBMGT6V7	X002C88WLZ	Cubelelo Drift Explorer 3x3 Speed Cube | Best Starter Speedcube for Beginners | Perfect Brain Teaser for Kids Ages 4 to14 Years Old & Above Boys Girls Children | Smooth Turning Puzzle Toy for Adults	1	DEL2	SELLABLE	UNDELIVERABLE_REFUSED	LPNDEL2R68687201	
2026-05-30T10:47:32+00:00	404-3143851-1325114	1290300	B0DB6311DK	X00239RFKR	Cubelelo Drift Megaminx v2 Cube (New Improved Version) | 12-Sided Fun and Challenging Puzzle with Ridge Design | Smooth Turning Dodecahedron | Perfect for Speed-Cubing | Ideal for Kids & Adults	1	BOM4	DEFECTIVE	DAMAGED_BY_FC	LPNBOM4N40815289	Completely torn and damaged piece
2026-05-30T10:46:14+00:00	403-8006682-1693116	1050200	B09K7QTCXP	X001GM0XER	Cubelelo Drift 5x5 Stickerless Speed Cube | AKA Professor's Cube Magic Puzzle for Kids & Adults | Smooth and Durable Speedy Brainstorming Puzzle| Ultimate Stress Buster and Mind Challenge	1	BLR5	SELLABLE	UNDELIVERABLE_UNKNOWN	LPNBLR5P7258267	
2026-05-30T10:46:14+00:00	403-8006682-1693116	1030604	B0DRVQVFJB	X0027JJHDB	Cubelelo Drift 3M v3 3x3 Magnetic Speedcube (Standard) | Latest Version with New & Improved Internal Structure for Smooth Turns & Stability | Cube Toy for 6-10 Years Old Boys Girls Adults	1	BLR5	SELLABLE	UNDELIVERABLE_UNKNOWN	LPNBLR5P7258268	
2026-05-30T10:46:14+00:00	403-8006682-1693116	1460503	B08XK4V59M	X001VFXJDV	Cubelelo Drift 2x2, 3x3 & 4x4 Premium Gift Box | 3-in-1 Puzzle Game Set | Triple the Challenge, Thrice the Fun | Ultimate Value Saver Combo | Brainstoming Toy for Children Kids & Adults	1	BLR5	SELLABLE	UNDELIVERABLE_UNKNOWN	LPNBLR5P7258274	
2026-05-30T10:39:19+00:00	407-0435662-0594702	1630210	B09HH8CC7Y	X00262W227	Cubelelo Drift Number Sliding Magnetic Puzzle 4x4 | Toys For 6-10 Years Old Boys & Girls | 15-Blocks Brain Teaser Puzzle Game for Kids | Educational, Learning, Activity Toy for Return & Birthday Gifts	1	BLR5	SELLABLE	UNDELIVERABLE_REFUSED	LPNBLR5P5784733	
2026-05-30T10:32:21+00:00	171-3066230-8041126	1120034	B08998HB2Y	X0016NVO3P	Cubelelo Drift Mirror Blue Magic Cube Brainstorming Stressbuster Speedcube Puzzle	1	CCX1	SELLABLE	DEFECTIVE	LPNCCX1B4514339	
2026-05-30T10:23:35+00:00	402-8825909-5328368	1030300_EAN	B0FBMGT6V7	X002C88WLZ	Cubelelo Drift Explorer 3x3 Speed Cube | Best Starter Speedcube for Beginners | Perfect Brain Teaser for Kids Ages 4 to14 Years Old & Above Boys Girls Children | Smooth Turning Puzzle Toy for Adults	1	DEL2	SELLABLE	UNDELIVERABLE_UNKNOWN	LPNDEL2R70887736	
2026-05-30T09:21:31+00:00	403-7802373-2148308	1030300_EAN	B0FBMGT6V7	X002C88WLZ	Cubelelo Drift Explorer 3x3 Speed Cube | Best Starter Speedcube for Beginners | Perfect Brain Teaser for Kids Ages 4 to14 Years Old & Above Boys Girls Children | Smooth Turning Puzzle Toy for Adults	1	DEL2	SELLABLE	UNDELIVERABLE_REFUSED	LPNDEL2R68587529	
2026-05-30T09:05:59+00:00	402-6352233-8689141	1030300_EAN	B0FBMGT6V7	X002C88WLZ	Cubelelo Drift Explorer 3x3 Speed Cube | Best Starter Speedcube for Beginners | Perfect Brain Teaser for Kids Ages 4 to14 Years Old & Above Boys Girls Children | Smooth Turning Puzzle Toy for Adults	1	CCX1	SELLABLE	UNDELIVERABLE_REFUSED	LPNCCX1B4571679	
2026-05-30T08:56:52+00:00	402-0388059-1956365	1030604	B0DRVQVFJB	X0027JJHDB	Cubelelo Drift 3M v3 3x3 Magnetic Speedcube (Standard) | Latest Version with New & Improved Internal Structure for Smooth Turns & Stability | Cube Toy for 6-10 Years Old Boys Girls Adults	1	CCX1	SELLABLE	UNDELIVERABLE_REFUSED	LPNCCX1B4561551	
2026-05-30T08:49:33+00:00	404-6661920-0054703	1030400	B07XPNC385	X0012WM1NR	Cubelelo Drift 3x3 Black Speedcube | Beginner Cube for Kids & Adults | Magic Speed Stress Buster Brainstorming Puzzle (Multicolor) | Anti-Pop Technology | Smooth Turning | Durable	1	BLR5	SELLABLE	DEFECTIVE	LPNBLR5P8720239	
2026-05-30T08:26:56+00:00	403-8188095-1538748	1140022	B08169YZPG	X001602BQR	Cubelelo Drift Gear 3x3 Stickerless Cube Speed Cube | Toy for Kids & Adults | Magic Speedy Stress Buster Brainstorming Puzzle 3x3x3 (Multicolor)	1	BLR5	SELLABLE	UNDELIVERABLE_REFUSED	LPNBLR5P8613418	
2026-05-30T07:53:41+00:00	403-3153806-6042751	CLB0502	B0CL3HR7YS	X001VZMI15	Cubelelo Drift Warrior 3x3 & Premium Cube Lubricant Combo | Speed Cube Set for Fast, Smooth, Professional Solving | Ultimate Kit for All Your Speedcubing Needs Multicolor for Kids, Adults All Ages	1	DEL2	SELLABLE	UNDELIVERABLE_REFUSED	LPNDEL2R68541135	
2026-05-30T07:33:54+00:00	171-5672794-0810762	1030300_EAN	B0FBMGT6V7	X002C88WLZ	Cubelelo Drift Explorer 3x3 Speed Cube | Best Starter Speedcube for Beginners | Perfect Brain Teaser for Kids Ages 4 to14 Years Old & Above Boys Girls Children | Smooth Turning Puzzle Toy for Adults	1	DEL2	SELLABLE	UNDELIVERABLE_REFUSED	LPNDEL2R70396866	
2026-05-30T07:32:51+00:00	404-4926831-5139519	1030604	B0DRVQVFJB	X0027JJHDB	Cubelelo Drift 3M v3 3x3 Magnetic Speedcube (Standard) | Latest Version with New & Improved Internal Structure for Smooth Turns & Stability | Cube Toy for 6-10 Years Old Boys Girls Adults	1	CCX1	SELLABLE	UNDELIVERABLE_REFUSED	LPNCCX1B4573747	
2026-05-30T07:28:24+00:00	408-0715723-5773128	1630210	B09HH8CC7Y	X00262W227	Cubelelo Drift Number Sliding Magnetic Puzzle 4x4 | Toys For 6-10 Years Old Boys & Girls | 15-Blocks Brain Teaser Puzzle Game for Kids | Educational, Learning, Activity Toy for Return & Birthday Gifts	1	CCX1	SELLABLE	UNDELIVERABLE_REFUSED	LPNCCX1B4885466	
2026-05-30T07:25:14+00:00	404-6672321-3369920	1030300_EAN	B0FBMGT6V7	X002C88WLZ	Cubelelo Drift Explorer 3x3 Speed Cube | Best Starter Speedcube for Beginners | Perfect Brain Teaser for Kids Ages 4 to14 Years Old & Above Boys Girls Children | Smooth Turning Puzzle Toy for Adults	1	CCX2	SELLABLE	DEFECTIVE	LPNCCX2B1859914	
2026-05-30T06:20:05+00:00	404-5840062-0243552	1030604	B0DRVQVFJB	X0027JJHDB	Cubelelo Drift 3M v3 3x3 Magnetic Speedcube (Standard) | Latest Version with New & Improved Internal Structure for Smooth Turns & Stability | Cube Toy for 6-10 Years Old Boys Girls Adults	1	BLR5	SELLABLE	UNDELIVERABLE_REFUSED	LPNBLR5P7079537	
2026-05-30T06:12:33+00:00	408-7830052-8740361	1030400	B07XPNC385	X0012WM1NR	Cubelelo Drift 3x3 Black Speedcube | Beginner Cube for Kids & Adults | Magic Speed Stress Buster Brainstorming Puzzle (Multicolor) | Anti-Pop Technology | Smooth Turning | Durable	1	BLR5	SELLABLE	UNDELIVERABLE_REFUSED	LPNBLR5P8404454	
2026-05-30T05:53:44+00:00	171-0632915-4111532	1030300_EAN	B0FBMGT6V7	X002C88WLZ	Cubelelo Drift Explorer 3x3 Speed Cube | Best Starter Speedcube for Beginners | Perfect Brain Teaser for Kids Ages 4 to14 Years Old & Above Boys Girls Children | Smooth Turning Puzzle Toy for Adults	1	DEL2	SELLABLE	UNDELIVERABLE_REFUSED	LPNDEL2R83986311	
2026-05-30T04:50:55+00:00	408-3486307-1857158	1030604	B0DRVQVFJB	X0027JJHDB	Cubelelo Drift 3M v3 3x3 Magnetic Speedcube (Standard) | Latest Version with New & Improved Internal Structure for Smooth Turns & Stability | Cube Toy for 6-10 Years Old Boys Girls Adults	1	DEL2	SELLABLE	UNDELIVERABLE_REFUSED	LPNDEL2R70396718	
2026-05-30T04:37:19+00:00	403-4736699-8409140	1630210	B09HH8CC7Y	X00262W227	Cubelelo Drift Number Sliding Magnetic Puzzle 4x4 | Toys For 6-10 Years Old Boys & Girls | 15-Blocks Brain Teaser Puzzle Game for Kids | Educational, Learning, Activity Toy for Return & Birthday Gifts	1	BLR5	SELLABLE	DAMAGED_BY_FC	LPNBLR5P7264274	
2026-05-30T04:30:11+00:00	407-4373080-8340332	1630223	B0GN1TJ7F4	X002IIXAZ7	Cubelelo Drift Clang! | 2-4 Players Classic Magnetic Attraction Strategy Game | Features 24 Magnets & Adjustable Rope | Fun Gifting Toy for Family, Teens & Adults | Compact and Travel Friendly	1	DEL2	SELLABLE	DEFECTIVE	LPNDEL2R83175693	
2026-05-30T04:16:01+00:00	407-0720487-2310732	1260200	B0CJFSPB4P	X001VFDOQX	Cubelelo Drift Puppet II Speed Cube | Brain Teaser Puzzle Toys | Limited Rotation | Creative New Cube for Kids and Adults	1	DEL2	SELLABLE	UNDELIVERABLE_REFUSED	LPNDEL2R70632808	
2026-05-30T03:56:16+00:00	406-8829075-8803524	1030700_EAN	B0BRXJ9Q4G	X001P8LWWT	Cubelelo Drift 3M Plus v2 3x3 (Magnetic) Cube | New Upgraded Version Based on MoYu RS3M v5 | Dual-Adjustment System | Premium Speedcube for Kids Boys Girls Ages 4+ Year Old & Adults	1	DEL2	SELLABLE	DEFECTIVE	LPNDEL2R70584747	
2026-05-30T03:53:17+00:00	407-0622485-5593158	1120100	B08LBGYZ51	X0019BU32H	Cubelelo Drift 3x3 Mirror (Silver) Magic Speed Cube | Shape Shifter Speedcube with Durable Stickers | Advanced 3x3x3 Puzzle Toy for Kids Ages 7-14 Boys Girls & Adults | Collector's Item	1	BOM4	SELLABLE	UNDELIVERABLE_REFUSED	LPNBOM4N37874899	
2026-05-30T03:15:18+00:00	404-7103503-3903539	1030400	B07XPNC385	X0012WM1NR	Cubelelo Drift 3x3 Black Speedcube | Beginner Cube for Kids & Adults | Magic Speed Stress Buster Brainstorming Puzzle (Multicolor) | Anti-Pop Technology | Smooth Turning | Durable	1	DEL2	SELLABLE	DEFECTIVE	LPNDEL2R70901090	
2026-05-30T03:13:59+00:00	403-8928439-3994757	1030300_EAN	B0FBMGT6V7	X002C88WLZ	Cubelelo Drift Explorer 3x3 Speed Cube | Best Starter Speedcube for Beginners | Perfect Brain Teaser for Kids Ages 4 to14 Years Old & Above Boys Girls Children | Smooth Turning Puzzle Toy for Adults	1	DEL2	SELLABLE	UNDELIVERABLE_REFUSED	LPNDEL2R70421181	
2026-05-29T23:33:28+00:00	406-3747081-1381907	1030604	B0DRVQVFJB	X0027JJHDB	Cubelelo Drift 3M v3 3x3 Magnetic Speedcube (Standard) | Latest Version with New & Improved Internal Structure for Smooth Turns & Stability | Cube Toy for 6-10 Years Old Boys Girls Adults	1	CCX2	SELLABLE	UNDELIVERABLE_REFUSED	LPNCCX2B2001227	
2026-05-29T22:19:14+00:00	408-4921413-9825966	1130100	B09K7QWDT5	X001GMABSF	Cubelelo Drift Skewb Stickerless Speedcube Puzzle for Kids & Adults | Fast & Smooth Stress Buster | Brain-Boosting Challenge for Kids and Adults (Multicolour)	1	BLR5	CUSTOMER_DAMAGED	NO_REASON_GIVEN	LPNBLR5P7978185	
2026-05-29T20:37:57+00:00	407-7268725-2950702	1020300	B09HH7K6W6	X001G4G9HP	Cubelelo Drift 2x2 Black Speed Cube | Sleek & Fast Puzzle for Kids and Adults | Brain-Boosting Magic Cube for Kids Adults Comes in (Multicolor) Design	1	BLR5	CUSTOMER_DAMAGED	QUALITY_UNACCEPTABLE	LPNBLR5P8228376	
2026-05-29T18:57:47+00:00	403-3534733-6277928	1460510	B0BZL11XWC	X001VW450P	Cubelelo Drift 4x4, 5x5 Premium Gift Box | 2-in-1 Puzzle Game Set | Challenge, Thrice The Fun | Ultimate Value Saver Combo | Brainstoming Toy for Children Kids & Adults	1	BLR5	SELLABLE	SWITCHEROO	LPNBLR5P7257545	I ordered 4x4 and 5x5 cube. But, got different product.
2026-05-29T18:41:55+00:00	408-9205130-8800320	1630202	B09B7PNSTV	X001ETHG47	Cubelelo Drift Infinity Cube (Blue) | Magic Puzzle Cool Mini Gadget for Stress and Anxiety Relief for Kids and Adults | Desk Finger Flip Toy for Fun and Game | for Ages 3 Years and Above	1	BLR5	SELLABLE	DEFECTIVE	LPNBLR5P4883222	
2026-05-29T17:46:52+00:00	408-9205130-8800320	1460553	B0BYVHGR5H	X001WPZI9N	Cubelelo Drift 2x2, 3x3 & Pyraminx Cube Combo (Stickerless) | Ideal for Kids Above 3 4 5 6 Years Old Boys Girls | 3 in 1 Speedcube Gift Set | High Speed Puzzle 3x3x3 2x2x2 Pyramid Triangle	1	BLR5	SELLABLE	DEFECTIVE	LPNBLR5P8744690	
2026-05-29T13:55:01+00:00	408-0345820-3252369	1630222	B0GH18NXXG	X002HPDYRF	Cubelelo Drift Magnetic Tangram Puzzle | with Strong Magnets, Wooden Pieces & Bold Colors | Toys for 5-10 Years Old Boys Girls & Adults | Travel Friendly, Educational Toy for Return & Birthday Gifts	1	BLR5	CUSTOMER_DAMAGED	DAMAGED_BY_FC	LPNBLR5P7805985	
2026-05-29T13:48:57+00:00	171-5423406-4252337	1030300_EAN	B0FBMGT6V7	X002C88WLZ	Cubelelo Drift Explorer 3x3 Speed Cube | Best Starter Speedcube for Beginners | Perfect Brain Teaser for Kids Ages 4 to14 Years Old & Above Boys Girls Children | Smooth Turning Puzzle Toy for Adults	1	BLR5	SELLABLE	UNDELIVERABLE_REFUSED	LPNBLR5P7573855	
2026-05-29T13:46:21+00:00	408-7958003-8380363	1050200	B09K7QTCXP	X001GM0XER	Cubelelo Drift 5x5 Stickerless Speed Cube | AKA Professor's Cube Magic Puzzle for Kids & Adults | Smooth and Durable Speedy Brainstorming Puzzle| Ultimate Stress Buster and Mind Challenge	1	BLR5	SELLABLE	UNDELIVERABLE_UNKNOWN	LPNBLR5P8281969	
2026-05-29T13:27:55+00:00	402-8602838-0270760	1030400	B07XPNC385	X0012WM1NR	Cubelelo Drift 3x3 Black Speedcube | Beginner Cube for Kids & Adults | Magic Speed Stress Buster Brainstorming Puzzle (Multicolor) | Anti-Pop Technology | Smooth Turning | Durable	1	BLR5	SELLABLE	UNDELIVERABLE_REFUSED	LPNBLR5P8744437	
2026-05-29T12:18:15+00:00	404-7995696-0654712	1040300	B09HH8XQ14	X001G4QY25	Cubelelo Drift 4x4 (Black) Speedcube | Challenging Brain Teaser Puzzle Toy for Kids 7-14 Years Old Boys Girls & Adults All Ages | Fast Speed Cube for Intermediate and Advanced Cubers	1	BOM4	SELLABLE	UNDELIVERABLE_REFUSED	LPNBOM4N40513935	
2026-05-29T12:18:05+00:00	171-7101513-4422761	1460553	B0BYVHGR5H	X001WPZI9N	Cubelelo Drift 2x2, 3x3 & Pyraminx Cube Combo (Stickerless) | Ideal for Kids Above 3 4 5 6 Years Old Boys Girls | 3 in 1 Speedcube Gift Set | High Speed Puzzle 3x3x3 2x2x2 Pyramid Triangle	1	BLR5	SELLABLE	UNDELIVERABLE_REFUSED	LPNBLR5P7799393	
2026-05-29T11:55:13+00:00	403-5931446-3467561	1630210	B09HH8CC7Y	X00262W227	Cubelelo Drift Number Sliding Magnetic Puzzle 4x4 | Toys For 6-10 Years Old Boys & Girls | 15-Blocks Brain Teaser Puzzle Game for Kids | Educational, Learning, Activity Toy for Return & Birthday Gifts	1	BLR5	SELLABLE	UNDELIVERABLE_UNKNOWN	LPNBLR5P7078767	
2026-05-29T11:25:16+00:00	404-8471939-7567556	1050200	B09K7QTCXP	X001GM0XER	Cubelelo Drift 5x5 Stickerless Speed Cube | AKA Professor's Cube Magic Puzzle for Kids & Adults | Smooth and Durable Speedy Brainstorming Puzzle| Ultimate Stress Buster and Mind Challenge	1	BLR5	SELLABLE	SWITCHEROO	LPNBLR5P7078734	We ordered 5/5 but they sent 4/4
2026-05-29T11:24:57+00:00	404-8922690-7240307	1030604	B0DRVQVFJB	X0027JJHDB	Cubelelo Drift 3M v3 3x3 Magnetic Speedcube (Standard) | Latest Version with New & Improved Internal Structure for Smooth Turns & Stability | Cube Toy for 6-10 Years Old Boys Girls Adults	1	DEL2	SELLABLE	NO_REASON_GIVEN	LPNDEL2R70885370	
2026-05-29T11:05:32+00:00	406-2787186-7661934	1310036_EAN	B0BV276B7T	X001PWQJFP	Cubelelo Magic Snake Rainbow Puzzle Cube (72 Wedges) | Twist and Turn Shape Creation Fun Game for Kids Boys Girls and Adults | Multicolor Brain Teaser Stress Buster Toy | for Ages 3 Years and Above	1	BLR5	CUSTOMER_DAMAGED	SWITCHEROO	LPNBLR5P8403488	
2026-05-29T11:02:02+00:00	406-8232104-5989928	1630201	B09QMNCWYG	X001I5SK8D	Cubelelo Drift Infinity Cube (Green) | Magic Puzzle Cool Mini Gadget for Stress and Anxiety Relief for Kids and Adults | Desk Finger Flip Toy for Fun and Game | for Ages 3 Years and Above	1	BOM4	CUSTOMER_DAMAGED	DEFECTIVE	LPNBOM4N40777743	
2026-05-29T10:58:38+00:00	407-2732332-7729139	1030604	B0DRVQVFJB	X0027JJHDB	Cubelelo Drift 3M v3 3x3 Magnetic Speedcube (Standard) | Latest Version with New & Improved Internal Structure for Smooth Turns & Stability | Cube Toy for 6-10 Years Old Boys Girls Adults	1	CCX2	SELLABLE	UNDELIVERABLE_UNKNOWN	LPNCCX2B1977901	
2026-05-29T10:40:54+00:00	403-5252067-4593941	1030300_EAN	B0FBMGT6V7	X002C88WLZ	Cubelelo Drift Explorer 3x3 Speed Cube | Best Starter Speedcube for Beginners | Perfect Brain Teaser for Kids Ages 4 to14 Years Old & Above Boys Girls Children | Smooth Turning Puzzle Toy for Adults	1	CCX2	SELLABLE	UNDELIVERABLE_REFUSED	LPNCCX2B1836560	
2026-05-29T10:21:49+00:00	408-8363082-7524344	1280100a	B09QYW9DYC	X001LHLHUV	Cubelelo Drift Pyraminx Puzzle Speedcube | Beginner Starter Cube for Kids 3+ Year Old & Above | Triangle Pyramid Shape Stickerless 3x3 Cubes Toy | Ideal for Boys Girls Children 4 5 6+ Years & Adults	1	BLR5	SELLABLE	UNDELIVERABLE_REFUSED	LPNBLR5P6794019	
2026-05-29T09:53:43+00:00	404-8775616-2989958	1630202	B09B7PNSTV	X001ETHG47	Cubelelo Drift Infinity Cube (Blue) | Magic Puzzle Cool Mini Gadget for Stress and Anxiety Relief for Kids and Adults | Desk Finger Flip Toy for Fun and Game | for Ages 3 Years and Above	1	BLR5	SELLABLE	UNDELIVERABLE_REFUSED	LPNBLR5P6382569	
2026-05-29T09:03:24+00:00	404-1125371-3391565	1630210	B09HH8CC7Y	X00262W227	Cubelelo Drift Number Sliding Magnetic Puzzle 4x4 | Toys For 6-10 Years Old Boys & Girls | 15-Blocks Brain Teaser Puzzle Game for Kids | Educational, Learning, Activity Toy for Return & Birthday Gifts	1	BOM4	CUSTOMER_DAMAGED	DAMAGED_BY_FC	LPNBOM4N39739509	
2026-05-29T08:25:46+00:00	403-0153874-3302749	1630201	B09QMNCWYG	X001I5SK8D	Cubelelo Drift Infinity Cube (Green) | Magic Puzzle Cool Mini Gadget for Stress and Anxiety Relief for Kids and Adults | Desk Finger Flip Toy for Fun and Game | for Ages 3 Years and Above	1	BOM4	SELLABLE	UNDELIVERABLE_REFUSED	LPNBOM4N39754002	
2026-05-29T08:09:59+00:00	402-6046394-7709911	1020600	B09QCHSPYP	X001I2IMWF	Cubelelo Drift 2M 2x2 Magnetic Stickerless Speedcube | Premium Multicolor Puzzle Cube for Kids & Adults | Ideal for Speedcubing, Brainstorming, and Mental Development | (Smooth & Fast Turns)	1	DEL2	SELLABLE	DEFECTIVE	LPNDEL2R70027656	
2026-05-29T07:59:33+00:00	408-3866496-1921948	1460501	B08XK25RRF	X001VLOAKL	Cubelelo Drift 2x2 & 3x3 Cube Gift Box Combo | 2-in-1 Puzzle Toy Game Set for Children Kids & Adults Ages 4 5 6 & Above | Double the Challenge, Twice the Fun | Ultimate Value Saver Combo	1	CCX1	SELLABLE	UNDELIVERABLE_REFUSED	LPNCCX1B4568878	
2026-05-29T07:24:51+00:00	404-0621989-3684319	1030400	B07XPNC385	X0012WM1NR	Cubelelo Drift 3x3 Black Speedcube | Beginner Cube for Kids & Adults | Magic Speed Stress Buster Brainstorming Puzzle (Multicolor) | Anti-Pop Technology | Smooth Turning | Durable	1	BOM4	SELLABLE	UNDELIVERABLE_REFUSED	LPNBOM4N39679959	
2026-05-29T07:20:45+00:00	171-0233028-3493959	1030400	B07XPNC385	X0012WM1NR	Cubelelo Drift 3x3 Black Speedcube | Beginner Cube for Kids & Adults | Magic Speed Stress Buster Brainstorming Puzzle (Multicolor) | Anti-Pop Technology | Smooth Turning | Durable	1	DEL2	SELLABLE	UNDELIVERABLE_REFUSED	LPNDEL2R69835172	
2026-05-29T07:08:46+00:00	405-5513837-4589911	CLB0503	B0DKJD6WV1	X0025QFMUN	Cubelelo Drift 3M Plus v2 3x3 (Magnetic) with Cube Lubricant & Premium Pouch (2024 Updated Version) | 48 Strong Magnets for Enhanced Stability & Smooth Turns | Kids & Adults,multicolor	1	DEL2	SELLABLE	UNDELIVERABLE_UNKNOWN	LPNDEL2R70609009	
2026-05-29T07:06:42+00:00	407-5048951-0252362	1030604	B0DRVQVFJB	X0027JJHDB	Cubelelo Drift 3M v3 3x3 Magnetic Speedcube (Standard) | Latest Version with New & Improved Internal Structure for Smooth Turns & Stability | Cube Toy for 6-10 Years Old Boys Girls Adults	1	BOM4	SELLABLE	UNDELIVERABLE_REFUSED	LPNBOM4N39580645	
2026-05-29T06:54:06+00:00	404-0947954-8806767	1030500	B08H88N2N9	X0018CDFL3	Cubelelo Drift Warrior 3x3 Stickerless Cube | Beginner Speedcube for Kids Boys Girls Above 3 4 5 6 Years Old & Above | Magic Puzzle Toy | Durable & Smooth Cube with Anti-Pop Design 3 3	1	BLR8	SELLABLE	UNDELIVERABLE_UNKNOWN	LPNBLR8Z4422694	
2026-05-29T06:44:43+00:00	404-1121283-6953964	1030300_EAN	B0FBMGT6V7	X002C88WLZ	Cubelelo Drift Explorer 3x3 Speed Cube | Best Starter Speedcube for Beginners | Perfect Brain Teaser for Kids Ages 4 to14 Years Old & Above Boys Girls Children | Smooth Turning Puzzle Toy for Adults	1	BLR5	SELLABLE	DEFECTIVE	LPNBLR5P8279629	
2026-05-29T06:32:27+00:00	407-2219349-0930702	1050200	B09K7QTCXP	X001GM0XER	Cubelelo Drift 5x5 Stickerless Speed Cube | AKA Professor's Cube Magic Puzzle for Kids & Adults | Smooth and Durable Speedy Brainstorming Puzzle| Ultimate Stress Buster and Mind Challenge	1	BOM4	CUSTOMER_DAMAGED	DAMAGED_BY_FC	LPNBOM4N40516945	
2026-05-29T06:13:18+00:00	406-3058696-7273921	1460523	B0CF9MJ1HV	X001VVUGZ9	Cubelelo Drift 3x3 Stickerless & Mirror Cube (Silver) Gift Box Combo Set | Ideal Gift for Puzzle Lovers | Toys for Kids 6-10 Year Old and Adults | 3x3x3 High Speed 3 3 & Shape Shifter	1	DEL2	SELLABLE	UNDELIVERABLE_REFUSED	LPNDEL2R70697048	
2026-05-29T05:40:36+00:00	407-9078252-3636302	1020200	B08LBJ3P8L	X0019BU39P	Cubelelo Drift 2x2 Stickerless Cube | Beginner Speedcube for Kids Boys Girls Above 3 4 5 6 Years Old & Above | Magic Puzzle Toy | Durable & Smooth Cube with Anti-Pop Design 2x2x2	1	CCX1	SELLABLE	UNDELIVERABLE_REFUSED	LPNCCX1B4549864	
2026-05-29T05:00:20+00:00	404-0434485-1560351	1460553	B0BYVHGR5H	X001WPZI9N	Cubelelo Drift 2x2, 3x3 & Pyraminx Cube Combo (Stickerless) | Ideal for Kids Above 3 4 5 6 Years Old Boys Girls | 3 in 1 Speedcube Gift Set | High Speed Puzzle 3x3x3 2x2x2 Pyramid Triangle	1	DEL2	SELLABLE	UNDELIVERABLE_UNKNOWN	LPNDEL2R68642406	
2026-05-29T04:46:21+00:00	403-2589382-8169121	1030604	B0DRVQVFJB	X0027JJHDB	Cubelelo Drift 3M v3 3x3 Magnetic Speedcube (Standard) | Latest Version with New & Improved Internal Structure for Smooth Turns & Stability | Cube Toy for 6-10 Years Old Boys Girls Adults	1	BOM4	SELLABLE	UNDELIVERABLE_REFUSED	LPNBOM4N39608381	
2026-05-29T04:40:05+00:00	408-4076903-6439542	1030700_EAN	B0BRXJ9Q4G	X001P8LWWT	Cubelelo Drift 3M Plus v2 3x3 (Magnetic) Cube | New Upgraded Version Based on MoYu RS3M v5 | Dual-Adjustment System | Premium Speedcube for Kids Boys Girls Ages 4+ Year Old & Adults	1	DEL2	SELLABLE	NO_REASON_GIVEN	LPNDEL2R83599948	
2026-05-29T04:39:53+00:00	407-1206168-1963513	1030604	B0DRVQVFJB	X0027JJHDB	Cubelelo Drift 3M v3 3x3 Magnetic Speedcube (Standard) | Latest Version with New & Improved Internal Structure for Smooth Turns & Stability | Cube Toy for 6-10 Years Old Boys Girls Adults	1	BOM4	DEFECTIVE	DAMAGED_BY_FC	LPNBOM4N39719602	The cube was delivered damaged I ask the delivery boy to return it they said you need to return it from the Amazon app
2026-05-29T03:29:27+00:00	171-0769668-5181102	1030400	B07XPNC385	X0012WM1NR	Cubelelo Drift 3x3 Black Speedcube | Beginner Cube for Kids & Adults | Magic Speed Stress Buster Brainstorming Puzzle (Multicolor) | Anti-Pop Technology | Smooth Turning | Durable	1	BOM4	SELLABLE	UNDELIVERABLE_REFUSED	LPNBOM4N40772022	
2026-05-29T03:12:21+00:00	404-2831549-7205117	1040400	B0FL7TDJLF	X002DFU80F	Cubelelo Drift 4x4 Stickerless Cube Puzzle Toy | Combines Smoothness, Stability & Durability | 4x4x4 Speedcube for Beginners| Suitable for Kids Ages 6 to 14 Years Old, Boys, Girls & Adults	1	BLR5	CUSTOMER_DAMAGED	DEFECTIVE	LPNBLR5P7977197	
2026-05-29T03:11:56+00:00	405-1613687-7383511	1030300_EAN	B0FBMGT6V7	X002C88WLZ	Cubelelo Drift Explorer 3x3 Speed Cube | Best Starter Speedcube for Beginners | Perfect Brain Teaser for Kids Ages 4 to14 Years Old & Above Boys Girls Children | Smooth Turning Puzzle Toy for Adults	1	BOM4	SELLABLE	UNDELIVERABLE_REFUSED	LPNBOM4N40533432	
2026-05-28T22:11:18+00:00	402-2990864-8065163	1630210	B09HH8CC7Y	X00262W227	Cubelelo Drift Number Sliding Magnetic Puzzle 4x4 | Toys For 6-10 Years Old Boys & Girls | 15-Blocks Brain Teaser Puzzle Game for Kids | Educational, Learning, Activity Toy for Return & Birthday Gifts	1	BLR5	SELLABLE	UNDELIVERABLE_REFUSED	LPNBLR5P6782911	
2026-05-28T21:18:27+00:00	407-3147278-7487543	1630210	B09HH8CC7Y	X00262W227	Cubelelo Drift Number Sliding Magnetic Puzzle 4x4 | Toys For 6-10 Years Old Boys & Girls | 15-Blocks Brain Teaser Puzzle Game for Kids | Educational, Learning, Activity Toy for Return & Birthday Gifts	1	BLR5	SELLABLE	UNDELIVERABLE_UNKNOWN	LPNBLR5P8241783	
2026-05-28T21:15:57+00:00	171-0807951-3373162	1290300	B0DB6311DK	X00239RFKR	Cubelelo Drift Megaminx v2 Cube (New Improved Version) | 12-Sided Fun and Challenging Puzzle with Ridge Design | Smooth Turning Dodecahedron | Perfect for Speed-Cubing | Ideal for Kids & Adults	1	BLR5	SELLABLE	UNDELIVERABLE_REFUSED	LPNBLR5P8264118	
2026-05-28T20:24:08+00:00	404-9407715-0189946	1630210	B09HH8CC7Y	X00262W227	Cubelelo Drift Number Sliding Magnetic Puzzle 4x4 | Toys For 6-10 Years Old Boys & Girls | 15-Blocks Brain Teaser Puzzle Game for Kids | Educational, Learning, Activity Toy for Return & Birthday Gifts	1	BLR5	DEFECTIVE	MISSING_PARTS	LPNBLR5P7640976	Numbed missing
2026-05-28T17:06:24+00:00	402-7376950-6537929	1630210	B09HH8CC7Y	X00262W227	Cubelelo Drift Number Sliding Magnetic Puzzle 4x4 | Toys For 6-10 Years Old Boys & Girls | 15-Blocks Brain Teaser Puzzle Game for Kids | Educational, Learning, Activity Toy for Return & Birthday Gifts	1	CCX1	SELLABLE	UNDELIVERABLE_REFUSED	LPNCCX1B2879810	
2026-05-28T12:51:09+00:00	402-7485577-9197910	1030300_EAN	B0FBMGT6V7	X002C88WLZ	Cubelelo Drift Explorer 3x3 Speed Cube | Best Starter Speedcube for Beginners | Perfect Brain Teaser for Kids Ages 4 to14 Years Old & Above Boys Girls Children | Smooth Turning Puzzle Toy for Adults	1	BOM4	SELLABLE	UNDELIVERABLE_REFUSED	LPNBOM4N40513404	
2026-05-28T12:42:00+00:00	171-8859717-3869935	1030300_EAN	B0FBMGT6V7	X002C88WLZ	Cubelelo Drift Explorer 3x3 Speed Cube | Best Starter Speedcube for Beginners | Perfect Brain Teaser for Kids Ages 4 to14 Years Old & Above Boys Girls Children | Smooth Turning Puzzle Toy for Adults	1	CCX2	SELLABLE	UNDELIVERABLE_REFUSED	LPNCCX2B0851423	
2026-05-28T12:41:13+00:00	402-4116881-9238748	1030300_EAN	B0FBMGT6V7	X002C88WLZ	Cubelelo Drift Explorer 3x3 Speed Cube | Best Starter Speedcube for Beginners | Perfect Brain Teaser for Kids Ages 4 to14 Years Old & Above Boys Girls Children | Smooth Turning Puzzle Toy for Adults	1	BLR5	SELLABLE	UNDELIVERABLE_REFUSED	LPNBLR5P6787747	
2026-05-28T12:31:18+00:00	403-1265900-8857124	1030300_EAN	B0FBMGT6V7	X002C88WLZ	Cubelelo Drift Explorer 3x3 Speed Cube | Best Starter Speedcube for Beginners | Perfect Brain Teaser for Kids Ages 4 to14 Years Old & Above Boys Girls Children | Smooth Turning Puzzle Toy for Adults	1	BLR5	SELLABLE	MISORDERED	LPNBLR5P7573131	
2026-05-28T12:16:38+00:00	407-7115167-2785133	1040300	B09HH8XQ14	X001G4QY25	Cubelelo Drift 4x4 (Black) Speedcube | Challenging Brain Teaser Puzzle Toy for Kids 7-14 Years Old Boys Girls & Adults All Ages | Fast Speed Cube for Intermediate and Advanced Cubers	1	BOM4	SELLABLE	UNDELIVERABLE_REFUSED	LPNBOM4N39584900	
2026-05-28T12:14:06+00:00	402-6875959-3169968	1290300	B0DB6311DK	X00239RFKR	Cubelelo Drift Megaminx v2 Cube (New Improved Version) | 12-Sided Fun and Challenging Puzzle with Ridge Design | Smooth Turning Dodecahedron | Perfect for Speed-Cubing | Ideal for Kids & Adults	1	BOM4	DAMAGED	UNDELIVERABLE_REFUSED	LPNBOM4N40491206	
2026-05-28T11:28:59+00:00	408-1557457-7170762	1030300_EAN	B0FBMGT6V7	X002C88WLZ	Cubelelo Drift Explorer 3x3 Speed Cube | Best Starter Speedcube for Beginners | Perfect Brain Teaser for Kids Ages 4 to14 Years Old & Above Boys Girls Children | Smooth Turning Puzzle Toy for Adults	1	DEL2	CUSTOMER_DAMAGED	DEFECTIVE	LPNDEL2R68492158	
2026-05-28T11:21:13+00:00	404-3614651-3780364	1350100	B0BM63N44W	X001O3K2YJ	Cubelelo Drift 2x2x3 Cuboid Stickerless Puzzle | Unique Twist | Smooth Rotations for Stress Relief & Brain Teasers | Ideal Puzzle for Kids & Adults	1	DEL2	SELLABLE	UNDELIVERABLE_REFUSED	LPNDEL2R81011953	
2026-05-28T11:11:33+00:00	171-5972534-7355558	1030604	B0DRVQVFJB	X0027JJHDB	Cubelelo Drift 3M v3 3x3 Magnetic Speedcube (Standard) | Latest Version with New & Improved Internal Structure for Smooth Turns & Stability | Cube Toy for 6-10 Years Old Boys Girls Adults	1	BLR5	SELLABLE	UNDELIVERABLE_REFUSED	LPNBLR5P7182439	
2026-05-28T11:02:23+00:00	403-7783227-3531510	1460507	B08N19CLYJ	X001VW012B	Cubelelo Drift 3x3 & Blue Mirror Cube Premium Gift Box | Speedcube Set for Kids & Adults | Smooth & Durable Puzzle Combo | Ideal Gift for Puzzle Lovers	1	BLR5	SELLABLE	UNDELIVERABLE_UNKNOWN	LPNBLR5P8235688	
2026-05-28T10:36:50+00:00	408-7514431-2707500	1120100	B08LBGYZ51	X0019BU32H	Cubelelo Drift 3x3 Mirror (Silver) Magic Speed Cube | Shape Shifter Speedcube with Durable Stickers | Advanced 3x3x3 Puzzle Toy for Kids Ages 7-14 Boys Girls & Adults | Collector's Item	1	BOM4	SELLABLE	SWITCHEROO	LPNBOM4N40514571	Wrong brand send
2026-05-28T10:28:12+00:00	405-8877525-4697963	1460503	B08XK4V59M	X001VFXJDV	Cubelelo Drift 2x2, 3x3 & 4x4 Premium Gift Box | 3-in-1 Puzzle Game Set | Triple the Challenge, Thrice the Fun | Ultimate Value Saver Combo | Brainstoming Toy for Children Kids & Adults	1	BOM4	SELLABLE	UNDELIVERABLE_REFUSED	LPNBOM4N40513262	
2026-05-28T10:26:45+00:00	404-5788328-4570758	1030604	B0DRVQVFJB	X0027JJHDB	Cubelelo Drift 3M v3 3x3 Magnetic Speedcube (Standard) | Latest Version with New & Improved Internal Structure for Smooth Turns & Stability | Cube Toy for 6-10 Years Old Boys Girls Adults	1	DEL2	SELLABLE	DEFECTIVE	LPNDEL2R70696797	
2026-05-28T10:09:41+00:00	404-0040238-3589119	1120100	B08LBGYZ51	X0019BU32H	Cubelelo Drift 3x3 Mirror (Silver) Magic Speed Cube | Shape Shifter Speedcube with Durable Stickers | Advanced 3x3x3 Puzzle Toy for Kids Ages 7-14 Boys Girls & Adults | Collector's Item	1	DEL2	SELLABLE	DEFECTIVE	LPNDEL2R82679331	
2026-05-28T10:04:42+00:00	405-8833354-8675550	1040300	B09HH8XQ14	X001G4QY25	Cubelelo Drift 4x4 (Black) Speedcube | Challenging Brain Teaser Puzzle Toy for Kids 7-14 Years Old Boys Girls & Adults All Ages | Fast Speed Cube for Intermediate and Advanced Cubers	1	BOM4	DEFECTIVE	DAMAGED_BY_FC	LPNBOM4N39584777	This was broken like that when delivered. Not sure if this is orginal cubelelo. Can you have the replacement rechecked thoroughly before sending please
2026-05-28T08:55:08+00:00	407-2427271-1172307	1120100	B08LBGYZ51	X0019BU32H	Cubelelo Drift 3x3 Mirror (Silver) Magic Speed Cube | Shape Shifter Speedcube with Durable Stickers | Advanced 3x3x3 Puzzle Toy for Kids Ages 7-14 Boys Girls & Adults | Collector's Item	1	BLR5	SELLABLE	UNDELIVERABLE_REFUSED	LPNBLR5P7182291	
2026-05-28T08:44:22+00:00	408-6733090-6367502	1630210	B09HH8CC7Y	X00262W227	Cubelelo Drift Number Sliding Magnetic Puzzle 4x4 | Toys For 6-10 Years Old Boys & Girls | 15-Blocks Brain Teaser Puzzle Game for Kids | Educational, Learning, Activity Toy for Return & Birthday Gifts	1	BLR5	SELLABLE	UNDELIVERABLE_REFUSED	LPNBLR5P5747547	
2026-05-28T08:30:49+00:00	404-9182306-0184310	1630210	B09HH8CC7Y	X00262W227	Cubelelo Drift Number Sliding Magnetic Puzzle 4x4 | Toys For 6-10 Years Old Boys & Girls | 15-Blocks Brain Teaser Puzzle Game for Kids | Educational, Learning, Activity Toy for Return & Birthday Gifts	1	BLR5	CUSTOMER_DAMAGED	DEFECTIVE	LPNBLR5P7077416	
2026-05-28T08:28:27+00:00	408-7172105-2713128	1030300_EAN	B0FBMGT6V7	X002C88WLZ	Cubelelo Drift Explorer 3x3 Speed Cube | Best Starter Speedcube for Beginners | Perfect Brain Teaser for Kids Ages 4 to14 Years Old & Above Boys Girls Children | Smooth Turning Puzzle Toy for Adults	1	BOM4	SELLABLE	UNDELIVERABLE_REFUSED	LPNBOM4N40480760	
2026-05-28T08:23:58+00:00	402-6933529-0785907	1630210	B09HH8CC7Y	X00262W227	Cubelelo Drift Number Sliding Magnetic Puzzle 4x4 | Toys For 6-10 Years Old Boys & Girls | 15-Blocks Brain Teaser Puzzle Game for Kids | Educational, Learning, Activity Toy for Return & Birthday Gifts	1	BLR5	SELLABLE	UNDELIVERABLE_REFUSED	LPNBLR5P8278508	
2026-05-28T08:20:34+00:00	402-0703894-6813912	1060600	B09WHY3DPP	X001JJ1BL1	Cubelelo Drift 6M 6x6 (Magnetic) Stickerless Speedcube Magic Puzzle Toy for Kids & Adults Speedy Stress Buster Brainstorming Cube	1	BOM4	DEFECTIVE	DAMAGED_BY_FC	LPNBOM4N40499284	One block is missing
2026-05-28T08:07:04+00:00	404-4948277-8142739	1030604	B0DRVQVFJB	X0027JJHDB	Cubelelo Drift 3M v3 3x3 Magnetic Speedcube (Standard) | Latest Version with New & Improved Internal Structure for Smooth Turns & Stability | Cube Toy for 6-10 Years Old Boys Girls Adults	1	DEL2	SELLABLE	SWITCHEROO	LPNDEL2R83677990	
2026-05-28T08:01:12+00:00	405-3978269-0861108	1030300_EAN	B0FBMGT6V7	X002C88WLZ	Cubelelo Drift Explorer 3x3 Speed Cube | Best Starter Speedcube for Beginners | Perfect Brain Teaser for Kids Ages 4 to14 Years Old & Above Boys Girls Children | Smooth Turning Puzzle Toy for Adults	1	BLR5	SELLABLE	UNDELIVERABLE_REFUSED	LPNBLR5P8718260	
2026-05-28T07:52:37+00:00	407-1741543-6928313	1030400	B07XPNC385	X0012WM1NR	Cubelelo Drift 3x3 Black Speedcube | Beginner Cube for Kids & Adults | Magic Speed Stress Buster Brainstorming Puzzle (Multicolor) | Anti-Pop Technology | Smooth Turning | Durable	1	DEL2	SELLABLE	DEFECTIVE	LPNDEL2R70020944	
2026-05-28T07:14:18+00:00	406-6416841-8281937	1050200	B09K7QTCXP	X001GM0XER	Cubelelo Drift 5x5 Stickerless Speed Cube | AKA Professor's Cube Magic Puzzle for Kids & Adults | Smooth and Durable Speedy Brainstorming Puzzle| Ultimate Stress Buster and Mind Challenge	1	BLR5	SELLABLE	SWITCHEROO	LPNBLR5P6017067	We ordered 5x5 but you briny people sent 4xx
2026-05-28T06:51:17+00:00	405-1247494-3839550	1030604	B0DRVQVFJB	X0027JJHDB	Cubelelo Drift 3M v3 3x3 Magnetic Speedcube (Standard) | Latest Version with New & Improved Internal Structure for Smooth Turns & Stability | Cube Toy for 6-10 Years Old Boys Girls Adults	1	DEL2	SELLABLE	UNDELIVERABLE_UNKNOWN	LPNDEL2R83022924	
2026-05-28T06:43:00+00:00	403-7174570-8829911	1040300	B09HH8XQ14	X001G4QY25	Cubelelo Drift 4x4 (Black) Speedcube | Challenging Brain Teaser Puzzle Toy for Kids 7-14 Years Old Boys Girls & Adults All Ages | Fast Speed Cube for Intermediate and Advanced Cubers	1	DEL2	SELLABLE	UNDELIVERABLE_REFUSED	LPNDEL2R83910190	
2026-05-28T06:41:27+00:00	403-9113368-9937917	1050200	B09K7QTCXP	X001GM0XER	Cubelelo Drift 5x5 Stickerless Speed Cube | AKA Professor's Cube Magic Puzzle for Kids & Adults | Smooth and Durable Speedy Brainstorming Puzzle| Ultimate Stress Buster and Mind Challenge	1	BLR5	SELLABLE	QUALITY_UNACCEPTABLE	LPNBLR5P7425214	
2026-05-28T06:08:05+00:00	171-7981908-2310747	1030604	B0DRVQVFJB	X0027JJHDB	Cubelelo Drift 3M v3 3x3 Magnetic Speedcube (Standard) | Latest Version with New & Improved Internal Structure for Smooth Turns & Stability | Cube Toy for 6-10 Years Old Boys Girls Adults	1	DEL2	SELLABLE	UNDELIVERABLE_REFUSED	LPNDEL2R70525057	
2026-05-28T05:09:18+00:00	402-9088418-5896357	1120100	B08LBGYZ51	X0019BU32H	Cubelelo Drift 3x3 Mirror (Silver) Magic Speed Cube | Shape Shifter Speedcube with Durable Stickers | Advanced 3x3x3 Puzzle Toy for Kids Ages 7-14 Boys Girls & Adults | Collector's Item	1	DEL2	CUSTOMER_DAMAGED	DEFECTIVE	LPNDEL2R69923168	
2026-05-28T04:45:08+00:00	405-7686761-9738763	1030604	B0DRVQVFJB	X0027JJHDB	Cubelelo Drift 3M v3 3x3 Magnetic Speedcube (Standard) | Latest Version with New & Improved Internal Structure for Smooth Turns & Stability | Cube Toy for 6-10 Years Old Boys Girls Adults	1	DEL2	SELLABLE	UNDELIVERABLE_REFUSED	LPNDEL2R70886273	
2026-05-28T04:42:36+00:00	404-3708504-4409918	1030604	B0DRVQVFJB	X0027JJHDB	Cubelelo Drift 3M v3 3x3 Magnetic Speedcube (Standard) | Latest Version with New & Improved Internal Structure for Smooth Turns & Stability | Cube Toy for 6-10 Years Old Boys Girls Adults	1	BLR5	SELLABLE	NEVER_ARRIVED	LPNBLR5P4817940	
2026-05-28T04:26:06+00:00	405-9217893-9207560	1030400	B07XPNC385	X0012WM1NR	Cubelelo Drift 3x3 Black Speedcube | Beginner Cube for Kids & Adults | Magic Speed Stress Buster Brainstorming Puzzle (Multicolor) | Anti-Pop Technology | Smooth Turning | Durable	1	BLR5	SELLABLE	NEVER_ARRIVED	LPNBLR5P4817915	
2026-05-28T03:09:49+00:00	171-0198901-6960359	1030700_EAN	B0BRXJ9Q4G	X001P8LWWT	Cubelelo Drift 3M Plus v2 3x3 (Magnetic) Cube | New Upgraded Version Based on MoYu RS3M v5 | Dual-Adjustment System | Premium Speedcube for Kids Boys Girls Ages 4+ Year Old & Adults	1	BOM4	SELLABLE	NOT_AS_DESCRIBED	LPNBOM4N37589424	
2026-05-27T22:37:18+00:00	403-4572801-5441948	1460501	B08XK25RRF	X001VLOAKL	Cubelelo Drift 2x2 & 3x3 Cube Gift Box Combo | 2-in-1 Puzzle Toy Game Set for Children Kids & Adults Ages 4 5 6 & Above | Double the Challenge, Twice the Fun | Ultimate Value Saver Combo	1	CCX1	SELLABLE	UNDELIVERABLE_REFUSED	LPNCCX1B4607037	
2026-05-27T22:17:39+00:00	406-7494784-7676334	1030300_EAN	B0FBMGT6V7	X002C88WLZ	Cubelelo Drift Explorer 3x3 Speed Cube | Best Starter Speedcube for Beginners | Perfect Brain Teaser for Kids Ages 4 to14 Years Old & Above Boys Girls Children | Smooth Turning Puzzle Toy for Adults	1	BLR5	SELLABLE	UNDELIVERABLE_UNKNOWN	LPNBLR5P8278184	
2026-05-27T18:48:45+00:00	406-3464857-9633132	1170200	B0CZDV68CM	X001ZUSZ4F	Cubelelo Drift Windmill (Tiled) Magic Cube Puzzle | Unique Shape Mod with Premium Design, Smooth Finish Toy for Intermediate and Advanced Solvers | Suitable for Adults and Kids Ages 3 & Above	1	BLR5	SELLABLE	NEVER_ARRIVED	LPNBLR5P5096894	
2026-05-27T15:06:28+00:00	404-2315775-6279509	1630210	B09HH8CC7Y	X00262W227	Cubelelo Drift Number Sliding Magnetic Puzzle 4x4 | Toys For 6-10 Years Old Boys & Girls | 15-Blocks Brain Teaser Puzzle Game for Kids | Educational, Learning, Activity Toy for Return & Birthday Gifts	1	BLR5	SELLABLE	UNDELIVERABLE_REFUSED	LPNBLR5P6781497	
2026-05-27T14:54:50+00:00	405-2783734-3895556	1120100	B08LBGYZ51	X0019BU32H	Cubelelo Drift 3x3 Mirror (Silver) Magic Speed Cube | Shape Shifter Speedcube with Durable Stickers | Advanced 3x3x3 Puzzle Toy for Kids Ages 7-14 Boys Girls & Adults | Collector's Item	1	BLR5	SELLABLE	UNDELIVERABLE_REFUSED	LPNBLR5P7639423	
2026-05-27T14:40:44+00:00	404-6852893-5855569	1040300	B09HH8XQ14	X001G4QY25	Cubelelo Drift 4x4 (Black) Speedcube | Challenging Brain Teaser Puzzle Toy for Kids 7-14 Years Old Boys Girls & Adults All Ages | Fast Speed Cube for Intermediate and Advanced Cubers	1	BLR5	SELLABLE	UNDELIVERABLE_REFUSED	LPNBLR5P7328006	
2026-05-27T13:16:17+00:00	406-5119556-2058744	1460510	B0BZL11XWC	X001VW450P	Cubelelo Drift 4x4, 5x5 Premium Gift Box | 2-in-1 Puzzle Game Set | Challenge, Thrice The Fun | Ultimate Value Saver Combo | Brainstoming Toy for Children Kids & Adults	1	BLR5	SELLABLE	SWITCHEROO	LPNBLR5P7657276	Ordered item was 4X4 &amp; 5X5. Item received 2X2, 3X3 &amp; Drift pyraminx. Please replace with what I ordered.
2026-05-27T13:09:52+00:00	403-7773874-8593968	1030300_EAN	B0FBMGT6V7	X002C88WLZ	Cubelelo Drift Explorer 3x3 Speed Cube | Best Starter Speedcube for Beginners | Perfect Brain Teaser for Kids Ages 4 to14 Years Old & Above Boys Girls Children | Smooth Turning Puzzle Toy for Adults	1	MAA4	SELLABLE	UNDELIVERABLE_UNKNOWN	LPNMAA4Z2431043	
2026-05-27T12:27:14+00:00	407-2622174-1376352	1030300_EAN	B0FBMGT6V7	X002C88WLZ	Cubelelo Drift Explorer 3x3 Speed Cube | Best Starter Speedcube for Beginners | Perfect Brain Teaser for Kids Ages 4 to14 Years Old & Above Boys Girls Children | Smooth Turning Puzzle Toy for Adults	1	BOM4	SELLABLE	NEVER_ARRIVED	LPNBOM4N39130439	
2026-05-27T12:14:15+00:00	404-6103739-3009939	1030300_EAN	B0FBMGT6V7	X002C88WLZ	Cubelelo Drift Explorer 3x3 Speed Cube | Best Starter Speedcube for Beginners | Perfect Brain Teaser for Kids Ages 4 to14 Years Old & Above Boys Girls Children | Smooth Turning Puzzle Toy for Adults	1	BOM4	DEFECTIVE	DEFECTIVE	LPNBOM4N37767305	Stains of oil on it very bad product
2026-05-27T12:08:26+00:00	171-3590957-3985115	CLB0502	B0CL3HR7YS	X001VZMI15	Cubelelo Drift Warrior 3x3 & Premium Cube Lubricant Combo | Speed Cube Set for Fast, Smooth, Professional Solving | Ultimate Kit for All Your Speedcubing Needs Multicolor for Kids, Adults All Ages	1	CCX2	SELLABLE	UNDELIVERABLE_REFUSED	LPNCCX2B0699594	
2026-05-27T11:41:33+00:00	408-6740109-6592353	1030300_EAN	B0FBMGT6V7	X002C88WLZ	Cubelelo Drift Explorer 3x3 Speed Cube | Best Starter Speedcube for Beginners | Perfect Brain Teaser for Kids Ages 4 to14 Years Old & Above Boys Girls Children | Smooth Turning Puzzle Toy for Adults	1	BOM4	SELLABLE	SWITCHEROO	LPNBOM4N39568617	Different brand
2026-05-27T11:27:09+00:00	402-1568796-0023526	1030400	B07XPNC385	X0012WM1NR	Cubelelo Drift 3x3 Black Speedcube | Beginner Cube for Kids & Adults | Magic Speed Stress Buster Brainstorming Puzzle (Multicolor) | Anti-Pop Technology | Smooth Turning | Durable	1	BOM4	SELLABLE	UNDELIVERABLE_REFUSED	LPNBOM4N39562494	
2026-05-27T10:49:20+00:00	404-0014234-2217113	1040600	B09MZ7WP73	X001HBJE5L	Cubelelo Drift 4M 4x4 (Magnetic) Speed Cube | AKA Revenge Cube | Combines Smoothness, Stability and Durability | Toys for Kids Ages 7-14 Boys Girls and Adults All Ages | 4x4x4 Puzzle Speedcube Toy	1	BLR5	SELLABLE	DEFECTIVE	LPNBLR5P7572515	
2026-05-27T10:18:37+00:00	408-3977090-9893163	1030300_EAN	B0FBMGT6V7	X002C88WLZ	Cubelelo Drift Explorer 3x3 Speed Cube | Best Starter Speedcube for Beginners | Perfect Brain Teaser for Kids Ages 4 to14 Years Old & Above Boys Girls Children | Smooth Turning Puzzle Toy for Adults	1	BOM4	SELLABLE	UNDELIVERABLE_REFUSED	LPNBOM4N40525387	
2026-05-27T10:17:57+00:00	407-0720487-2310732	1260100	B0CJFVM7VR	X001VFDNDR	Cubelelo Drift Puppet I Speed Cube | Brain Teaser Puzzle Toys | Limited Rotation | Creative New Cube for Kids and Adults	1	CCX1	SELLABLE	UNDELIVERABLE_REFUSED	LPNCCX1B4551706	
2026-05-27T09:24:33+00:00	406-5880552-5240304	1030400	B07XPNC385	X0012WM1NR	Cubelelo Drift 3x3 Black Speedcube | Beginner Cube for Kids & Adults | Magic Speed Stress Buster Brainstorming Puzzle (Multicolor) | Anti-Pop Technology | Smooth Turning | Durable	1	CCX1	CUSTOMER_DAMAGED	DEFECTIVE	LPNCCX1B4563671	
2026-05-27T09:03:38+00:00	171-8208818-8846734	1030400	B07XPNC385	X0012WM1NR	Cubelelo Drift 3x3 Black Speedcube | Beginner Cube for Kids & Adults | Magic Speed Stress Buster Brainstorming Puzzle (Multicolor) | Anti-Pop Technology | Smooth Turning | Durable	1	BLR5	SELLABLE	UNDELIVERABLE_REFUSED	LPNBLR5P8277353	
2026-05-27T08:34:39+00:00	404-2098361-0480312	1030604	B0DRVQVFJB	X0027JJHDB	Cubelelo Drift 3M v3 3x3 Magnetic Speedcube (Standard) | Latest Version with New & Improved Internal Structure for Smooth Turns & Stability | Cube Toy for 6-10 Years Old Boys Girls Adults	1	DEL2	SELLABLE	UNDELIVERABLE_REFUSED	LPNDEL2R85331075	
2026-05-27T08:27:36+00:00	405-6523734-3778747	1120100	B08LBGYZ51	X0019BU32H	Cubelelo Drift 3x3 Mirror (Silver) Magic Speed Cube | Shape Shifter Speedcube with Durable Stickers | Advanced 3x3x3 Puzzle Toy for Kids Ages 7-14 Boys Girls & Adults | Collector's Item	1	BLR5	SELLABLE	UNDELIVERABLE_REFUSED	LPNBLR5P6809037	
2026-05-27T08:27:29+00:00	408-8519519-8750746	1030604	B0DRVQVFJB	X0027JJHDB	Cubelelo Drift 3M v3 3x3 Magnetic Speedcube (Standard) | Latest Version with New & Improved Internal Structure for Smooth Turns & Stability | Cube Toy for 6-10 Years Old Boys Girls Adults	1	BOM4	DEFECTIVE	DEFECTIVE	LPNBOM4N37601537	Received used product. Can see scratched boxes on pretty much all the corners and edges. Also, thai cube is supposed to be magnetic, but it is not.
2026-05-27T08:24:17+00:00	402-5729061-0783522	1280100a	B09QYW9DYC	X001LHLHUV	Cubelelo Drift Pyraminx Puzzle Speedcube | Beginner Starter Cube for Kids 3+ Year Old & Above | Triangle Pyramid Shape Stickerless 3x3 Cubes Toy | Ideal for Boys Girls Children 4 5 6+ Years & Adults	1	BLR5	DEFECTIVE	DAMAGED_BY_CARRIER	LPNBLR5P8262196	Product box received damaged and torn. Used or returned product has been sent. Additionally cube is Bigger Than standard  size.
2026-05-27T08:13:02+00:00	404-9896226-8399535	1030604	B0DRVQVFJB	X0027JJHDB	Cubelelo Drift 3M v3 3x3 Magnetic Speedcube (Standard) | Latest Version with New & Improved Internal Structure for Smooth Turns & Stability | Cube Toy for 6-10 Years Old Boys Girls Adults	1	BOM4	SELLABLE	UNDELIVERABLE_REFUSED	LPNBOM4N39601145	
2026-05-27T07:58:40+00:00	402-2283310-7725957	1030300_EAN	B0FBMGT6V7	X002C88WLZ	Cubelelo Drift Explorer 3x3 Speed Cube | Best Starter Speedcube for Beginners | Perfect Brain Teaser for Kids Ages 4 to14 Years Old & Above Boys Girls Children | Smooth Turning Puzzle Toy for Adults	1	CCX1	SELLABLE	UNDELIVERABLE_REFUSED	LPNCCX1B5351553	
2026-05-27T07:50:15+00:00	402-4776329-1009149	1630210	B09HH8CC7Y	X00262W227	Cubelelo Drift Number Sliding Magnetic Puzzle 4x4 | Toys For 6-10 Years Old Boys & Girls | 15-Blocks Brain Teaser Puzzle Game for Kids | Educational, Learning, Activity Toy for Return & Birthday Gifts	1	BLR5	SELLABLE	DEFECTIVE	LPNBLR5P7805032	
2026-05-27T07:48:08+00:00	403-1309103-6089923	1030400	B07XPNC385	X0012WM1NR	Cubelelo Drift 3x3 Black Speedcube | Beginner Cube for Kids & Adults | Magic Speed Stress Buster Brainstorming Puzzle (Multicolor) | Anti-Pop Technology | Smooth Turning | Durable	1	BLR5	SELLABLE	UNDELIVERABLE_REFUSED	LPNBLR5P5270222	
2026-05-27T07:26:48+00:00	402-5438697-8825160	1460501	B08XK25RRF	X001VLOAKL	Cubelelo Drift 2x2 & 3x3 Cube Gift Box Combo | 2-in-1 Puzzle Toy Game Set for Children Kids & Adults Ages 4 5 6 & Above | Double the Challenge, Twice the Fun | Ultimate Value Saver Combo	1	BOM4	SELLABLE	UNDELIVERABLE_REFUSED	LPNBOM4N39756826	
2026-05-27T07:23:44+00:00	407-2600819-3540327	1460580	B079WVQD89	X002345VBR	Cubelelo Drift 4x4 with Cube Lubricant and Stand Combo | High-Performance Speed Cube | Adjustable Tension & Smooth Turning | Durable & Reliable | Ideal for All Ages	1	CCX2	SELLABLE	SWITCHEROO	LPNCCX2B0685148	I had ordered a 4×4 cube. But i have got a 2×2 cube.
2026-05-27T07:16:12+00:00	403-8214857-7140338	1030604	B0DRVQVFJB	X0027JJHDB	Cubelelo Drift 3M v3 3x3 Magnetic Speedcube (Standard) | Latest Version with New & Improved Internal Structure for Smooth Turns & Stability | Cube Toy for 6-10 Years Old Boys Girls Adults	1	BOM4	CUSTOMER_DAMAGED	DAMAGED_BY_CARRIER	LPNBOM4N35976055	
2026-05-27T06:39:35+00:00	406-8367497-2817123	1030400	B07XPNC385	X0012WM1NR	Cubelelo Drift 3x3 Black Speedcube | Beginner Cube for Kids & Adults | Magic Speed Stress Buster Brainstorming Puzzle (Multicolor) | Anti-Pop Technology | Smooth Turning | Durable	1	BLR5	SELLABLE	UNDELIVERABLE_REFUSED	LPNBLR5P7638858	
2026-05-27T06:30:09+00:00	407-7879490-5732300	1630210	B09HH8CC7Y	X00262W227	Cubelelo Drift Number Sliding Magnetic Puzzle 4x4 | Toys For 6-10 Years Old Boys & Girls | 15-Blocks Brain Teaser Puzzle Game for Kids | Educational, Learning, Activity Toy for Return & Birthday Gifts	1	BOM4	SELLABLE	UNDELIVERABLE_REFUSED	LPNBOM4N39562216	
2026-05-27T06:25:19+00:00	407-4069210-9511560	1030300_EAN	B0FBMGT6V7	X002C88WLZ	Cubelelo Drift Explorer 3x3 Speed Cube | Best Starter Speedcube for Beginners | Perfect Brain Teaser for Kids Ages 4 to14 Years Old & Above Boys Girls Children | Smooth Turning Puzzle Toy for Adults	1	DEL2	CUSTOMER_DAMAGED	DEFECTIVE	LPNDEL2R70017063	
2026-05-27T06:18:40+00:00	406-0265250-4641937	1630210	B09HH8CC7Y	X00262W227	Cubelelo Drift Number Sliding Magnetic Puzzle 4x4 | Toys For 6-10 Years Old Boys & Girls | 15-Blocks Brain Teaser Puzzle Game for Kids | Educational, Learning, Activity Toy for Return & Birthday Gifts	1	DEL2	SELLABLE	UNDELIVERABLE_REFUSED	LPNDEL2R70900372	
2026-05-27T06:06:17+00:00	404-1398762-9323567	1280100a	B09QYW9DYC	X001LHLHUV	Cubelelo Drift Pyraminx Puzzle Speedcube | Beginner Starter Cube for Kids 3+ Year Old & Above | Triangle Pyramid Shape Stickerless 3x3 Cubes Toy | Ideal for Boys Girls Children 4 5 6+ Years & Adults	1	BLR5	SELLABLE	DEFECTIVE	LPNBLR5P7085111	Box is already open. Not sealed. Outer cover of product is torn. This was a gift ans we can&#39;t give this. Product has to be sealed well and new.
2026-05-27T05:33:35+00:00	404-4956785-0364354	1030500	B08H88N2N9	X0018CDFL3	Cubelelo Drift Warrior 3x3 Stickerless Cube | Beginner Speedcube for Kids Boys Girls Above 3 4 5 6 Years Old & Above | Magic Puzzle Toy | Durable & Smooth Cube with Anti-Pop Design 3 3	1	BLR5	SELLABLE	DEFECTIVE	LPNBLR5P7085082	
2026-05-27T05:19:05+00:00	406-3455614-6193149	1030322	B07F1M6KCP	X000WRSIMB	Cubelelo Drift 3x3 Carbon Fiber Speed Cube Puzzle | Premium Multicolor Magic Cube for Kids & Adults | Stress Relief Brain Teaser with Smooth Turns & Durable Carbon Fiber Stickers	1	BLR5	SELLABLE	UNDELIVERABLE_REFUSED	LPNBLR5P7334389	
2026-05-27T05:01:32+00:00	408-3641822-0725969	1030478	B09PYRTM4X	X001HYK0PL	Cubelelo Drift 3x3 Jelly Edition Speedcube Magic Cube Puzzle	1	DEL2	SELLABLE	NO_REASON_GIVEN	LPNDEL2R82585552	
2026-05-27T04:55:11+00:00	407-9954092-8808362	1030604	B0DRVQVFJB	X0027JJHDB	Cubelelo Drift 3M v3 3x3 Magnetic Speedcube (Standard) | Latest Version with New & Improved Internal Structure for Smooth Turns & Stability | Cube Toy for 6-10 Years Old Boys Girls Adults	1	BLR5	SELLABLE	UNDELIVERABLE_UNKNOWN	LPNBLR5P7091394	
2026-05-27T04:09:23+00:00	405-0426593-9535514	1030300_EAN	B0FBMGT6V7	X002C88WLZ	Cubelelo Drift Explorer 3x3 Speed Cube | Best Starter Speedcube for Beginners | Perfect Brain Teaser for Kids Ages 4 to14 Years Old & Above Boys Girls Children | Smooth Turning Puzzle Toy for Adults	1	BOM4	SELLABLE	UNDELIVERABLE_REFUSED	LPNBOM4N39648374	
2026-05-27T03:43:37+00:00	408-8481406-2470760	1120100	B08LBGYZ51	X0019BU32H	Cubelelo Drift 3x3 Mirror (Silver) Magic Speed Cube | Shape Shifter Speedcube with Durable Stickers | Advanced 3x3x3 Puzzle Toy for Kids Ages 7-14 Boys Girls & Adults | Collector's Item	1	BLR5	SELLABLE	UNDELIVERABLE_REFUSED	LPNBLR5P7408186	
2026-05-27T03:43:23+00:00	406-0341735-8472309	1030604	B0DRVQVFJB	X0027JJHDB	Cubelelo Drift 3M v3 3x3 Magnetic Speedcube (Standard) | Latest Version with New & Improved Internal Structure for Smooth Turns & Stability | Cube Toy for 6-10 Years Old Boys Girls Adults	1	DEL2	SELLABLE	NOT_AS_DESCRIBED	LPNDEL2R83323819	I ordered cube it deliver some magnetic game
2026-05-27T03:32:03+00:00	406-6395999-2525128	CLB0525	B0DQ8XH4J5	X00271Q95N	Cubelelo Drift 3M Plus v2 MagLev 3x3 Speedcube with Premium Pouch & Cube Lubricant Combo | Advanced MagLev Technology for Superior Stability | Ultra-Smooth Turns | Ideal for Speedcubers, Kids & Adults	1	DEL2	SELLABLE	UNDELIVERABLE_REFUSED	LPNDEL2R83373497	
2026-05-27T03:22:52+00:00	171-0802584-4084327	1030604	B0DRVQVFJB	X0027JJHDB	Cubelelo Drift 3M v3 3x3 Magnetic Speedcube (Standard) | Latest Version with New & Improved Internal Structure for Smooth Turns & Stability | Cube Toy for 6-10 Years Old Boys Girls Adults	1	DEL2	CUSTOMER_DAMAGED	DEFECTIVE	LPNDEL2R69924537	
2026-05-27T03:17:57+00:00	405-3222604-1235500	1290300	B0DB6311DK	X00239RFKR	Cubelelo Drift Megaminx v2 Cube (New Improved Version) | 12-Sided Fun and Challenging Puzzle with Ridge Design | Smooth Turning Dodecahedron | Perfect for Speed-Cubing | Ideal for Kids & Adults	1	BOM4	DAMAGED	UNDELIVERABLE_REFUSED	LPNBOM4N39592176	
2026-05-27T03:11:32+00:00	404-4691652-8399527	1030400	B07XPNC385	X0012WM1NR	Cubelelo Drift 3x3 Black Speedcube | Beginner Cube for Kids & Adults | Magic Speed Stress Buster Brainstorming Puzzle (Multicolor) | Anti-Pop Technology | Smooth Turning | Durable	1	DEL2	SELLABLE	UNDELIVERABLE_REFUSED	LPNDEL2R70574503	
2026-05-27T03:10:58+00:00	408-8526118-9370741	1040300	B09HH8XQ14	X001G4QY25	Cubelelo Drift 4x4 (Black) Speedcube | Challenging Brain Teaser Puzzle Toy for Kids 7-14 Years Old Boys Girls & Adults All Ages | Fast Speed Cube for Intermediate and Advanced Cubers	1	BOM4	SELLABLE	MISORDERED	LPNBOM4N39080384	
2026-05-27T03:06:23+00:00	404-5237206-5733912	1040300	B09HH8XQ14	X001G4QY25	Cubelelo Drift 4x4 (Black) Speedcube | Challenging Brain Teaser Puzzle Toy for Kids 7-14 Years Old Boys Girls & Adults All Ages | Fast Speed Cube for Intermediate and Advanced Cubers	1	BOM4	CUSTOMER_DAMAGED	DEFECTIVE	LPNBOM4N40295043	
2026-05-26T21:07:10+00:00	407-8437820-2434760	1460553	B0BYVHGR5H	X001WPZI9N	Cubelelo Drift 2x2, 3x3 & Pyraminx Cube Combo (Stickerless) | Ideal for Kids Above 3 4 5 6 Years Old Boys Girls | 3 in 1 Speedcube Gift Set | High Speed Puzzle 3x3x3 2x2x2 Pyramid Triangle	1	BLR5	SELLABLE	DEFECTIVE	LPNBLR5P7334129	
2026-05-26T19:16:34+00:00	404-0024792-1683539	1630202	B09B7PNSTV	X001ETHG47	Cubelelo Drift Infinity Cube (Blue) | Magic Puzzle Cool Mini Gadget for Stress and Anxiety Relief for Kids and Adults | Desk Finger Flip Toy for Fun and Game | for Ages 3 Years and Above	1	BLR5	CUSTOMER_DAMAGED	DEFECTIVE	LPNBLR5P7526464	
2026-05-26T18:58:03+00:00	408-0746954-8329911	1140022	B08169YZPG	X001602BQR	Cubelelo Drift Gear 3x3 Stickerless Cube Speed Cube | Toy for Kids & Adults | Magic Speedy Stress Buster Brainstorming Puzzle 3x3x3 (Multicolor)	1	BLR5	CUSTOMER_DAMAGED	DAMAGED_BY_FC	LPNBLR5P7088814	
2026-05-26T18:14:19+00:00	404-4207997-7745105	1030400	B07XPNC385	X0012WM1NR	Cubelelo Drift 3x3 Black Speedcube | Beginner Cube for Kids & Adults | Magic Speed Stress Buster Brainstorming Puzzle (Multicolor) | Anti-Pop Technology | Smooth Turning | Durable	1	BLR5	SELLABLE	UNDELIVERABLE_REFUSED	LPNBLR5P7564595	
2026-05-26T16:29:49+00:00	402-6303819-5738717	1460552	B0BZKZ8212	X001WQ5O6J	Cubelelo Drift Gear, Mirror (Silver) & Pyraminx Combo Stickerless | Unique Speedcube Set for Kids & Adults | Smooth & Durable Puzzles | Challenging Gift for Cubers	1	BLR5	SELLABLE	UNDELIVERABLE_REFUSED	LPNBLR5P7526281	
2026-05-26T12:31:21+00:00	402-4479551-2805114	1630222	B0GH18NXXG	X002HPDYRF	Cubelelo Drift Magnetic Tangram Puzzle | with Strong Magnets, Wooden Pieces & Bold Colors | Toys for 5-10 Years Old Boys Girls & Adults | Travel Friendly, Educational Toy for Return & Birthday Gifts	1	DEL2	SELLABLE	NO_REASON_GIVEN	LPNDEL2R82681933	
2026-05-26T12:26:35+00:00	404-7211544-2351562	1460553	B0BYVHGR5H	X001WPZI9N	Cubelelo Drift 2x2, 3x3 & Pyraminx Cube Combo (Stickerless) | Ideal for Kids Above 3 4 5 6 Years Old Boys Girls | 3 in 1 Speedcube Gift Set | High Speed Puzzle 3x3x3 2x2x2 Pyramid Triangle	1	CCX1	SELLABLE	UNDELIVERABLE_REFUSED	LPNCCX1B5362084	
2026-05-26T12:16:58+00:00	171-3289183-9725134	4001001a	B0CJBLTM11	X001VD95XL	Cubelelo Drift Daily Calendar Puzzle | A-Puzzle-A-Day | Wooden Challenging Tangram Puzzle Toys for Adults and Kids | Compact, Travel Friendly Toy for Return & Birthday Gifts	1	DEL2	SELLABLE	UNDELIVERABLE_UNKNOWN	LPNDEL2R70422150	
2026-05-26T12:06:54+00:00	406-6745168-7170747	1630201	B09QMNCWYG	X001I5SK8D	Cubelelo Drift Infinity Cube (Green) | Magic Puzzle Cool Mini Gadget for Stress and Anxiety Relief for Kids and Adults | Desk Finger Flip Toy for Fun and Game | for Ages 3 Years and Above	1	CCX1	SELLABLE	UNDELIVERABLE_REFUSED	LPNCCX1B2931233	
2026-05-26T11:52:07+00:00	405-6454455-8145115	1280600_EAN	B0BSFD6XY8	X001PEDWDF	Cubelelo Drift Pyraminx M (Magnetic) Puzzle | Toys for Kids 4 5 6 7 8 to 14 Years Old & Above Boys Girls All Ages | Stickerless Pyramid Triangle High Speed Gift Cube Toy | Travel Friendly	1	BLR5	DEFECTIVE	DAMAGED_BY_FC	LPNBLR5P6817045	Recieved broken piece
2026-05-26T11:45:57+00:00	405-7560439-7314732	1030400	B07XPNC385	X0012WM1NR	Cubelelo Drift 3x3 Black Speedcube | Beginner Cube for Kids & Adults | Magic Speed Stress Buster Brainstorming Puzzle (Multicolor) | Anti-Pop Technology | Smooth Turning | Durable	1	BLR5	SELLABLE	DEFECTIVE	LPNBLR5P8173737	
2026-05-26T11:41:32+00:00	404-6900326-1733106	1120100	B08LBGYZ51	X0019BU32H	Cubelelo Drift 3x3 Mirror (Silver) Magic Speed Cube | Shape Shifter Speedcube with Durable Stickers | Advanced 3x3x3 Puzzle Toy for Kids Ages 7-14 Boys Girls & Adults | Collector's Item	1	BLR5	SELLABLE	UNDELIVERABLE_REFUSED	LPNBLR5P7783378	
2026-05-26T11:30:19+00:00	171-7888361-0039535	1120100	B08LBGYZ51	X0019BU32H	Cubelelo Drift 3x3 Mirror (Silver) Magic Speed Cube | Shape Shifter Speedcube with Durable Stickers | Advanced 3x3x3 Puzzle Toy for Kids Ages 7-14 Boys Girls & Adults | Collector's Item	1	DEL2	SELLABLE	UNDELIVERABLE_REFUSED	LPNDEL2R83323694	
2026-05-26T11:29:05+00:00	406-4055549-1404353	1290300	B0DB6311DK	X00239RFKR	Cubelelo Drift Megaminx v2 Cube (New Improved Version) | 12-Sided Fun and Challenging Puzzle with Ridge Design | Smooth Turning Dodecahedron | Perfect for Speed-Cubing | Ideal for Kids & Adults	1	BLR5	CARRIER_DAMAGED	DAMAGED_BY_CARRIER	LPNBLR5P6792993	
2026-05-26T11:26:32+00:00	403-1737501-4163563	1030300_EAN	B0FBMGT6V7	X002C88WLZ	Cubelelo Drift Explorer 3x3 Speed Cube | Best Starter Speedcube for Beginners | Perfect Brain Teaser for Kids Ages 4 to14 Years Old & Above Boys Girls Children | Smooth Turning Puzzle Toy for Adults	1	DEL2	SELLABLE	SWITCHEROO	LPNDEL2R70518914	Please return this item I accidentally ordered this
2026-05-26T11:18:39+00:00	402-3246084-2298718	1120100	B08LBGYZ51	X0019BU32H	Cubelelo Drift 3x3 Mirror (Silver) Magic Speed Cube | Shape Shifter Speedcube with Durable Stickers | Advanced 3x3x3 Puzzle Toy for Kids Ages 7-14 Boys Girls & Adults | Collector's Item	1	BOM7	SELLABLE	UNDELIVERABLE_REFUSED	LPNBOM7D20134928	
2026-05-26T11:13:22+00:00	408-9367533-2476317	1030300_EAN	B0FBMGT6V7	X002C88WLZ	Cubelelo Drift Explorer 3x3 Speed Cube | Best Starter Speedcube for Beginners | Perfect Brain Teaser for Kids Ages 4 to14 Years Old & Above Boys Girls Children | Smooth Turning Puzzle Toy for Adults	1	CCX1	SELLABLE	UNDELIVERABLE_REFUSED	LPNCCX1B4569853	
2026-05-26T10:58:10+00:00	402-6164171-8525923	1030300_EAN	B0FBMGT6V7	X002C88WLZ	Cubelelo Drift Explorer 3x3 Speed Cube | Best Starter Speedcube for Beginners | Perfect Brain Teaser for Kids Ages 4 to14 Years Old & Above Boys Girls Children | Smooth Turning Puzzle Toy for Adults	1	BLR5	SELLABLE	UNDELIVERABLE_REFUSED	LPNBLR5P6775450	
2026-05-26T10:54:16+00:00	405-2004400-4915504	1630202	B09B7PNSTV	X001ETHG47	Cubelelo Drift Infinity Cube (Blue) | Magic Puzzle Cool Mini Gadget for Stress and Anxiety Relief for Kids and Adults | Desk Finger Flip Toy for Fun and Game | for Ages 3 Years and Above	1	BLR5	CUSTOMER_DAMAGED	DEFECTIVE	LPNBLR5P6775467	
2026-05-26T10:33:28+00:00	406-1789093-5701102	1030300_EAN	B0FBMGT6V7	X002C88WLZ	Cubelelo Drift Explorer 3x3 Speed Cube | Best Starter Speedcube for Beginners | Perfect Brain Teaser for Kids Ages 4 to14 Years Old & Above Boys Girls Children | Smooth Turning Puzzle Toy for Adults	1	BOM4	SELLABLE	UNDELIVERABLE_REFUSED	LPNBOM4N39395281	
2026-05-26T10:28:45+00:00	402-8277371-5430757	1030500	B08H88N2N9	X0018CDFL3	Cubelelo Drift Warrior 3x3 Stickerless Cube | Beginner Speedcube for Kids Boys Girls Above 3 4 5 6 Years Old & Above | Magic Puzzle Toy | Durable & Smooth Cube with Anti-Pop Design 3 3	1	BOM7	SELLABLE	UNDELIVERABLE_UNKNOWN	LPNBOM7D20074162	
2026-05-26T10:21:50+00:00	407-7499716-3629112	1030500	B08H88N2N9	X0018CDFL3	Cubelelo Drift Warrior 3x3 Stickerless Cube | Beginner Speedcube for Kids Boys Girls Above 3 4 5 6 Years Old & Above | Magic Puzzle Toy | Durable & Smooth Cube with Anti-Pop Design 3 3	1	CCX2	SELLABLE	UNDELIVERABLE_REFUSED	LPNCCX2A8913555	
2026-05-26T10:10:51+00:00	407-2836051-0017115	1030604	B0DRVQVFJB	X0027JJHDB	Cubelelo Drift 3M v3 3x3 Magnetic Speedcube (Standard) | Latest Version with New & Improved Internal Structure for Smooth Turns & Stability | Cube Toy for 6-10 Years Old Boys Girls Adults	1	CCX2	SELLABLE	DEFECTIVE	LPNCCX2B0688841	Scratches everywhere
2026-05-26T10:09:48+00:00	405-2400357-2026753	1030300_EAN	B0FBMGT6V7	X002C88WLZ	Cubelelo Drift Explorer 3x3 Speed Cube | Best Starter Speedcube for Beginners | Perfect Brain Teaser for Kids Ages 4 to14 Years Old & Above Boys Girls Children | Smooth Turning Puzzle Toy for Adults	1	DEL2	SELLABLE	UNDELIVERABLE_UNKNOWN	LPNDEL2R70521412	
2026-05-26T09:44:29+00:00	408-8888159-4491544	1310035_EAN	B0BV247KZ6	X001PWV6K3	Cubelelo Magic Snake Rainbow Puzzle Cube (24 Wedges) | Twist and Turn Shape Creation Fun Game for Kids Boys Girls and Adults | Multicolor Brain Teaser Stress Buster Toy | for Ages 3 Years and Above	1	BLR5	SELLABLE	DEFECTIVE	LPNBLR5P7333453	
2026-05-26T09:26:28+00:00	404-8131830-9756338	1290300	B0DB6311DK	X00239RFKR	Cubelelo Drift Megaminx v2 Cube (New Improved Version) | 12-Sided Fun and Challenging Puzzle with Ridge Design | Smooth Turning Dodecahedron | Perfect for Speed-Cubing | Ideal for Kids & Adults	1	BLR5	SELLABLE	UNDELIVERABLE_REFUSED	LPNBLR5P7043768	
2026-05-26T09:24:15+00:00	402-3587608-7088324	1460501	B08XK25RRF	X001VLOAKL	Cubelelo Drift 2x2 & 3x3 Cube Gift Box Combo | 2-in-1 Puzzle Toy Game Set for Children Kids & Adults Ages 4 5 6 & Above | Double the Challenge, Twice the Fun | Ultimate Value Saver Combo	1	DEL2	SELLABLE	UNDELIVERABLE_REFUSED	LPNDEL2R70185981	
2026-05-26T09:22:31+00:00	404-8150578-5273932	1630202	B09B7PNSTV	X001ETHG47	Cubelelo Drift Infinity Cube (Blue) | Magic Puzzle Cool Mini Gadget for Stress and Anxiety Relief for Kids and Adults | Desk Finger Flip Toy for Fun and Game | for Ages 3 Years and Above	1	CCX1	CUSTOMER_DAMAGED	DEFECTIVE	LPNCCX1B4599688	
2026-05-26T08:48:07+00:00	171-8040689-6335543	1460501	B08XK25RRF	X001VLOAKL	Cubelelo Drift 2x2 & 3x3 Cube Gift Box Combo | 2-in-1 Puzzle Toy Game Set for Children Kids & Adults Ages 4 5 6 & Above | Double the Challenge, Twice the Fun | Ultimate Value Saver Combo	1	BOM4	DEFECTIVE	DEFECTIVE	LPNBOM4N38855395	When i want to move a piece of a cube is damage.
2026-05-26T08:30:54+00:00	171-8831120-7083558	1030300_EAN	B0FBMGT6V7	X002C88WLZ	Cubelelo Drift Explorer 3x3 Speed Cube | Best Starter Speedcube for Beginners | Perfect Brain Teaser for Kids Ages 4 to14 Years Old & Above Boys Girls Children | Smooth Turning Puzzle Toy for Adults	1	BOM4	DEFECTIVE	MISSING_PARTS	LPNBOM4N39997432	One top  part missing
2026-05-26T08:28:19+00:00	171-3829081-1437952	1020200	B08LBJ3P8L	X0019BU39P	Cubelelo Drift 2x2 Stickerless Cube | Beginner Speedcube for Kids Boys Girls Above 3 4 5 6 Years Old & Above | Magic Puzzle Toy | Durable & Smooth Cube with Anti-Pop Design 2x2x2	1	BOM4	SELLABLE	UNDELIVERABLE_UNKNOWN	LPNBOM4N40519093	
2026-05-26T08:27:42+00:00	403-8696361-0718744	1030604	B0DRVQVFJB	X0027JJHDB	Cubelelo Drift 3M v3 3x3 Magnetic Speedcube (Standard) | Latest Version with New & Improved Internal Structure for Smooth Turns & Stability | Cube Toy for 6-10 Years Old Boys Girls Adults	1	BLR5	SELLABLE	UNDELIVERABLE_REFUSED	LPNBLR5P7088154	
2026-05-26T07:44:52+00:00	406-9141531-7125137	1030651	B0DJQWJFSX	X0025EZ04D	Cubelelo Drift 3M Plus v2 3x3 (Magnetic) (New Upgraded Version) | Based on MoYu RS3M v5 | Dual-Adjustment System | Speedcube for Kids & Adults | Magic Speedy Stress Buster Brainstorming Puzzle	1	DEL5	SELLABLE	UNDELIVERABLE_UNKNOWN	LPNDEL5S13765965	
2026-05-26T07:42:25+00:00	402-4660434-0759542	1630210	B09HH8CC7Y	X00262W227	Cubelelo Drift Number Sliding Magnetic Puzzle 4x4 | Toys For 6-10 Years Old Boys & Girls | 15-Blocks Brain Teaser Puzzle Game for Kids | Educational, Learning, Activity Toy for Return & Birthday Gifts	1	BLR5	SELLABLE	UNDELIVERABLE_REFUSED	LPNBLR5P5972313	
2026-05-26T07:07:38+00:00	405-5608098-3438768	1460510	B0BZL11XWC	X001VW450P	Cubelelo Drift 4x4, 5x5 Premium Gift Box | 2-in-1 Puzzle Game Set | Challenge, Thrice The Fun | Ultimate Value Saver Combo | Brainstoming Toy for Children Kids & Adults	1	BOM4	CUSTOMER_DAMAGED	SWITCHEROO	LPNBOM4N40404681	
2026-05-26T06:50:49+00:00	404-3617901-7113165	1310036_EAN	B0BV276B7T	X001PWQJFP	Cubelelo Magic Snake Rainbow Puzzle Cube (72 Wedges) | Twist and Turn Shape Creation Fun Game for Kids Boys Girls and Adults | Multicolor Brain Teaser Stress Buster Toy | for Ages 3 Years and Above	1	DEL2	CUSTOMER_DAMAGED	DEFECTIVE	LPNDEL2R70034692	
2026-05-26T06:33:34+00:00	402-4817897-1588315	1630201	B09QMNCWYG	X001I5SK8D	Cubelelo Drift Infinity Cube (Green) | Magic Puzzle Cool Mini Gadget for Stress and Anxiety Relief for Kids and Adults | Desk Finger Flip Toy for Fun and Game | for Ages 3 Years and Above	1	BOM4	CUSTOMER_DAMAGED	NOT_AS_DESCRIBED	LPNBOM4N39558805	
2026-05-26T06:22:59+00:00	171-2246992-3813156	1030300_EAN	B0FBMGT6V7	X002C88WLZ	Cubelelo Drift Explorer 3x3 Speed Cube | Best Starter Speedcube for Beginners | Perfect Brain Teaser for Kids Ages 4 to14 Years Old & Above Boys Girls Children | Smooth Turning Puzzle Toy for Adults	1	BLR5	SELLABLE	UNDELIVERABLE_REFUSED	LPNBLR5P7090239	
2026-05-26T06:07:26+00:00	402-6251959-7765131	1630223	B0GN1TJ7F4	X002IIXAZ7	Cubelelo Drift Clang! | 2-4 Players Classic Magnetic Attraction Strategy Game | Features 24 Magnets & Adjustable Rope | Fun Gifting Toy for Family, Teens & Adults | Compact and Travel Friendly	1	BLR5	SELLABLE	DEFECTIVE	LPNBLR5P7335498	
2026-05-26T06:02:16+00:00	403-7456510-1354764	1460510	B0BZL11XWC	X001VW450P	Cubelelo Drift 4x4, 5x5 Premium Gift Box | 2-in-1 Puzzle Game Set | Challenge, Thrice The Fun | Ultimate Value Saver Combo | Brainstoming Toy for Children Kids & Adults	1	BLR5	CUSTOMER_DAMAGED	NO_REASON_GIVEN	LPNBLR5P7887948	
2026-05-26T04:36:26+00:00	171-0080026-6654704	1030300_EAN	B0FBMGT6V7	X002C88WLZ	Cubelelo Drift Explorer 3x3 Speed Cube | Best Starter Speedcube for Beginners | Perfect Brain Teaser for Kids Ages 4 to14 Years Old & Above Boys Girls Children | Smooth Turning Puzzle Toy for Adults	1	BLR5	SELLABLE	UNDELIVERABLE_REFUSED	LPNBLR5P7561816	
2026-05-26T04:33:46+00:00	408-9344254-6429959	1060100	B09HH5R69B	X001G4MZFF	Cubelelo Drift 6x6 Stickerless Speed Cube Magic Puzzle for Kids & Adults | Advanced Level Speedcube | Speedy Stress Buster Brainstorming Cube	1	DEL2	CUSTOMER_DAMAGED	DEFECTIVE	LPNDEL2R70034613	
2026-05-26T04:28:15+00:00	407-1321980-8775537	1030300_EAN	B0FBMGT6V7	X002C88WLZ	Cubelelo Drift Explorer 3x3 Speed Cube | Best Starter Speedcube for Beginners | Perfect Brain Teaser for Kids Ages 4 to14 Years Old & Above Boys Girls Children | Smooth Turning Puzzle Toy for Adults	1	BLR5	CUSTOMER_DAMAGED	DEFECTIVE	LPNBLR5P7525593	
2026-05-26T04:25:45+00:00	405-8946094-2537120	1020200	B08LBJ3P8L	X0019BU39P	Cubelelo Drift 2x2 Stickerless Cube | Beginner Speedcube for Kids Boys Girls Above 3 4 5 6 Years Old & Above | Magic Puzzle Toy | Durable & Smooth Cube with Anti-Pop Design 2x2x2	1	BLR5	SELLABLE	UNDELIVERABLE_REFUSED	LPNBLR5P7605959	
2026-05-26T04:12:40+00:00	402-2640490-1728353	1140034	B0CP1XHDTC	X001WWIYG5	Cubelelo Drift Gear 3x3 Tiled Black Puzzle - Unique Gear Mechanism Speedcube for Enthusiasts & Beginners | Durable, Smooth-Turning, and Visually Striking 3x3 Magic Cube for Kid	1	HYD8	SELLABLE	UNDELIVERABLE_REFUSED	LPNHYD8DZ64385	
2026-05-26T04:08:43+00:00	406-4224939-3261944	1630222	B0GH18NXXG	X002HPDYRF	Cubelelo Drift Magnetic Tangram Puzzle | with Strong Magnets, Wooden Pieces & Bold Colors | Toys for 5-10 Years Old Boys Girls & Adults | Travel Friendly, Educational Toy for Return & Birthday Gifts	1	CCX1	SELLABLE	UNDELIVERABLE_REFUSED	LPNCCX1B4565428	
2026-05-26T04:03:56+00:00	408-3602660-6435511	1630207	B0CNXPFMRV	X001WVG7RT	Cubelelo Drift Rainbow Ball Puzzle | Compact, Multicolor Sphere (Fidget Toy) | Portable Brain Teaser for Kids & Adults | Stress Relief & Fun On-The-Go Puzzle	1	DEL2	CUSTOMER_DAMAGED	DEFECTIVE	LPNDEL2R83021711	
2026-05-26T04:03:25+00:00	403-3284689-3273941	1140022	B08169YZPG	X001602BQR	Cubelelo Drift Gear 3x3 Stickerless Cube Speed Cube | Toy for Kids & Adults | Magic Speedy Stress Buster Brainstorming Puzzle 3x3x3 (Multicolor)	1	BOM4	CUSTOMER_DAMAGED	DEFECTIVE	LPNBOM4N39127454	
2026-05-26T03:16:14+00:00	405-0446998-8356307	1630207	B0CNXPFMRV	X001WVG7RT	Cubelelo Drift Rainbow Ball Puzzle | Compact, Multicolor Sphere (Fidget Toy) | Portable Brain Teaser for Kids & Adults | Stress Relief & Fun On-The-Go Puzzle	1	BOM4	CUSTOMER_DAMAGED	DEFECTIVE	LPNBOM4N40425952	
2026-05-25T22:25:39+00:00	408-5027196-1472332	1030603	B0DRVMTFN1	X0027JJ8K3	Cubelelo Drift 3M v3 3x3 (Magnetic UV Coated) Speedcube - New Version | Premium Glossy Finish, Ultra Fast & Smooth Turns, Enhanced Auto-Alignment with 48 Magnets | Puzzle Cube for Kids & Adults	1	BLR5	CUSTOMER_DAMAGED	NOT_AS_DESCRIBED	LPNBLR5P7766314	
2026-05-25T22:18:38+00:00	404-4540238-2270749	1030400	B07XPNC385	X0012WM1NR	Cubelelo Drift 3x3 Black Speedcube | Beginner Cube for Kids & Adults | Magic Speed Stress Buster Brainstorming Puzzle (Multicolor) | Anti-Pop Technology | Smooth Turning | Durable	1	BLR5	SELLABLE	UNDELIVERABLE_UNKNOWN	LPNBLR5P7089989	
2026-05-25T20:54:45+00:00	406-0575012-0489144	1630222	B0GH18NXXG	X002HPDYRF	Cubelelo Drift Magnetic Tangram Puzzle | with Strong Magnets, Wooden Pieces & Bold Colors | Toys for 5-10 Years Old Boys Girls & Adults | Travel Friendly, Educational Toy for Return & Birthday Gifts	1	BLR5	SELLABLE	UNDELIVERABLE_UNKNOWN	LPNBLR5P7531235	
2026-05-25T20:04:49+00:00	405-7721819-0973120	1310036_EAN	B0BV276B7T	X001PWQJFP	Cubelelo Magic Snake Rainbow Puzzle Cube (72 Wedges) | Twist and Turn Shape Creation Fun Game for Kids Boys Girls and Adults | Multicolor Brain Teaser Stress Buster Toy | for Ages 3 Years and Above	1	BLR5	SELLABLE	UNDELIVERABLE_REFUSED	LPNBLR5P7089808	
2026-05-25T19:02:58+00:00	407-8812119-4653126	1030300_EAN	B0FBMGT6V7	X002C88WLZ	Cubelelo Drift Explorer 3x3 Speed Cube | Best Starter Speedcube for Beginners | Perfect Brain Teaser for Kids Ages 4 to14 Years Old & Above Boys Girls Children | Smooth Turning Puzzle Toy for Adults	1	BLR5	CUSTOMER_DAMAGED	MISSING_PARTS	LPNBLR5P7596386	
2026-05-25T18:31:49+00:00	171-9663831-4698703	1630202	B09B7PNSTV	X001ETHG47	Cubelelo Drift Infinity Cube (Blue) | Magic Puzzle Cool Mini Gadget for Stress and Anxiety Relief for Kids and Adults | Desk Finger Flip Toy for Fun and Game | for Ages 3 Years and Above	1	CCX1	CUSTOMER_DAMAGED	DEFECTIVE	LPNCCX1B5346502	
2026-05-25T15:25:39+00:00	407-1536245-0422761	1030500	B08H88N2N9	X0018CDFL3	Cubelelo Drift Warrior 3x3 Stickerless Cube | Beginner Speedcube for Kids Boys Girls Above 3 4 5 6 Years Old & Above | Magic Puzzle Toy | Durable & Smooth Cube with Anti-Pop Design 3 3	1	BLR5	SELLABLE	DEFECTIVE	LPNBLR5P7084376	
2026-05-25T13:51:10+00:00	402-3877892-8693947	1040400	B0FL7TDJLF	X002DFU80F	Cubelelo Drift 4x4 Stickerless Cube Puzzle Toy | Combines Smoothness, Stability & Durability | 4x4x4 Speedcube for Beginners| Suitable for Kids Ages 6 to 14 Years Old, Boys, Girls & Adults	1	BLR5	SELLABLE	UNDELIVERABLE_REFUSED	LPNBLR5P7596050	
2026-05-25T13:46:31+00:00	404-6149699-3952307	1460516	B0CGNS9F16	X001VZFXX5	Cubelelo Drift 3x3, 4x4 & 5x5 Stickerless Gift Box | 3-in-1 Puzzle Game Set | Triple the Challenge, Thrice the Fun | Ultimate Value Saver Combo | Brainstoming Toy for Children Kids & Adults	1	BLR5	SELLABLE	DEFECTIVE	LPNBLR5P7084292	
2026-05-25T13:09:12+00:00	408-0919674-6089934	1630210	B09HH8CC7Y	X00262W227	Cubelelo Drift Number Sliding Magnetic Puzzle 4x4 | Toys For 6-10 Years Old Boys & Girls | 15-Blocks Brain Teaser Puzzle Game for Kids | Educational, Learning, Activity Toy for Return & Birthday Gifts	1	BLR5	SELLABLE	UNDELIVERABLE_UNKNOWN	LPNBLR5P7637945	
2026-05-25T12:51:25+00:00	402-6083184-9657926	1120100	B08LBGYZ51	X0019BU32H	Cubelelo Drift 3x3 Mirror (Silver) Magic Speed Cube | Shape Shifter Speedcube with Durable Stickers | Advanced 3x3x3 Puzzle Toy for Kids Ages 7-14 Boys Girls & Adults | Collector's Item	1	BLR5	SELLABLE	UNDELIVERABLE_REFUSED	LPNBLR5P7332573	
2026-05-25T12:35:27+00:00	403-3095061-0134706	1030400	B07XPNC385	X0012WM1NR	Cubelelo Drift 3x3 Black Speedcube | Beginner Cube for Kids & Adults | Magic Speed Stress Buster Brainstorming Puzzle (Multicolor) | Anti-Pop Technology | Smooth Turning | Durable	1	DEL2	SELLABLE	UNDELIVERABLE_REFUSED	LPNDEL2R83935321	
2026-05-25T12:15:46+00:00	408-3839750-1646765	1040400	B0FL7TDJLF	X002DFU80F	Cubelelo Drift 4x4 Stickerless Cube Puzzle Toy | Combines Smoothness, Stability & Durability | 4x4x4 Speedcube for Beginners| Suitable for Kids Ages 6 to 14 Years Old, Boys, Girls & Adults	1	BOM4	SELLABLE	UNDELIVERABLE_REFUSED	LPNBOM4N40428664	
2026-05-25T12:03:29+00:00	408-8124903-0729963	1030604	B0DRVQVFJB	X0027JJHDB	Cubelelo Drift 3M v3 3x3 Magnetic Speedcube (Standard) | Latest Version with New & Improved Internal Structure for Smooth Turns & Stability | Cube Toy for 6-10 Years Old Boys Girls Adults	1	BOM4	SELLABLE	UNDELIVERABLE_REFUSED	LPNBOM4N39591868	
2026-05-25T11:59:25+00:00	171-1476256-6400309	1030300_EAN	B0FBMGT6V7	X002C88WLZ	Cubelelo Drift Explorer 3x3 Speed Cube | Best Starter Speedcube for Beginners | Perfect Brain Teaser for Kids Ages 4 to14 Years Old & Above Boys Girls Children | Smooth Turning Puzzle Toy for Adults	1	BOM4	SELLABLE	UNDELIVERABLE_REFUSED	LPNBOM4N39591862	
2026-05-25T11:56:47+00:00	407-9879532-7462719	1030300_EAN	B0FBMGT6V7	X002C88WLZ	Cubelelo Drift Explorer 3x3 Speed Cube | Best Starter Speedcube for Beginners | Perfect Brain Teaser for Kids Ages 4 to14 Years Old & Above Boys Girls Children | Smooth Turning Puzzle Toy for Adults	1	BOM4	DEFECTIVE	DEFECTIVE	LPNBOM4N39611157	The cube was used and stains of oil were on it very bad product
2026-05-25T11:40:38+00:00	403-1045650-6956343	1630210	B09HH8CC7Y	X00262W227	Cubelelo Drift Number Sliding Magnetic Puzzle 4x4 | Toys For 6-10 Years Old Boys & Girls | 15-Blocks Brain Teaser Puzzle Game for Kids | Educational, Learning, Activity Toy for Return & Birthday Gifts	1	CCX1	SELLABLE	UNDELIVERABLE_UNKNOWN	LPNCCX1B5164846	
2026-05-25T10:58:26+00:00	402-9330276-1173151	1030300_EAN	B0FBMGT6V7	X002C88WLZ	Cubelelo Drift Explorer 3x3 Speed Cube | Best Starter Speedcube for Beginners | Perfect Brain Teaser for Kids Ages 4 to14 Years Old & Above Boys Girls Children | Smooth Turning Puzzle Toy for Adults	1	BOM4	SELLABLE	UNDELIVERABLE_REFUSED	LPNBOM4N39558308	
2026-05-25T09:33:57+00:00	402-6956044-1274742	1460510	B0BZL11XWC	X001VW450P	Cubelelo Drift 4x4, 5x5 Premium Gift Box | 2-in-1 Puzzle Game Set | Challenge, Thrice The Fun | Ultimate Value Saver Combo | Brainstoming Toy for Children Kids & Adults	1	BLR5	SELLABLE	UNDELIVERABLE_REFUSED	LPNBLR5P7356271	
2026-05-25T09:31:46+00:00	404-9315252-5398725	1030604	B0DRVQVFJB	X0027JJHDB	Cubelelo Drift 3M v3 3x3 Magnetic Speedcube (Standard) | Latest Version with New & Improved Internal Structure for Smooth Turns & Stability | Cube Toy for 6-10 Years Old Boys Girls Adults	1	DEL2	SELLABLE	SWITCHEROO	LPNDEL2R83783863	
2026-05-25T09:28:33+00:00	407-1192672-4201143	1460553	B0BYVHGR5H	X001WPZI9N	Cubelelo Drift 2x2, 3x3 & Pyraminx Cube Combo (Stickerless) | Ideal for Kids Above 3 4 5 6 Years Old Boys Girls | 3 in 1 Speedcube Gift Set | High Speed Puzzle 3x3x3 2x2x2 Pyramid Triangle	1	DEL2	SELLABLE	UNDELIVERABLE_REFUSED	LPNDEL2R69834026	
2026-05-25T09:09:18+00:00	403-0269854-0399510	1030478	B09PYRTM4X	X001HYK0PL	Cubelelo Drift 3x3 Jelly Edition Speedcube Magic Cube Puzzle	1	BOM4	SELLABLE	UNDELIVERABLE_REFUSED	LPNBOM4N39558198	
2026-05-25T09:06:53+00:00	404-5220870-4691546	1030300_EAN	B0FBMGT6V7	X002C88WLZ	Cubelelo Drift Explorer 3x3 Speed Cube | Best Starter Speedcube for Beginners | Perfect Brain Teaser for Kids Ages 4 to14 Years Old & Above Boys Girls Children | Smooth Turning Puzzle Toy for Adults	1	BOM4	SELLABLE	UNDELIVERABLE_REFUSED	LPNBOM4N39558192	
2026-05-25T09:05:43+00:00	404-1911704-8114736	1020200	B08LBJ3P8L	X0019BU39P	Cubelelo Drift 2x2 Stickerless Cube | Beginner Speedcube for Kids Boys Girls Above 3 4 5 6 Years Old & Above | Magic Puzzle Toy | Durable & Smooth Cube with Anti-Pop Design 2x2x2	1	BLR5	SELLABLE	UNDELIVERABLE_UNKNOWN	LPNBLR5P7407296	
2026-05-25T09:05:33+00:00	407-9143619-4697148	1630210	B09HH8CC7Y	X00262W227	Cubelelo Drift Number Sliding Magnetic Puzzle 4x4 | Toys For 6-10 Years Old Boys & Girls | 15-Blocks Brain Teaser Puzzle Game for Kids | Educational, Learning, Activity Toy for Return & Birthday Gifts	1	BLR5	SELLABLE	UNDELIVERABLE_REFUSED	LPNBLR5P5936924	
2026-05-25T09:05:33+00:00	407-5517819-3239515	1630210	B09HH8CC7Y	X00262W227	Cubelelo Drift Number Sliding Magnetic Puzzle 4x4 | Toys For 6-10 Years Old Boys & Girls | 15-Blocks Brain Teaser Puzzle Game for Kids | Educational, Learning, Activity Toy for Return & Birthday Gifts	1	BLR5	SELLABLE	UNDELIVERABLE_REFUSED	LPNBLR5P5936922	
2026-05-25T08:37:44+00:00	407-9061555-8973153	1030604	B0DRVQVFJB	X0027JJHDB	Cubelelo Drift 3M v3 3x3 Magnetic Speedcube (Standard) | Latest Version with New & Improved Internal Structure for Smooth Turns & Stability | Cube Toy for 6-10 Years Old Boys Girls Adults	1	DEL2	SELLABLE	SWITCHEROO	LPNDEL2R83735529	
2026-05-25T08:30:47+00:00	405-0343913-9349966	1460501	B08XK25RRF	X001VLOAKL	Cubelelo Drift 2x2 & 3x3 Cube Gift Box Combo | 2-in-1 Puzzle Toy Game Set for Children Kids & Adults Ages 4 5 6 & Above | Double the Challenge, Twice the Fun | Ultimate Value Saver Combo	1	BOM4	SELLABLE	UNDELIVERABLE_REFUSED	LPNBOM4N39604983	
2026-05-25T08:30:30+00:00	404-4647030-2385116	1040300	B09HH8XQ14	X001G4QY25	Cubelelo Drift 4x4 (Black) Speedcube | Challenging Brain Teaser Puzzle Toy for Kids 7-14 Years Old Boys Girls & Adults All Ages | Fast Speed Cube for Intermediate and Advanced Cubers	1	BLR5	CUSTOMER_DAMAGED	DEFECTIVE	LPNBLR5P5269973	
2026-05-25T08:14:50+00:00	404-8484877-1705909	1020200	B08LBJ3P8L	X0019BU39P	Cubelelo Drift 2x2 Stickerless Cube | Beginner Speedcube for Kids Boys Girls Above 3 4 5 6 Years Old & Above | Magic Puzzle Toy | Durable & Smooth Cube with Anti-Pop Design 2x2x2	1	BLR5	SELLABLE	UNDELIVERABLE_UNKNOWN	LPNBLR5P8138287	
2026-05-25T08:13:15+00:00	404-9392933-7329959	1030400	B07XPNC385	X0012WM1NR	Cubelelo Drift 3x3 Black Speedcube | Beginner Cube for Kids & Adults | Magic Speed Stress Buster Brainstorming Puzzle (Multicolor) | Anti-Pop Technology | Smooth Turning | Durable	1	BLR5	SELLABLE	DEFECTIVE	LPNBLR5P6785167	
2026-05-25T08:11:46+00:00	402-3285767-2677110	1030300_EAN	B0FBMGT6V7	X002C88WLZ	Cubelelo Drift Explorer 3x3 Speed Cube | Best Starter Speedcube for Beginners | Perfect Brain Teaser for Kids Ages 4 to14 Years Old & Above Boys Girls Children | Smooth Turning Puzzle Toy for Adults	1	BLR5	SELLABLE	DEFECTIVE	LPNBLR5P7776165	
2026-05-25T07:58:43+00:00	404-8018872-1694700	1040600	B09MZ7WP73	X001HBJE5L	Cubelelo Drift 4M 4x4 (Magnetic) Speed Cube | AKA Revenge Cube | Combines Smoothness, Stability and Durability | Toys for Kids Ages 7-14 Boys Girls and Adults All Ages | 4x4x4 Puzzle Speedcube Toy	1	BLR5	SELLABLE	DEFECTIVE	LPNBLR5P7656305	
2026-05-25T07:50:24+00:00	402-2398191-6270713	1460510	B0BZL11XWC	X001VW450P	Cubelelo Drift 4x4, 5x5 Premium Gift Box | 2-in-1 Puzzle Game Set | Challenge, Thrice The Fun | Ultimate Value Saver Combo | Brainstoming Toy for Children Kids & Adults	1	BLR5	SELLABLE	UNDELIVERABLE_REFUSED	LPNBLR5P6785192	
2026-05-25T07:22:40+00:00	405-1671777-4291561	1030300_EAN	B0FBMGT6V7	X002C88WLZ	Cubelelo Drift Explorer 3x3 Speed Cube | Best Starter Speedcube for Beginners | Perfect Brain Teaser for Kids Ages 4 to14 Years Old & Above Boys Girls Children | Smooth Turning Puzzle Toy for Adults	1	DEL2	SELLABLE	UNDELIVERABLE_REFUSED	LPNDEL2R83559984	
2026-05-25T07:20:47+00:00	405-9959885-1561146	1270100	B09BZPFCZ8	X001F0AT1H	Cubelelo Drift Mastermorphix Stickerless Cube Puzzle for Kids & Adults Speedy Stress Buster Brainstorming Cube	1	BOM4	SELLABLE	SWITCHEROO	LPNBOM4N40394321	
2026-05-25T06:45:55+00:00	406-8051838-2099551	1040300	B09HH8XQ14	X001G4QY25	Cubelelo Drift 4x4 (Black) Speedcube | Challenging Brain Teaser Puzzle Toy for Kids 7-14 Years Old Boys Girls & Adults All Ages | Fast Speed Cube for Intermediate and Advanced Cubers	1	BOM4	CUSTOMER_DAMAGED	DEFECTIVE	LPNBOM4N39640039	
2026-05-25T06:34:10+00:00	406-8541480-6355501	1040400	B0FL7TDJLF	X002DFU80F	Cubelelo Drift 4x4 Stickerless Cube Puzzle Toy | Combines Smoothness, Stability & Durability | 4x4x4 Speedcube for Beginners| Suitable for Kids Ages 6 to 14 Years Old, Boys, Girls & Adults	1	DEL2	SELLABLE	UNWANTED_ITEM	LPNDEL2R83783706	
2026-05-25T06:25:40+00:00	171-2645679-5544332	1630202	B09B7PNSTV	X001ETHG47	Cubelelo Drift Infinity Cube (Blue) | Magic Puzzle Cool Mini Gadget for Stress and Anxiety Relief for Kids and Adults | Desk Finger Flip Toy for Fun and Game | for Ages 3 Years and Above	1	DEL2	SELLABLE	UNDELIVERABLE_UNKNOWN	LPNDEL2R85181819	
2026-05-25T06:16:33+00:00	402-7333422-5159513	1050200	B09K7QTCXP	X001GM0XER	Cubelelo Drift 5x5 Stickerless Speed Cube | AKA Professor's Cube Magic Puzzle for Kids & Adults | Smooth and Durable Speedy Brainstorming Puzzle| Ultimate Stress Buster and Mind Challenge	1	BLR5	SELLABLE	UNDELIVERABLE_REFUSED	LPNBLR5P7765309	
2026-05-25T06:10:34+00:00	408-5760536-6762747	1020200	B08LBJ3P8L	X0019BU39P	Cubelelo Drift 2x2 Stickerless Cube | Beginner Speedcube for Kids Boys Girls Above 3 4 5 6 Years Old & Above | Magic Puzzle Toy | Durable & Smooth Cube with Anti-Pop Design 2x2x2	1	DEL2	SELLABLE	NO_REASON_GIVEN	LPNDEL2R82584960	
2026-05-25T06:09:22+00:00	404-1119539-0935530	1040400	B0FL7TDJLF	X002DFU80F	Cubelelo Drift 4x4 Stickerless Cube Puzzle Toy | Combines Smoothness, Stability & Durability | 4x4x4 Speedcube for Beginners| Suitable for Kids Ages 6 to 14 Years Old, Boys, Girls & Adults	1	BLR5	SELLABLE	NO_REASON_GIVEN	LPNBLR5P7356093	
2026-05-25T06:07:34+00:00	405-2231061-8246737	1030500	B08H88N2N9	X0018CDFL3	Cubelelo Drift Warrior 3x3 Stickerless Cube | Beginner Speedcube for Kids Boys Girls Above 3 4 5 6 Years Old & Above | Magic Puzzle Toy | Durable & Smooth Cube with Anti-Pop Design 3 3	1	DEL2	SELLABLE	UNDELIVERABLE_REFUSED	LPNDEL2R70185102	
2026-05-25T04:19:09+00:00	404-7760345-7206761	1030604	B0DRVQVFJB	X0027JJHDB	Cubelelo Drift 3M v3 3x3 Magnetic Speedcube (Standard) | Latest Version with New & Improved Internal Structure for Smooth Turns & Stability | Cube Toy for 6-10 Years Old Boys Girls Adults	1	BOM4	CUSTOMER_DAMAGED	SWITCHEROO	LPNBOM4N39644453	
2026-05-25T03:51:15+00:00	408-6366206-5670700	1030500	B08H88N2N9	X0018CDFL3	Cubelelo Drift Warrior 3x3 Stickerless Cube | Beginner Speedcube for Kids Boys Girls Above 3 4 5 6 Years Old & Above | Magic Puzzle Toy | Durable & Smooth Cube with Anti-Pop Design 3 3	1	DEL2	CUSTOMER_DAMAGED	DEFECTIVE	LPNDEL2R83934919	
2026-05-25T03:47:49+00:00	171-7988442-3392365	1630222	B0GH18NXXG	X002HPDYRF	Cubelelo Drift Magnetic Tangram Puzzle | with Strong Magnets, Wooden Pieces & Bold Colors | Toys for 5-10 Years Old Boys Girls & Adults | Travel Friendly, Educational Toy for Return & Birthday Gifts	1	DEL2	SELLABLE	UNDELIVERABLE_REFUSED	LPNDEL2R83503745	
2026-05-25T03:39:42+00:00	406-3306650-1199566	1030322	B07F1M6KCP	X000WRSIMB	Cubelelo Drift 3x3 Carbon Fiber Speed Cube Puzzle | Premium Multicolor Magic Cube for Kids & Adults | Stress Relief Brain Teaser with Smooth Turns & Durable Carbon Fiber Stickers	1	BOM4	SELLABLE	DEFECTIVE	LPNBOM4N39632928	
2026-05-24T21:03:22+00:00	171-0246492-5935517	1030300_EAN	B0FBMGT6V7	X002C88WLZ	Cubelelo Drift Explorer 3x3 Speed Cube | Best Starter Speedcube for Beginners | Perfect Brain Teaser for Kids Ages 4 to14 Years Old & Above Boys Girls Children | Smooth Turning Puzzle Toy for Adults	1	BLR5	SELLABLE	UNDELIVERABLE_REFUSED	LPNBLR5P7855076	
2026-05-24T13:56:12+00:00	404-7467815-6250729	1630223	B0GN1TJ7F4	X002IIXAZ7	Cubelelo Drift Clang! | 2-4 Players Classic Magnetic Attraction Strategy Game | Features 24 Magnets & Adjustable Rope | Fun Gifting Toy for Family, Teens & Adults | Compact and Travel Friendly	1	BLR5	SELLABLE	DEFECTIVE	LPNBLR5P7891208	
2026-05-24T12:36:11+00:00	404-8539130-6697961	1460510	B0BZL11XWC	X001VW450P	Cubelelo Drift 4x4, 5x5 Premium Gift Box | 2-in-1 Puzzle Game Set | Challenge, Thrice The Fun | Ultimate Value Saver Combo | Brainstoming Toy for Children Kids & Adults	1	BLR5	SELLABLE	UNDELIVERABLE_REFUSED	LPNBLR5P7072765	
2026-05-24T12:02:39+00:00	171-4595671-9661169	1630210	B09HH8CC7Y	X00262W227	Cubelelo Drift Number Sliding Magnetic Puzzle 4x4 | Toys For 6-10 Years Old Boys & Girls | 15-Blocks Brain Teaser Puzzle Game for Kids | Educational, Learning, Activity Toy for Return & Birthday Gifts	1	BLR5	SELLABLE	UNDELIVERABLE_REFUSED	LPNBLR5P7038613	
2026-05-24T11:55:39+00:00	405-5098870-1853147	1030604	B0DRVQVFJB	X0027JJHDB	Cubelelo Drift 3M v3 3x3 Magnetic Speedcube (Standard) | Latest Version with New & Improved Internal Structure for Smooth Turns & Stability | Cube Toy for 6-10 Years Old Boys Girls Adults	1	CCX1	CARRIER_DAMAGED	UNDELIVERABLE_REFUSED	LPNCCX1B5350300	
2026-05-24T11:52:33+00:00	408-4728183-5672343	1630222	B0GH18NXXG	X002HPDYRF	Cubelelo Drift Magnetic Tangram Puzzle | with Strong Magnets, Wooden Pieces & Bold Colors | Toys for 5-10 Years Old Boys Girls & Adults | Travel Friendly, Educational Toy for Return & Birthday Gifts	1	BOM4	SELLABLE	UNDELIVERABLE_UNKNOWN	LPNBOM4N39560484	
2026-05-24T11:43:34+00:00	407-4907070-8709159	1630210	B09HH8CC7Y	X00262W227	Cubelelo Drift Number Sliding Magnetic Puzzle 4x4 | Toys For 6-10 Years Old Boys & Girls | 15-Blocks Brain Teaser Puzzle Game for Kids | Educational, Learning, Activity Toy for Return & Birthday Gifts	1	BOM4	SELLABLE	SWITCHEROO	LPNBOM4N40388460	
2026-05-24T11:34:50+00:00	407-1738581-8187540	1030500	B08H88N2N9	X0018CDFL3	Cubelelo Drift Warrior 3x3 Stickerless Cube | Beginner Speedcube for Kids Boys Girls Above 3 4 5 6 Years Old & Above | Magic Puzzle Toy | Durable & Smooth Cube with Anti-Pop Design 3 3	1	CCX1	SELLABLE	UNDELIVERABLE_UNKNOWN	LPNCCX1B5360792	
2026-05-24T11:33:43+00:00	171-5483984-7491563	1030400	B07XPNC385	X0012WM1NR	Cubelelo Drift 3x3 Black Speedcube | Beginner Cube for Kids & Adults | Magic Speed Stress Buster Brainstorming Puzzle (Multicolor) | Anti-Pop Technology | Smooth Turning | Durable	1	DEL4	SELLABLE	UNDELIVERABLE_UNKNOWN	LPNDEL4AA3972799	
2026-05-24T11:17:25+00:00	408-1120698-7365935	1030300_EAN	B0FBMGT6V7	X002C88WLZ	Cubelelo Drift Explorer 3x3 Speed Cube | Best Starter Speedcube for Beginners | Perfect Brain Teaser for Kids Ages 4 to14 Years Old & Above Boys Girls Children | Smooth Turning Puzzle Toy for Adults	1	CCX1	SELLABLE	UNDELIVERABLE_UNKNOWN	LPNCCX1B5274408	
2026-05-24T11:08:39+00:00	406-9499658-5637939	1020200	B08LBJ3P8L	X0019BU39P	Cubelelo Drift 2x2 Stickerless Cube | Beginner Speedcube for Kids Boys Girls Above 3 4 5 6 Years Old & Above | Magic Puzzle Toy | Durable & Smooth Cube with Anti-Pop Design 2x2x2	1	DEL2	CUSTOMER_DAMAGED	DEFECTIVE	LPNDEL2R69514612	
2026-05-24T11:05:29+00:00	404-1395365-6114743	1630222	B0GH18NXXG	X002HPDYRF	Cubelelo Drift Magnetic Tangram Puzzle | with Strong Magnets, Wooden Pieces & Bold Colors | Toys for 5-10 Years Old Boys Girls & Adults | Travel Friendly, Educational Toy for Return & Birthday Gifts	1	BOM4	SELLABLE	MISSING_PARTS	LPNBOM4N40405361	didnt find the product anywhere and it says delivered
2026-05-24T11:03:40+00:00	402-5620120-8653912	1460553	B0BYVHGR5H	X001WPZI9N	Cubelelo Drift 2x2, 3x3 & Pyraminx Cube Combo (Stickerless) | Ideal for Kids Above 3 4 5 6 Years Old Boys Girls | 3 in 1 Speedcube Gift Set | High Speed Puzzle 3x3x3 2x2x2 Pyramid Triangle	1	BOM4	SELLABLE	UNDELIVERABLE_REFUSED	LPNBOM4N40388412	
2026-05-24T10:53:47+00:00	405-9276704-8073149	1030300_EAN	B0FBMGT6V7	X002C88WLZ	Cubelelo Drift Explorer 3x3 Speed Cube | Best Starter Speedcube for Beginners | Perfect Brain Teaser for Kids Ages 4 to14 Years Old & Above Boys Girls Children | Smooth Turning Puzzle Toy for Adults	1	ATX1	DAMAGED	UNDELIVERABLE_UNKNOWN	LPNATX1A2261401	
2026-05-24T10:46:38+00:00	404-8321576-9094763	1460553	B0BYVHGR5H	X001WPZI9N	Cubelelo Drift 2x2, 3x3 & Pyraminx Cube Combo (Stickerless) | Ideal for Kids Above 3 4 5 6 Years Old Boys Girls | 3 in 1 Speedcube Gift Set | High Speed Puzzle 3x3x3 2x2x2 Pyramid Triangle	1	BOM4	SELLABLE	UNDELIVERABLE_REFUSED	LPNBOM4N39633814	
2026-05-24T10:22:39+00:00	171-0026573-8241928	1270100	B09BZPFCZ8	X001F0AT1H	Cubelelo Drift Mastermorphix Stickerless Cube Puzzle for Kids & Adults Speedy Stress Buster Brainstorming Cube	1	BOM4	CUSTOMER_DAMAGED	DEFECTIVE	LPNBOM4N37606261	
2026-05-24T09:48:00+00:00	406-8587552-1795524	1030300_EAN	B0FBMGT6V7	X002C88WLZ	Cubelelo Drift Explorer 3x3 Speed Cube | Best Starter Speedcube for Beginners | Perfect Brain Teaser for Kids Ages 4 to14 Years Old & Above Boys Girls Children | Smooth Turning Puzzle Toy for Adults	1	DEL2	SELLABLE	UNDELIVERABLE_REFUSED	LPNDEL2R70292869	
2026-05-24T09:43:25+00:00	404-2058134-2061155	1120100	B08LBGYZ51	X0019BU32H	Cubelelo Drift 3x3 Mirror (Silver) Magic Speed Cube | Shape Shifter Speedcube with Durable Stickers | Advanced 3x3x3 Puzzle Toy for Kids Ages 7-14 Boys Girls & Adults | Collector's Item	1	BLR5	CUSTOMER_DAMAGED	DEFECTIVE	LPNBLR5P7890965	
2026-05-24T09:13:39+00:00	405-6688713-4235552	1120039	B0DRVW5BNS	X0027ISPWL	Cubelelo Drift 3x3 Mirror Blue (Tiled) Speed Cube | New Blue Version Looks Stunning with Buttery Smooth Turns | Ideal for Kids Above 5 6 Years Old Boys Girls | 3x3x3 Shape-Shifting Design Puzzle Toy	1	BOM4	SELLABLE	UNDELIVERABLE_UNKNOWN	LPNBOM4N37603004	
2026-05-24T08:39:52+00:00	403-0609522-0862747	1310036_EAN	B0BV276B7T	X001PWQJFP	Cubelelo Magic Snake Rainbow Puzzle Cube (72 Wedges) | Twist and Turn Shape Creation Fun Game for Kids Boys Girls and Adults | Multicolor Brain Teaser Stress Buster Toy | for Ages 3 Years and Above	1	DEL2	SELLABLE	SWITCHEROO	LPNDEL2R70520260	
2026-05-24T08:30:09+00:00	406-6538459-1286745	1030300_EAN	B0FBMGT6V7	X002C88WLZ	Cubelelo Drift Explorer 3x3 Speed Cube | Best Starter Speedcube for Beginners | Perfect Brain Teaser for Kids Ages 4 to14 Years Old & Above Boys Girls Children | Smooth Turning Puzzle Toy for Adults	1	PAX1	SELLABLE	UNDELIVERABLE_UNKNOWN	LPNPAX1A0964886	
2026-05-24T07:32:11+00:00	402-9235317-5018713	1140022	B08169YZPG	X001602BQR	Cubelelo Drift Gear 3x3 Stickerless Cube Speed Cube | Toy for Kids & Adults | Magic Speedy Stress Buster Brainstorming Puzzle 3x3x3 (Multicolor)	1	BOM4	SELLABLE	UNDELIVERABLE_REFUSED	LPNBOM4N39765691	
2026-05-24T07:00:14+00:00	404-8640609-5189941	1030500	B08H88N2N9	X0018CDFL3	Cubelelo Drift Warrior 3x3 Stickerless Cube | Beginner Speedcube for Kids Boys Girls Above 3 4 5 6 Years Old & Above | Magic Puzzle Toy | Durable & Smooth Cube with Anti-Pop Design 3 3	1	DEL2	SELLABLE	UNDELIVERABLE_REFUSED	LPNDEL2R80809323	
2026-05-24T06:52:53+00:00	404-0074759-0393933	1460503	B08XK4V59M	X001VFXJDV	Cubelelo Drift 2x2, 3x3 & 4x4 Premium Gift Box | 3-in-1 Puzzle Game Set | Triple the Challenge, Thrice the Fun | Ultimate Value Saver Combo | Brainstoming Toy for Children Kids & Adults	1	BOM4	SELLABLE	SWITCHEROO	LPNBOM4N40388199	Bad experience 😞😞😞 wrong product Mila hai
2026-05-24T06:46:36+00:00	405-6710671-6357133	1140034	B0CP1XHDTC	X001WWIYG5	Cubelelo Drift Gear 3x3 Tiled Black Puzzle - Unique Gear Mechanism Speedcube for Enthusiasts & Beginners | Durable, Smooth-Turning, and Visually Striking 3x3 Magic Cube for Kid	1	BLR5	SELLABLE	UNDELIVERABLE_REFUSED	LPNBLR5P7041305	
2026-05-24T06:46:36+00:00	405-6710671-6357133	1030478	B09PYRTM4X	X001HYK0PL	Cubelelo Drift 3x3 Jelly Edition Speedcube Magic Cube Puzzle	1	BLR5	SELLABLE	UNDELIVERABLE_REFUSED	LPNBLR5P7041304	
2026-05-24T06:24:50+00:00	402-0796233-3462736	1030300_EAN	B0FBMGT6V7	X002C88WLZ	Cubelelo Drift Explorer 3x3 Speed Cube | Best Starter Speedcube for Beginners | Perfect Brain Teaser for Kids Ages 4 to14 Years Old & Above Boys Girls Children | Smooth Turning Puzzle Toy for Adults	1	DEL2	SELLABLE	DEFECTIVE	LPNDEL2R70198723	
2026-05-24T06:06:54+00:00	171-8374092-9503515	1030604	B0DRVQVFJB	X0027JJHDB	Cubelelo Drift 3M v3 3x3 Magnetic Speedcube (Standard) | Latest Version with New & Improved Internal Structure for Smooth Turns & Stability | Cube Toy for 6-10 Years Old Boys Girls Adults	1	DEL2	DAMAGED	UNDELIVERABLE_REFUSED	LPNDEL2R69500585	
2026-05-24T05:52:46+00:00	406-6204529-5577968	1030300_EAN	B0FBMGT6V7	X002C88WLZ	Cubelelo Drift Explorer 3x3 Speed Cube | Best Starter Speedcube for Beginners | Perfect Brain Teaser for Kids Ages 4 to14 Years Old & Above Boys Girls Children | Smooth Turning Puzzle Toy for Adults	1	CCX1	CUSTOMER_DAMAGED	DAMAGED_BY_FC	LPNCCX1B5290468	
2026-05-24T05:47:18+00:00	404-5100476-8365939	1040126	B08KQGG9S7	X001A9DLY5	Cubelelo Drift Carbon Fiber 4x4 Speed Cube Puzzle Toy for Kids & Adults Magic Speedy Stress Buster Brainstorming Cube	1	DEL4	SELLABLE	UNDELIVERABLE_REFUSED	LPNDEL4AA4042614	
2026-05-24T05:47:18+00:00	404-5569978-7465919	1290300	B0DB6311DK	X00239RFKR	Cubelelo Drift Megaminx v2 Cube (New Improved Version) | 12-Sided Fun and Challenging Puzzle with Ridge Design | Smooth Turning Dodecahedron | Perfect for Speed-Cubing | Ideal for Kids & Adults	1	DEL4	DAMAGED	UNDELIVERABLE_REFUSED	LPNDEL4AA4042616	
2026-05-24T04:56:17+00:00	404-7290927-5409126	1460553	B0BYVHGR5H	X001WPZI9N	Cubelelo Drift 2x2, 3x3 & Pyraminx Cube Combo (Stickerless) | Ideal for Kids Above 3 4 5 6 Years Old Boys Girls | 3 in 1 Speedcube Gift Set | High Speed Puzzle 3x3x3 2x2x2 Pyramid Triangle	1	BLR5	SELLABLE	UNDELIVERABLE_REFUSED	LPNBLR5P8172098	
2026-05-24T04:52:58+00:00	404-7243992-1426724	1280100a	B09QYW9DYC	X001LHLHUV	Cubelelo Drift Pyraminx Puzzle Speedcube | Beginner Starter Cube for Kids 3+ Year Old & Above | Triangle Pyramid Shape Stickerless 3x3 Cubes Toy | Ideal for Boys Girls Children 4 5 6+ Years & Adults	1	BOM4	CARRIER_DAMAGED	SWITCHEROO	LPNBOM4N40140624	
2026-05-24T04:35:16+00:00	171-3463482-9324357	1630210	B09HH8CC7Y	X00262W227	Cubelelo Drift Number Sliding Magnetic Puzzle 4x4 | Toys For 6-10 Years Old Boys & Girls | 15-Blocks Brain Teaser Puzzle Game for Kids | Educational, Learning, Activity Toy for Return & Birthday Gifts	1	BOM4	SELLABLE	UNDELIVERABLE_REFUSED	LPNBOM4N40360128	
2026-05-24T04:29:28+00:00	403-4412313-4423563	1030651	B0DJQWJFSX	X0025EZ04D	Cubelelo Drift 3M Plus v2 3x3 (Magnetic) (New Upgraded Version) | Based on MoYu RS3M v5 | Dual-Adjustment System | Speedcube for Kids & Adults | Magic Speedy Stress Buster Brainstorming Puzzle	1	BOM4	SELLABLE	MISSING_PARTS	LPNBOM4N39995879	The cube stand and carry pouch was not there along with the item.
2026-05-24T04:20:53+00:00	171-7345525-4749922	1030500	B08H88N2N9	X0018CDFL3	Cubelelo Drift Warrior 3x3 Stickerless Cube | Beginner Speedcube for Kids Boys Girls Above 3 4 5 6 Years Old & Above | Magic Puzzle Toy | Durable & Smooth Cube with Anti-Pop Design 3 3	1	DEL2	SELLABLE	UNDELIVERABLE_REFUSED	LPNDEL2R83173431	
2026-05-24T04:19:28+00:00	406-7027602-5109119	1030604	B0DRVQVFJB	X0027JJHDB	Cubelelo Drift 3M v3 3x3 Magnetic Speedcube (Standard) | Latest Version with New & Improved Internal Structure for Smooth Turns & Stability | Cube Toy for 6-10 Years Old Boys Girls Adults	1	DEL2	SELLABLE	UNDELIVERABLE_REFUSED	LPNDEL2R69700153	
2026-05-24T04:18:43+00:00	402-0676752-0921159	1030604	B0DRVQVFJB	X0027JJHDB	Cubelelo Drift 3M v3 3x3 Magnetic Speedcube (Standard) | Latest Version with New & Improved Internal Structure for Smooth Turns & Stability | Cube Toy for 6-10 Years Old Boys Girls Adults	1	DEL2	SELLABLE	UNDELIVERABLE_UNKNOWN	LPNDEL2R70668167	
2026-05-24T04:16:18+00:00	171-6202694-0590743	1030604	B0DRVQVFJB	X0027JJHDB	Cubelelo Drift 3M v3 3x3 Magnetic Speedcube (Standard) | Latest Version with New & Improved Internal Structure for Smooth Turns & Stability | Cube Toy for 6-10 Years Old Boys Girls Adults	1	BOM4	SELLABLE	DEFECTIVE	LPNBOM4N37759987	
2026-05-24T04:08:59+00:00	408-6317041-9672312	1630222	B0GH18NXXG	X002HPDYRF	Cubelelo Drift Magnetic Tangram Puzzle | with Strong Magnets, Wooden Pieces & Bold Colors | Toys for 5-10 Years Old Boys Girls & Adults | Travel Friendly, Educational Toy for Return & Birthday Gifts	1	BOM4	CUSTOMER_DAMAGED	MISSING_PARTS	LPNBOM4N40413106	
2026-05-24T04:05:27+00:00	403-0920822-8789128	1030300_EAN	B0FBMGT6V7	X002C88WLZ	Cubelelo Drift Explorer 3x3 Speed Cube | Best Starter Speedcube for Beginners | Perfect Brain Teaser for Kids Ages 4 to14 Years Old & Above Boys Girls Children | Smooth Turning Puzzle Toy for Adults	1	DEL2	SELLABLE	UNDELIVERABLE_REFUSED	LPNDEL2R83665631	
2026-05-24T04:04:28+00:00	408-9266993-5052303	1460553	B0BYVHGR5H	X001WPZI9N	Cubelelo Drift 2x2, 3x3 & Pyraminx Cube Combo (Stickerless) | Ideal for Kids Above 3 4 5 6 Years Old Boys Girls | 3 in 1 Speedcube Gift Set | High Speed Puzzle 3x3x3 2x2x2 Pyramid Triangle	1	DEL2	SELLABLE	UNDELIVERABLE_REFUSED	LPNDEL2R83379793	
2026-05-24T03:27:10+00:00	404-7721217-2411548	1460503	B08XK4V59M	X001VFXJDV	Cubelelo Drift 2x2, 3x3 & 4x4 Premium Gift Box | 3-in-1 Puzzle Game Set | Triple the Challenge, Thrice the Fun | Ultimate Value Saver Combo | Brainstoming Toy for Children Kids & Adults	1	BLR5	SELLABLE	UNDELIVERABLE_REFUSED	LPNBLR5P5876942	
2026-05-24T03:27:10+00:00	404-7721217-2411548	1120034	B08998HB2Y	X0016NVO3P	Cubelelo Drift Mirror Blue Magic Cube Brainstorming Stressbuster Speedcube Puzzle	1	BLR5	SELLABLE	UNDELIVERABLE_REFUSED	LPNBLR5P5876960	
2026-05-24T03:18:00+00:00	404-9614935-8268334	1630202	B09B7PNSTV	X001ETHG47	Cubelelo Drift Infinity Cube (Blue) | Magic Puzzle Cool Mini Gadget for Stress and Anxiety Relief for Kids and Adults | Desk Finger Flip Toy for Fun and Game | for Ages 3 Years and Above	1	BOM4	SELLABLE	UNDELIVERABLE_REFUSED	LPNBOM4N39733229	
2026-05-24T03:14:04+00:00	407-2814363-5946723	1460553	B0BYVHGR5H	X001WPZI9N	Cubelelo Drift 2x2, 3x3 & Pyraminx Cube Combo (Stickerless) | Ideal for Kids Above 3 4 5 6 Years Old Boys Girls | 3 in 1 Speedcube Gift Set | High Speed Puzzle 3x3x3 2x2x2 Pyramid Triangle	1	BOM4	SELLABLE	UNDELIVERABLE_REFUSED	LPNBOM4N40363371	
2026-05-23T22:43:56+00:00	403-4405434-9198741	1030300_EAN	B0FBMGT6V7	X002C88WLZ	Cubelelo Drift Explorer 3x3 Speed Cube | Best Starter Speedcube for Beginners | Perfect Brain Teaser for Kids Ages 4 to14 Years Old & Above Boys Girls Children | Smooth Turning Puzzle Toy for Adults	1	BLR5	CARRIER_DAMAGED	UNDELIVERABLE_REFUSED	LPNBLR5P5075369	
2026-05-23T22:43:56+00:00	403-4405434-9198741	1030300_EAN	B0FBMGT6V7	X002C88WLZ	Cubelelo Drift Explorer 3x3 Speed Cube | Best Starter Speedcube for Beginners | Perfect Brain Teaser for Kids Ages 4 to14 Years Old & Above Boys Girls Children | Smooth Turning Puzzle Toy for Adults	1	BLR5	CARRIER_DAMAGED	UNDELIVERABLE_REFUSED	LPNBLR5P5075368	
2026-05-23T22:05:43+00:00	403-4561531-8333119	1020300	B09HH7K6W6	X001G4G9HP	Cubelelo Drift 2x2 Black Speed Cube | Sleek & Fast Puzzle for Kids and Adults | Brain-Boosting Magic Cube for Kids Adults Comes in (Multicolor) Design	1	BLR5	SELLABLE	UNDELIVERABLE_UNKNOWN	LPNBLR5P7053529	
2026-05-23T21:35:12+00:00	402-0551281-8609906	1280100a	B09QYW9DYC	X001LHLHUV	Cubelelo Drift Pyraminx Puzzle Speedcube | Beginner Starter Cube for Kids 3+ Year Old & Above | Triangle Pyramid Shape Stickerless 3x3 Cubes Toy | Ideal for Boys Girls Children 4 5 6+ Years & Adults	1	BLR5	SELLABLE	NEVER_ARRIVED	LPNBLR5P7636690	
2026-05-23T20:38:51+00:00	404-7263874-5277906	1630210	B09HH8CC7Y	X00262W227	Cubelelo Drift Number Sliding Magnetic Puzzle 4x4 | Toys For 6-10 Years Old Boys & Girls | 15-Blocks Brain Teaser Puzzle Game for Kids | Educational, Learning, Activity Toy for Return & Birthday Gifts	1	BLR5	SELLABLE	UNDELIVERABLE_REFUSED	LPNBLR5P6783286	
2026-05-23T18:35:05+00:00	406-2451430-3653902	1630222	B0GH18NXXG	X002HPDYRF	Cubelelo Drift Magnetic Tangram Puzzle | with Strong Magnets, Wooden Pieces & Bold Colors | Toys for 5-10 Years Old Boys Girls & Adults | Travel Friendly, Educational Toy for Return & Birthday Gifts	1	BLR5	SELLABLE	UNDELIVERABLE_REFUSED	LPNBLR5P4867780	
2026-05-23T18:11:12+00:00	404-2988103-7514730	1630223	B0GN1TJ7F4	X002IIXAZ7	Cubelelo Drift Clang! | 2-4 Players Classic Magnetic Attraction Strategy Game | Features 24 Magnets & Adjustable Rope | Fun Gifting Toy for Family, Teens & Adults | Compact and Travel Friendly	1	BLR5	SELLABLE	UNDELIVERABLE_REFUSED	LPNBLR5P8171746	
2026-05-23T15:21:42+00:00	405-0099614-8461970	1030604	B0DRVQVFJB	X0027JJHDB	Cubelelo Drift 3M v3 3x3 Magnetic Speedcube (Standard) | Latest Version with New & Improved Internal Structure for Smooth Turns & Stability | Cube Toy for 6-10 Years Old Boys Girls Adults	1	BLR5	SELLABLE	UNDELIVERABLE_REFUSED	LPNBLR5P4867574	
2026-05-23T15:11:00+00:00	404-1847809-6981953	1040400	B0FL7TDJLF	X002DFU80F	Cubelelo Drift 4x4 Stickerless Cube Puzzle Toy | Combines Smoothness, Stability & Durability | 4x4x4 Speedcube for Beginners| Suitable for Kids Ages 6 to 14 Years Old, Boys, Girls & Adults	1	BLR5	SELLABLE	UNDELIVERABLE_REFUSED	LPNBLR5P5507556	
2026-05-23T12:30:49+00:00	404-7495435-5700335	1030604	B0DRVQVFJB	X0027JJHDB	Cubelelo Drift 3M v3 3x3 Magnetic Speedcube (Standard) | Latest Version with New & Improved Internal Structure for Smooth Turns & Stability | Cube Toy for 6-10 Years Old Boys Girls Adults	1	BLR5	SELLABLE	UNDELIVERABLE_REFUSED	LPNBLR5P8167853	
2026-05-23T12:27:06+00:00	404-0341845-1625945	1630222	B0GH18NXXG	X002HPDYRF	Cubelelo Drift Magnetic Tangram Puzzle | with Strong Magnets, Wooden Pieces & Bold Colors | Toys for 5-10 Years Old Boys Girls & Adults | Travel Friendly, Educational Toy for Return & Birthday Gifts	1	BOM4	SELLABLE	MISSING_PARTS	LPNBOM4N37592106	The magnets blocks are missing
2026-05-23T12:22:10+00:00	404-7306817-2832365	1030400	B07XPNC385	X0012WM1NR	Cubelelo Drift 3x3 Black Speedcube | Beginner Cube for Kids & Adults | Magic Speed Stress Buster Brainstorming Puzzle (Multicolor) | Anti-Pop Technology | Smooth Turning | Durable	1	BOM4	SELLABLE	UNDELIVERABLE_REFUSED	LPNBOM4N39632306	
2026-05-23T12:15:42+00:00	403-3696594-2545939	1030604	B0DRVQVFJB	X0027JJHDB	Cubelelo Drift 3M v3 3x3 Magnetic Speedcube (Standard) | Latest Version with New & Improved Internal Structure for Smooth Turns & Stability | Cube Toy for 6-10 Years Old Boys Girls Adults	1	BOM4	SELLABLE	UNDELIVERABLE_UNKNOWN	LPNBOM4N40397209	
2026-05-23T12:14:58+00:00	404-3497260-7578718	1040400	B0FL7TDJLF	X002DFU80F	Cubelelo Drift 4x4 Stickerless Cube Puzzle Toy | Combines Smoothness, Stability & Durability | 4x4x4 Speedcube for Beginners| Suitable for Kids Ages 6 to 14 Years Old, Boys, Girls & Adults	1	DEL2	CUSTOMER_DAMAGED	DEFECTIVE	LPNDEL2R69700052	
2026-05-23T12:10:12+00:00	171-5245885-9204365	1030300_EAN	B0FBMGT6V7	X002C88WLZ	Cubelelo Drift Explorer 3x3 Speed Cube | Best Starter Speedcube for Beginners | Perfect Brain Teaser for Kids Ages 4 to14 Years Old & Above Boys Girls Children | Smooth Turning Puzzle Toy for Adults	1	DEL5	SELLABLE	UNDELIVERABLE_REFUSED	LPNDEL5S14029870	
2026-05-23T11:52:29+00:00	403-4732461-9257934	1020300	B09HH7K6W6	X001G4G9HP	Cubelelo Drift 2x2 Black Speed Cube | Sleek & Fast Puzzle for Kids and Adults | Brain-Boosting Magic Cube for Kids Adults Comes in (Multicolor) Design	1	DEL2	SELLABLE	UNDELIVERABLE_REFUSED	LPNDEL2R70184386	
2026-05-23T11:34:35+00:00	405-7333115-9185107	1630210	B09HH8CC7Y	X00262W227	Cubelelo Drift Number Sliding Magnetic Puzzle 4x4 | Toys For 6-10 Years Old Boys & Girls | 15-Blocks Brain Teaser Puzzle Game for Kids | Educational, Learning, Activity Toy for Return & Birthday Gifts	1	BLR5	SELLABLE	UNDELIVERABLE_REFUSED	LPNBLR5P7032224	
2026-05-23T11:25:33+00:00	171-7178014-2388334	1460553	B0BYVHGR5H	X001WPZI9N	Cubelelo Drift 2x2, 3x3 & Pyraminx Cube Combo (Stickerless) | Ideal for Kids Above 3 4 5 6 Years Old Boys Girls | 3 in 1 Speedcube Gift Set | High Speed Puzzle 3x3x3 2x2x2 Pyramid Triangle	1	CCX1	SELLABLE	UNDELIVERABLE_REFUSED	LPNCCX1B2853222	
2026-05-23T11:10:24+00:00	406-2408027-6989167	1630210	B09HH8CC7Y	X00262W227	Cubelelo Drift Number Sliding Magnetic Puzzle 4x4 | Toys For 6-10 Years Old Boys & Girls | 15-Blocks Brain Teaser Puzzle Game for Kids | Educational, Learning, Activity Toy for Return & Birthday Gifts	1	BOM4	SELLABLE	UNDELIVERABLE_UNKNOWN	LPNBOM4N39632246	
2026-05-23T11:00:27+00:00	406-8732180-1741964	1030300_EAN	B0FBMGT6V7	X002C88WLZ	Cubelelo Drift Explorer 3x3 Speed Cube | Best Starter Speedcube for Beginners | Perfect Brain Teaser for Kids Ages 4 to14 Years Old & Above Boys Girls Children | Smooth Turning Puzzle Toy for Adults	1	DEL2	SELLABLE	UNDELIVERABLE_REFUSED	LPNDEL2R70184345	
2026-05-23T09:43:55+00:00	402-5706129-0694763	1460510	B0BZL11XWC	X001VW450P	Cubelelo Drift 4x4, 5x5 Premium Gift Box | 2-in-1 Puzzle Game Set | Challenge, Thrice The Fun | Ultimate Value Saver Combo | Brainstoming Toy for Children Kids & Adults	1	BLR5	SELLABLE	SWITCHEROO	LPNBLR5P7038001	Wrong product sent instead of 4*4 and 5*5
2026-05-23T09:19:46+00:00	404-1242251-4742751	1030300_EAN	B0FBMGT6V7	X002C88WLZ	Cubelelo Drift Explorer 3x3 Speed Cube | Best Starter Speedcube for Beginners | Perfect Brain Teaser for Kids Ages 4 to14 Years Old & Above Boys Girls Children | Smooth Turning Puzzle Toy for Adults	1	CCX1	SELLABLE	UNDELIVERABLE_REFUSED	LPNCCX1B2903118	
2026-05-23T09:08:41+00:00	402-7294146-9221963	1030400	B07XPNC385	X0012WM1NR	Cubelelo Drift 3x3 Black Speedcube | Beginner Cube for Kids & Adults | Magic Speed Stress Buster Brainstorming Puzzle (Multicolor) | Anti-Pop Technology | Smooth Turning | Durable	1	BLR5	CUSTOMER_DAMAGED	DEFECTIVE	LPNBLR5P7098131	
2026-05-23T08:34:49+00:00	403-8232959-4466706	1630222	B0GH18NXXG	X002HPDYRF	Cubelelo Drift Magnetic Tangram Puzzle | with Strong Magnets, Wooden Pieces & Bold Colors | Toys for 5-10 Years Old Boys Girls & Adults | Travel Friendly, Educational Toy for Return & Birthday Gifts	1	CCX1	SELLABLE	UNDELIVERABLE_REFUSED	LPNCCX1B5167742	
2026-05-23T08:34:49+00:00	403-8232959-4466706	1630222	B0GH18NXXG	X002HPDYRF	Cubelelo Drift Magnetic Tangram Puzzle | with Strong Magnets, Wooden Pieces & Bold Colors | Toys for 5-10 Years Old Boys Girls & Adults | Travel Friendly, Educational Toy for Return & Birthday Gifts	1	CCX1	SELLABLE	UNDELIVERABLE_REFUSED	LPNCCX1B5167744	
2026-05-23T08:21:17+00:00	405-0042166-3441924	1050200	B09K7QTCXP	X001GM0XER	Cubelelo Drift 5x5 Stickerless Speed Cube | AKA Professor's Cube Magic Puzzle for Kids & Adults | Smooth and Durable Speedy Brainstorming Puzzle| Ultimate Stress Buster and Mind Challenge	1	BLR5	SELLABLE	UNDELIVERABLE_UNKNOWN	LPNBLR5P5885075	
2026-05-23T07:58:59+00:00	171-4562548-7973125	1030604	B0DRVQVFJB	X0027JJHDB	Cubelelo Drift 3M v3 3x3 Magnetic Speedcube (Standard) | Latest Version with New & Improved Internal Structure for Smooth Turns & Stability | Cube Toy for 6-10 Years Old Boys Girls Adults	1	DEL2	SELLABLE	UNDELIVERABLE_REFUSED	LPNDEL2R83284772	
2026-05-23T07:52:31+00:00	405-0346669-2473143	1030300_EAN	B0FBMGT6V7	X002C88WLZ	Cubelelo Drift Explorer 3x3 Speed Cube | Best Starter Speedcube for Beginners | Perfect Brain Teaser for Kids Ages 4 to14 Years Old & Above Boys Girls Children | Smooth Turning Puzzle Toy for Adults	1	BOM4	SELLABLE	UNDELIVERABLE_UNKNOWN	LPNBOM4N39995348	
2026-05-23T07:52:31+00:00	405-0346669-2473143	1030300_EAN	B0FBMGT6V7	X002C88WLZ	Cubelelo Drift Explorer 3x3 Speed Cube | Best Starter Speedcube for Beginners | Perfect Brain Teaser for Kids Ages 4 to14 Years Old & Above Boys Girls Children | Smooth Turning Puzzle Toy for Adults	1	BOM4	SELLABLE	UNDELIVERABLE_UNKNOWN	LPNBOM4N39995349	
2026-05-23T07:52:31+00:00	405-0346669-2473143	1030300_EAN	B0FBMGT6V7	X002C88WLZ	Cubelelo Drift Explorer 3x3 Speed Cube | Best Starter Speedcube for Beginners | Perfect Brain Teaser for Kids Ages 4 to14 Years Old & Above Boys Girls Children | Smooth Turning Puzzle Toy for Adults	1	BOM4	SELLABLE	UNDELIVERABLE_UNKNOWN	LPNBOM4N39995346	
2026-05-23T07:46:04+00:00	403-1931052-5039506	1020200	B08LBJ3P8L	X0019BU39P	Cubelelo Drift 2x2 Stickerless Cube | Beginner Speedcube for Kids Boys Girls Above 3 4 5 6 Years Old & Above | Magic Puzzle Toy | Durable & Smooth Cube with Anti-Pop Design 2x2x2	1	DEL2	SELLABLE	UNDELIVERABLE_UNKNOWN	LPNDEL2R69596097	
2026-05-23T07:23:12+00:00	408-2350403-7052313	1030700_EAN	B0BRXJ9Q4G	X001P8LWWT	Cubelelo Drift 3M Plus v2 3x3 (Magnetic) Cube | New Upgraded Version Based on MoYu RS3M v5 | Dual-Adjustment System | Premium Speedcube for Kids Boys Girls Ages 4+ Year Old & Adults	1	BOM4	SELLABLE	UNDELIVERABLE_REFUSED	LPNBOM4N40363138	
2026-05-23T06:32:28+00:00	405-3313797-6314700	1630210	B09HH8CC7Y	X00262W227	Cubelelo Drift Number Sliding Magnetic Puzzle 4x4 | Toys For 6-10 Years Old Boys & Girls | 15-Blocks Brain Teaser Puzzle Game for Kids | Educational, Learning, Activity Toy for Return & Birthday Gifts	1	DEL2	SELLABLE	UNDELIVERABLE_REFUSED	LPNDEL2R82583348	
2026-05-23T06:03:52+00:00	405-4588363-5549922	1030300_EAN	B0FBMGT6V7	X002C88WLZ	Cubelelo Drift Explorer 3x3 Speed Cube | Best Starter Speedcube for Beginners | Perfect Brain Teaser for Kids Ages 4 to14 Years Old & Above Boys Girls Children | Smooth Turning Puzzle Toy for Adults	1	DEL2	SELLABLE	UNDELIVERABLE_REFUSED	LPNDEL2R68684817	
2026-05-23T06:02:08+00:00	408-9541843-7810717	1030500	B08H88N2N9	X0018CDFL3	Cubelelo Drift Warrior 3x3 Stickerless Cube | Beginner Speedcube for Kids Boys Girls Above 3 4 5 6 Years Old & Above | Magic Puzzle Toy | Durable & Smooth Cube with Anti-Pop Design 3 3	1	DEL2	SELLABLE	UNDELIVERABLE_REFUSED	LPNDEL2R83130642	
2026-05-23T05:54:05+00:00	404-1486522-2714744	1630210	B09HH8CC7Y	X00262W227	Cubelelo Drift Number Sliding Magnetic Puzzle 4x4 | Toys For 6-10 Years Old Boys & Girls | 15-Blocks Brain Teaser Puzzle Game for Kids | Educational, Learning, Activity Toy for Return & Birthday Gifts	1	BLR5	SELLABLE	UNDELIVERABLE_UNKNOWN	LPNBLR5P5868945	
2026-05-23T05:51:37+00:00	403-3795712-3367513	1630210	B09HH8CC7Y	X00262W227	Cubelelo Drift Number Sliding Magnetic Puzzle 4x4 | Toys For 6-10 Years Old Boys & Girls | 15-Blocks Brain Teaser Puzzle Game for Kids | Educational, Learning, Activity Toy for Return & Birthday Gifts	1	BLR5	SELLABLE	UNDELIVERABLE_UNKNOWN	LPNBLR5P5884942	
2026-05-23T05:39:03+00:00	402-1370402-7385913	1280100a	B09QYW9DYC	X001LHLHUV	Cubelelo Drift Pyraminx Puzzle Speedcube | Beginner Starter Cube for Kids 3+ Year Old & Above | Triangle Pyramid Shape Stickerless 3x3 Cubes Toy | Ideal for Boys Girls Children 4 5 6+ Years & Adults	1	BLR5	CARRIER_DAMAGED	UNDELIVERABLE_REFUSED	LPNBLR5P6759093	
2026-05-23T05:09:48+00:00	403-8258431-2450725	1030300_EAN	B0FBMGT6V7	X002C88WLZ	Cubelelo Drift Explorer 3x3 Speed Cube | Best Starter Speedcube for Beginners | Perfect Brain Teaser for Kids Ages 4 to14 Years Old & Above Boys Girls Children | Smooth Turning Puzzle Toy for Adults	1	BLR5	SELLABLE	SWITCHEROO	LPNBLR5P5314644	We got another company product
2026-05-23T04:58:16+00:00	171-5841896-3934712	1030300_EAN	B0FBMGT6V7	X002C88WLZ	Cubelelo Drift Explorer 3x3 Speed Cube | Best Starter Speedcube for Beginners | Perfect Brain Teaser for Kids Ages 4 to14 Years Old & Above Boys Girls Children | Smooth Turning Puzzle Toy for Adults	1	DEL2	SELLABLE	UNDELIVERABLE_REFUSED	LPNDEL2R83333668	
2026-05-23T04:48:35+00:00	402-2286412-6670753	1630210	B09HH8CC7Y	X00262W227	Cubelelo Drift Number Sliding Magnetic Puzzle 4x4 | Toys For 6-10 Years Old Boys & Girls | 15-Blocks Brain Teaser Puzzle Game for Kids | Educational, Learning, Activity Toy for Return & Birthday Gifts	1	BLR5	SELLABLE	UNDELIVERABLE_UNKNOWN	LPNBLR5P5867068	
2026-05-23T04:44:16+00:00	404-7262051-8309928	1630222	B0GH18NXXG	X002HPDYRF	Cubelelo Drift Magnetic Tangram Puzzle | with Strong Magnets, Wooden Pieces & Bold Colors | Toys for 5-10 Years Old Boys Girls & Adults | Travel Friendly, Educational Toy for Return & Birthday Gifts	1	DEL2	SELLABLE	UNDELIVERABLE_REFUSED	LPNDEL2R83020341	
2026-05-23T04:39:34+00:00	407-4410919-6341947	1030400	B07XPNC385	X0012WM1NR	Cubelelo Drift 3x3 Black Speedcube | Beginner Cube for Kids & Adults | Magic Speed Stress Buster Brainstorming Puzzle (Multicolor) | Anti-Pop Technology | Smooth Turning | Durable	1	BLR5	SELLABLE	UNDELIVERABLE_REFUSED	LPNBLR5P7650530	
2026-05-23T04:30:14+00:00	171-4108961-4460361	1030604	B0DRVQVFJB	X0027JJHDB	Cubelelo Drift 3M v3 3x3 Magnetic Speedcube (Standard) | Latest Version with New & Improved Internal Structure for Smooth Turns & Stability | Cube Toy for 6-10 Years Old Boys Girls Adults	1	DEL2	SELLABLE	UNDELIVERABLE_REFUSED	LPNDEL2R82818030	
2026-05-23T04:25:28+00:00	405-1660164-7997933	1460501	B08XK25RRF	X001VLOAKL	Cubelelo Drift 2x2 & 3x3 Cube Gift Box Combo | 2-in-1 Puzzle Toy Game Set for Children Kids & Adults Ages 4 5 6 & Above | Double the Challenge, Twice the Fun | Ultimate Value Saver Combo	1	BLR5	SELLABLE	UNDELIVERABLE_REFUSED	LPNBLR5P7648180	
2026-05-23T04:10:08+00:00	407-2106374-9146709	1630210	B09HH8CC7Y	X00262W227	Cubelelo Drift Number Sliding Magnetic Puzzle 4x4 | Toys For 6-10 Years Old Boys & Girls | 15-Blocks Brain Teaser Puzzle Game for Kids | Educational, Learning, Activity Toy for Return & Birthday Gifts	1	BLR5	SELLABLE	UNDELIVERABLE_REFUSED	LPNBLR5P5780669	
2026-05-23T04:04:19+00:00	408-6988002-8871543	1030500	B08H88N2N9	X0018CDFL3	Cubelelo Drift Warrior 3x3 Stickerless Cube | Beginner Speedcube for Kids Boys Girls Above 3 4 5 6 Years Old & Above | Magic Puzzle Toy | Durable & Smooth Cube with Anti-Pop Design 3 3	1	BLR5	SELLABLE	UNDELIVERABLE_REFUSED	LPNBLR5P5252403	
2026-05-23T03:59:07+00:00	404-7762445-7940313	1030400	B07XPNC385	X0012WM1NR	Cubelelo Drift 3x3 Black Speedcube | Beginner Cube for Kids & Adults | Magic Speed Stress Buster Brainstorming Puzzle (Multicolor) | Anti-Pop Technology | Smooth Turning | Durable	1	BLR8	SELLABLE	UNDELIVERABLE_REFUSED	LPNBLR8Z6172388	
2026-05-23T03:52:29+00:00	406-6183374-6168332	1020200	B08LBJ3P8L	X0019BU39P	Cubelelo Drift 2x2 Stickerless Cube | Beginner Speedcube for Kids Boys Girls Above 3 4 5 6 Years Old & Above | Magic Puzzle Toy | Durable & Smooth Cube with Anti-Pop Design 2x2x2	1	BLR5	CUSTOMER_DAMAGED	SWITCHEROO	LPNBLR5P7648154	
2026-05-23T03:43:58+00:00	405-2746778-1827510	1060600	B09WHY3DPP	X001JJ1BL1	Cubelelo Drift 6M 6x6 (Magnetic) Stickerless Speedcube Magic Puzzle Toy for Kids & Adults Speedy Stress Buster Brainstorming Cube	1	BOM4	SELLABLE	UNDELIVERABLE_REFUSED	LPNBOM4N37628473	
2026-05-23T03:43:58+00:00	405-2746778-1827510	1460100_EAN	B0BVHL9JLB	X001Q0AFBZ	Cubelelo Drift 5-in-1 Cube Gift Box | 2x2, 3x3, 4x4, 5x5 and Secret Tutorial for Cubes Guide Book | Suitable for Kids & Adults | Magic Speedy Stress Buster Brainstorming Puzzle Multicolor Combo Set	1	BOM4	SELLABLE	UNDELIVERABLE_REFUSED	LPNBOM4N37628471	
2026-05-23T03:23:58+00:00	403-7970190-0985927	1030604	B0DRVQVFJB	X0027JJHDB	Cubelelo Drift 3M v3 3x3 Magnetic Speedcube (Standard) | Latest Version with New & Improved Internal Structure for Smooth Turns & Stability | Cube Toy for 6-10 Years Old Boys Girls Adults	1	BOM4	CUSTOMER_DAMAGED	QUALITY_UNACCEPTABLE	LPNBOM4N37787609	
2026-05-22T23:23:02+00:00	404-1387765-6946741	1630210	B09HH8CC7Y	X00262W227	Cubelelo Drift Number Sliding Magnetic Puzzle 4x4 | Toys For 6-10 Years Old Boys & Girls | 15-Blocks Brain Teaser Puzzle Game for Kids | Educational, Learning, Activity Toy for Return & Birthday Gifts	1	CCX1	SELLABLE	UNDELIVERABLE_REFUSED	LPNCCX1B2833103	
2026-05-22T20:38:49+00:00	171-3497878-7466708	1030300_EAN	B0FBMGT6V7	X002C88WLZ	Cubelelo Drift Explorer 3x3 Speed Cube | Best Starter Speedcube for Beginners | Perfect Brain Teaser for Kids Ages 4 to14 Years Old & Above Boys Girls Children | Smooth Turning Puzzle Toy for Adults	1	BLR5	SELLABLE	DEFECTIVE	LPNBLR5P7541064	
2026-05-22T20:04:19+00:00	408-5840952-4848314	1630210	B09HH8CC7Y	X00262W227	Cubelelo Drift Number Sliding Magnetic Puzzle 4x4 | Toys For 6-10 Years Old Boys & Girls | 15-Blocks Brain Teaser Puzzle Game for Kids | Educational, Learning, Activity Toy for Return & Birthday Gifts	1	BLR5	SELLABLE	UNDELIVERABLE_REFUSED	LPNBLR5P7541016	
2026-05-22T19:10:32+00:00	171-0986105-3041937	1040400	B0FL7TDJLF	X002DFU80F	Cubelelo Drift 4x4 Stickerless Cube Puzzle Toy | Combines Smoothness, Stability & Durability | 4x4x4 Speedcube for Beginners| Suitable for Kids Ages 6 to 14 Years Old, Boys, Girls & Adults	1	BLR5	SELLABLE	UNDELIVERABLE_UNKNOWN	LPNBLR5P7647893	
2026-05-22T16:55:39+00:00	407-4866458-2512346	1630222	B0GH18NXXG	X002HPDYRF	Cubelelo Drift Magnetic Tangram Puzzle | with Strong Magnets, Wooden Pieces & Bold Colors | Toys for 5-10 Years Old Boys Girls & Adults | Travel Friendly, Educational Toy for Return & Birthday Gifts	1	BLR5	SELLABLE	UNDELIVERABLE_REFUSED	LPNBLR5P5275588	
2026-05-22T16:54:25+00:00	402-6832362-1594720	1060100	B09HH5R69B	X001G4MZFF	Cubelelo Drift 6x6 Stickerless Speed Cube Magic Puzzle for Kids & Adults | Advanced Level Speedcube | Speedy Stress Buster Brainstorming Cube	1	BLR5	SELLABLE	UNDELIVERABLE_REFUSED	LPNBLR5P4866904	
2026-05-22T14:07:48+00:00	171-7090378-9653902	1630210	B09HH8CC7Y	X00262W227	Cubelelo Drift Number Sliding Magnetic Puzzle 4x4 | Toys For 6-10 Years Old Boys & Girls | 15-Blocks Brain Teaser Puzzle Game for Kids | Educational, Learning, Activity Toy for Return & Birthday Gifts	1	BLR5	SELLABLE	UNDELIVERABLE_REFUSED	LPNBLR5P5868582	
2026-05-22T13:28:10+00:00	171-6270011-0237157	1630210	B09HH8CC7Y	X00262W227	Cubelelo Drift Number Sliding Magnetic Puzzle 4x4 | Toys For 6-10 Years Old Boys & Girls | 15-Blocks Brain Teaser Puzzle Game for Kids | Educational, Learning, Activity Toy for Return & Birthday Gifts	1	BLR5	SELLABLE	UNDELIVERABLE_REFUSED	LPNBLR5P5780005	
2026-05-22T13:16:30+00:00	404-6935895-7057925	CLB0502	B0CL3HR7YS	X001VZMI15	Cubelelo Drift Warrior 3x3 & Premium Cube Lubricant Combo | Speed Cube Set for Fast, Smooth, Professional Solving | Ultimate Kit for All Your Speedcubing Needs Multicolor for Kids, Adults All Ages	1	BLR5	SELLABLE	DEFECTIVE	LPNBLR5P5779975	
2026-05-22T12:28:13+00:00	402-1067487-2689131	1280100a	B09QYW9DYC	X001LHLHUV	Cubelelo Drift Pyraminx Puzzle Speedcube | Beginner Starter Cube for Kids 3+ Year Old & Above | Triangle Pyramid Shape Stickerless 3x3 Cubes Toy | Ideal for Boys Girls Children 4 5 6+ Years & Adults	1	BLR5	SELLABLE	SWITCHEROO	LPNBLR5P3809956	
2026-05-22T12:23:53+00:00	404-2838568-7801918	1460553	B0BYVHGR5H	X001WPZI9N	Cubelelo Drift 2x2, 3x3 & Pyraminx Cube Combo (Stickerless) | Ideal for Kids Above 3 4 5 6 Years Old Boys Girls | 3 in 1 Speedcube Gift Set | High Speed Puzzle 3x3x3 2x2x2 Pyramid Triangle	1	BOM4	SELLABLE	MISSING_PARTS	LPNBOM4N39750335	The Accessories box is empty and the Pyraminx was not packaged in the plastic as others. So assuming, I have received a pre-op3ned package
2026-05-22T12:17:53+00:00	171-3702894-4021945	1030400	B07XPNC385	X0012WM1NR	Cubelelo Drift 3x3 Black Speedcube | Beginner Cube for Kids & Adults | Magic Speed Stress Buster Brainstorming Puzzle (Multicolor) | Anti-Pop Technology | Smooth Turning | Durable	1	DEL2	SELLABLE	NO_REASON_GIVEN	LPNDEL2R83726492	
2026-05-22T12:04:25+00:00	406-9526440-0974766	1630210	B09HH8CC7Y	X00262W227	Cubelelo Drift Number Sliding Magnetic Puzzle 4x4 | Toys For 6-10 Years Old Boys & Girls | 15-Blocks Brain Teaser Puzzle Game for Kids | Educational, Learning, Activity Toy for Return & Birthday Gifts	1	BLR5	DEFECTIVE	MISSING_PARTS	LPNBLR5P5902641	Number blocks 2 nos missing
2026-05-22T12:03:13+00:00	403-7604846-2753169	1030300_EAN	B0FBMGT6V7	X002C88WLZ	Cubelelo Drift Explorer 3x3 Speed Cube | Best Starter Speedcube for Beginners | Perfect Brain Teaser for Kids Ages 4 to14 Years Old & Above Boys Girls Children | Smooth Turning Puzzle Toy for Adults	1	ATX1	SELLABLE	UNDELIVERABLE_UNKNOWN	LPNATX1A2261102	
2026-05-22T12:00:24+00:00	171-2423950-8464326	1630210	B09HH8CC7Y	X00262W227	Cubelelo Drift Number Sliding Magnetic Puzzle 4x4 | Toys For 6-10 Years Old Boys & Girls | 15-Blocks Brain Teaser Puzzle Game for Kids | Educational, Learning, Activity Toy for Return & Birthday Gifts	1	BOM4	SELLABLE	UNDELIVERABLE_REFUSED	LPNBOM4N39993716	
2026-05-22T11:59:14+00:00	171-0471648-6494722	1030300_EAN	B0FBMGT6V7	X002C88WLZ	Cubelelo Drift Explorer 3x3 Speed Cube | Best Starter Speedcube for Beginners | Perfect Brain Teaser for Kids Ages 4 to14 Years Old & Above Boys Girls Children | Smooth Turning Puzzle Toy for Adults	1	DEL2	SELLABLE	UNDELIVERABLE_UNKNOWN	LPNDEL2R81159942	
2026-05-22T11:58:42+00:00	404-5432320-1224322	1030300_EAN	B0FBMGT6V7	X002C88WLZ	Cubelelo Drift Explorer 3x3 Speed Cube | Best Starter Speedcube for Beginners | Perfect Brain Teaser for Kids Ages 4 to14 Years Old & Above Boys Girls Children | Smooth Turning Puzzle Toy for Adults	1	CCX1	SELLABLE	DEFECTIVE	LPNCCX1B3912036	
2026-05-22T11:58:42+00:00	404-5432320-1224322	1030300_EAN	B0FBMGT6V7	X002C88WLZ	Cubelelo Drift Explorer 3x3 Speed Cube | Best Starter Speedcube for Beginners | Perfect Brain Teaser for Kids Ages 4 to14 Years Old & Above Boys Girls Children | Smooth Turning Puzzle Toy for Adults	1	CCX1	SELLABLE	DEFECTIVE	LPNCCX1B5351553	
2026-05-22T11:58:42+00:00	404-5432320-1224322	1030300_EAN	B0FBMGT6V7	X002C88WLZ	Cubelelo Drift Explorer 3x3 Speed Cube | Best Starter Speedcube for Beginners | Perfect Brain Teaser for Kids Ages 4 to14 Years Old & Above Boys Girls Children | Smooth Turning Puzzle Toy for Adults	1	CCX1	SELLABLE	DEFECTIVE	LPNCCX1B5351557	
2026-05-22T11:58:42+00:00	404-5432320-1224322	1030300_EAN	B0FBMGT6V7	X002C88WLZ	Cubelelo Drift Explorer 3x3 Speed Cube | Best Starter Speedcube for Beginners | Perfect Brain Teaser for Kids Ages 4 to14 Years Old & Above Boys Girls Children | Smooth Turning Puzzle Toy for Adults	1	CCX1	SELLABLE	DEFECTIVE	LPNCCX1B5351555	
2026-05-22T11:56:09+00:00	171-0869609-9357125	1630210	B09HH8CC7Y	X00262W227	Cubelelo Drift Number Sliding Magnetic Puzzle 4x4 | Toys For 6-10 Years Old Boys & Girls | 15-Blocks Brain Teaser Puzzle Game for Kids | Educational, Learning, Activity Toy for Return & Birthday Gifts	1	BOM4	SELLABLE	UNDELIVERABLE_UNKNOWN	LPNBOM4N40339788	
2026-05-22T11:37:18+00:00	406-0436289-0506764	1030300_EAN	B0FBMGT6V7	X002C88WLZ	Cubelelo Drift Explorer 3x3 Speed Cube | Best Starter Speedcube for Beginners | Perfect Brain Teaser for Kids Ages 4 to14 Years Old & Above Boys Girls Children | Smooth Turning Puzzle Toy for Adults	1	BLR5	SELLABLE	UNDELIVERABLE_REFUSED	LPNBLR5P5662662	
2026-05-22T11:27:47+00:00	171-1408326-6813934	1030300_EAN	B0FBMGT6V7	X002C88WLZ	Cubelelo Drift Explorer 3x3 Speed Cube | Best Starter Speedcube for Beginners | Perfect Brain Teaser for Kids Ages 4 to14 Years Old & Above Boys Girls Children | Smooth Turning Puzzle Toy for Adults	1	BLR5	SELLABLE	UNDELIVERABLE_REFUSED	LPNBLR5P5275120	
2026-05-22T11:27:47+00:00	171-1408326-6813934	1030604	B0DRVQVFJB	X0027JJHDB	Cubelelo Drift 3M v3 3x3 Magnetic Speedcube (Standard) | Latest Version with New & Improved Internal Structure for Smooth Turns & Stability | Cube Toy for 6-10 Years Old Boys Girls Adults	1	BLR5	SELLABLE	UNDELIVERABLE_REFUSED	LPNBLR5P5275186	
2026-05-22T11:24:21+00:00	405-1818208-0285106	1460510	B0BZL11XWC	X001VW450P	Cubelelo Drift 4x4, 5x5 Premium Gift Box | 2-in-1 Puzzle Game Set | Challenge, Thrice The Fun | Ultimate Value Saver Combo | Brainstoming Toy for Children Kids & Adults	1	DEL2	SELLABLE	DAMAGED_BY_FC	LPNDEL2R83679182	Corner piece bend or damaged
2026-05-22T11:17:21+00:00	171-4076042-9640360	TB00001	B0FF2FSJ7P	X002C7B5I3	TinkerBox Wooden My First Tool Kit with Storage Box | Toys for Kids 6-10 Year Old Boys and Girls | Premium 34-Piece Pretend Play Set | Realistic Tools for Learning, Education & Skill Develpoment	1	BLR5	CARRIER_DAMAGED	DEFECTIVE	LPNBLR5P7641062	
2026-05-22T10:32:26+00:00	404-1611098-3801936	1630202	B09B7PNSTV	X001ETHG47	Cubelelo Drift Infinity Cube (Blue) | Magic Puzzle Cool Mini Gadget for Stress and Anxiety Relief for Kids and Adults | Desk Finger Flip Toy for Fun and Game | for Ages 3 Years and Above	1	BOM4	SELLABLE	UNDELIVERABLE_UNKNOWN	LPNBOM4N37644213	
2026-05-22T10:32:26+00:00	404-4310673-1998700	1630222	B0GH18NXXG	X002HPDYRF	Cubelelo Drift Magnetic Tangram Puzzle | with Strong Magnets, Wooden Pieces & Bold Colors | Toys for 5-10 Years Old Boys Girls & Adults | Travel Friendly, Educational Toy for Return & Birthday Gifts	1	BOM4	SELLABLE	UNDELIVERABLE_UNKNOWN	LPNBOM4N37644214	
2026-05-22T10:26:00+00:00	403-4421853-0167519	1030700_EAN	B0BRXJ9Q4G	X001P8LWWT	Cubelelo Drift 3M Plus v2 3x3 (Magnetic) Cube | New Upgraded Version Based on MoYu RS3M v5 | Dual-Adjustment System | Premium Speedcube for Kids Boys Girls Ages 4+ Year Old & Adults	1	BLR8	SELLABLE	UNDELIVERABLE_REFUSED	LPNBLR8Z6172049	
2026-05-22T10:21:30+00:00	404-8601089-2472332	1460501	B08XK25RRF	X001VLOAKL	Cubelelo Drift 2x2 & 3x3 Cube Gift Box Combo | 2-in-1 Puzzle Toy Game Set for Children Kids & Adults Ages 4 5 6 & Above | Double the Challenge, Twice the Fun | Ultimate Value Saver Combo	1	CCX1	SELLABLE	UNDELIVERABLE_REFUSED	LPNCCX1B2853708	
2026-05-22T10:07:54+00:00	171-3740102-5911546	1630222	B0GH18NXXG	X002HPDYRF	Cubelelo Drift Magnetic Tangram Puzzle | with Strong Magnets, Wooden Pieces & Bold Colors | Toys for 5-10 Years Old Boys Girls & Adults | Travel Friendly, Educational Toy for Return & Birthday Gifts	1	BOM4	SELLABLE	UNDELIVERABLE_UNKNOWN	LPNBOM4N37598720	
2026-05-22T09:55:19+00:00	407-3921579-8929126	1630210	B09HH8CC7Y	X00262W227	Cubelelo Drift Number Sliding Magnetic Puzzle 4x4 | Toys For 6-10 Years Old Boys & Girls | 15-Blocks Brain Teaser Puzzle Game for Kids | Educational, Learning, Activity Toy for Return & Birthday Gifts	1	AMD2	SELLABLE	UNDELIVERABLE_REFUSED	LPNAMD2M3952572	
2026-05-22T09:50:33+00:00	406-0053780-8610735	1030651	B0DJQWJFSX	X0025EZ04D	Cubelelo Drift 3M Plus v2 3x3 (Magnetic) (New Upgraded Version) | Based on MoYu RS3M v5 | Dual-Adjustment System | Speedcube for Kids & Adults | Magic Speedy Stress Buster Brainstorming Puzzle	1	DEL2	SELLABLE	DEFECTIVE	LPNDEL2R83553939	
2026-05-22T09:38:10+00:00	404-4455506-3022734	1460553	B0BYVHGR5H	X001WPZI9N	Cubelelo Drift 2x2, 3x3 & Pyraminx Cube Combo (Stickerless) | Ideal for Kids Above 3 4 5 6 Years Old Boys Girls | 3 in 1 Speedcube Gift Set | High Speed Puzzle 3x3x3 2x2x2 Pyramid Triangle	1	BLR5	SELLABLE	UNDELIVERABLE_UNKNOWN	LPNBLR5P6749665	
2026-05-22T09:37:20+00:00	407-1274033-1039569	1030300_EAN	B0FBMGT6V7	X002C88WLZ	Cubelelo Drift Explorer 3x3 Speed Cube | Best Starter Speedcube for Beginners | Perfect Brain Teaser for Kids Ages 4 to14 Years Old & Above Boys Girls Children | Smooth Turning Puzzle Toy for Adults	1	BLR5	SELLABLE	UNDELIVERABLE_UNKNOWN	LPNBLR5P5749900	
2026-05-22T09:35:58+00:00	404-7428613-7632334	1120100	B08LBGYZ51	X0019BU32H	Cubelelo Drift 3x3 Mirror (Silver) Magic Speed Cube | Shape Shifter Speedcube with Durable Stickers | Advanced 3x3x3 Puzzle Toy for Kids Ages 7-14 Boys Girls & Adults | Collector's Item	1	DEL2	SELLABLE	UNDELIVERABLE_REFUSED	LPNDEL2R83172578	
2026-05-22T09:00:18+00:00	171-1419109-1661125	1630210	B09HH8CC7Y	X00262W227	Cubelelo Drift Number Sliding Magnetic Puzzle 4x4 | Toys For 6-10 Years Old Boys & Girls | 15-Blocks Brain Teaser Puzzle Game for Kids | Educational, Learning, Activity Toy for Return & Birthday Gifts	1	BOM4	SELLABLE	UNDELIVERABLE_REFUSED	LPNBOM4N37760392	
2026-05-22T08:53:42+00:00	404-5493725-2297953	1030300_EAN	B0FBMGT6V7	X002C88WLZ	Cubelelo Drift Explorer 3x3 Speed Cube | Best Starter Speedcube for Beginners | Perfect Brain Teaser for Kids Ages 4 to14 Years Old & Above Boys Girls Children | Smooth Turning Puzzle Toy for Adults	1	BOM4	SELLABLE	UNDELIVERABLE_REFUSED	LPNBOM4N37834889	
2026-05-22T08:50:08+00:00	404-2212641-7242708	1040400	B0FL7TDJLF	X002DFU80F	Cubelelo Drift 4x4 Stickerless Cube Puzzle Toy | Combines Smoothness, Stability & Durability | 4x4x4 Speedcube for Beginners| Suitable for Kids Ages 6 to 14 Years Old, Boys, Girls & Adults	1	CCX1	SELLABLE	UNDELIVERABLE_REFUSED	LPNCCX1B2902069	
2026-05-22T08:38:36+00:00	402-3303067-7980307	1030604	B0DRVQVFJB	X0027JJHDB	Cubelelo Drift 3M v3 3x3 Magnetic Speedcube (Standard) | Latest Version with New & Improved Internal Structure for Smooth Turns & Stability | Cube Toy for 6-10 Years Old Boys Girls Adults	1	DEL2	DEFECTIVE	SWITCHEROO	LPNDEL2R81109423	The entire item is diffrent i ordered cube they delivered magnetic tangram
2026-05-22T08:36:18+00:00	402-2313679-5594743	1630210	B09HH8CC7Y	X00262W227	Cubelelo Drift Number Sliding Magnetic Puzzle 4x4 | Toys For 6-10 Years Old Boys & Girls | 15-Blocks Brain Teaser Puzzle Game for Kids | Educational, Learning, Activity Toy for Return & Birthday Gifts	1	BLR5	CUSTOMER_DAMAGED	SWITCHEROO	LPNBLR5P4767447	
2026-05-22T08:31:02+00:00	407-6216376-3356322	1120100	B08LBGYZ51	X0019BU32H	Cubelelo Drift 3x3 Mirror (Silver) Magic Speed Cube | Shape Shifter Speedcube with Durable Stickers | Advanced 3x3x3 Puzzle Toy for Kids Ages 7-14 Boys Girls & Adults | Collector's Item	1	DEL2	SELLABLE	DEFECTIVE	LPNDEL2R83683249	
2026-05-22T08:29:03+00:00	171-1094073-8832356	1030604	B0DRVQVFJB	X0027JJHDB	Cubelelo Drift 3M v3 3x3 Magnetic Speedcube (Standard) | Latest Version with New & Improved Internal Structure for Smooth Turns & Stability | Cube Toy for 6-10 Years Old Boys Girls Adults	1	BOM4	SELLABLE	UNDELIVERABLE_UNKNOWN	LPNBOM4N37833774	
2026-05-22T08:26:34+00:00	406-9107999-1879515	1030300_EAN	B0FBMGT6V7	X002C88WLZ	Cubelelo Drift Explorer 3x3 Speed Cube | Best Starter Speedcube for Beginners | Perfect Brain Teaser for Kids Ages 4 to14 Years Old & Above Boys Girls Children | Smooth Turning Puzzle Toy for Adults	1	BOM4	SELLABLE	UNDELIVERABLE_REFUSED	LPNBOM4N37833768	
2026-05-22T08:26:32+00:00	403-2817764-8364359	1630202	B09B7PNSTV	X001ETHG47	Cubelelo Drift Infinity Cube (Blue) | Magic Puzzle Cool Mini Gadget for Stress and Anxiety Relief for Kids and Adults | Desk Finger Flip Toy for Fun and Game | for Ages 3 Years and Above	1	BOM4	SELLABLE	UNDELIVERABLE_UNKNOWN	LPNBOM4N40362102	
2026-05-22T08:11:53+00:00	405-9792685-6417933	1030651	B0DJQWJFSX	X0025EZ04D	Cubelelo Drift 3M Plus v2 3x3 (Magnetic) (New Upgraded Version) | Based on MoYu RS3M v5 | Dual-Adjustment System | Speedcube for Kids & Adults | Magic Speedy Stress Buster Brainstorming Puzzle	1	BLR5	SELLABLE	UNDELIVERABLE_UNKNOWN	LPNBLR5P3809781	
2026-05-22T08:04:39+00:00	403-7302320-6505167	1030300_EAN	B0FBMGT6V7	X002C88WLZ	Cubelelo Drift Explorer 3x3 Speed Cube | Best Starter Speedcube for Beginners | Perfect Brain Teaser for Kids Ages 4 to14 Years Old & Above Boys Girls Children | Smooth Turning Puzzle Toy for Adults	1	DEL2	SELLABLE	UNDELIVERABLE_REFUSED	LPNDEL2R85180038	
2026-05-22T07:53:11+00:00	408-9116965-5488320	1040400	B0FL7TDJLF	X002DFU80F	Cubelelo Drift 4x4 Stickerless Cube Puzzle Toy | Combines Smoothness, Stability & Durability | 4x4x4 Speedcube for Beginners| Suitable for Kids Ages 6 to 14 Years Old, Boys, Girls & Adults	1	BLR5	CUSTOMER_DAMAGED	DAMAGED_BY_FC	LPNBLR5P5266177	
2026-05-22T06:55:35+00:00	406-1698600-6821160	1630201	B09QMNCWYG	X001I5SK8D	Cubelelo Drift Infinity Cube (Green) | Magic Puzzle Cool Mini Gadget for Stress and Anxiety Relief for Kids and Adults | Desk Finger Flip Toy for Fun and Game | for Ages 3 Years and Above	1	BOM4	DEFECTIVE	DAMAGED_BY_FC	LPNBOM4N38976991	It was broken
2026-05-22T06:15:20+00:00	171-8663154-1444367	1290300	B0DB6311DK	X00239RFKR	Cubelelo Drift Megaminx v2 Cube (New Improved Version) | 12-Sided Fun and Challenging Puzzle with Ridge Design | Smooth Turning Dodecahedron | Perfect for Speed-Cubing | Ideal for Kids & Adults	1	BLR5	CARRIER_DAMAGED	DEFECTIVE	LPNBLR5P7314495	
2026-05-22T05:44:40+00:00	402-5030763-4097132	1120100	B08LBGYZ51	X0019BU32H	Cubelelo Drift 3x3 Mirror (Silver) Magic Speed Cube | Shape Shifter Speedcube with Durable Stickers | Advanced 3x3x3 Puzzle Toy for Kids Ages 7-14 Boys Girls & Adults | Collector's Item	1	BLR5	SELLABLE	SWITCHEROO	LPNBLR5P5902303	
2026-05-22T05:27:50+00:00	404-0568695-8100336	1130100	B09K7QWDT5	X001GMABSF	Cubelelo Drift Skewb Stickerless Speedcube Puzzle for Kids & Adults | Fast & Smooth Stress Buster | Brain-Boosting Challenge for Kids and Adults (Multicolour)	1	BLR5	SELLABLE	UNDELIVERABLE_REFUSED	LPNBLR5P7540373	
2026-05-22T05:25:17+00:00	407-4406607-5019539	1050200	B09K7QTCXP	X001GM0XER	Cubelelo Drift 5x5 Stickerless Speed Cube | AKA Professor's Cube Magic Puzzle for Kids & Adults | Smooth and Durable Speedy Brainstorming Puzzle| Ultimate Stress Buster and Mind Challenge	1	BLR5	SELLABLE	UNDELIVERABLE_REFUSED	LPNBLR5P7540312	
2026-05-22T05:13:33+00:00	408-2936418-0850700	1030603	B0DRVMTFN1	X0027JJ8K3	Cubelelo Drift 3M v3 3x3 (Magnetic UV Coated) Speedcube - New Version | Premium Glossy Finish, Ultra Fast & Smooth Turns, Enhanced Auto-Alignment with 48 Magnets | Puzzle Cube for Kids & Adults	1	BOM4	SELLABLE	UNDELIVERABLE_REFUSED	LPNBOM4N37801227	
2026-05-22T05:06:25+00:00	407-2468601-9887555	1050200	B09K7QTCXP	X001GM0XER	Cubelelo Drift 5x5 Stickerless Speed Cube | AKA Professor's Cube Magic Puzzle for Kids & Adults | Smooth and Durable Speedy Brainstorming Puzzle| Ultimate Stress Buster and Mind Challenge	1	DEL2	SELLABLE	UNDELIVERABLE_UNKNOWN	LPNDEL2R83683060	
2026-05-22T05:03:03+00:00	405-9927514-3285906	1030500	B08H88N2N9	X0018CDFL3	Cubelelo Drift Warrior 3x3 Stickerless Cube | Beginner Speedcube for Kids Boys Girls Above 3 4 5 6 Years Old & Above | Magic Puzzle Toy | Durable & Smooth Cube with Anti-Pop Design 3 3	1	BOM4	CUSTOMER_DAMAGED	DAMAGED_BY_FC	LPNBOM4N37785549	
2026-05-22T04:59:48+00:00	403-4962722-0051543	1630210	B09HH8CC7Y	X00262W227	Cubelelo Drift Number Sliding Magnetic Puzzle 4x4 | Toys For 6-10 Years Old Boys & Girls | 15-Blocks Brain Teaser Puzzle Game for Kids | Educational, Learning, Activity Toy for Return & Birthday Gifts	1	BOM4	CUSTOMER_DAMAGED	DAMAGED_BY_FC	LPNBOM4N37626277	
2026-05-22T03:45:58+00:00	404-0793356-1485110	1120038a	B0FHW9DQ29	X002CWQDK3	Cubelelo Drift Mirror 3x3 (Tiled - Colored) Speed Cube | No Stickers, Premium Finish with Smooth Turning Speedcube for Kids and Adults	1	BLR5	SELLABLE	UNDELIVERABLE_REFUSED	LPNBLR5P7323331	
2026-05-22T03:25:21+00:00	404-5289432-8555535	1070600	B09WHYHTCR	X001JIZ5GJ	Cubelelo Drift 7M 7x7 Magnetic Speedcube Magic Puzzle for Kids & Adults Speedy Stress Buster Brainstorming Cube	1	DEL2	SELLABLE	UNDELIVERABLE_REFUSED	LPNDEL2R83465037	
2026-05-21T22:35:43+00:00	407-2031527-5794733	1030500	B08H88N2N9	X0018CDFL3	Cubelelo Drift Warrior 3x3 Stickerless Cube | Beginner Speedcube for Kids Boys Girls Above 3 4 5 6 Years Old & Above | Magic Puzzle Toy | Durable & Smooth Cube with Anti-Pop Design 3 3	1	BLR5	SELLABLE	NEVER_ARRIVED	LPNBLR5P8166753	
2026-05-21T22:07:22+00:00	403-0236094-8269979	1460553	B0BYVHGR5H	X001WPZI9N	Cubelelo Drift 2x2, 3x3 & Pyraminx Cube Combo (Stickerless) | Ideal for Kids Above 3 4 5 6 Years Old Boys Girls | 3 in 1 Speedcube Gift Set | High Speed Puzzle 3x3x3 2x2x2 Pyramid Triangle	1	BLR5	SELLABLE	UNDELIVERABLE_REFUSED	LPNBLR5P5981583	
2026-05-21T21:09:58+00:00	406-7341809-3078715	1040400	B0FL7TDJLF	X002DFU80F	Cubelelo Drift 4x4 Stickerless Cube Puzzle Toy | Combines Smoothness, Stability & Durability | 4x4x4 Speedcube for Beginners| Suitable for Kids Ages 6 to 14 Years Old, Boys, Girls & Adults	1	BLR5	SELLABLE	UNDELIVERABLE_REFUSED	LPNBLR5P4046419	
2026-05-21T20:36:48+00:00	403-8871494-3740337	1030604	B0DRVQVFJB	X0027JJHDB	Cubelelo Drift 3M v3 3x3 Magnetic Speedcube (Standard) | Latest Version with New & Improved Internal Structure for Smooth Turns & Stability | Cube Toy for 6-10 Years Old Boys Girls Adults	1	BLR5	CUSTOMER_DAMAGED	DAMAGED_BY_FC	LPNBLR5P3713602	
2026-05-21T14:39:45+00:00	171-1727528-0341104	1030652	B0DJR1FJ3M	X0025FFJUH	Cubelelo Drift 3M Plus v2 3x3 (MagLev) Speedcube (New Upgraded Version) | Ultra-Smooth Magnetic Leviation for Fast Solves | Perfect Brain-Teasing Puzzle for Kids & Adults	1	BLR5	SELLABLE	UNDELIVERABLE_REFUSED	LPNBLR5P5265387	
2026-05-21T14:37:44+00:00	405-5420571-5618712	1040300	B09HH8XQ14	X001G4QY25	Cubelelo Drift 4x4 (Black) Speedcube | Challenging Brain Teaser Puzzle Toy for Kids 7-14 Years Old Boys Girls & Adults All Ages | Fast Speed Cube for Intermediate and Advanced Cubers	1	BLR5	SELLABLE	UNDELIVERABLE_REFUSED	LPNBLR5P4914800	
2026-05-21T12:48:58+00:00	404-1460583-6197951	1030604	B0DRVQVFJB	X0027JJHDB	Cubelelo Drift 3M v3 3x3 Magnetic Speedcube (Standard) | Latest Version with New & Improved Internal Structure for Smooth Turns & Stability | Cube Toy for 6-10 Years Old Boys Girls Adults	1	BOM4	SELLABLE	UNDELIVERABLE_REFUSED	LPNBOM4N39981869	
2026-05-21T12:40:16+00:00	407-4938922-7523562	1040400	B0FL7TDJLF	X002DFU80F	Cubelelo Drift 4x4 Stickerless Cube Puzzle Toy | Combines Smoothness, Stability & Durability | 4x4x4 Speedcube for Beginners| Suitable for Kids Ages 6 to 14 Years Old, Boys, Girls & Adults	1	DEL2	SELLABLE	DEFECTIVE	LPNDEL2R83331220	
2026-05-21T12:21:56+00:00	403-5141455-8384364	1040400	B0FL7TDJLF	X002DFU80F	Cubelelo Drift 4x4 Stickerless Cube Puzzle Toy | Combines Smoothness, Stability & Durability | 4x4x4 Speedcube for Beginners| Suitable for Kids Ages 6 to 14 Years Old, Boys, Girls & Adults	1	CCX1	SELLABLE	UNDELIVERABLE_UNKNOWN	LPNCCX1B2883168	
2026-05-21T12:09:24+00:00	404-9539298-0153946	1040300	B09HH8XQ14	X001G4QY25	Cubelelo Drift 4x4 (Black) Speedcube | Challenging Brain Teaser Puzzle Toy for Kids 7-14 Years Old Boys Girls & Adults All Ages | Fast Speed Cube for Intermediate and Advanced Cubers	1	BOM4	SELLABLE	UNDELIVERABLE_UNKNOWN	LPNBOM4N37804847	
2026-05-21T12:00:23+00:00	408-2204812-3970735	1460501	B08XK25RRF	X001VLOAKL	Cubelelo Drift 2x2 & 3x3 Cube Gift Box Combo | 2-in-1 Puzzle Toy Game Set for Children Kids & Adults Ages 4 5 6 & Above | Double the Challenge, Twice the Fun | Ultimate Value Saver Combo	1	BLR5	CUSTOMER_DAMAGED	DEFECTIVE	LPNBLR5P4539458	
2026-05-21T11:45:00+00:00	404-2198954-2021903	1630210	B09HH8CC7Y	X00262W227	Cubelelo Drift Number Sliding Magnetic Puzzle 4x4 | Toys For 6-10 Years Old Boys & Girls | 15-Blocks Brain Teaser Puzzle Game for Kids | Educational, Learning, Activity Toy for Return & Birthday Gifts	1	BLR5	SELLABLE	UNDELIVERABLE_REFUSED	LPNBLR5P4909218	
2026-05-21T11:28:39+00:00	403-6281751-7245137	1030604	B0DRVQVFJB	X0027JJHDB	Cubelelo Drift 3M v3 3x3 Magnetic Speedcube (Standard) | Latest Version with New & Improved Internal Structure for Smooth Turns & Stability | Cube Toy for 6-10 Years Old Boys Girls Adults	1	BLR5	SELLABLE	UNDELIVERABLE_REFUSED	LPNBLR5P5277559	
2026-05-21T11:11:15+00:00	406-9678239-9307567	1460521	B0CGNW2MFJ	X001VZFQYB	Cubelelo Drift Square-1 & Skewb Gift Box | Explore the new Dimension of Uniquely Shaped Puzzles | 2 in 1 Combo Pack of Dual Challenge Delight | Brainstoming Game Toy for Children Kids & Adults	1	CCX1	SELLABLE	SWITCHEROO	LPNCCX1B2883283	Totally different
2026-05-21T11:00:51+00:00	171-3473569-0763513	1630210	B09HH8CC7Y	X00262W227	Cubelelo Drift Number Sliding Magnetic Puzzle 4x4 | Toys For 6-10 Years Old Boys & Girls | 15-Blocks Brain Teaser Puzzle Game for Kids | Educational, Learning, Activity Toy for Return & Birthday Gifts	1	DEL2	SELLABLE	UNDELIVERABLE_REFUSED	LPNDEL2R83452834	
2026-05-21T11:00:25+00:00	403-4151268-1445121	1460501	B08XK25RRF	X001VLOAKL	Cubelelo Drift 2x2 & 3x3 Cube Gift Box Combo | 2-in-1 Puzzle Toy Game Set for Children Kids & Adults Ages 4 5 6 & Above | Double the Challenge, Twice the Fun | Ultimate Value Saver Combo	1	BOM4	SELLABLE	UNDELIVERABLE_UNKNOWN	LPNBOM4N39737514	
2026-05-21T10:54:44+00:00	408-2444853-8138767	1630210	B09HH8CC7Y	X00262W227	Cubelelo Drift Number Sliding Magnetic Puzzle 4x4 | Toys For 6-10 Years Old Boys & Girls | 15-Blocks Brain Teaser Puzzle Game for Kids | Educational, Learning, Activity Toy for Return & Birthday Gifts	1	BLR5	SELLABLE	UNDELIVERABLE_REFUSED	LPNBLR5P6328139	
2026-05-21T10:35:42+00:00	406-2734219-7686728	1030604	B0DRVQVFJB	X0027JJHDB	Cubelelo Drift 3M v3 3x3 Magnetic Speedcube (Standard) | Latest Version with New & Improved Internal Structure for Smooth Turns & Stability | Cube Toy for 6-10 Years Old Boys Girls Adults	1	DEL2	SELLABLE	NOT_AS_DESCRIBED	LPNDEL2R83421576	Product doesn’t match as showed
2026-05-21T10:32:21+00:00	171-6449464-0233904	1030300_EAN	B0FBMGT6V7	X002C88WLZ	Cubelelo Drift Explorer 3x3 Speed Cube | Best Starter Speedcube for Beginners | Perfect Brain Teaser for Kids Ages 4 to14 Years Old & Above Boys Girls Children | Smooth Turning Puzzle Toy for Adults	1	BOM4	SELLABLE	UNDELIVERABLE_UNKNOWN	LPNBOM4N39992536	
2026-05-21T10:22:42+00:00	407-1771339-2513138	1030604	B0DRVQVFJB	X0027JJHDB	Cubelelo Drift 3M v3 3x3 Magnetic Speedcube (Standard) | Latest Version with New & Improved Internal Structure for Smooth Turns & Stability | Cube Toy for 6-10 Years Old Boys Girls Adults	1	AMD2	SELLABLE	UNDELIVERABLE_REFUSED	LPNAMD2M3989772	
2026-05-21T10:17:04+00:00	402-4703917-8173933	1460553	B0BYVHGR5H	X001WPZI9N	Cubelelo Drift 2x2, 3x3 & Pyraminx Cube Combo (Stickerless) | Ideal for Kids Above 3 4 5 6 Years Old Boys Girls | 3 in 1 Speedcube Gift Set | High Speed Puzzle 3x3x3 2x2x2 Pyramid Triangle	1	DEL2	SELLABLE	UNDELIVERABLE_REFUSED	LPNDEL2R83553468	
2026-05-21T10:12:35+00:00	407-3828913-0896300	1030300_EAN	B0FBMGT6V7	X002C88WLZ	Cubelelo Drift Explorer 3x3 Speed Cube | Best Starter Speedcube for Beginners | Perfect Brain Teaser for Kids Ages 4 to14 Years Old & Above Boys Girls Children | Smooth Turning Puzzle Toy for Adults	1	BOM4	SELLABLE	UNDELIVERABLE_REFUSED	LPNBOM4N37767305	
2026-05-21T09:46:17+00:00	171-6299130-9241956	1630210	B09HH8CC7Y	X00262W227	Cubelelo Drift Number Sliding Magnetic Puzzle 4x4 | Toys For 6-10 Years Old Boys & Girls | 15-Blocks Brain Teaser Puzzle Game for Kids | Educational, Learning, Activity Toy for Return & Birthday Gifts	1	BLR8	SELLABLE	UNDELIVERABLE_REFUSED	LPNBLR8Z3167859	
2026-05-21T09:40:39+00:00	406-5547332-9676341	CLB0502	B0CL3HR7YS	X001VZMI15	Cubelelo Drift Warrior 3x3 & Premium Cube Lubricant Combo | Speed Cube Set for Fast, Smooth, Professional Solving | Ultimate Kit for All Your Speedcubing Needs Multicolor for Kids, Adults All Ages	1	BOM7	SELLABLE	UNDELIVERABLE_UNKNOWN	LPNBOM7D20115947	
2026-05-21T09:26:42+00:00	408-7890820-6220365	1030300_EAN	B0FBMGT6V7	X002C88WLZ	Cubelelo Drift Explorer 3x3 Speed Cube | Best Starter Speedcube for Beginners | Perfect Brain Teaser for Kids Ages 4 to14 Years Old & Above Boys Girls Children | Smooth Turning Puzzle Toy for Adults	1	BLR5	SELLABLE	UNDELIVERABLE_REFUSED	LPNBLR5P5265072	
2026-05-21T09:20:46+00:00	408-1468031-6375522	1030300_EAN	B0FBMGT6V7	X002C88WLZ	Cubelelo Drift Explorer 3x3 Speed Cube | Best Starter Speedcube for Beginners | Perfect Brain Teaser for Kids Ages 4 to14 Years Old & Above Boys Girls Children | Smooth Turning Puzzle Toy for Adults	1	BOM4	SELLABLE	UNDELIVERABLE_UNKNOWN	LPNBOM4N37781863	
2026-05-21T08:42:20+00:00	403-7299939-2464305	1050200	B09K7QTCXP	X001GM0XER	Cubelelo Drift 5x5 Stickerless Speed Cube | AKA Professor's Cube Magic Puzzle for Kids & Adults | Smooth and Durable Speedy Brainstorming Puzzle| Ultimate Stress Buster and Mind Challenge	1	CCX1	SELLABLE	DAMAGED_BY_FC	LPNCCX1B5283661	
2026-05-21T08:35:47+00:00	407-4697682-4908331	1630202	B09B7PNSTV	X001ETHG47	Cubelelo Drift Infinity Cube (Blue) | Magic Puzzle Cool Mini Gadget for Stress and Anxiety Relief for Kids and Adults | Desk Finger Flip Toy for Fun and Game | for Ages 3 Years and Above	1	BOM4	SELLABLE	UNDELIVERABLE_UNKNOWN	LPNBOM4N40102817	
2026-05-21T08:24:11+00:00	407-8381736-6461132	1630202	B09B7PNSTV	X001ETHG47	Cubelelo Drift Infinity Cube (Blue) | Magic Puzzle Cool Mini Gadget for Stress and Anxiety Relief for Kids and Adults | Desk Finger Flip Toy for Fun and Game | for Ages 3 Years and Above	1	BOM4	SELLABLE	UNDELIVERABLE_UNKNOWN	LPNBOM4N37804722	
2026-05-21T08:23:57+00:00	408-0645135-6629964	1460503	B08XK4V59M	X001VFXJDV	Cubelelo Drift 2x2, 3x3 & 4x4 Premium Gift Box | 3-in-1 Puzzle Game Set | Triple the Challenge, Thrice the Fun | Ultimate Value Saver Combo | Brainstoming Toy for Children Kids & Adults	1	BOM4	SELLABLE	DEFECTIVE	LPNBOM4N40049350	
2026-05-21T07:55:47+00:00	407-3579052-4048357	1630202	B09B7PNSTV	X001ETHG47	Cubelelo Drift Infinity Cube (Blue) | Magic Puzzle Cool Mini Gadget for Stress and Anxiety Relief for Kids and Adults | Desk Finger Flip Toy for Fun and Game | for Ages 3 Years and Above	1	BOM5	SELLABLE	UNDELIVERABLE_UNKNOWN	LPNBOM5F5006868	
2026-05-21T07:55:31+00:00	406-7041197-7891536	1040300	B09HH8XQ14	X001G4QY25	Cubelelo Drift 4x4 (Black) Speedcube | Challenging Brain Teaser Puzzle Toy for Kids 7-14 Years Old Boys Girls & Adults All Ages | Fast Speed Cube for Intermediate and Advanced Cubers	1	DEL2	SELLABLE	UNDELIVERABLE_REFUSED	LPNDEL2R83330997	
2026-05-21T07:48:50+00:00	406-3151555-3355564	1460565	B089LJBSPQ	X0023ASIV1	Cubelelo Drift 2x2 Stickerless with Stand | High-Performance Speed Cube | Smooth Turning & Adjustable Tension | Durable & Reliable | Ideal for All Ages	1	BLR5	SELLABLE	UNDELIVERABLE_REFUSED	LPNBLR5P8137134	
2026-05-21T07:32:17+00:00	403-9657035-7922723	1030478	B09PYRTM4X	X001HYK0PL	Cubelelo Drift 3x3 Jelly Edition Speedcube Magic Cube Puzzle	1	DEL2	DEFECTIVE	MISSING_PARTS	LPNDEL2R83884235	I don&#39;t like the quality and also some are the missing parts and have the light colour which is not meet my expectations
2026-05-21T07:05:18+00:00	407-7220581-0265105	1030300_EAN	B0FBMGT6V7	X002C88WLZ	Cubelelo Drift Explorer 3x3 Speed Cube | Best Starter Speedcube for Beginners | Perfect Brain Teaser for Kids Ages 4 to14 Years Old & Above Boys Girls Children | Smooth Turning Puzzle Toy for Adults	1	BOM4	SELLABLE	UNDELIVERABLE_REFUSED	LPNBOM4N39836585	
2026-05-21T06:55:00+00:00	408-2309650-7646742	1460501	B08XK25RRF	X001VLOAKL	Cubelelo Drift 2x2 & 3x3 Cube Gift Box Combo | 2-in-1 Puzzle Toy Game Set for Children Kids & Adults Ages 4 5 6 & Above | Double the Challenge, Twice the Fun | Ultimate Value Saver Combo	1	BOM4	SELLABLE	UNDELIVERABLE_REFUSED	LPNBOM4N39756826	
2026-05-21T06:18:09+00:00	171-0394166-0155513	1030604	B0DRVQVFJB	X0027JJHDB	Cubelelo Drift 3M v3 3x3 Magnetic Speedcube (Standard) | Latest Version with New & Improved Internal Structure for Smooth Turns & Stability | Cube Toy for 6-10 Years Old Boys Girls Adults	1	DEL2	SELLABLE	SWITCHEROO	LPNDEL2R82731807	
2026-05-21T06:07:00+00:00	407-2303415-6478715	1030322	B07F1M6KCP	X000WRSIMB	Cubelelo Drift 3x3 Carbon Fiber Speed Cube Puzzle | Premium Multicolor Magic Cube for Kids & Adults | Stress Relief Brain Teaser with Smooth Turns & Durable Carbon Fiber Stickers	1	DEL2	SELLABLE	SWITCHEROO	LPNDEL2R83501839	
2026-05-21T06:03:49+00:00	171-7889216-6920319	1030604	B0DRVQVFJB	X0027JJHDB	Cubelelo Drift 3M v3 3x3 Magnetic Speedcube (Standard) | Latest Version with New & Improved Internal Structure for Smooth Turns & Stability | Cube Toy for 6-10 Years Old Boys Girls Adults	1	CCX2	SELLABLE	UNDELIVERABLE_UNKNOWN	LPNCCX2A8884776	
2026-05-21T05:52:38+00:00	404-3992197-4352315	1030500	B08H88N2N9	X0018CDFL3	Cubelelo Drift Warrior 3x3 Stickerless Cube | Beginner Speedcube for Kids Boys Girls Above 3 4 5 6 Years Old & Above | Magic Puzzle Toy | Durable & Smooth Cube with Anti-Pop Design 3 3	1	DEL2	SELLABLE	UNDELIVERABLE_REFUSED	LPNDEL2R83776119	
2026-05-21T05:49:41+00:00	404-4356459-4749128	1120034	B08998HB2Y	X0016NVO3P	Cubelelo Drift Mirror Blue Magic Cube Brainstorming Stressbuster Speedcube Puzzle	1	CCX1	SELLABLE	UNDELIVERABLE_REFUSED	LPNCCX1B2927823	
2026-05-21T05:48:55+00:00	171-3152991-8045152	1630210	B09HH8CC7Y	X00262W227	Cubelelo Drift Number Sliding Magnetic Puzzle 4x4 | Toys For 6-10 Years Old Boys & Girls | 15-Blocks Brain Teaser Puzzle Game for Kids | Educational, Learning, Activity Toy for Return & Birthday Gifts	1	DEL2	SELLABLE	UNDELIVERABLE_REFUSED	LPNDEL2R83324159	
2026-05-21T04:47:43+00:00	171-1257221-2969103	CLB0525	B0DQ8XH4J5	X00271Q95N	Cubelelo Drift 3M Plus v2 MagLev 3x3 Speedcube with Premium Pouch & Cube Lubricant Combo | Advanced MagLev Technology for Superior Stability | Ultra-Smooth Turns | Ideal for Speedcubers, Kids & Adults	1	BLR5	CUSTOMER_DAMAGED	MISSING_PARTS	LPNBLR5P7539138	
2026-05-21T04:05:45+00:00	407-0064599-8104355	1040300	B09HH8XQ14	X001G4QY25	Cubelelo Drift 4x4 (Black) Speedcube | Challenging Brain Teaser Puzzle Toy for Kids 7-14 Years Old Boys Girls & Adults All Ages | Fast Speed Cube for Intermediate and Advanced Cubers	1	BOM4	SELLABLE	SWITCHEROO	LPNBOM4N37848098	
2026-05-21T04:01:12+00:00	402-8621586-4331567	1460577	B0D9NW55MK	X00232KSTT	Cubelelo Drift 2x2 with Cube Lubricant and Stand Combo | High-Performance Speed Cube | Smooth Turning & Durable | Ideal for All Ages	1	DEL2	SELLABLE	UNDELIVERABLE_REFUSED	LPNDEL2R83776026	
2026-05-21T04:00:42+00:00	404-3989246-8403547	1060600	B09WHY3DPP	X001JJ1BL1	Cubelelo Drift 6M 6x6 (Magnetic) Stickerless Speedcube Magic Puzzle Toy for Kids & Adults Speedy Stress Buster Brainstorming Cube	1	BOM4	SELLABLE	DEFECTIVE	LPNBOM4N39786309	
2026-05-21T03:46:57+00:00	402-3852884-0655530	1630210	B09HH8CC7Y	X00262W227	Cubelelo Drift Number Sliding Magnetic Puzzle 4x4 | Toys For 6-10 Years Old Boys & Girls | 15-Blocks Brain Teaser Puzzle Game for Kids | Educational, Learning, Activity Toy for Return & Birthday Gifts	1	BLR5	SELLABLE	UNDELIVERABLE_REFUSED	LPNBLR5P5548775	
2026-05-21T03:24:21+00:00	406-6402163-6628352	1630210	B09HH8CC7Y	X00262W227	Cubelelo Drift Number Sliding Magnetic Puzzle 4x4 | Toys For 6-10 Years Old Boys & Girls | 15-Blocks Brain Teaser Puzzle Game for Kids | Educational, Learning, Activity Toy for Return & Birthday Gifts	1	BOM4	SELLABLE	DEFECTIVE	LPNBOM4N39982911	
2026-05-21T03:20:27+00:00	405-8014074-0258763	1050200	B09K7QTCXP	X001GM0XER	Cubelelo Drift 5x5 Stickerless Speed Cube | AKA Professor's Cube Magic Puzzle for Kids & Adults | Smooth and Durable Speedy Brainstorming Puzzle| Ultimate Stress Buster and Mind Challenge	1	BLR5	SELLABLE	UNDELIVERABLE_REFUSED	LPNBLR5P6753056	
2026-05-20T22:40:53+00:00	404-8184039-3767559	1030300_EAN	B0FBMGT6V7	X002C88WLZ	Cubelelo Drift Explorer 3x3 Speed Cube | Best Starter Speedcube for Beginners | Perfect Brain Teaser for Kids Ages 4 to14 Years Old & Above Boys Girls Children | Smooth Turning Puzzle Toy for Adults	1	BLR5	SELLABLE	UNDELIVERABLE_REFUSED	LPNBLR5P5905745	
2026-05-20T21:17:04+00:00	407-9360252-7150706	1030300_EAN	B0FBMGT6V7	X002C88WLZ	Cubelelo Drift Explorer 3x3 Speed Cube | Best Starter Speedcube for Beginners | Perfect Brain Teaser for Kids Ages 4 to14 Years Old & Above Boys Girls Children | Smooth Turning Puzzle Toy for Adults	1	BLR5	SELLABLE	UNDELIVERABLE_REFUSED	LPNBLR5P5765226	
2026-05-20T20:56:48+00:00	404-5644606-5245145	1030300_EAN	B0FBMGT6V7	X002C88WLZ	Cubelelo Drift Explorer 3x3 Speed Cube | Best Starter Speedcube for Beginners | Perfect Brain Teaser for Kids Ages 4 to14 Years Old & Above Boys Girls Children | Smooth Turning Puzzle Toy for Adults	1	BLR5	SELLABLE	DEFECTIVE	LPNBLR5P5912840	
2026-05-20T20:49:20+00:00	171-3224898-4329137	1030300_EAN	B0FBMGT6V7	X002C88WLZ	Cubelelo Drift Explorer 3x3 Speed Cube | Best Starter Speedcube for Beginners | Perfect Brain Teaser for Kids Ages 4 to14 Years Old & Above Boys Girls Children | Smooth Turning Puzzle Toy for Adults	1	BLR5	SELLABLE	UNDELIVERABLE_REFUSED	LPNBLR5P3712377	
2026-05-20T20:18:40+00:00	404-7092310-6509166	1630210	B09HH8CC7Y	X00262W227	Cubelelo Drift Number Sliding Magnetic Puzzle 4x4 | Toys For 6-10 Years Old Boys & Girls | 15-Blocks Brain Teaser Puzzle Game for Kids | Educational, Learning, Activity Toy for Return & Birthday Gifts	1	BLR5	SELLABLE	UNDELIVERABLE_REFUSED	LPNBLR5P6025505	
2026-05-20T19:26:24+00:00	403-1253417-0161902	1460502	B08XJVBV15	X001VLPA4L	Cubelelo Drift 3x3 & 4x4 Stickerless Combo Set - Premium Dual Speed Cube Bundle for All Skill Levels - Smooth Turning, Durable, and Vibrant Stickerless Design	1	BLR5	SELLABLE	UNDELIVERABLE_REFUSED	LPNBLR5P5905645	
2026-05-20T19:17:11+00:00	408-7061222-8488322	1050200	B09K7QTCXP	X001GM0XER	Cubelelo Drift 5x5 Stickerless Speed Cube | AKA Professor's Cube Magic Puzzle for Kids & Adults | Smooth and Durable Speedy Brainstorming Puzzle| Ultimate Stress Buster and Mind Challenge	1	BLR5	CUSTOMER_DAMAGED	SWITCHEROO	LPNBLR5P6756705	
2026-05-20T18:23:16+00:00	407-0247048-0634731	1030300_EAN	B0FBMGT6V7	X002C88WLZ	Cubelelo Drift Explorer 3x3 Speed Cube | Best Starter Speedcube for Beginners | Perfect Brain Teaser for Kids Ages 4 to14 Years Old & Above Boys Girls Children | Smooth Turning Puzzle Toy for Adults	1	BLR5	SELLABLE	UNDELIVERABLE_REFUSED	LPNBLR5P5784821	
2026-05-20T17:38:28+00:00	403-1463012-2213915	1630210	B09HH8CC7Y	X00262W227	Cubelelo Drift Number Sliding Magnetic Puzzle 4x4 | Toys For 6-10 Years Old Boys & Girls | 15-Blocks Brain Teaser Puzzle Game for Kids | Educational, Learning, Activity Toy for Return & Birthday Gifts	1	BLR5	SELLABLE	UNDELIVERABLE_REFUSED	LPNBLR5P5784733	
2026-05-20T17:37:07+00:00	408-1132652-3521952	1630210	B09HH8CC7Y	X00262W227	Cubelelo Drift Number Sliding Magnetic Puzzle 4x4 | Toys For 6-10 Years Old Boys & Girls | 15-Blocks Brain Teaser Puzzle Game for Kids | Educational, Learning, Activity Toy for Return & Birthday Gifts	1	BLR5	SELLABLE	UNDELIVERABLE_REFUSED	LPNBLR5P8133184	
2026-05-20T17:16:19+00:00	407-4261656-7499534	1030322	B07F1M6KCP	X000WRSIMB	Cubelelo Drift 3x3 Carbon Fiber Speed Cube Puzzle | Premium Multicolor Magic Cube for Kids & Adults | Stress Relief Brain Teaser with Smooth Turns & Durable Carbon Fiber Stickers	1	BLR5	SELLABLE	SWITCHEROO	LPNBLR5P5784693	Instead of giving the neon design cube 3x3 they gave normal design 4x4
2026-05-20T17:05:39+00:00	404-9285199-8738710	1460553	B0BYVHGR5H	X001WPZI9N	Cubelelo Drift 2x2, 3x3 & Pyraminx Cube Combo (Stickerless) | Ideal for Kids Above 3 4 5 6 Years Old Boys Girls | 3 in 1 Speedcube Gift Set | High Speed Puzzle 3x3x3 2x2x2 Pyramid Triangle	1	BLR5	SELLABLE	UNDELIVERABLE_REFUSED	LPNBLR5P4842665	
2026-05-20T16:19:38+00:00	404-0098783-6936367	1460501	B08XK25RRF	X001VLOAKL	Cubelelo Drift 2x2 & 3x3 Cube Gift Box Combo | 2-in-1 Puzzle Toy Game Set for Children Kids & Adults Ages 4 5 6 & Above | Double the Challenge, Twice the Fun | Ultimate Value Saver Combo	1	BLR5	SELLABLE	UNDELIVERABLE_REFUSED	LPNBLR5P6756457	
2026-05-20T14:45:52+00:00	171-1598719-1003535	1630222	B0GH18NXXG	X002HPDYRF	Cubelelo Drift Magnetic Tangram Puzzle | with Strong Magnets, Wooden Pieces & Bold Colors | Toys for 5-10 Years Old Boys Girls & Adults | Travel Friendly, Educational Toy for Return & Birthday Gifts	1	BLR5	SELLABLE	UNDELIVERABLE_REFUSED	LPNBLR5P5738268	
2026-05-20T13:34:47+00:00	408-8142536-6202748	1040400	B0FL7TDJLF	X002DFU80F	Cubelelo Drift 4x4 Stickerless Cube Puzzle Toy | Combines Smoothness, Stability & Durability | 4x4x4 Speedcube for Beginners| Suitable for Kids Ages 6 to 14 Years Old, Boys, Girls & Adults	1	BLR5	SELLABLE	UNDELIVERABLE_UNKNOWN	LPNBLR5P5912421	
2026-05-20T13:19:17+00:00	406-3196743-1350752	1030500	B08H88N2N9	X0018CDFL3	Cubelelo Drift Warrior 3x3 Stickerless Cube | Beginner Speedcube for Kids Boys Girls Above 3 4 5 6 Years Old & Above | Magic Puzzle Toy | Durable & Smooth Cube with Anti-Pop Design 3 3	1	BLR5	CUSTOMER_DAMAGED	DEFECTIVE	LPNBLR5P5253582	
2026-05-20T12:45:06+00:00	402-7250404-7418730	1630202	B09B7PNSTV	X001ETHG47	Cubelelo Drift Infinity Cube (Blue) | Magic Puzzle Cool Mini Gadget for Stress and Anxiety Relief for Kids and Adults | Desk Finger Flip Toy for Fun and Game | for Ages 3 Years and Above	1	BLR5	SELLABLE	UNDELIVERABLE_REFUSED	LPNBLR5P5848207	
2026-05-20T12:27:45+00:00	406-0601075-4713917	CLB0502	B0CL3HR7YS	X001VZMI15	Cubelelo Drift Warrior 3x3 & Premium Cube Lubricant Combo | Speed Cube Set for Fast, Smooth, Professional Solving | Ultimate Kit for All Your Speedcubing Needs Multicolor for Kids, Adults All Ages	1	BLR5	CUSTOMER_DAMAGED	DAMAGED_BY_FC	LPNBLR5P4842360	
2026-05-20T12:25:00+00:00	408-4129461-4439530	1120034	B08998HB2Y	X0016NVO3P	Cubelelo Drift Mirror Blue Magic Cube Brainstorming Stressbuster Speedcube Puzzle	1	DEL4	SELLABLE	UNDELIVERABLE_REFUSED	LPNDEL4AA4072924	
2026-05-20T12:24:40+00:00	171-4305159-2469942	1030604	B0DRVQVFJB	X0027JJHDB	Cubelelo Drift 3M v3 3x3 Magnetic Speedcube (Standard) | Latest Version with New & Improved Internal Structure for Smooth Turns & Stability | Cube Toy for 6-10 Years Old Boys Girls Adults	1	CCX1	SELLABLE	UNDELIVERABLE_REFUSED	LPNCCX1B2990842	
2026-05-20T12:08:48+00:00	171-4161286-7720333	1140034	B0CP1XHDTC	X001WWIYG5	Cubelelo Drift Gear 3x3 Tiled Black Puzzle - Unique Gear Mechanism Speedcube for Enthusiasts & Beginners | Durable, Smooth-Turning, and Visually Striking 3x3 Magic Cube for Kid	1	BOM4	SELLABLE	SWITCHEROO	LPNBOM4N38656520	Different item. Gear cube was ordered.
2026-05-20T11:35:53+00:00	408-9519632-2269902	1630210	B09HH8CC7Y	X00262W227	Cubelelo Drift Number Sliding Magnetic Puzzle 4x4 | Toys For 6-10 Years Old Boys & Girls | 15-Blocks Brain Teaser Puzzle Game for Kids | Educational, Learning, Activity Toy for Return & Birthday Gifts	1	AMD2	SELLABLE	UNDELIVERABLE_REFUSED	LPNAMD2M4132118	
2026-05-20T11:20:09+00:00	407-2691493-5206720	1630223	B0GN1TJ7F4	X002IIXAZ7	Cubelelo Drift Clang! | 2-4 Players Classic Magnetic Attraction Strategy Game | Features 24 Magnets & Adjustable Rope | Fun Gifting Toy for Family, Teens & Adults | Compact and Travel Friendly	1	CCX2	SELLABLE	UNDELIVERABLE_REFUSED	LPNCCX2B1585411	
2026-05-20T11:17:24+00:00	404-6012160-5370746	1630210	B09HH8CC7Y	X00262W227	Cubelelo Drift Number Sliding Magnetic Puzzle 4x4 | Toys For 6-10 Years Old Boys & Girls | 15-Blocks Brain Teaser Puzzle Game for Kids | Educational, Learning, Activity Toy for Return & Birthday Gifts	1	CCX1	SELLABLE	UNDELIVERABLE_UNKNOWN	LPNCCX1B2879810	
2026-05-20T11:12:43+00:00	405-4327032-7829167	1280600_EAN	B0BSFD6XY8	X001PEDWDF	Cubelelo Drift Pyraminx M (Magnetic) Puzzle | Toys for Kids 4 5 6 7 8 to 14 Years Old & Above Boys Girls All Ages | Stickerless Pyramid Triangle High Speed Gift Cube Toy | Travel Friendly	1	BOM4	CUSTOMER_DAMAGED	DEFECTIVE	LPNBOM4N39756552	
2026-05-20T11:09:38+00:00	406-4429060-5510764	1040400	B0FL7TDJLF	X002DFU80F	Cubelelo Drift 4x4 Stickerless Cube Puzzle Toy | Combines Smoothness, Stability & Durability | 4x4x4 Speedcube for Beginners| Suitable for Kids Ages 6 to 14 Years Old, Boys, Girls & Adults	1	BOM4	SELLABLE	DEFECTIVE	LPNBOM4N37783217	
2026-05-20T10:41:59+00:00	406-1207696-7592320	1030604	B0DRVQVFJB	X0027JJHDB	Cubelelo Drift 3M v3 3x3 Magnetic Speedcube (Standard) | Latest Version with New & Improved Internal Structure for Smooth Turns & Stability | Cube Toy for 6-10 Years Old Boys Girls Adults	1	CCX2	SELLABLE	UNDELIVERABLE_REFUSED	LPNCCX2A8891904	
2026-05-20T10:36:28+00:00	408-4174508-6092341	1630222	B0GH18NXXG	X002HPDYRF	Cubelelo Drift Magnetic Tangram Puzzle | with Strong Magnets, Wooden Pieces & Bold Colors | Toys for 5-10 Years Old Boys Girls & Adults | Travel Friendly, Educational Toy for Return & Birthday Gifts	1	BLR5	SELLABLE	UNDELIVERABLE_REFUSED	LPNBLR5P3554314	
2026-05-20T10:27:40+00:00	405-5627541-8098708	4001001a	B0CJBLTM11	X001VD95XL	Cubelelo Drift Daily Calendar Puzzle | A-Puzzle-A-Day | Wooden Challenging Tangram Puzzle Toys for Adults and Kids | Compact, Travel Friendly Toy for Return & Birthday Gifts	1	DEL2	SELLABLE	UNDELIVERABLE_REFUSED	LPNDEL2R82439172	
2026-05-20T10:08:05+00:00	402-4533913-9088301	1030604	B0DRVQVFJB	X0027JJHDB	Cubelelo Drift 3M v3 3x3 Magnetic Speedcube (Standard) | Latest Version with New & Improved Internal Structure for Smooth Turns & Stability | Cube Toy for 6-10 Years Old Boys Girls Adults	1	CCX1	SELLABLE	UNDELIVERABLE_REFUSED	LPNCCX1B2942665	
2026-05-20T09:40:34+00:00	171-3964182-8502763	1630210	B09HH8CC7Y	X00262W227	Cubelelo Drift Number Sliding Magnetic Puzzle 4x4 | Toys For 6-10 Years Old Boys & Girls | 15-Blocks Brain Teaser Puzzle Game for Kids | Educational, Learning, Activity Toy for Return & Birthday Gifts	1	BLR5	SELLABLE	UNDELIVERABLE_REFUSED	LPNBLR5P4751214	
2026-05-20T09:20:47+00:00	403-7733272-2790752	1310035_EAN	B0BV247KZ6	X001PWV6K3	Cubelelo Magic Snake Rainbow Puzzle Cube (24 Wedges) | Twist and Turn Shape Creation Fun Game for Kids Boys Girls and Adults | Multicolor Brain Teaser Stress Buster Toy | for Ages 3 Years and Above	1	BOM4	SELLABLE	UNDELIVERABLE_REFUSED	LPNBOM4N37802149	
2026-05-20T09:17:57+00:00	404-8841835-7408333	1030300_EAN	B0FBMGT6V7	X002C88WLZ	Cubelelo Drift Explorer 3x3 Speed Cube | Best Starter Speedcube for Beginners | Perfect Brain Teaser for Kids Ages 4 to14 Years Old & Above Boys Girls Children | Smooth Turning Puzzle Toy for Adults	1	DEL2	SELLABLE	UNDELIVERABLE_REFUSED	LPNDEL2R83608910	
2026-05-20T09:16:19+00:00	406-3554141-0565953	1120100	B08LBGYZ51	X0019BU32H	Cubelelo Drift 3x3 Mirror (Silver) Magic Speed Cube | Shape Shifter Speedcube with Durable Stickers | Advanced 3x3x3 Puzzle Toy for Kids Ages 7-14 Boys Girls & Adults | Collector's Item	1	BOM4	SELLABLE	UNDELIVERABLE_REFUSED	LPNBOM4N38656479	
2026-05-20T08:16:04+00:00	407-3706068-2617958	1630210	B09HH8CC7Y	X00262W227	Cubelelo Drift Number Sliding Magnetic Puzzle 4x4 | Toys For 6-10 Years Old Boys & Girls | 15-Blocks Brain Teaser Puzzle Game for Kids | Educational, Learning, Activity Toy for Return & Birthday Gifts	1	CCX2	SELLABLE	UNDELIVERABLE_REFUSED	LPNCCX2A8883488	
2026-05-20T08:14:41+00:00	404-5560678-1009966	1140034	B0CP1XHDTC	X001WWIYG5	Cubelelo Drift Gear 3x3 Tiled Black Puzzle - Unique Gear Mechanism Speedcube for Enthusiasts & Beginners | Durable, Smooth-Turning, and Visually Striking 3x3 Magic Cube for Kid	1	BLR5	CUSTOMER_DAMAGED	SWITCHEROO	LPNBLR5P5102074	
2026-05-20T08:12:43+00:00	402-4475066-9936324	1630210	B09HH8CC7Y	X00262W227	Cubelelo Drift Number Sliding Magnetic Puzzle 4x4 | Toys For 6-10 Years Old Boys & Girls | 15-Blocks Brain Teaser Puzzle Game for Kids | Educational, Learning, Activity Toy for Return & Birthday Gifts	1	BLR5	SELLABLE	UNDELIVERABLE_REFUSED	LPNBLR5P5754649	
2026-05-20T08:08:44+00:00	406-6960612-9645953	1030500	B08H88N2N9	X0018CDFL3	Cubelelo Drift Warrior 3x3 Stickerless Cube | Beginner Speedcube for Kids Boys Girls Above 3 4 5 6 Years Old & Above | Magic Puzzle Toy | Durable & Smooth Cube with Anti-Pop Design 3 3	1	BLR5	SELLABLE	UNDELIVERABLE_REFUSED	LPNBLR5P5784327	
2026-05-20T07:57:32+00:00	405-4378409-9061129	1040400	B0FL7TDJLF	X002DFU80F	Cubelelo Drift 4x4 Stickerless Cube Puzzle Toy | Combines Smoothness, Stability & Durability | 4x4x4 Speedcube for Beginners| Suitable for Kids Ages 6 to 14 Years Old, Boys, Girls & Adults	1	BLR5	SELLABLE	DAMAGED_BY_FC	LPNBLR5P4908278	
2026-05-20T07:57:06+00:00	407-8305633-5238744	1120100	B08LBGYZ51	X0019BU32H	Cubelelo Drift 3x3 Mirror (Silver) Magic Speed Cube | Shape Shifter Speedcube with Durable Stickers | Advanced 3x3x3 Puzzle Toy for Kids Ages 7-14 Boys Girls & Adults | Collector's Item	1	DEL2	SELLABLE	UNDELIVERABLE_REFUSED	LPNDEL2R83577915	
2026-05-20T07:40:48+00:00	171-9814797-6051541	1460501	B08XK25RRF	X001VLOAKL	Cubelelo Drift 2x2 & 3x3 Cube Gift Box Combo | 2-in-1 Puzzle Toy Game Set for Children Kids & Adults Ages 4 5 6 & Above | Double the Challenge, Twice the Fun | Ultimate Value Saver Combo	1	BLR5	SELLABLE	UNDELIVERABLE_UNKNOWN	LPNBLR5P4763032	
2026-05-20T07:37:52+00:00	404-5516978-4034755	1630201	B09QMNCWYG	X001I5SK8D	Cubelelo Drift Infinity Cube (Green) | Magic Puzzle Cool Mini Gadget for Stress and Anxiety Relief for Kids and Adults | Desk Finger Flip Toy for Fun and Game | for Ages 3 Years and Above	1	BOM4	CUSTOMER_DAMAGED	DEFECTIVE	LPNBOM4N39753820	
2026-05-20T07:33:38+00:00	407-1082211-6292353	1630210	B09HH8CC7Y	X00262W227	Cubelelo Drift Number Sliding Magnetic Puzzle 4x4 | Toys For 6-10 Years Old Boys & Girls | 15-Blocks Brain Teaser Puzzle Game for Kids | Educational, Learning, Activity Toy for Return & Birthday Gifts	1	CCX1	SELLABLE	UNDELIVERABLE_REFUSED	LPNCCX1B2908145	
2026-05-20T07:27:48+00:00	404-5870682-7902702	1630222	B0GH18NXXG	X002HPDYRF	Cubelelo Drift Magnetic Tangram Puzzle | with Strong Magnets, Wooden Pieces & Bold Colors | Toys for 5-10 Years Old Boys Girls & Adults | Travel Friendly, Educational Toy for Return & Birthday Gifts	1	BLR5	SELLABLE	UNDELIVERABLE_UNKNOWN	LPNBLR5P5506391	
2026-05-20T07:16:51+00:00	404-6261152-4357151	1630201	B09QMNCWYG	X001I5SK8D	Cubelelo Drift Infinity Cube (Green) | Magic Puzzle Cool Mini Gadget for Stress and Anxiety Relief for Kids and Adults | Desk Finger Flip Toy for Fun and Game | for Ages 3 Years and Above	1	BOM4	CUSTOMER_DAMAGED	DEFECTIVE	LPNBOM4N39753804	
2026-05-20T06:32:29+00:00	407-8696024-7477900	1310035_EAN	B0BV247KZ6	X001PWV6K3	Cubelelo Magic Snake Rainbow Puzzle Cube (24 Wedges) | Twist and Turn Shape Creation Fun Game for Kids Boys Girls and Adults | Multicolor Brain Teaser Stress Buster Toy | for Ages 3 Years and Above	1	DEL2	SELLABLE	UNDELIVERABLE_REFUSED	LPNDEL2R82820205	
2026-05-20T06:28:18+00:00	171-7207621-6569123	1460100_EAN	B0BVHL9JLB	X001Q0AFBZ	Cubelelo Drift 5-in-1 Cube Gift Box | 2x2, 3x3, 4x4, 5x5 and Secret Tutorial for Cubes Guide Book | Suitable for Kids & Adults | Magic Speedy Stress Buster Brainstorming Puzzle Multicolor Combo Set	1	DEL2	DEFECTIVE	MISSING_PARTS	LPNDEL2R81154656	Missing Secret Tutorial Guide for Cubes, and packaging was damaged.
2026-05-20T06:25:16+00:00	406-8485294-1336369	1040300	B09HH8XQ14	X001G4QY25	Cubelelo Drift 4x4 (Black) Speedcube | Challenging Brain Teaser Puzzle Toy for Kids 7-14 Years Old Boys Girls & Adults All Ages | Fast Speed Cube for Intermediate and Advanced Cubers	1	BLR5	DEFECTIVE	DAMAGED_BY_CARRIER	LPNBLR5P5881273	Product is damaged.cube is not moving properly
2026-05-20T06:18:21+00:00	404-3746116-9952324	1040300	B09HH8XQ14	X001G4QY25	Cubelelo Drift 4x4 (Black) Speedcube | Challenging Brain Teaser Puzzle Toy for Kids 7-14 Years Old Boys Girls & Adults All Ages | Fast Speed Cube for Intermediate and Advanced Cubers	1	BLR5	CUSTOMER_DAMAGED	SWITCHEROO	LPNBLR5P5984031	
2026-05-20T06:18:10+00:00	406-8946415-2628300	1630210	B09HH8CC7Y	X00262W227	Cubelelo Drift Number Sliding Magnetic Puzzle 4x4 | Toys For 6-10 Years Old Boys & Girls | 15-Blocks Brain Teaser Puzzle Game for Kids | Educational, Learning, Activity Toy for Return & Birthday Gifts	1	BLR5	SELLABLE	UNDELIVERABLE_REFUSED	LPNBLR5P6201756	
2026-05-20T06:15:10+00:00	404-7469661-6537129	1030604	B0DRVQVFJB	X0027JJHDB	Cubelelo Drift 3M v3 3x3 Magnetic Speedcube (Standard) | Latest Version with New & Improved Internal Structure for Smooth Turns & Stability | Cube Toy for 6-10 Years Old Boys Girls Adults	1	BOM4	SELLABLE	UNDELIVERABLE_REFUSED	LPNBOM4N40031755	
2026-05-20T05:51:06+00:00	405-5243533-5072308	1030604	B0DRVQVFJB	X0027JJHDB	Cubelelo Drift 3M v3 3x3 Magnetic Speedcube (Standard) | Latest Version with New & Improved Internal Structure for Smooth Turns & Stability | Cube Toy for 6-10 Years Old Boys Girls Adults	1	DEL2	SELLABLE	SWITCHEROO	LPNDEL2R83577761	I ordered a drift magnetic 3X3 rubix cube
2026-05-20T05:48:58+00:00	404-0156855-7103528	1280600_EAN	B0BSFD6XY8	X001PEDWDF	Cubelelo Drift Pyraminx M (Magnetic) Puzzle | Toys for Kids 4 5 6 7 8 to 14 Years Old & Above Boys Girls All Ages | Stickerless Pyramid Triangle High Speed Gift Cube Toy | Travel Friendly	1	BOM4	SELLABLE	DAMAGED_BY_FC	LPNBOM4N40119565	This has happened twice now so need refund please send ASAP
2026-05-20T04:43:36+00:00	407-9247581-0414740	1630222	B0GH18NXXG	X002HPDYRF	Cubelelo Drift Magnetic Tangram Puzzle | with Strong Magnets, Wooden Pieces & Bold Colors | Toys for 5-10 Years Old Boys Girls & Adults | Travel Friendly, Educational Toy for Return & Birthday Gifts	1	DEL2	CUSTOMER_DAMAGED	DEFECTIVE	LPNDEL2R83445376	
2026-05-20T04:39:47+00:00	405-4586590-6079515	1030603	B0DRVMTFN1	X0027JJ8K3	Cubelelo Drift 3M v3 3x3 (Magnetic UV Coated) Speedcube - New Version | Premium Glossy Finish, Ultra Fast & Smooth Turns, Enhanced Auto-Alignment with 48 Magnets | Puzzle Cube for Kids & Adults	1	DEL2	SELLABLE	DEFECTIVE	LPNDEL2R82579644	
2026-05-20T04:16:31+00:00	407-4011614-0016324	1030500	B08H88N2N9	X0018CDFL3	Cubelelo Drift Warrior 3x3 Stickerless Cube | Beginner Speedcube for Kids Boys Girls Above 3 4 5 6 Years Old & Above | Magic Puzzle Toy | Durable & Smooth Cube with Anti-Pop Design 3 3	1	BLR5	SELLABLE	UNDELIVERABLE_UNKNOWN	LPNBLR5P5250723	
2026-05-20T04:16:24+00:00	404-8613380-5295537	1460501	B08XK25RRF	X001VLOAKL	Cubelelo Drift 2x2 & 3x3 Cube Gift Box Combo | 2-in-1 Puzzle Toy Game Set for Children Kids & Adults Ages 4 5 6 & Above | Double the Challenge, Twice the Fun | Ultimate Value Saver Combo	1	BLR5	SELLABLE	SWITCHEROO	LPNBLR5P8130017	
2026-05-20T03:57:29+00:00	403-6823338-1497110	1030500	B08H88N2N9	X0018CDFL3	Cubelelo Drift Warrior 3x3 Stickerless Cube | Beginner Speedcube for Kids Boys Girls Above 3 4 5 6 Years Old & Above | Magic Puzzle Toy | Durable & Smooth Cube with Anti-Pop Design 3 3	1	CJB1	SELLABLE	UNDELIVERABLE_REFUSED	LPNCJB1Y958022	
2026-05-20T03:55:40+00:00	406-6922152-6582762	1050200	B09K7QTCXP	X001GM0XER	Cubelelo Drift 5x5 Stickerless Speed Cube | AKA Professor's Cube Magic Puzzle for Kids & Adults | Smooth and Durable Speedy Brainstorming Puzzle| Ultimate Stress Buster and Mind Challenge	1	BLR5	SELLABLE	NEVER_ARRIVED	LPNBLR5P5621524	
2026-05-20T03:51:20+00:00	402-2553580-9761921	1050200	B09K7QTCXP	X001GM0XER	Cubelelo Drift 5x5 Stickerless Speed Cube | AKA Professor's Cube Magic Puzzle for Kids & Adults | Smooth and Durable Speedy Brainstorming Puzzle| Ultimate Stress Buster and Mind Challenge	1	DEL2	CUSTOMER_DAMAGED	SWITCHEROO	LPNDEL2R83514587	
2026-05-20T03:29:22+00:00	171-5743911-4788313	1280600_EAN	B0BSFD6XY8	X001PEDWDF	Cubelelo Drift Pyraminx M (Magnetic) Puzzle | Toys for Kids 4 5 6 7 8 to 14 Years Old & Above Boys Girls All Ages | Stickerless Pyramid Triangle High Speed Gift Cube Toy | Travel Friendly	1	DEL2	DEFECTIVE	MISSING_PARTS	LPNDEL2R83514554	Part is missing
2026-05-20T03:08:18+00:00	403-0051910-3249148	1030400	B07XPNC385	X0012WM1NR	Cubelelo Drift 3x3 Black Speedcube | Beginner Cube for Kids & Adults | Magic Speed Stress Buster Brainstorming Puzzle (Multicolor) | Anti-Pop Technology | Smooth Turning | Durable	1	BLR5	SELLABLE	UNDELIVERABLE_REFUSED	LPNBLR5P4869067	
2026-05-19T22:45:26+00:00	402-1313818-4089137	1630210	B09HH8CC7Y	X00262W227	Cubelelo Drift Number Sliding Magnetic Puzzle 4x4 | Toys For 6-10 Years Old Boys & Girls | 15-Blocks Brain Teaser Puzzle Game for Kids | Educational, Learning, Activity Toy for Return & Birthday Gifts	1	BLR5	SELLABLE	UNDELIVERABLE_REFUSED	LPNBLR5P5952532	
2026-05-19T22:15:51+00:00	402-2520929-9150710	1460501	B08XK25RRF	X001VLOAKL	Cubelelo Drift 2x2 & 3x3 Cube Gift Box Combo | 2-in-1 Puzzle Toy Game Set for Children Kids & Adults Ages 4 5 6 & Above | Double the Challenge, Twice the Fun | Ultimate Value Saver Combo	1	BLR5	SELLABLE	UNDELIVERABLE_REFUSED	LPNBLR5P5956231	
2026-05-19T21:52:01+00:00	407-4706712-4774749	1630210	B09HH8CC7Y	X00262W227	Cubelelo Drift Number Sliding Magnetic Puzzle 4x4 | Toys For 6-10 Years Old Boys & Girls | 15-Blocks Brain Teaser Puzzle Game for Kids | Educational, Learning, Activity Toy for Return & Birthday Gifts	1	BLR5	SELLABLE	UNDELIVERABLE_REFUSED	LPNBLR5P5940591	
2026-05-19T17:40:22+00:00	408-0620943-2930703	1030604	B0DRVQVFJB	X0027JJHDB	Cubelelo Drift 3M v3 3x3 Magnetic Speedcube (Standard) | Latest Version with New & Improved Internal Structure for Smooth Turns & Stability | Cube Toy for 6-10 Years Old Boys Girls Adults	1	BLR5	SELLABLE	DEFECTIVE	LPNBLR5P5300645	
2026-05-19T16:44:34+00:00	404-0472963-7863521	1460501	B08XK25RRF	X001VLOAKL	Cubelelo Drift 2x2 & 3x3 Cube Gift Box Combo | 2-in-1 Puzzle Toy Game Set for Children Kids & Adults Ages 4 5 6 & Above | Double the Challenge, Twice the Fun | Ultimate Value Saver Combo	1	BLR5	SELLABLE	UNDELIVERABLE_REFUSED	LPNBLR5P5852435	
2026-05-19T14:27:19+00:00	171-9800105-1171564	1030400	B07XPNC385	X0012WM1NR	Cubelelo Drift 3x3 Black Speedcube | Beginner Cube for Kids & Adults | Magic Speed Stress Buster Brainstorming Puzzle (Multicolor) | Anti-Pop Technology | Smooth Turning | Durable	1	BLR5	SELLABLE	UNDELIVERABLE_REFUSED	LPNBLR5P5105576	
2026-05-19T12:00:54+00:00	404-1832328-1899527	1030300_EAN	B0FBMGT6V7	X002C88WLZ	Cubelelo Drift Explorer 3x3 Speed Cube | Best Starter Speedcube for Beginners | Perfect Brain Teaser for Kids Ages 4 to14 Years Old & Above Boys Girls Children | Smooth Turning Puzzle Toy for Adults	1	PNQ3	SELLABLE	UNDELIVERABLE_UNKNOWN	LPNPNQ3A4457357	
2026-05-19T12:00:28+00:00	404-1832328-1899527	1030300_EAN	B0FBMGT6V7	X002C88WLZ	Cubelelo Drift Explorer 3x3 Speed Cube | Best Starter Speedcube for Beginners | Perfect Brain Teaser for Kids Ages 4 to14 Years Old & Above Boys Girls Children | Smooth Turning Puzzle Toy for Adults	1	PNQ3	SELLABLE	UNDELIVERABLE_UNKNOWN	LPNPNQ3A4457356	
2026-05-19T12:00:09+00:00	407-2998466-1384367	1460553	B0BYVHGR5H	X001WPZI9N	Cubelelo Drift 2x2, 3x3 & Pyraminx Cube Combo (Stickerless) | Ideal for Kids Above 3 4 5 6 Years Old Boys Girls | 3 in 1 Speedcube Gift Set | High Speed Puzzle 3x3x3 2x2x2 Pyramid Triangle	1	BLR5	SELLABLE	DEFECTIVE	LPNBLR5P5634529	
2026-05-19T11:51:14+00:00	171-8441621-5975518	1030300_EAN	B0FBMGT6V7	X002C88WLZ	Cubelelo Drift Explorer 3x3 Speed Cube | Best Starter Speedcube for Beginners | Perfect Brain Teaser for Kids Ages 4 to14 Years Old & Above Boys Girls Children | Smooth Turning Puzzle Toy for Adults	1	DEL2	SELLABLE	UNDELIVERABLE_REFUSED	LPNDEL2R83546367	
2026-05-19T11:14:58+00:00	404-8045434-4120304	1040400	B0FL7TDJLF	X002DFU80F	Cubelelo Drift 4x4 Stickerless Cube Puzzle Toy | Combines Smoothness, Stability & Durability | 4x4x4 Speedcube for Beginners| Suitable for Kids Ages 6 to 14 Years Old, Boys, Girls & Adults	1	BOM4	SELLABLE	UNDELIVERABLE_REFUSED	LPNBOM4N37765373	
2026-05-19T11:12:24+00:00	171-5731953-4818728	1460553	B0BYVHGR5H	X001WPZI9N	Cubelelo Drift 2x2, 3x3 & Pyraminx Cube Combo (Stickerless) | Ideal for Kids Above 3 4 5 6 Years Old Boys Girls | 3 in 1 Speedcube Gift Set | High Speed Puzzle 3x3x3 2x2x2 Pyramid Triangle	1	BLR5	SELLABLE	UNDELIVERABLE_UNKNOWN	LPNBLR5P5309195	
2026-05-19T10:55:23+00:00	408-9792117-3626711	1030604	B0DRVQVFJB	X0027JJHDB	Cubelelo Drift 3M v3 3x3 Magnetic Speedcube (Standard) | Latest Version with New & Improved Internal Structure for Smooth Turns & Stability | Cube Toy for 6-10 Years Old Boys Girls Adults	1	DEL2	SELLABLE	SWITCHEROO	LPNDEL2R83234386	I ordered ‘cubelelo Drift 3M v3 3x3’ but I received ‘Magnetic tangram’. So please return it
2026-05-19T10:53:03+00:00	404-9287579-6360336	1030478	B09PYRTM4X	X001HYK0PL	Cubelelo Drift 3x3 Jelly Edition Speedcube Magic Cube Puzzle	1	DEL2	SELLABLE	DEFECTIVE	LPNDEL2R83393492	
2026-05-19T10:42:21+00:00	402-3991255-6806718	1030500	B08H88N2N9	X0018CDFL3	Cubelelo Drift Warrior 3x3 Stickerless Cube | Beginner Speedcube for Kids Boys Girls Above 3 4 5 6 Years Old & Above | Magic Puzzle Toy | Durable & Smooth Cube with Anti-Pop Design 3 3	1	DEL2	SELLABLE	SWITCHEROO	LPNDEL2R83074798	Please send 4×4 cube
2026-05-19T10:36:10+00:00	406-1373126-5203546	1280100a	B09QYW9DYC	X001LHLHUV	Cubelelo Drift Pyraminx Puzzle Speedcube | Beginner Starter Cube for Kids 3+ Year Old & Above | Triangle Pyramid Shape Stickerless 3x3 Cubes Toy | Ideal for Boys Girls Children 4 5 6+ Years & Adults	1	CCX1	SELLABLE	MISSING_PARTS	LPNCCX1B2921467	Top edge of pyramid is not available and broken as well.
2026-05-19T10:29:33+00:00	171-8956641-7749916	1120038a	B0FHW9DQ29	X002CWQDK3	Cubelelo Drift Mirror 3x3 (Tiled - Colored) Speed Cube | No Stickers, Premium Finish with Smooth Turning Speedcube for Kids and Adults	1	BOM4	SELLABLE	SWITCHEROO	LPNBOM4N39993094	Cube received is multicolor but we require with silver color only
2026-05-19T10:11:19+00:00	403-1793888-6587532	1030604	B0DRVQVFJB	X0027JJHDB	Cubelelo Drift 3M v3 3x3 Magnetic Speedcube (Standard) | Latest Version with New & Improved Internal Structure for Smooth Turns & Stability | Cube Toy for 6-10 Years Old Boys Girls Adults	1	CCX2	SELLABLE	UNDELIVERABLE_REFUSED	LPNCCX2A7548648	
2026-05-19T10:08:39+00:00	402-0300916-8868379	1630210	B09HH8CC7Y	X00262W227	Cubelelo Drift Number Sliding Magnetic Puzzle 4x4 | Toys For 6-10 Years Old Boys & Girls | 15-Blocks Brain Teaser Puzzle Game for Kids | Educational, Learning, Activity Toy for Return & Birthday Gifts	1	BLR5	SELLABLE	UNDELIVERABLE_REFUSED	LPNBLR5P3575665	
2026-05-19T10:08:34+00:00	406-4742230-0198743	1030300_EAN	B0FBMGT6V7	X002C88WLZ	Cubelelo Drift Explorer 3x3 Speed Cube | Best Starter Speedcube for Beginners | Perfect Brain Teaser for Kids Ages 4 to14 Years Old & Above Boys Girls Children | Smooth Turning Puzzle Toy for Adults	1	BOM4	SELLABLE	DEFECTIVE	LPNBOM4N39789653	
2026-05-19T09:54:57+00:00	402-9767760-4221144	1140034	B0CP1XHDTC	X001WWIYG5	Cubelelo Drift Gear 3x3 Tiled Black Puzzle - Unique Gear Mechanism Speedcube for Enthusiasts & Beginners | Durable, Smooth-Turning, and Visually Striking 3x3 Magic Cube for Kid	1	BOM4	CUSTOMER_DAMAGED	SWITCHEROO	LPNBOM4N40008670	
2026-05-19T09:54:14+00:00	406-7736626-0150731	1030500	B08H88N2N9	X0018CDFL3	Cubelelo Drift Warrior 3x3 Stickerless Cube | Beginner Speedcube for Kids Boys Girls Above 3 4 5 6 Years Old & Above | Magic Puzzle Toy | Durable & Smooth Cube with Anti-Pop Design 3 3	1	BOM4	SELLABLE	UNDELIVERABLE_REFUSED	LPNBOM4N33598692	
2026-05-19T09:53:18+00:00	171-9955084-5359556	1030604	B0DRVQVFJB	X0027JJHDB	Cubelelo Drift 3M v3 3x3 Magnetic Speedcube (Standard) | Latest Version with New & Improved Internal Structure for Smooth Turns & Stability | Cube Toy for 6-10 Years Old Boys Girls Adults	1	BOM4	SELLABLE	UNDELIVERABLE_REFUSED	LPNBOM4N37791939	
2026-05-19T09:40:24+00:00	408-9356023-4881918	1030400	B07XPNC385	X0012WM1NR	Cubelelo Drift 3x3 Black Speedcube | Beginner Cube for Kids & Adults | Magic Speed Stress Buster Brainstorming Puzzle (Multicolor) | Anti-Pop Technology | Smooth Turning | Durable	1	DEL2	SELLABLE	SWITCHEROO	LPNDEL2R81208546	I.dont order don&#39;t required
2026-05-19T09:27:51+00:00	408-1674365-7037111	1030300_EAN	B0FBMGT6V7	X002C88WLZ	Cubelelo Drift Explorer 3x3 Speed Cube | Best Starter Speedcube for Beginners | Perfect Brain Teaser for Kids Ages 4 to14 Years Old & Above Boys Girls Children | Smooth Turning Puzzle Toy for Adults	1	DEL2	CUSTOMER_DAMAGED	MISSING_PARTS	LPNDEL2R83326393	
2026-05-19T08:55:01+00:00	406-3662278-8013150	1030400	B07XPNC385	X0012WM1NR	Cubelelo Drift 3x3 Black Speedcube | Beginner Cube for Kids & Adults | Magic Speed Stress Buster Brainstorming Puzzle (Multicolor) | Anti-Pop Technology | Smooth Turning | Durable	1	BLR5	CUSTOMER_DAMAGED	DEFECTIVE	LPNBLR5P5300051	
2026-05-19T08:46:40+00:00	403-3561086-4077101	1280100a	B09QYW9DYC	X001LHLHUV	Cubelelo Drift Pyraminx Puzzle Speedcube | Beginner Starter Cube for Kids 3+ Year Old & Above | Triangle Pyramid Shape Stickerless 3x3 Cubes Toy | Ideal for Boys Girls Children 4 5 6+ Years & Adults	1	BLR5	SELLABLE	UNDELIVERABLE_REFUSED	LPNBLR5P5638859	
2026-05-19T08:20:43+00:00	171-7640958-8967550	1030604	B0DRVQVFJB	X0027JJHDB	Cubelelo Drift 3M v3 3x3 Magnetic Speedcube (Standard) | Latest Version with New & Improved Internal Structure for Smooth Turns & Stability | Cube Toy for 6-10 Years Old Boys Girls Adults	1	DEL2	SELLABLE	SWITCHEROO	LPNDEL2R81061367	
2026-05-19T07:58:28+00:00	407-1926635-5869902	1030651	B0DJQWJFSX	X0025EZ04D	Cubelelo Drift 3M Plus v2 3x3 (Magnetic) (New Upgraded Version) | Based on MoYu RS3M v5 | Dual-Adjustment System | Speedcube for Kids & Adults | Magic Speedy Stress Buster Brainstorming Puzzle	1	BOM4	SELLABLE	DEFECTIVE	LPNBOM4N40046053	
2026-05-19T07:54:03+00:00	405-4684809-0588312	1030604	B0DRVQVFJB	X0027JJHDB	Cubelelo Drift 3M v3 3x3 Magnetic Speedcube (Standard) | Latest Version with New & Improved Internal Structure for Smooth Turns & Stability | Cube Toy for 6-10 Years Old Boys Girls Adults	1	DEL2	SELLABLE	SWITCHEROO	LPNDEL2R82678367	Please send me rubix cube ...I don&#39;t need this
2026-05-19T07:48:53+00:00	407-0089628-0621137	1630210	B09HH8CC7Y	X00262W227	Cubelelo Drift Number Sliding Magnetic Puzzle 4x4 | Toys For 6-10 Years Old Boys & Girls | 15-Blocks Brain Teaser Puzzle Game for Kids | Educational, Learning, Activity Toy for Return & Birthday Gifts	1	CCX1	CUSTOMER_DAMAGED	DAMAGED_BY_FC	LPNCCX1B2900416	
2026-05-19T07:42:54+00:00	171-0306153-5243554	1460553	B0BYVHGR5H	X001WPZI9N	Cubelelo Drift 2x2, 3x3 & Pyraminx Cube Combo (Stickerless) | Ideal for Kids Above 3 4 5 6 Years Old Boys Girls | 3 in 1 Speedcube Gift Set | High Speed Puzzle 3x3x3 2x2x2 Pyramid Triangle	1	BOM4	SELLABLE	UNDELIVERABLE_REFUSED	LPNBOM4N39789499	
2026-05-19T07:07:57+00:00	404-6941290-3071548	1630210	B09HH8CC7Y	X00262W227	Cubelelo Drift Number Sliding Magnetic Puzzle 4x4 | Toys For 6-10 Years Old Boys & Girls | 15-Blocks Brain Teaser Puzzle Game for Kids | Educational, Learning, Activity Toy for Return & Birthday Gifts	1	BLR5	SELLABLE	UNDELIVERABLE_REFUSED	LPNBLR5P5638804	
2026-05-19T07:04:59+00:00	171-2615485-5861158	1020200	B08LBJ3P8L	X0019BU39P	Cubelelo Drift 2x2 Stickerless Cube | Beginner Speedcube for Kids Boys Girls Above 3 4 5 6 Years Old & Above | Magic Puzzle Toy | Durable & Smooth Cube with Anti-Pop Design 2x2x2	1	CCX1	SELLABLE	UNDELIVERABLE_REFUSED	LPNCCX1B3870340	
2026-05-19T07:02:03+00:00	402-4171125-8619551	1630222	B0GH18NXXG	X002HPDYRF	Cubelelo Drift Magnetic Tangram Puzzle | with Strong Magnets, Wooden Pieces & Bold Colors | Toys for 5-10 Years Old Boys Girls & Adults | Travel Friendly, Educational Toy for Return & Birthday Gifts	1	CCX1	SELLABLE	UNDELIVERABLE_REFUSED	LPNCCX1B2923764	
2026-05-19T06:57:16+00:00	407-7682781-1950765	1030300_EAN	B0FBMGT6V7	X002C88WLZ	Cubelelo Drift Explorer 3x3 Speed Cube | Best Starter Speedcube for Beginners | Perfect Brain Teaser for Kids Ages 4 to14 Years Old & Above Boys Girls Children | Smooth Turning Puzzle Toy for Adults	1	BLR5	SELLABLE	UNDELIVERABLE_REFUSED	LPNBLR5P5763169	
2026-05-19T06:48:21+00:00	403-9608128-6868357	1120038a	B0FHW9DQ29	X002CWQDK3	Cubelelo Drift Mirror 3x3 (Tiled - Colored) Speed Cube | No Stickers, Premium Finish with Smooth Turning Speedcube for Kids and Adults	1	DEL2	CUSTOMER_DAMAGED	DAMAGED_BY_FC	LPNDEL2R83577168	
2026-05-19T06:38:53+00:00	408-3231331-7668339	1030400	B07XPNC385	X0012WM1NR	Cubelelo Drift 3x3 Black Speedcube | Beginner Cube for Kids & Adults | Magic Speed Stress Buster Brainstorming Puzzle (Multicolor) | Anti-Pop Technology | Smooth Turning | Durable	1	BLR5	SELLABLE	NOT_AS_DESCRIBED	LPNBLR5P5693538	The cube isn&#39;t smooth  The color looks a bit different
2026-05-19T06:29:54+00:00	406-9096479-7463542	1030604	B0DRVQVFJB	X0027JJHDB	Cubelelo Drift 3M v3 3x3 Magnetic Speedcube (Standard) | Latest Version with New & Improved Internal Structure for Smooth Turns & Stability | Cube Toy for 6-10 Years Old Boys Girls Adults	1	DEL2	CUSTOMER_DAMAGED	SWITCHEROO	LPNDEL2R83076255	
2026-05-19T06:22:04+00:00	405-8629039-8067523	1460501	B08XK25RRF	X001VLOAKL	Cubelelo Drift 2x2 & 3x3 Cube Gift Box Combo | 2-in-1 Puzzle Toy Game Set for Children Kids & Adults Ages 4 5 6 & Above | Double the Challenge, Twice the Fun | Ultimate Value Saver Combo	1	DEL2	SELLABLE	SWITCHEROO	LPNDEL2R83074581	Wrong product 4*4 and 5*5 instead of 2*2 and 3*3
2026-05-19T06:22:04+00:00	405-8629039-8067523	1460501	B08XK25RRF	X001VLOAKL	Cubelelo Drift 2x2 & 3x3 Cube Gift Box Combo | 2-in-1 Puzzle Toy Game Set for Children Kids & Adults Ages 4 5 6 & Above | Double the Challenge, Twice the Fun | Ultimate Value Saver Combo	1	DEL2	SELLABLE	SWITCHEROO	LPNDEL2R83074580	Wrong product 4*4 and 5*5 instead of 2*2 and 3*3
2026-05-19T05:20:11+00:00	405-7108488-5721137	TB04001	B0FQVFPKFD	X002EI7K89	TinkerBox Object Permanence Box with Drawer | 9+ Months | Montessori Wooden Toy for Babies & Toddlers | Early Learning Puzzle for Hand-Eye Coordination & Cause-and-Effect | Safe & Durable Baby Toy	1	BLR5	SELLABLE	UNDELIVERABLE_REFUSED	LPNBLR5P5332483	
2026-05-19T04:58:54+00:00	402-5326110-7663564	1030300_EAN	B0FBMGT6V7	X002C88WLZ	Cubelelo Drift Explorer 3x3 Speed Cube | Best Starter Speedcube for Beginners | Perfect Brain Teaser for Kids Ages 4 to14 Years Old & Above Boys Girls Children | Smooth Turning Puzzle Toy for Adults	1	DEL2	SELLABLE	DEFECTIVE	LPNDEL2R83577077	
2026-05-19T04:38:59+00:00	407-6127603-9957159	1020300	B09HH7K6W6	X001G4G9HP	Cubelelo Drift 2x2 Black Speed Cube | Sleek & Fast Puzzle for Kids and Adults | Brain-Boosting Magic Cube for Kids Adults Comes in (Multicolor) Design	1	BLR5	SELLABLE	UNDELIVERABLE_REFUSED	LPNBLR5P5122344	
2026-05-19T04:12:21+00:00	406-6326398-9292338	1030604	B0DRVQVFJB	X0027JJHDB	Cubelelo Drift 3M v3 3x3 Magnetic Speedcube (Standard) | Latest Version with New & Improved Internal Structure for Smooth Turns & Stability | Cube Toy for 6-10 Years Old Boys Girls Adults	1	DEL2	SELLABLE	UNDELIVERABLE_REFUSED	LPNDEL2R83604871	
2026-05-19T04:04:09+00:00	404-3374604-9353141	1030300_EAN	B0FBMGT6V7	X002C88WLZ	Cubelelo Drift Explorer 3x3 Speed Cube | Best Starter Speedcube for Beginners | Perfect Brain Teaser for Kids Ages 4 to14 Years Old & Above Boys Girls Children | Smooth Turning Puzzle Toy for Adults	1	BOM4	SELLABLE	UNDELIVERABLE_REFUSED	LPNBOM4N39997432	
2026-05-19T03:52:39+00:00	404-9448826-8608363	1460510	B0BZL11XWC	X001VW450P	Cubelelo Drift 4x4, 5x5 Premium Gift Box | 2-in-1 Puzzle Game Set | Challenge, Thrice The Fun | Ultimate Value Saver Combo | Brainstoming Toy for Children Kids & Adults	1	DEL2	CUSTOMER_DAMAGED	DEFECTIVE	LPNDEL2R83314983	
2026-05-19T03:51:30+00:00	171-4472227-7709932	1280600_EAN	B0BSFD6XY8	X001PEDWDF	Cubelelo Drift Pyraminx M (Magnetic) Puzzle | Toys for Kids 4 5 6 7 8 to 14 Years Old & Above Boys Girls All Ages | Stickerless Pyramid Triangle High Speed Gift Cube Toy | Travel Friendly	1	BOM4	CUSTOMER_DAMAGED	DEFECTIVE	LPNBOM4N37794310	
2026-05-19T03:51:13+00:00	408-2275456-9549909	1030300_EAN	B0FBMGT6V7	X002C88WLZ	Cubelelo Drift Explorer 3x3 Speed Cube | Best Starter Speedcube for Beginners | Perfect Brain Teaser for Kids Ages 4 to14 Years Old & Above Boys Girls Children | Smooth Turning Puzzle Toy for Adults	1	BLR5	SELLABLE	UNDELIVERABLE_REFUSED	LPNBLR5P3828729	
2026-05-19T03:27:31+00:00	402-8892111-7997953	1040400	B0FL7TDJLF	X002DFU80F	Cubelelo Drift 4x4 Stickerless Cube Puzzle Toy | Combines Smoothness, Stability & Durability | 4x4x4 Speedcube for Beginners| Suitable for Kids Ages 6 to 14 Years Old, Boys, Girls & Adults	1	BOM4	SELLABLE	UNDELIVERABLE_REFUSED	LPNBOM4N39763608	
2026-05-18T21:50:13+00:00	406-3772997-7095503	1030300_EAN	B0FBMGT6V7	X002C88WLZ	Cubelelo Drift Explorer 3x3 Speed Cube | Best Starter Speedcube for Beginners | Perfect Brain Teaser for Kids Ages 4 to14 Years Old & Above Boys Girls Children | Smooth Turning Puzzle Toy for Adults	1	BLR5	SELLABLE	UNDELIVERABLE_REFUSED	LPNBLR5P5110379	
2026-05-18T19:14:17+00:00	407-3514325-5556312	1030651	B0DJQWJFSX	X0025EZ04D	Cubelelo Drift 3M Plus v2 3x3 (Magnetic) (New Upgraded Version) | Based on MoYu RS3M v5 | Dual-Adjustment System | Speedcube for Kids & Adults | Magic Speedy Stress Buster Brainstorming Puzzle	1	BLR5	SELLABLE	UNDELIVERABLE_UNKNOWN	LPNBLR5P5110250	
2026-05-18T18:07:16+00:00	404-8865423-2294759	1630222	B0GH18NXXG	X002HPDYRF	Cubelelo Drift Magnetic Tangram Puzzle | with Strong Magnets, Wooden Pieces & Bold Colors | Toys for 5-10 Years Old Boys Girls & Adults | Travel Friendly, Educational Toy for Return & Birthday Gifts	1	BLR5	CUSTOMER_DAMAGED	DEFECTIVE	LPNBLR5P5483828	
2026-05-18T17:50:27+00:00	402-7813125-0504336	1630210	B09HH8CC7Y	X00262W227	Cubelelo Drift Number Sliding Magnetic Puzzle 4x4 | Toys For 6-10 Years Old Boys & Girls | 15-Blocks Brain Teaser Puzzle Game for Kids | Educational, Learning, Activity Toy for Return & Birthday Gifts	1	BLR5	SELLABLE	UNDELIVERABLE_UNKNOWN	LPNBLR5P3540734	
2026-05-18T17:37:31+00:00	402-5248599-5303564	1030300_EAN	B0FBMGT6V7	X002C88WLZ	Cubelelo Drift Explorer 3x3 Speed Cube | Best Starter Speedcube for Beginners | Perfect Brain Teaser for Kids Ages 4 to14 Years Old & Above Boys Girls Children | Smooth Turning Puzzle Toy for Adults	1	BLR5	SELLABLE	UNDELIVERABLE_REFUSED	LPNBLR5P5976915	
2026-05-18T17:13:17+00:00	406-1197381-0393956	1030300_EAN	B0FBMGT6V7	X002C88WLZ	Cubelelo Drift Explorer 3x3 Speed Cube | Best Starter Speedcube for Beginners | Perfect Brain Teaser for Kids Ages 4 to14 Years Old & Above Boys Girls Children | Smooth Turning Puzzle Toy for Adults	1	BLR5	SELLABLE	UNDELIVERABLE_REFUSED	LPNBLR5P5861264	
2026-05-18T16:47:26+00:00	171-0845617-5687514	1040400	B0FL7TDJLF	X002DFU80F	Cubelelo Drift 4x4 Stickerless Cube Puzzle Toy | Combines Smoothness, Stability & Durability | 4x4x4 Speedcube for Beginners| Suitable for Kids Ages 6 to 14 Years Old, Boys, Girls & Adults	1	BLR5	SELLABLE	UNDELIVERABLE_UNKNOWN	LPNBLR5P5104539	
2026-05-18T16:03:38+00:00	402-1157241-8402768	1630210	B09HH8CC7Y	X00262W227	Cubelelo Drift Number Sliding Magnetic Puzzle 4x4 | Toys For 6-10 Years Old Boys & Girls | 15-Blocks Brain Teaser Puzzle Game for Kids | Educational, Learning, Activity Toy for Return & Birthday Gifts	1	BLR5	SELLABLE	UNDELIVERABLE_REFUSED	LPNBLR5P3851300	
2026-05-18T14:50:05+00:00	408-9289913-2197921	1630210	B09HH8CC7Y	X00262W227	Cubelelo Drift Number Sliding Magnetic Puzzle 4x4 | Toys For 6-10 Years Old Boys & Girls | 15-Blocks Brain Teaser Puzzle Game for Kids | Educational, Learning, Activity Toy for Return & Birthday Gifts	1	BLR5	SELLABLE	UNDELIVERABLE_REFUSED	LPNBLR5P5904281	
2026-05-18T12:39:48+00:00	405-3459594-2394725	TB03001	B0FQVDNZ3K	X002EI0VUX	TinkerBox Object Permanence Box | 6+ Months | Montessori Wooden Toy for Babies & Toddlers | Early Learning Puzzle for Hand-Eye Coordination & Cause-and-Effect | Safe & Durable Baby Toy	1	BLR5	SELLABLE	UNDELIVERABLE_REFUSED	LPNBLR5P6347219	
2026-05-18T12:15:26+00:00	404-5108440-2836338	1030604	B0DRVQVFJB	X0027JJHDB	Cubelelo Drift 3M v3 3x3 Magnetic Speedcube (Standard) | Latest Version with New & Improved Internal Structure for Smooth Turns & Stability | Cube Toy for 6-10 Years Old Boys Girls Adults	1	BOM4	SELLABLE	UNDELIVERABLE_REFUSED	LPNBOM4N39844720	
2026-05-18T12:12:49+00:00	402-6809304-3785114	1030651	B0DJQWJFSX	X0025EZ04D	Cubelelo Drift 3M Plus v2 3x3 (Magnetic) (New Upgraded Version) | Based on MoYu RS3M v5 | Dual-Adjustment System | Speedcube for Kids & Adults | Magic Speedy Stress Buster Brainstorming Puzzle	1	BOM4	SELLABLE	UNDELIVERABLE_REFUSED	LPNBOM4N39839031	
2026-05-18T12:09:50+00:00	406-3288970-8604332	1630223	B0GN1TJ7F4	X002IIXAZ7	Cubelelo Drift Clang! | 2-4 Players Classic Magnetic Attraction Strategy Game | Features 24 Magnets & Adjustable Rope | Fun Gifting Toy for Family, Teens & Adults | Compact and Travel Friendly	1	BLR7	SELLABLE	UNDELIVERABLE_UNKNOWN	LPNBLR7Y7331801	
2026-05-18T11:56:59+00:00	406-8030255-1129912	1030604	B0DRVQVFJB	X0027JJHDB	Cubelelo Drift 3M v3 3x3 Magnetic Speedcube (Standard) | Latest Version with New & Improved Internal Structure for Smooth Turns & Stability | Cube Toy for 6-10 Years Old Boys Girls Adults	1	CCX1	CUSTOMER_DAMAGED	DEFECTIVE	LPNCCX1B2886708	
2026-05-18T11:46:26+00:00	407-7546877-8372366	1120200	B08LKQHDBF	X001G4N1DP	Cubelelo Drift 3x3 Mirror (Golden) Speed Cube | Shape Shifter Magic Speedcube Puzzle Toys for 7-14 Year Old Boys Girls and Adults All Ages | Advanced 3x3 with Durable Stickers | Collector's Item	1	BLR5	SELLABLE	DAMAGED_BY_CARRIER	LPNBLR5P5792778	Please replace
2026-05-18T11:10:36+00:00	406-3044783-2672355	1460553	B0BYVHGR5H	X001WPZI9N	Cubelelo Drift 2x2, 3x3 & Pyraminx Cube Combo (Stickerless) | Ideal for Kids Above 3 4 5 6 Years Old Boys Girls | 3 in 1 Speedcube Gift Set | High Speed Puzzle 3x3x3 2x2x2 Pyramid Triangle	1	BLR5	SELLABLE	UNDELIVERABLE_REFUSED	LPNBLR5P5621175	
2026-05-18T11:08:28+00:00	403-2821836-4621112	1630222	B0GH18NXXG	X002HPDYRF	Cubelelo Drift Magnetic Tangram Puzzle | with Strong Magnets, Wooden Pieces & Bold Colors | Toys for 5-10 Years Old Boys Girls & Adults | Travel Friendly, Educational Toy for Return & Birthday Gifts	1	CCX1	SELLABLE	UNDELIVERABLE_REFUSED	LPNCCX1B2914590	
2026-05-18T11:04:28+00:00	405-2492730-2500354	1030478	B09PYRTM4X	X001HYK0PL	Cubelelo Drift 3x3 Jelly Edition Speedcube Magic Cube Puzzle	1	DEL2	SELLABLE	DEFECTIVE	LPNDEL2R83500326	
2026-05-18T10:43:40+00:00	404-2148549-8881925	1280100a	B09QYW9DYC	X001LHLHUV	Cubelelo Drift Pyraminx Puzzle Speedcube | Beginner Starter Cube for Kids 3+ Year Old & Above | Triangle Pyramid Shape Stickerless 3x3 Cubes Toy | Ideal for Boys Girls Children 4 5 6+ Years & Adults	1	BOM4	DEFECTIVE	MISSING_PARTS	LPNBOM4N39358706	Two tip caps are missing
2026-05-18T10:34:30+00:00	405-5189052-3891524	1630201	B09QMNCWYG	X001I5SK8D	Cubelelo Drift Infinity Cube (Green) | Magic Puzzle Cool Mini Gadget for Stress and Anxiety Relief for Kids and Adults | Desk Finger Flip Toy for Fun and Game | for Ages 3 Years and Above	1	BOM5	SELLABLE	UNDELIVERABLE_REFUSED	LPNBOM5F5153991	
2026-05-18T09:35:24+00:00	402-4048430-9425165	1630210	B09HH8CC7Y	X00262W227	Cubelelo Drift Number Sliding Magnetic Puzzle 4x4 | Toys For 6-10 Years Old Boys & Girls | 15-Blocks Brain Teaser Puzzle Game for Kids | Educational, Learning, Activity Toy for Return & Birthday Gifts	1	BLR5	SELLABLE	UNDELIVERABLE_REFUSED	LPNBLR5P5913133	
2026-05-18T08:50:42+00:00	408-7816596-6105146	1030300_EAN	B0FBMGT6V7	X002C88WLZ	Cubelelo Drift Explorer 3x3 Speed Cube | Best Starter Speedcube for Beginners | Perfect Brain Teaser for Kids Ages 4 to14 Years Old & Above Boys Girls Children | Smooth Turning Puzzle Toy for Adults	1	BOM4	SELLABLE	UNDELIVERABLE_REFUSED	LPNBOM4N37826731	
2026-05-18T08:43:53+00:00	403-3187664-0500304	1030604	B0DRVQVFJB	X0027JJHDB	Cubelelo Drift 3M v3 3x3 Magnetic Speedcube (Standard) | Latest Version with New & Improved Internal Structure for Smooth Turns & Stability | Cube Toy for 6-10 Years Old Boys Girls Adults	1	CCX1	SELLABLE	UNDELIVERABLE_REFUSED	LPNCCX1B2910809	
2026-05-18T08:35:20+00:00	408-3120750-1749150	1630210	B09HH8CC7Y	X00262W227	Cubelelo Drift Number Sliding Magnetic Puzzle 4x4 | Toys For 6-10 Years Old Boys & Girls | 15-Blocks Brain Teaser Puzzle Game for Kids | Educational, Learning, Activity Toy for Return & Birthday Gifts	1	DEL2	SELLABLE	UNDELIVERABLE_REFUSED	LPNDEL2R82587504	
2026-05-18T07:47:33+00:00	402-8777540-1858764	1630210	B09HH8CC7Y	X00262W227	Cubelelo Drift Number Sliding Magnetic Puzzle 4x4 | Toys For 6-10 Years Old Boys & Girls | 15-Blocks Brain Teaser Puzzle Game for Kids | Educational, Learning, Activity Toy for Return & Birthday Gifts	1	BLR5	SELLABLE	UNDELIVERABLE_REFUSED	LPNBLR5P6338341	
2026-05-18T07:28:56+00:00	407-3073035-9975533	1120100	B08LBGYZ51	X0019BU32H	Cubelelo Drift 3x3 Mirror (Silver) Magic Speed Cube | Shape Shifter Speedcube with Durable Stickers | Advanced 3x3x3 Puzzle Toy for Kids Ages 7-14 Boys Girls & Adults | Collector's Item	1	BOM4	SELLABLE	UNDELIVERABLE_REFUSED	LPNBOM4N37775068	
2026-05-18T07:22:40+00:00	402-9330574-4569148	1460501	B08XK25RRF	X001VLOAKL	Cubelelo Drift 2x2 & 3x3 Cube Gift Box Combo | 2-in-1 Puzzle Toy Game Set for Children Kids & Adults Ages 4 5 6 & Above | Double the Challenge, Twice the Fun | Ultimate Value Saver Combo	1	DEL2	SELLABLE	UNDELIVERABLE_REFUSED	LPNDEL2R83951949	
2026-05-18T06:58:37+00:00	402-6669123-1081136	1630210	B09HH8CC7Y	X00262W227	Cubelelo Drift Number Sliding Magnetic Puzzle 4x4 | Toys For 6-10 Years Old Boys & Girls | 15-Blocks Brain Teaser Puzzle Game for Kids | Educational, Learning, Activity Toy for Return & Birthday Gifts	1	DEL2	SELLABLE	UNDELIVERABLE_REFUSED	LPNDEL2R80712720	
2026-05-18T06:38:32+00:00	403-8175795-8132359	1030400	B07XPNC385	X0012WM1NR	Cubelelo Drift 3x3 Black Speedcube | Beginner Cube for Kids & Adults | Magic Speed Stress Buster Brainstorming Puzzle (Multicolor) | Anti-Pop Technology | Smooth Turning | Durable	1	BLR5	SELLABLE	DEFECTIVE	LPNBLR5P5860586	
2026-05-18T06:34:27+00:00	408-4983669-6952350	1630210	B09HH8CC7Y	X00262W227	Cubelelo Drift Number Sliding Magnetic Puzzle 4x4 | Toys For 6-10 Years Old Boys & Girls | 15-Blocks Brain Teaser Puzzle Game for Kids | Educational, Learning, Activity Toy for Return & Birthday Gifts	1	BLR8	SELLABLE	UNDELIVERABLE_REFUSED	LPNBLR8Z3166035	
2026-05-18T06:30:16+00:00	403-5124082-6262710	1460501	B08XK25RRF	X001VLOAKL	Cubelelo Drift 2x2 & 3x3 Cube Gift Box Combo | 2-in-1 Puzzle Toy Game Set for Children Kids & Adults Ages 4 5 6 & Above | Double the Challenge, Twice the Fun | Ultimate Value Saver Combo	1	CCX2	SELLABLE	SWITCHEROO	LPNCCX2A8460750	I ordered 2*2 &amp; 3*3 and I got 4*4 &amp; 5*5.
2026-05-18T05:41:52+00:00	408-2424428-7896364	1030478	B09PYRTM4X	X001HYK0PL	Cubelelo Drift 3x3 Jelly Edition Speedcube Magic Cube Puzzle	1	CCX2	SELLABLE	UNDELIVERABLE_REFUSED	LPNCCX2A8905331	
2026-05-18T05:08:10+00:00	406-9470165-6393907	1630210	B09HH8CC7Y	X00262W227	Cubelelo Drift Number Sliding Magnetic Puzzle 4x4 | Toys For 6-10 Years Old Boys & Girls | 15-Blocks Brain Teaser Puzzle Game for Kids | Educational, Learning, Activity Toy for Return & Birthday Gifts	1	CCX1	SELLABLE	UNDELIVERABLE_REFUSED	LPNCCX1B2910992	
2026-05-18T05:05:25+00:00	402-2927183-3135551	1630210	B09HH8CC7Y	X00262W227	Cubelelo Drift Number Sliding Magnetic Puzzle 4x4 | Toys For 6-10 Years Old Boys & Girls | 15-Blocks Brain Teaser Puzzle Game for Kids | Educational, Learning, Activity Toy for Return & Birthday Gifts	1	CCX1	SELLABLE	UNDELIVERABLE_REFUSED	LPNCCX1B2936983	
2026-05-18T04:46:32+00:00	406-9572700-2373967	1460501	B08XK25RRF	X001VLOAKL	Cubelelo Drift 2x2 & 3x3 Cube Gift Box Combo | 2-in-1 Puzzle Toy Game Set for Children Kids & Adults Ages 4 5 6 & Above | Double the Challenge, Twice the Fun | Ultimate Value Saver Combo	1	DEL2	SELLABLE	DEFECTIVE	LPNDEL2R83809376	
2026-05-18T04:23:11+00:00	407-8038660-4505159	1030651	B0DJQWJFSX	X0025EZ04D	Cubelelo Drift 3M Plus v2 3x3 (Magnetic) (New Upgraded Version) | Based on MoYu RS3M v5 | Dual-Adjustment System | Speedcube for Kids & Adults | Magic Speedy Stress Buster Brainstorming Puzzle	1	DEL2	CUSTOMER_DAMAGED	SWITCHEROO	LPNDEL2R82583555	
2026-05-18T04:11:14+00:00	404-0181030-8821927	1030300_EAN	B0FBMGT6V7	X002C88WLZ	Cubelelo Drift Explorer 3x3 Speed Cube | Best Starter Speedcube for Beginners | Perfect Brain Teaser for Kids Ages 4 to14 Years Old & Above Boys Girls Children | Smooth Turning Puzzle Toy for Adults	1	BLR5	SELLABLE	DEFECTIVE	LPNBLR5P6200549	
2026-05-18T03:34:18+00:00	405-5651563-4754719	1260200	B0CJFSPB4P	X001VFDOQX	Cubelelo Drift Puppet II Speed Cube | Brain Teaser Puzzle Toys | Limited Rotation | Creative New Cube for Kids and Adults	1	DEL2	SELLABLE	DEFECTIVE	LPNDEL2R83652737	
2026-05-17T22:21:10+00:00	403-9882399-3978745	1630202	B09B7PNSTV	X001ETHG47	Cubelelo Drift Infinity Cube (Blue) | Magic Puzzle Cool Mini Gadget for Stress and Anxiety Relief for Kids and Adults | Desk Finger Flip Toy for Fun and Game | for Ages 3 Years and Above	1	BLR5	SELLABLE	UNDELIVERABLE_REFUSED	LPNBLR5P5103586	
2026-05-17T21:21:30+00:00	403-6116238-0307504	1630202	B09B7PNSTV	X001ETHG47	Cubelelo Drift Infinity Cube (Blue) | Magic Puzzle Cool Mini Gadget for Stress and Anxiety Relief for Kids and Adults | Desk Finger Flip Toy for Fun and Game | for Ages 3 Years and Above	1	BLR5	SELLABLE	UNDELIVERABLE_REFUSED	LPNBLR5P6449828	
2026-05-17T21:14:34+00:00	404-8362845-3794735	1460501	B08XK25RRF	X001VLOAKL	Cubelelo Drift 2x2 & 3x3 Cube Gift Box Combo | 2-in-1 Puzzle Toy Game Set for Children Kids & Adults Ages 4 5 6 & Above | Double the Challenge, Twice the Fun | Ultimate Value Saver Combo	1	BLR5	SELLABLE	UNDELIVERABLE_REFUSED	LPNBLR5P5864233	
2026-05-17T21:13:04+00:00	403-3345936-2375534	1630202	B09B7PNSTV	X001ETHG47	Cubelelo Drift Infinity Cube (Blue) | Magic Puzzle Cool Mini Gadget for Stress and Anxiety Relief for Kids and Adults | Desk Finger Flip Toy for Fun and Game | for Ages 3 Years and Above	1	BLR5	SELLABLE	UNDELIVERABLE_UNKNOWN	LPNBLR5P6449814	
2026-05-17T21:11:09+00:00	408-6251229-6755569	1630210	B09HH8CC7Y	X00262W227	Cubelelo Drift Number Sliding Magnetic Puzzle 4x4 | Toys For 6-10 Years Old Boys & Girls | 15-Blocks Brain Teaser Puzzle Game for Kids | Educational, Learning, Activity Toy for Return & Birthday Gifts	1	BLR5	SELLABLE	UNDELIVERABLE_REFUSED	LPNBLR5P6469257	
2026-05-17T20:44:18+00:00	405-0955581-1209162	1460501	B08XK25RRF	X001VLOAKL	Cubelelo Drift 2x2 & 3x3 Cube Gift Box Combo | 2-in-1 Puzzle Toy Game Set for Children Kids & Adults Ages 4 5 6 & Above | Double the Challenge, Twice the Fun | Ultimate Value Saver Combo	1	BLR5	SELLABLE	UNDELIVERABLE_REFUSED	LPNBLR5P5495703	
2026-05-17T20:44:18+00:00	405-0955581-1209162	1460501	B08XK25RRF	X001VLOAKL	Cubelelo Drift 2x2 & 3x3 Cube Gift Box Combo | 2-in-1 Puzzle Toy Game Set for Children Kids & Adults Ages 4 5 6 & Above | Double the Challenge, Twice the Fun | Ultimate Value Saver Combo	1	BLR5	SELLABLE	UNDELIVERABLE_REFUSED	LPNBLR5P5495698	
2026-05-17T20:13:31+00:00	404-7808950-6865122	TB03001	B0FQVDNZ3K	X002EI0VUX	TinkerBox Object Permanence Box | 6+ Months | Montessori Wooden Toy for Babies & Toddlers | Early Learning Puzzle for Hand-Eye Coordination & Cause-and-Effect | Safe & Durable Baby Toy	1	BLR5	SELLABLE	UNDELIVERABLE_REFUSED	LPNBLR5P6469219	
2026-05-17T19:02:45+00:00	407-0364498-3484333	1030300_EAN	B0FBMGT6V7	X002C88WLZ	Cubelelo Drift Explorer 3x3 Speed Cube | Best Starter Speedcube for Beginners | Perfect Brain Teaser for Kids Ages 4 to14 Years Old & Above Boys Girls Children | Smooth Turning Puzzle Toy for Adults	1	BLR5	DAMAGED	UNDELIVERABLE_UNKNOWN	LPNBLR5P6185288	
2026-05-17T17:51:58+00:00	171-3261779-0464354	1050200	B09K7QTCXP	X001GM0XER	Cubelelo Drift 5x5 Stickerless Speed Cube | AKA Professor's Cube Magic Puzzle for Kids & Adults | Smooth and Durable Speedy Brainstorming Puzzle| Ultimate Stress Buster and Mind Challenge	1	BLR5	SELLABLE	DEFECTIVE	LPNBLR5P5298148	
2026-05-17T14:42:47+00:00	407-7985064-6061948	1030651	B0DJQWJFSX	X0025EZ04D	Cubelelo Drift 3M Plus v2 3x3 (Magnetic) (New Upgraded Version) | Based on MoYu RS3M v5 | Dual-Adjustment System | Speedcube for Kids & Adults | Magic Speedy Stress Buster Brainstorming Puzzle	1	BLR5	SELLABLE	UNDELIVERABLE_UNKNOWN	LPNBLR5P5495331	
2026-05-17T14:22:38+00:00	406-0293375-4843553	1030604	B0DRVQVFJB	X0027JJHDB	Cubelelo Drift 3M v3 3x3 Magnetic Speedcube (Standard) | Latest Version with New & Improved Internal Structure for Smooth Turns & Stability | Cube Toy for 6-10 Years Old Boys Girls Adults	1	BLR5	CARRIER_DAMAGED	UNDELIVERABLE_UNKNOWN	LPNBLR5P5495297	
2026-05-17T14:21:41+00:00	408-0594044-2116356	1030300_EAN	B0FBMGT6V7	X002C88WLZ	Cubelelo Drift Explorer 3x3 Speed Cube | Best Starter Speedcube for Beginners | Perfect Brain Teaser for Kids Ages 4 to14 Years Old & Above Boys Girls Children | Smooth Turning Puzzle Toy for Adults	1	BLR5	SELLABLE	UNDELIVERABLE_REFUSED	LPNBLR5P6235909	
2026-05-17T11:53:40+00:00	405-9198204-6441957	1030400	B07XPNC385	X0012WM1NR	Cubelelo Drift 3x3 Black Speedcube | Beginner Cube for Kids & Adults | Magic Speed Stress Buster Brainstorming Puzzle (Multicolor) | Anti-Pop Technology | Smooth Turning | Durable	1	BLR5	SELLABLE	UNDELIVERABLE_UNKNOWN	LPNBLR5P3706695	
2026-05-17T11:35:45+00:00	403-4421853-0167519	1280100a	B09QYW9DYC	X001LHLHUV	Cubelelo Drift Pyraminx Puzzle Speedcube | Beginner Starter Cube for Kids 3+ Year Old & Above | Triangle Pyramid Shape Stickerless 3x3 Cubes Toy | Ideal for Boys Girls Children 4 5 6+ Years & Adults	1	DEL2	SELLABLE	UNDELIVERABLE_REFUSED	LPNDEL2R82111933	
2026-05-17T11:35:45+00:00	403-4421853-0167519	1120100	B08LBGYZ51	X0019BU32H	Cubelelo Drift 3x3 Mirror (Silver) Magic Speed Cube | Shape Shifter Speedcube with Durable Stickers | Advanced 3x3x3 Puzzle Toy for Kids Ages 7-14 Boys Girls & Adults | Collector's Item	1	DEL2	SELLABLE	UNDELIVERABLE_REFUSED	LPNDEL2R82111934	
2026-05-17T11:35:45+00:00	403-4421853-0167519	1180200	B0CZ9JH3F5	X001ZUQ2D1	Cubelelo Drift Axis (Tiled) 3x3 Magic Cube Puzzle | Unique Shape Mod with Premium Design, Smooth Finish Toy for Intermediate & Advanced Solvers | Toys for Adults & Kids Girls Boys Ages 7-14 Years Old	1	DEL2	SELLABLE	UNDELIVERABLE_REFUSED	LPNDEL2R82111932	
2026-05-17T11:04:30+00:00	404-4315116-5151541	1050200	B09K7QTCXP	X001GM0XER	Cubelelo Drift 5x5 Stickerless Speed Cube | AKA Professor's Cube Magic Puzzle for Kids & Adults | Smooth and Durable Speedy Brainstorming Puzzle| Ultimate Stress Buster and Mind Challenge	1	BLR5	SELLABLE	NO_REASON_GIVEN	LPNBLR5P6488541	
2026-05-17T11:02:50+00:00	405-1508049-5589163	1030300_EAN	B0FBMGT6V7	X002C88WLZ	Cubelelo Drift Explorer 3x3 Speed Cube | Best Starter Speedcube for Beginners | Perfect Brain Teaser for Kids Ages 4 to14 Years Old & Above Boys Girls Children | Smooth Turning Puzzle Toy for Adults	1	BLR8	SELLABLE	UNDELIVERABLE_REFUSED	LPNBLR8Z3300887	
2026-05-17T10:57:43+00:00	403-4909351-8228367	1030300_EAN	B0FBMGT6V7	X002C88WLZ	Cubelelo Drift Explorer 3x3 Speed Cube | Best Starter Speedcube for Beginners | Perfect Brain Teaser for Kids Ages 4 to14 Years Old & Above Boys Girls Children | Smooth Turning Puzzle Toy for Adults	1	CCX2	SELLABLE	UNDELIVERABLE_REFUSED	LPNCCX2B1370713	
2026-05-17T10:24:13+00:00	404-4168175-3909920	1460577	B0D9NW55MK	X00232KSTT	Cubelelo Drift 2x2 with Cube Lubricant and Stand Combo | High-Performance Speed Cube | Smooth Turning & Durable | Ideal for All Ages	1	DEL2	SELLABLE	SWITCHEROO	LPNDEL2R83443190	I ordered a 2x2 and was sent a 4x4
2026-05-17T09:40:57+00:00	402-3859060-5450763	1630210	B09HH8CC7Y	X00262W227	Cubelelo Drift Number Sliding Magnetic Puzzle 4x4 | Toys For 6-10 Years Old Boys & Girls | 15-Blocks Brain Teaser Puzzle Game for Kids | Educational, Learning, Activity Toy for Return & Birthday Gifts	1	DEL2	SELLABLE	UNDELIVERABLE_REFUSED	LPNDEL2R82583348	
2026-05-17T09:22:51+00:00	404-1329827-6524328	1460501	B08XK25RRF	X001VLOAKL	Cubelelo Drift 2x2 & 3x3 Cube Gift Box Combo | 2-in-1 Puzzle Toy Game Set for Children Kids & Adults Ages 4 5 6 & Above | Double the Challenge, Twice the Fun | Ultimate Value Saver Combo	1	DEL2	SELLABLE	UNDELIVERABLE_REFUSED	LPNDEL2R83701169	
2026-05-17T09:21:05+00:00	402-2461872-4810740	1030300_EAN	B0FBMGT6V7	X002C88WLZ	Cubelelo Drift Explorer 3x3 Speed Cube | Best Starter Speedcube for Beginners | Perfect Brain Teaser for Kids Ages 4 to14 Years Old & Above Boys Girls Children | Smooth Turning Puzzle Toy for Adults	1	BLR5	SELLABLE	UNDELIVERABLE_REFUSED	LPNBLR5P5630998	
2026-05-17T09:19:31+00:00	408-1632303-8701954	1030300_EAN	B0FBMGT6V7	X002C88WLZ	Cubelelo Drift Explorer 3x3 Speed Cube | Best Starter Speedcube for Beginners | Perfect Brain Teaser for Kids Ages 4 to14 Years Old & Above Boys Girls Children | Smooth Turning Puzzle Toy for Adults	1	DEL2	SELLABLE	UNDELIVERABLE_REFUSED	LPNDEL2R83652412	
2026-05-17T09:10:01+00:00	404-9498459-1378740	TB02002b	B0GMX4TCBD	X002IHXVEX	TinkerBox Double Spinning Drum | 4+ Months | Montessori Wooden Rotating Sensory Toy for Toddlers | Tummy Time Baby Toy | Motor Skills Development | Non-Toxic Educational Safe & Durable Wooden Drum	1	BOM4	SELLABLE	DEFECTIVE	LPNBOM4N38208985	
2026-05-17T09:03:12+00:00	404-1302687-2661145	1030300_EAN	B0FBMGT6V7	X002C88WLZ	Cubelelo Drift Explorer 3x3 Speed Cube | Best Starter Speedcube for Beginners | Perfect Brain Teaser for Kids Ages 4 to14 Years Old & Above Boys Girls Children | Smooth Turning Puzzle Toy for Adults	1	BLR5	SELLABLE	DEFECTIVE	LPNBLR5P5791263	
2026-05-17T08:57:55+00:00	402-5259474-8373901	1030300_EAN	B0FBMGT6V7	X002C88WLZ	Cubelelo Drift Explorer 3x3 Speed Cube | Best Starter Speedcube for Beginners | Perfect Brain Teaser for Kids Ages 4 to14 Years Old & Above Boys Girls Children | Smooth Turning Puzzle Toy for Adults	1	BLR7	SELLABLE	UNDELIVERABLE_REFUSED	LPNBLR7Y7573928	
2026-05-17T08:50:29+00:00	405-6346171-2062713	1030604	B0DRVQVFJB	X0027JJHDB	Cubelelo Drift 3M v3 3x3 Magnetic Speedcube (Standard) | Latest Version with New & Improved Internal Structure for Smooth Turns & Stability | Cube Toy for 6-10 Years Old Boys Girls Adults	1	CCX2	SELLABLE	UNDELIVERABLE_REFUSED	LPNCCX2B1551304	
2026-05-17T08:39:30+00:00	406-3021578-4066728	1030604	B0DRVQVFJB	X0027JJHDB	Cubelelo Drift 3M v3 3x3 Magnetic Speedcube (Standard) | Latest Version with New & Improved Internal Structure for Smooth Turns & Stability | Cube Toy for 6-10 Years Old Boys Girls Adults	1	CCX2	SELLABLE	UNDELIVERABLE_REFUSED	LPNCCX2B1649538	
2026-05-17T08:31:21+00:00	405-4042963-9679534	1040400	B0FL7TDJLF	X002DFU80F	Cubelelo Drift 4x4 Stickerless Cube Puzzle Toy | Combines Smoothness, Stability & Durability | 4x4x4 Speedcube for Beginners| Suitable for Kids Ages 6 to 14 Years Old, Boys, Girls & Adults	1	DEL2	SELLABLE	DEFECTIVE	LPNDEL2R83901580	
2026-05-17T08:29:00+00:00	403-2082317-4179512	1030604	B0DRVQVFJB	X0027JJHDB	Cubelelo Drift 3M v3 3x3 Magnetic Speedcube (Standard) | Latest Version with New & Improved Internal Structure for Smooth Turns & Stability | Cube Toy for 6-10 Years Old Boys Girls Adults	1	JPX1	SELLABLE	UNDELIVERABLE_UNKNOWN	LPNJPX1A1925951	
2026-05-17T08:17:35+00:00	404-9333159-4478703	1030400	B07XPNC385	X0012WM1NR	Cubelelo Drift 3x3 Black Speedcube | Beginner Cube for Kids & Adults | Magic Speed Stress Buster Brainstorming Puzzle (Multicolor) | Anti-Pop Technology | Smooth Turning | Durable	1	BLR5	SELLABLE	NOT_AS_DESCRIBED	LPNBLR5P6488389	Very smooth operation not satisfied
2026-05-17T07:49:24+00:00	402-9098814-3430733	1630222	B0GH18NXXG	X002HPDYRF	Cubelelo Drift Magnetic Tangram Puzzle | with Strong Magnets, Wooden Pieces & Bold Colors | Toys for 5-10 Years Old Boys Girls & Adults | Travel Friendly, Educational Toy for Return & Birthday Gifts	1	BLR5	SELLABLE	UNDELIVERABLE_REFUSED	LPNBLR5P5842360	
2026-05-17T07:45:09+00:00	407-7539613-2705168	1630222	B0GH18NXXG	X002HPDYRF	Cubelelo Drift Magnetic Tangram Puzzle | with Strong Magnets, Wooden Pieces & Bold Colors | Toys for 5-10 Years Old Boys Girls & Adults | Travel Friendly, Educational Toy for Return & Birthday Gifts	1	BLR5	DEFECTIVE	MISSING_PARTS	LPNBLR5P3846950	Small triangle missing
2026-05-17T07:40:03+00:00	402-8985161-1228335	1630210	B09HH8CC7Y	X00262W227	Cubelelo Drift Number Sliding Magnetic Puzzle 4x4 | Toys For 6-10 Years Old Boys & Girls | 15-Blocks Brain Teaser Puzzle Game for Kids | Educational, Learning, Activity Toy for Return & Birthday Gifts	1	BOM4	SELLABLE	UNDELIVERABLE_REFUSED	LPNBOM4N39828481	
2026-05-17T07:03:00+00:00	404-0163271-2609973	1460501	B08XK25RRF	X001VLOAKL	Cubelelo Drift 2x2 & 3x3 Cube Gift Box Combo | 2-in-1 Puzzle Toy Game Set for Children Kids & Adults Ages 4 5 6 & Above | Double the Challenge, Twice the Fun | Ultimate Value Saver Combo	1	BLR5	SELLABLE	UNDELIVERABLE_REFUSED	LPNBLR5P5328222	
2026-05-17T06:43:30+00:00	402-5441474-0204331	1460577	B0D9NW55MK	X00232KSTT	Cubelelo Drift 2x2 with Cube Lubricant and Stand Combo | High-Performance Speed Cube | Smooth Turning & Durable | Ideal for All Ages	1	DEL2	SELLABLE	DEFECTIVE	LPNDEL2R83548196	
2026-05-17T06:37:49+00:00	405-8922043-3055549	1630202	B09B7PNSTV	X001ETHG47	Cubelelo Drift Infinity Cube (Blue) | Magic Puzzle Cool Mini Gadget for Stress and Anxiety Relief for Kids and Adults | Desk Finger Flip Toy for Fun and Game | for Ages 3 Years and Above	1	DEL2	SELLABLE	UNDELIVERABLE_REFUSED	LPNDEL2R83113587	
2026-05-17T06:20:44+00:00	406-7435348-3806724	1460501	B08XK25RRF	X001VLOAKL	Cubelelo Drift 2x2 & 3x3 Cube Gift Box Combo | 2-in-1 Puzzle Toy Game Set for Children Kids & Adults Ages 4 5 6 & Above | Double the Challenge, Twice the Fun | Ultimate Value Saver Combo	1	BLR5	SELLABLE	UNDELIVERABLE_REFUSED	LPNBLR5P5839098	
2026-05-17T06:06:26+00:00	408-6706959-6125112	1030604	B0DRVQVFJB	X0027JJHDB	Cubelelo Drift 3M v3 3x3 Magnetic Speedcube (Standard) | Latest Version with New & Improved Internal Structure for Smooth Turns & Stability | Cube Toy for 6-10 Years Old Boys Girls Adults	1	DEL2	SELLABLE	SWITCHEROO	LPNDEL2R83652177	I bought a drift 3X3 magnetic speed cube but I received something called magnetic tangram which is a completely different product please replace it as soon as possible
2026-05-17T05:52:57+00:00	407-2375308-2008332	1630222	B0GH18NXXG	X002HPDYRF	Cubelelo Drift Magnetic Tangram Puzzle | with Strong Magnets, Wooden Pieces & Bold Colors | Toys for 5-10 Years Old Boys Girls & Adults | Travel Friendly, Educational Toy for Return & Birthday Gifts	1	BLR5	SELLABLE	UNDELIVERABLE_UNKNOWN	LPNBLR5P3674790	
2026-05-17T05:43:44+00:00	404-2421968-8486758	1030300_EAN	B0FBMGT6V7	X002C88WLZ	Cubelelo Drift Explorer 3x3 Speed Cube | Best Starter Speedcube for Beginners | Perfect Brain Teaser for Kids Ages 4 to14 Years Old & Above Boys Girls Children | Smooth Turning Puzzle Toy for Adults	1	CCX1	SELLABLE	UNDELIVERABLE_REFUSED	LPNCCX1B2855879	
2026-05-17T05:37:33+00:00	171-6997271-3469146	1040400	B0FL7TDJLF	X002DFU80F	Cubelelo Drift 4x4 Stickerless Cube Puzzle Toy | Combines Smoothness, Stability & Durability | 4x4x4 Speedcube for Beginners| Suitable for Kids Ages 6 to 14 Years Old, Boys, Girls & Adults	1	CCX2	SELLABLE	UNDELIVERABLE_REFUSED	LPNCCX2A8905900	
2026-05-17T05:25:53+00:00	404-0007259-9869947	1030604	B0DRVQVFJB	X0027JJHDB	Cubelelo Drift 3M v3 3x3 Magnetic Speedcube (Standard) | Latest Version with New & Improved Internal Structure for Smooth Turns & Stability | Cube Toy for 6-10 Years Old Boys Girls Adults	1	BLR5	CUSTOMER_DAMAGED	DEFECTIVE	LPNBLR5P6184530	
2026-05-17T05:00:56+00:00	171-3376756-3827540	1030604	B0DRVQVFJB	X0027JJHDB	Cubelelo Drift 3M v3 3x3 Magnetic Speedcube (Standard) | Latest Version with New & Improved Internal Structure for Smooth Turns & Stability | Cube Toy for 6-10 Years Old Boys Girls Adults	1	BOM4	SELLABLE	UNDELIVERABLE_UNKNOWN	LPNBOM4N37823819	
2026-05-17T04:32:47+00:00	405-3125985-2185148	1030478	B09PYRTM4X	X001HYK0PL	Cubelelo Drift 3x3 Jelly Edition Speedcube Magic Cube Puzzle	1	BOM4	CUSTOMER_DAMAGED	DEFECTIVE	LPNBOM4N39788997	
2026-05-17T04:27:19+00:00	404-9567439-9736334	1630210	B09HH8CC7Y	X00262W227	Cubelelo Drift Number Sliding Magnetic Puzzle 4x4 | Toys For 6-10 Years Old Boys & Girls | 15-Blocks Brain Teaser Puzzle Game for Kids | Educational, Learning, Activity Toy for Return & Birthday Gifts	1	BLR5	SELLABLE	UNDELIVERABLE_REFUSED	LPNBLR5P5716061	
2026-05-17T04:04:47+00:00	403-1126937-4423519	1030300_EAN	B0FBMGT6V7	X002C88WLZ	Cubelelo Drift Explorer 3x3 Speed Cube | Best Starter Speedcube for Beginners | Perfect Brain Teaser for Kids Ages 4 to14 Years Old & Above Boys Girls Children | Smooth Turning Puzzle Toy for Adults	1	BOM4	SELLABLE	UNDELIVERABLE_UNKNOWN	LPNBOM4N40163497	
2026-05-17T03:59:36+00:00	406-4225687-6419517	1630210	B09HH8CC7Y	X00262W227	Cubelelo Drift Number Sliding Magnetic Puzzle 4x4 | Toys For 6-10 Years Old Boys & Girls | 15-Blocks Brain Teaser Puzzle Game for Kids | Educational, Learning, Activity Toy for Return & Birthday Gifts	1	DEL2	SELLABLE	UNDELIVERABLE_REFUSED	LPNDEL2R83442836	
2026-05-17T03:58:11+00:00	407-7561619-3100362	1030604	B0DRVQVFJB	X0027JJHDB	Cubelelo Drift 3M v3 3x3 Magnetic Speedcube (Standard) | Latest Version with New & Improved Internal Structure for Smooth Turns & Stability | Cube Toy for 6-10 Years Old Boys Girls Adults	1	BLR5	SELLABLE	UNDELIVERABLE_REFUSED	LPNBLR5P5692667	
2026-05-17T03:32:14+00:00	406-1984657-4418748	TB03001	B0FQVDNZ3K	X002EI0VUX	TinkerBox Object Permanence Box | 6+ Months | Montessori Wooden Toy for Babies & Toddlers | Early Learning Puzzle for Hand-Eye Coordination & Cause-and-Effect | Safe & Durable Baby Toy	1	BLR5	SELLABLE	QUALITY_UNACCEPTABLE	LPNBLR5P5496615	
2026-05-17T03:28:23+00:00	404-0006074-2123554	1030300_EAN	B0FBMGT6V7	X002C88WLZ	Cubelelo Drift Explorer 3x3 Speed Cube | Best Starter Speedcube for Beginners | Perfect Brain Teaser for Kids Ages 4 to14 Years Old & Above Boys Girls Children | Smooth Turning Puzzle Toy for Adults	1	BLR5	SELLABLE	DEFECTIVE	LPNBLR5P5100014	
2026-05-17T03:06:44+00:00	408-1874953-8242728	1120100	B08LBGYZ51	X0019BU32H	Cubelelo Drift 3x3 Mirror (Silver) Magic Speed Cube | Shape Shifter Speedcube with Durable Stickers | Advanced 3x3x3 Puzzle Toy for Kids Ages 7-14 Boys Girls & Adults | Collector's Item	1	BLR5	SELLABLE	UNDELIVERABLE_REFUSED	LPNBLR5P6451338	
2026-05-16T22:38:23+00:00	407-8386219-2753928	1630210	B09HH8CC7Y	X00262W227	Cubelelo Drift Number Sliding Magnetic Puzzle 4x4 | Toys For 6-10 Years Old Boys & Girls | 15-Blocks Brain Teaser Puzzle Game for Kids | Educational, Learning, Activity Toy for Return & Birthday Gifts	1	BLR5	SELLABLE	UNDELIVERABLE_REFUSED	LPNBLR5P5630507	
2026-05-16T22:33:14+00:00	406-4374496-6458762	1030604	B0DRVQVFJB	X0027JJHDB	Cubelelo Drift 3M v3 3x3 Magnetic Speedcube (Standard) | Latest Version with New & Improved Internal Structure for Smooth Turns & Stability | Cube Toy for 6-10 Years Old Boys Girls Adults	1	BOM4	SELLABLE	UNDELIVERABLE_REFUSED	LPNBOM4N40091640	
2026-05-16T21:36:09+00:00	404-6180002-7469966	1630223	B0GN1TJ7F4	X002IIXAZ7	Cubelelo Drift Clang! | 2-4 Players Classic Magnetic Attraction Strategy Game | Features 24 Magnets & Adjustable Rope | Fun Gifting Toy for Family, Teens & Adults | Compact and Travel Friendly	1	BLR5	SELLABLE	MISSING_PARTS	LPNBLR5P5725218	
2026-05-16T21:02:07+00:00	171-6304325-0631501	1630210	B09HH8CC7Y	X00262W227	Cubelelo Drift Number Sliding Magnetic Puzzle 4x4 | Toys For 6-10 Years Old Boys & Girls | 15-Blocks Brain Teaser Puzzle Game for Kids | Educational, Learning, Activity Toy for Return & Birthday Gifts	1	BLR5	SELLABLE	UNDELIVERABLE_REFUSED	LPNBLR5P3677411	
2026-05-16T20:30:09+00:00	171-9952667-4453918	1030300_EAN	B0FBMGT6V7	X002C88WLZ	Cubelelo Drift Explorer 3x3 Speed Cube | Best Starter Speedcube for Beginners | Perfect Brain Teaser for Kids Ages 4 to14 Years Old & Above Boys Girls Children | Smooth Turning Puzzle Toy for Adults	1	BLR5	SELLABLE	UNDELIVERABLE_REFUSED	LPNBLR5P5600046	
2026-05-16T20:27:12+00:00	405-8479101-4029143	1290300	B0DB6311DK	X00239RFKR	Cubelelo Drift Megaminx v2 Cube (New Improved Version) | 12-Sided Fun and Challenging Puzzle with Ridge Design | Smooth Turning Dodecahedron | Perfect for Speed-Cubing | Ideal for Kids & Adults	1	BLR5	SELLABLE	SWITCHEROO	LPNBLR5P6451105	
2026-05-16T20:10:42+00:00	407-5593806-1690764	1630222	B0GH18NXXG	X002HPDYRF	Cubelelo Drift Magnetic Tangram Puzzle | with Strong Magnets, Wooden Pieces & Bold Colors | Toys for 5-10 Years Old Boys Girls & Adults | Travel Friendly, Educational Toy for Return & Birthday Gifts	1	CCX1	SELLABLE	UNDELIVERABLE_REFUSED	LPNCCX1B3758427	
2026-05-16T20:10:42+00:00	407-4408677-6478726	1030604	B0DRVQVFJB	X0027JJHDB	Cubelelo Drift 3M v3 3x3 Magnetic Speedcube (Standard) | Latest Version with New & Improved Internal Structure for Smooth Turns & Stability | Cube Toy for 6-10 Years Old Boys Girls Adults	1	CCX1	SELLABLE	UNDELIVERABLE_REFUSED	LPNCCX1B3852282	
2026-05-16T20:01:53+00:00	402-1782563-1202765	1630210	B09HH8CC7Y	X00262W227	Cubelelo Drift Number Sliding Magnetic Puzzle 4x4 | Toys For 6-10 Years Old Boys & Girls | 15-Blocks Brain Teaser Puzzle Game for Kids | Educational, Learning, Activity Toy for Return & Birthday Gifts	1	BLR5	SELLABLE	UNDELIVERABLE_REFUSED	LPNBLR5P4408693	
2026-05-16T19:12:15+00:00	406-3764370-6245168	1030300_EAN	B0FBMGT6V7	X002C88WLZ	Cubelelo Drift Explorer 3x3 Speed Cube | Best Starter Speedcube for Beginners | Perfect Brain Teaser for Kids Ages 4 to14 Years Old & Above Boys Girls Children | Smooth Turning Puzzle Toy for Adults	1	BLR5	SELLABLE	UNDELIVERABLE_REFUSED	LPNBLR5P6382712	
2026-05-16T17:07:15+00:00	403-7946916-7585915	1630223	B0GN1TJ7F4	X002IIXAZ7	Cubelelo Drift Clang! | 2-4 Players Classic Magnetic Attraction Strategy Game | Features 24 Magnets & Adjustable Rope | Fun Gifting Toy for Family, Teens & Adults | Compact and Travel Friendly	1	CCX1	SELLABLE	UNDELIVERABLE_REFUSED	LPNCCX1B3736274	
2026-05-16T16:50:16+00:00	407-0743675-7403507	1630210	B09HH8CC7Y	X00262W227	Cubelelo Drift Number Sliding Magnetic Puzzle 4x4 | Toys For 6-10 Years Old Boys & Girls | 15-Blocks Brain Teaser Puzzle Game for Kids | Educational, Learning, Activity Toy for Return & Birthday Gifts	1	BLR5	SELLABLE	UNDELIVERABLE_REFUSED	LPNBLR5P2312700	
2026-05-16T16:23:28+00:00	406-9067616-2348358	1040400	B0FL7TDJLF	X002DFU80F	Cubelelo Drift 4x4 Stickerless Cube Puzzle Toy | Combines Smoothness, Stability & Durability | 4x4x4 Speedcube for Beginners| Suitable for Kids Ages 6 to 14 Years Old, Boys, Girls & Adults	1	BOM4	SELLABLE	UNDELIVERABLE_UNKNOWN	LPNBOM4N39824389	
2026-05-16T13:55:37+00:00	404-6466409-8024339	1050200	B09K7QTCXP	X001GM0XER	Cubelelo Drift 5x5 Stickerless Speed Cube | AKA Professor's Cube Magic Puzzle for Kids & Adults | Smooth and Durable Speedy Brainstorming Puzzle| Ultimate Stress Buster and Mind Challenge	1	BLR5	DEFECTIVE	DEFECTIVE	LPNBLR5P5599681	The cube was total mixed with oil and dusty
2026-05-16T13:40:59+00:00	402-1358384-4323552	1030604	B0DRVQVFJB	X0027JJHDB	Cubelelo Drift 3M v3 3x3 Magnetic Speedcube (Standard) | Latest Version with New & Improved Internal Structure for Smooth Turns & Stability | Cube Toy for 6-10 Years Old Boys Girls Adults	1	BLR5	SELLABLE	NOT_AS_DESCRIBED	LPNBLR5P6198704	I ordered a magnetic version which I ordered a week back, this one is not at matching that quality . This is not the exact one which I got earlier.  Replace the quality and magnetic model only.
2026-05-16T12:58:26+00:00	404-7279970-4994725	1630210	B09HH8CC7Y	X00262W227	Cubelelo Drift Number Sliding Magnetic Puzzle 4x4 | Toys For 6-10 Years Old Boys & Girls | 15-Blocks Brain Teaser Puzzle Game for Kids | Educational, Learning, Activity Toy for Return & Birthday Gifts	1	BOM4	SELLABLE	UNDELIVERABLE_REFUSED	LPNBOM4N39732838	
2026-05-16T12:52:42+00:00	404-0885257-8130720	1290300	B0DB6311DK	X00239RFKR	Cubelelo Drift Megaminx v2 Cube (New Improved Version) | 12-Sided Fun and Challenging Puzzle with Ridge Design | Smooth Turning Dodecahedron | Perfect for Speed-Cubing | Ideal for Kids & Adults	1	DEL2	CARRIER_DAMAGED	UNDELIVERABLE_REFUSED	LPNDEL2R83700861	
2026-05-16T12:48:09+00:00	404-1208685-8079525	1030400	B07XPNC385	X0012WM1NR	Cubelelo Drift 3x3 Black Speedcube | Beginner Cube for Kids & Adults | Magic Speed Stress Buster Brainstorming Puzzle (Multicolor) | Anti-Pop Technology | Smooth Turning | Durable	1	BLR5	SELLABLE	DEFECTIVE	LPNBLR5P5691790	
2026-05-16T12:15:43+00:00	404-6570049-8631569	1310036_EAN	B0BV276B7T	X001PWQJFP	Cubelelo Magic Snake Rainbow Puzzle Cube (72 Wedges) | Twist and Turn Shape Creation Fun Game for Kids Boys Girls and Adults | Multicolor Brain Teaser Stress Buster Toy | for Ages 3 Years and Above	1	BOM4	SELLABLE	UNDELIVERABLE_REFUSED	LPNBOM4N37690682	
2026-05-16T12:09:28+00:00	402-8794813-7519541	1180200	B0CZ9JH3F5	X001ZUQ2D1	Cubelelo Drift Axis (Tiled) 3x3 Magic Cube Puzzle | Unique Shape Mod with Premium Design, Smooth Finish Toy for Intermediate & Advanced Solvers | Toys for Adults & Kids Girls Boys Ages 7-14 Years Old	1	BOM4	SELLABLE	UNDELIVERABLE_REFUSED	LPNBOM4N40091151	
2026-05-16T12:05:47+00:00	404-1321370-7127508	1030604	B0DRVQVFJB	X0027JJHDB	Cubelelo Drift 3M v3 3x3 Magnetic Speedcube (Standard) | Latest Version with New & Improved Internal Structure for Smooth Turns & Stability | Cube Toy for 6-10 Years Old Boys Girls Adults	1	BOM4	SELLABLE	UNDELIVERABLE_UNKNOWN	LPNBOM4N40342408	
2026-05-16T11:46:34+00:00	405-8993434-7107533	1030478	B09PYRTM4X	X001HYK0PL	Cubelelo Drift 3x3 Jelly Edition Speedcube Magic Cube Puzzle	1	DEL2	SELLABLE	UNDELIVERABLE_REFUSED	LPNDEL2R82582980	
2026-05-16T11:26:44+00:00	171-7199696-1303527	1290300	B0DB6311DK	X00239RFKR	Cubelelo Drift Megaminx v2 Cube (New Improved Version) | 12-Sided Fun and Challenging Puzzle with Ridge Design | Smooth Turning Dodecahedron | Perfect for Speed-Cubing | Ideal for Kids & Adults	1	BLR5	CARRIER_DAMAGED	UNDELIVERABLE_REFUSED	LPNBLR5P6454947	
2026-05-16T11:26:44+00:00	171-9136165-8545935	1040400	B0FL7TDJLF	X002DFU80F	Cubelelo Drift 4x4 Stickerless Cube Puzzle Toy | Combines Smoothness, Stability & Durability | 4x4x4 Speedcube for Beginners| Suitable for Kids Ages 6 to 14 Years Old, Boys, Girls & Adults	1	BLR5	SELLABLE	UNDELIVERABLE_REFUSED	LPNBLR5P6454942	
2026-05-16T11:10:25+00:00	404-5168434-3531544	1460577	B0D9NW55MK	X00232KSTT	Cubelelo Drift 2x2 with Cube Lubricant and Stand Combo | High-Performance Speed Cube | Smooth Turning & Durable | Ideal for All Ages	1	DEL2	SELLABLE	SWITCHEROO	LPNDEL2R83582787	It is 4x 4 , we have ordered 2 x2 like in description!
2026-05-16T11:05:49+00:00	402-7425255-7542744	1630210	B09HH8CC7Y	X00262W227	Cubelelo Drift Number Sliding Magnetic Puzzle 4x4 | Toys For 6-10 Years Old Boys & Girls | 15-Blocks Brain Teaser Puzzle Game for Kids | Educational, Learning, Activity Toy for Return & Birthday Gifts	1	BOM4	SELLABLE	DEFECTIVE	LPNBOM4N40057527	
2026-05-16T10:05:29+00:00	403-2919074-2457100	1030604	B0DRVQVFJB	X0027JJHDB	Cubelelo Drift 3M v3 3x3 Magnetic Speedcube (Standard) | Latest Version with New & Improved Internal Structure for Smooth Turns & Stability | Cube Toy for 6-10 Years Old Boys Girls Adults	1	DEL2	SELLABLE	SWITCHEROO	LPNDEL2R82582906	
2026-05-16T09:19:00+00:00	402-7427835-9017165	1030604	B0DRVQVFJB	X0027JJHDB	Cubelelo Drift 3M v3 3x3 Magnetic Speedcube (Standard) | Latest Version with New & Improved Internal Structure for Smooth Turns & Stability | Cube Toy for 6-10 Years Old Boys Girls Adults	1	BLR5	SELLABLE	UNDELIVERABLE_REFUSED	LPNBLR5P6454808	
2026-05-16T09:17:10+00:00	408-2920257-4652361	1460501	B08XK25RRF	X001VLOAKL	Cubelelo Drift 2x2 & 3x3 Cube Gift Box Combo | 2-in-1 Puzzle Toy Game Set for Children Kids & Adults Ages 4 5 6 & Above | Double the Challenge, Twice the Fun | Ultimate Value Saver Combo	1	BOM4	SELLABLE	UNDELIVERABLE_REFUSED	LPNBOM4N40059780	
2026-05-16T08:59:38+00:00	404-8904989-2261923	1280100a	B09QYW9DYC	X001LHLHUV	Cubelelo Drift Pyraminx Puzzle Speedcube | Beginner Starter Cube for Kids 3+ Year Old & Above | Triangle Pyramid Shape Stickerless 3x3 Cubes Toy | Ideal for Boys Girls Children 4 5 6+ Years & Adults	1	BOM4	DEFECTIVE	DAMAGED_BY_FC	LPNBOM4N40084938	box was damaged and cube was also broken and was seem used
2026-05-16T08:50:20+00:00	171-7666444-0827506	1630210	B09HH8CC7Y	X00262W227	Cubelelo Drift Number Sliding Magnetic Puzzle 4x4 | Toys For 6-10 Years Old Boys & Girls | 15-Blocks Brain Teaser Puzzle Game for Kids | Educational, Learning, Activity Toy for Return & Birthday Gifts	1	BLR5	SELLABLE	UNDELIVERABLE_REFUSED	LPNBLR5P6269261	
2026-05-16T08:36:40+00:00	408-9265644-6474740	1030400	B07XPNC385	X0012WM1NR	Cubelelo Drift 3x3 Black Speedcube | Beginner Cube for Kids & Adults | Magic Speed Stress Buster Brainstorming Puzzle (Multicolor) | Anti-Pop Technology | Smooth Turning | Durable	1	DEL2	SELLABLE	UNDELIVERABLE_REFUSED	LPNDEL2R83147550	
2026-05-16T08:33:35+00:00	404-6982548-9722705	1460553	B0BYVHGR5H	X001WPZI9N	Cubelelo Drift 2x2, 3x3 & Pyraminx Cube Combo (Stickerless) | Ideal for Kids Above 3 4 5 6 Years Old Boys Girls | 3 in 1 Speedcube Gift Set | High Speed Puzzle 3x3x3 2x2x2 Pyramid Triangle	1	BLR5	SELLABLE	UNDELIVERABLE_REFUSED	LPNBLR5P5854603	
2026-05-16T08:30:48+00:00	171-0041680-2037946	1040400	B0FL7TDJLF	X002DFU80F	Cubelelo Drift 4x4 Stickerless Cube Puzzle Toy | Combines Smoothness, Stability & Durability | 4x4x4 Speedcube for Beginners| Suitable for Kids Ages 6 to 14 Years Old, Boys, Girls & Adults	1	BOM4	SELLABLE	DEFECTIVE	LPNBOM4N40121428	
2026-05-16T08:23:13+00:00	403-0226803-1077100	1020200	B08LBJ3P8L	X0019BU39P	Cubelelo Drift 2x2 Stickerless Cube | Beginner Speedcube for Kids Boys Girls Above 3 4 5 6 Years Old & Above | Magic Puzzle Toy | Durable & Smooth Cube with Anti-Pop Design 2x2x2	1	BLR5	SELLABLE	UNDELIVERABLE_REFUSED	LPNBLR5P5619568	
2026-05-16T08:15:42+00:00	407-3314918-8770726	1030604	B0DRVQVFJB	X0027JJHDB	Cubelelo Drift 3M v3 3x3 Magnetic Speedcube (Standard) | Latest Version with New & Improved Internal Structure for Smooth Turns & Stability | Cube Toy for 6-10 Years Old Boys Girls Adults	1	DEL2	SELLABLE	UNDELIVERABLE_REFUSED	LPNDEL2R82532756	
2026-05-16T08:11:50+00:00	404-0730503-6589116	1040300	B09HH8XQ14	X001G4QY25	Cubelelo Drift 4x4 (Black) Speedcube | Challenging Brain Teaser Puzzle Toy for Kids 7-14 Years Old Boys Girls & Adults All Ages | Fast Speed Cube for Intermediate and Advanced Cubers	1	DEL2	SELLABLE	UNDELIVERABLE_REFUSED	LPNDEL2R83950994	
2026-05-16T08:10:50+00:00	406-8925764-3405154	1460501	B08XK25RRF	X001VLOAKL	Cubelelo Drift 2x2 & 3x3 Cube Gift Box Combo | 2-in-1 Puzzle Toy Game Set for Children Kids & Adults Ages 4 5 6 & Above | Double the Challenge, Twice the Fun | Ultimate Value Saver Combo	1	BLR5	SELLABLE	UNDELIVERABLE_REFUSED	LPNBLR5P6483913	
2026-05-16T07:58:24+00:00	407-8185992-8250725	1630222	B0GH18NXXG	X002HPDYRF	Cubelelo Drift Magnetic Tangram Puzzle | with Strong Magnets, Wooden Pieces & Bold Colors | Toys for 5-10 Years Old Boys Girls & Adults | Travel Friendly, Educational Toy for Return & Birthday Gifts	1	BOM4	SELLABLE	MISSING_PARTS	LPNBOM4N40114695	
2026-05-16T07:44:32+00:00	403-9581916-5700357	1030300_EAN	B0FBMGT6V7	X002C88WLZ	Cubelelo Drift Explorer 3x3 Speed Cube | Best Starter Speedcube for Beginners | Perfect Brain Teaser for Kids Ages 4 to14 Years Old & Above Boys Girls Children | Smooth Turning Puzzle Toy for Adults	1	BLR5	DEFECTIVE	DAMAGED_BY_FC	LPNBLR5P4885624	Damaged
2026-05-16T07:35:29+00:00	404-7019532-2600336	1460577	B0D9NW55MK	X00232KSTT	Cubelelo Drift 2x2 with Cube Lubricant and Stand Combo | High-Performance Speed Cube | Smooth Turning & Durable | Ideal for All Ages	1	BOM4	SELLABLE	UNDELIVERABLE_REFUSED	LPNBOM4N40128406	
2026-05-16T07:18:58+00:00	404-5097080-2091535	1460520	B0CGNSKWFN	X001VZFWNB	Cubelelo Kid Drift 2X2 Silver Mirror & 3X3 Silver Mirror Gift Box | Premium Mirror Cube Set With Unique Reflective Design | Challenging Shape-Shifting Puzzles For Advanced Cubers & Beginners	1	BOM4	CUSTOMER_DAMAGED	NO_REASON_GIVEN	LPNBOM4N39927061	
2026-05-16T06:59:49+00:00	407-9723053-6645133	1030604	B0DRVQVFJB	X0027JJHDB	Cubelelo Drift 3M v3 3x3 Magnetic Speedcube (Standard) | Latest Version with New & Improved Internal Structure for Smooth Turns & Stability | Cube Toy for 6-10 Years Old Boys Girls Adults	1	BOM4	SELLABLE	UNDELIVERABLE_REFUSED	LPNBOM4N39942102	
2026-05-16T06:28:51+00:00	407-8627347-4000334	1630201	B09QMNCWYG	X001I5SK8D	Cubelelo Drift Infinity Cube (Green) | Magic Puzzle Cool Mini Gadget for Stress and Anxiety Relief for Kids and Adults | Desk Finger Flip Toy for Fun and Game | for Ages 3 Years and Above	1	DEL2	CUSTOMER_DAMAGED	DEFECTIVE	LPNDEL2R82530352	
2026-05-16T05:48:42+00:00	406-4436304-3278726	1630201	B09QMNCWYG	X001I5SK8D	Cubelelo Drift Infinity Cube (Green) | Magic Puzzle Cool Mini Gadget for Stress and Anxiety Relief for Kids and Adults | Desk Finger Flip Toy for Fun and Game | for Ages 3 Years and Above	1	BLR5	CUSTOMER_DAMAGED	QUALITY_UNACCEPTABLE	LPNBLR5P4931945	
2026-05-16T04:48:36+00:00	405-0047558-0902732	1630202	B09B7PNSTV	X001ETHG47	Cubelelo Drift Infinity Cube (Blue) | Magic Puzzle Cool Mini Gadget for Stress and Anxiety Relief for Kids and Adults | Desk Finger Flip Toy for Fun and Game | for Ages 3 Years and Above	1	BLR5	SELLABLE	UNDELIVERABLE_REFUSED	LPNBLR5P4883219	
2026-05-16T04:48:36+00:00	405-0047558-0902732	1630202	B09B7PNSTV	X001ETHG47	Cubelelo Drift Infinity Cube (Blue) | Magic Puzzle Cool Mini Gadget for Stress and Anxiety Relief for Kids and Adults | Desk Finger Flip Toy for Fun and Game | for Ages 3 Years and Above	1	BLR5	SELLABLE	UNDELIVERABLE_REFUSED	LPNBLR5P4883212	
2026-05-16T04:48:36+00:00	405-0047558-0902732	1630202	B09B7PNSTV	X001ETHG47	Cubelelo Drift Infinity Cube (Blue) | Magic Puzzle Cool Mini Gadget for Stress and Anxiety Relief for Kids and Adults | Desk Finger Flip Toy for Fun and Game | for Ages 3 Years and Above	1	BLR5	SELLABLE	UNDELIVERABLE_REFUSED	LPNBLR5P4883220	
2026-05-16T04:48:36+00:00	405-0047558-0902732	1630202	B09B7PNSTV	X001ETHG47	Cubelelo Drift Infinity Cube (Blue) | Magic Puzzle Cool Mini Gadget for Stress and Anxiety Relief for Kids and Adults | Desk Finger Flip Toy for Fun and Game | for Ages 3 Years and Above	1	BLR5	SELLABLE	UNDELIVERABLE_REFUSED	LPNBLR5P4883216	
2026-05-16T04:48:36+00:00	405-0047558-0902732	1630202	B09B7PNSTV	X001ETHG47	Cubelelo Drift Infinity Cube (Blue) | Magic Puzzle Cool Mini Gadget for Stress and Anxiety Relief for Kids and Adults | Desk Finger Flip Toy for Fun and Game | for Ages 3 Years and Above	1	BLR5	SELLABLE	UNDELIVERABLE_REFUSED	LPNBLR5P4883222	
2026-05-16T04:48:36+00:00	405-0047558-0902732	1630202	B09B7PNSTV	X001ETHG47	Cubelelo Drift Infinity Cube (Blue) | Magic Puzzle Cool Mini Gadget for Stress and Anxiety Relief for Kids and Adults | Desk Finger Flip Toy for Fun and Game | for Ages 3 Years and Above	1	BLR5	SELLABLE	UNDELIVERABLE_REFUSED	LPNBLR5P4883215	
2026-05-16T04:48:36+00:00	405-0047558-0902732	1630202	B09B7PNSTV	X001ETHG47	Cubelelo Drift Infinity Cube (Blue) | Magic Puzzle Cool Mini Gadget for Stress and Anxiety Relief for Kids and Adults | Desk Finger Flip Toy for Fun and Game | for Ages 3 Years and Above	1	BLR5	SELLABLE	UNDELIVERABLE_REFUSED	LPNBLR5P4883213	
2026-05-16T04:48:36+00:00	405-0047558-0902732	1630202	B09B7PNSTV	X001ETHG47	Cubelelo Drift Infinity Cube (Blue) | Magic Puzzle Cool Mini Gadget for Stress and Anxiety Relief for Kids and Adults | Desk Finger Flip Toy for Fun and Game | for Ages 3 Years and Above	1	BLR5	SELLABLE	UNDELIVERABLE_REFUSED	LPNBLR5P4883217	
2026-05-16T04:48:36+00:00	405-0047558-0902732	1630202	B09B7PNSTV	X001ETHG47	Cubelelo Drift Infinity Cube (Blue) | Magic Puzzle Cool Mini Gadget for Stress and Anxiety Relief for Kids and Adults | Desk Finger Flip Toy for Fun and Game | for Ages 3 Years and Above	1	BLR5	SELLABLE	UNDELIVERABLE_REFUSED	LPNBLR5P4883225	
2026-05-16T04:44:26+00:00	405-0047558-0902732	1630202	B09B7PNSTV	X001ETHG47	Cubelelo Drift Infinity Cube (Blue) | Magic Puzzle Cool Mini Gadget for Stress and Anxiety Relief for Kids and Adults | Desk Finger Flip Toy for Fun and Game | for Ages 3 Years and Above	1	BLR5	SELLABLE	UNDELIVERABLE_REFUSED	LPNBLR5P6382577	
2026-05-16T04:44:26+00:00	405-0047558-0902732	1630202	B09B7PNSTV	X001ETHG47	Cubelelo Drift Infinity Cube (Blue) | Magic Puzzle Cool Mini Gadget for Stress and Anxiety Relief for Kids and Adults | Desk Finger Flip Toy for Fun and Game | for Ages 3 Years and Above	1	BLR5	SELLABLE	UNDELIVERABLE_REFUSED	LPNBLR5P6382560	
2026-05-16T04:44:26+00:00	405-0047558-0902732	1630202	B09B7PNSTV	X001ETHG47	Cubelelo Drift Infinity Cube (Blue) | Magic Puzzle Cool Mini Gadget for Stress and Anxiety Relief for Kids and Adults | Desk Finger Flip Toy for Fun and Game | for Ages 3 Years and Above	1	BLR5	SELLABLE	UNDELIVERABLE_REFUSED	LPNBLR5P6382569	
2026-05-16T04:44:26+00:00	405-0047558-0902732	1630202	B09B7PNSTV	X001ETHG47	Cubelelo Drift Infinity Cube (Blue) | Magic Puzzle Cool Mini Gadget for Stress and Anxiety Relief for Kids and Adults | Desk Finger Flip Toy for Fun and Game | for Ages 3 Years and Above	1	BLR5	SELLABLE	UNDELIVERABLE_REFUSED	LPNBLR5P6382568	
2026-05-16T04:44:26+00:00	405-0047558-0902732	1630202	B09B7PNSTV	X001ETHG47	Cubelelo Drift Infinity Cube (Blue) | Magic Puzzle Cool Mini Gadget for Stress and Anxiety Relief for Kids and Adults | Desk Finger Flip Toy for Fun and Game | for Ages 3 Years and Above	1	BLR5	SELLABLE	UNDELIVERABLE_REFUSED	LPNBLR5P6382555	
2026-05-16T04:44:26+00:00	405-0047558-0902732	1630202	B09B7PNSTV	X001ETHG47	Cubelelo Drift Infinity Cube (Blue) | Magic Puzzle Cool Mini Gadget for Stress and Anxiety Relief for Kids and Adults | Desk Finger Flip Toy for Fun and Game | for Ages 3 Years and Above	1	BLR5	SELLABLE	UNDELIVERABLE_REFUSED	LPNBLR5P6382564	
2026-05-16T04:44:26+00:00	405-0047558-0902732	1630202	B09B7PNSTV	X001ETHG47	Cubelelo Drift Infinity Cube (Blue) | Magic Puzzle Cool Mini Gadget for Stress and Anxiety Relief for Kids and Adults | Desk Finger Flip Toy for Fun and Game | for Ages 3 Years and Above	1	BLR5	SELLABLE	UNDELIVERABLE_REFUSED	LPNBLR5P6382573	
2026-05-16T04:44:26+00:00	405-0047558-0902732	1630202	B09B7PNSTV	X001ETHG47	Cubelelo Drift Infinity Cube (Blue) | Magic Puzzle Cool Mini Gadget for Stress and Anxiety Relief for Kids and Adults | Desk Finger Flip Toy for Fun and Game | for Ages 3 Years and Above	1	BLR5	SELLABLE	UNDELIVERABLE_REFUSED	LPNBLR5P6382571	
2026-05-16T04:44:26+00:00	405-0047558-0902732	1630202	B09B7PNSTV	X001ETHG47	Cubelelo Drift Infinity Cube (Blue) | Magic Puzzle Cool Mini Gadget for Stress and Anxiety Relief for Kids and Adults | Desk Finger Flip Toy for Fun and Game | for Ages 3 Years and Above	1	BLR5	SELLABLE	UNDELIVERABLE_REFUSED	LPNBLR5P6382581	
2026-05-16T04:44:26+00:00	405-0047558-0902732	1630202	B09B7PNSTV	X001ETHG47	Cubelelo Drift Infinity Cube (Blue) | Magic Puzzle Cool Mini Gadget for Stress and Anxiety Relief for Kids and Adults | Desk Finger Flip Toy for Fun and Game | for Ages 3 Years and Above	1	BLR5	SELLABLE	UNDELIVERABLE_REFUSED	LPNBLR5P6382558	
2026-05-16T04:44:26+00:00	405-0047558-0902732	1630202	B09B7PNSTV	X001ETHG47	Cubelelo Drift Infinity Cube (Blue) | Magic Puzzle Cool Mini Gadget for Stress and Anxiety Relief for Kids and Adults | Desk Finger Flip Toy for Fun and Game | for Ages 3 Years and Above	1	BLR5	SELLABLE	UNDELIVERABLE_REFUSED	LPNBLR5P6382580	
2026-05-16T04:44:26+00:00	405-0047558-0902732	1630202	B09B7PNSTV	X001ETHG47	Cubelelo Drift Infinity Cube (Blue) | Magic Puzzle Cool Mini Gadget for Stress and Anxiety Relief for Kids and Adults | Desk Finger Flip Toy for Fun and Game | for Ages 3 Years and Above	1	BLR5	SELLABLE	UNDELIVERABLE_REFUSED	LPNBLR5P6382565	
2026-05-16T04:44:26+00:00	405-0047558-0902732	1630202	B09B7PNSTV	X001ETHG47	Cubelelo Drift Infinity Cube (Blue) | Magic Puzzle Cool Mini Gadget for Stress and Anxiety Relief for Kids and Adults | Desk Finger Flip Toy for Fun and Game | for Ages 3 Years and Above	1	BLR5	SELLABLE	UNDELIVERABLE_REFUSED	LPNBLR5P6382566	
2026-05-16T04:44:26+00:00	405-0047558-0902732	1630202	B09B7PNSTV	X001ETHG47	Cubelelo Drift Infinity Cube (Blue) | Magic Puzzle Cool Mini Gadget for Stress and Anxiety Relief for Kids and Adults | Desk Finger Flip Toy for Fun and Game | for Ages 3 Years and Above	1	BLR5	SELLABLE	UNDELIVERABLE_REFUSED	LPNBLR5P6382563	
2026-05-16T04:44:26+00:00	405-0047558-0902732	1630202	B09B7PNSTV	X001ETHG47	Cubelelo Drift Infinity Cube (Blue) | Magic Puzzle Cool Mini Gadget for Stress and Anxiety Relief for Kids and Adults | Desk Finger Flip Toy for Fun and Game | for Ages 3 Years and Above	1	BLR5	SELLABLE	UNDELIVERABLE_REFUSED	LPNBLR5P6382567	
2026-05-16T04:44:26+00:00	405-0047558-0902732	1630202	B09B7PNSTV	X001ETHG47	Cubelelo Drift Infinity Cube (Blue) | Magic Puzzle Cool Mini Gadget for Stress and Anxiety Relief for Kids and Adults | Desk Finger Flip Toy for Fun and Game | for Ages 3 Years and Above	1	BLR5	SELLABLE	UNDELIVERABLE_REFUSED	LPNBLR5P6382570	
2026-05-16T04:44:26+00:00	405-0047558-0902732	1630202	B09B7PNSTV	X001ETHG47	Cubelelo Drift Infinity Cube (Blue) | Magic Puzzle Cool Mini Gadget for Stress and Anxiety Relief for Kids and Adults | Desk Finger Flip Toy for Fun and Game | for Ages 3 Years and Above	1	BLR5	SELLABLE	UNDELIVERABLE_REFUSED	LPNBLR5P6382557	
2026-05-16T04:44:26+00:00	405-0047558-0902732	1630202	B09B7PNSTV	X001ETHG47	Cubelelo Drift Infinity Cube (Blue) | Magic Puzzle Cool Mini Gadget for Stress and Anxiety Relief for Kids and Adults | Desk Finger Flip Toy for Fun and Game | for Ages 3 Years and Above	1	BLR5	SELLABLE	UNDELIVERABLE_REFUSED	LPNBLR5P6382556	
2026-05-16T04:44:26+00:00	405-0047558-0902732	1630202	B09B7PNSTV	X001ETHG47	Cubelelo Drift Infinity Cube (Blue) | Magic Puzzle Cool Mini Gadget for Stress and Anxiety Relief for Kids and Adults | Desk Finger Flip Toy for Fun and Game | for Ages 3 Years and Above	1	BLR5	SELLABLE	UNDELIVERABLE_REFUSED	LPNBLR5P6382559	
2026-05-16T04:44:26+00:00	405-0047558-0902732	1630202	B09B7PNSTV	X001ETHG47	Cubelelo Drift Infinity Cube (Blue) | Magic Puzzle Cool Mini Gadget for Stress and Anxiety Relief for Kids and Adults | Desk Finger Flip Toy for Fun and Game | for Ages 3 Years and Above	1	BLR5	SELLABLE	UNDELIVERABLE_REFUSED	LPNBLR5P6382562	
2026-05-16T04:44:26+00:00	405-0047558-0902732	1630202	B09B7PNSTV	X001ETHG47	Cubelelo Drift Infinity Cube (Blue) | Magic Puzzle Cool Mini Gadget for Stress and Anxiety Relief for Kids and Adults | Desk Finger Flip Toy for Fun and Game | for Ages 3 Years and Above	1	BLR5	SELLABLE	UNDELIVERABLE_REFUSED	LPNBLR5P6382561	
2026-05-16T04:40:45+00:00	406-4674178-3920358	1460577	B0D9NW55MK	X00232KSTT	Cubelelo Drift 2x2 with Cube Lubricant and Stand Combo | High-Performance Speed Cube | Smooth Turning & Durable | Ideal for All Ages	1	DEL2	SELLABLE	SWITCHEROO	LPNDEL2R81197161	I ordered a 2x2 and was sent a 4x4 can u replace it with the correct order
2026-05-16T04:40:09+00:00	171-7932965-7675518	1030604	B0DRVQVFJB	X0027JJHDB	Cubelelo Drift 3M v3 3x3 Magnetic Speedcube (Standard) | Latest Version with New & Improved Internal Structure for Smooth Turns & Stability | Cube Toy for 6-10 Years Old Boys Girls Adults	1	DEL2	SELLABLE	SWITCHEROO	LPNDEL2R83889748	
2026-05-16T04:35:25+00:00	403-9781628-6129146	1030604	B0DRVQVFJB	X0027JJHDB	Cubelelo Drift 3M v3 3x3 Magnetic Speedcube (Standard) | Latest Version with New & Improved Internal Structure for Smooth Turns & Stability | Cube Toy for 6-10 Years Old Boys Girls Adults	1	DEL2	SELLABLE	UNDELIVERABLE_REFUSED	LPNDEL2R82103324	
2026-05-16T04:11:08+00:00	171-1872677-1342706	1030300_EAN	B0FBMGT6V7	X002C88WLZ	Cubelelo Drift Explorer 3x3 Speed Cube | Best Starter Speedcube for Beginners | Perfect Brain Teaser for Kids Ages 4 to14 Years Old & Above Boys Girls Children | Smooth Turning Puzzle Toy for Adults	1	CCX1	SELLABLE	DEFECTIVE	LPNCCX1B3711699	
2026-05-16T04:11:08+00:00	171-1872677-1342706	1030300_EAN	B0FBMGT6V7	X002C88WLZ	Cubelelo Drift Explorer 3x3 Speed Cube | Best Starter Speedcube for Beginners | Perfect Brain Teaser for Kids Ages 4 to14 Years Old & Above Boys Girls Children | Smooth Turning Puzzle Toy for Adults	1	CCX1	SELLABLE	DEFECTIVE	LPNCCX1B3711701	
2026-05-16T04:11:08+00:00	171-1872677-1342706	1030300_EAN	B0FBMGT6V7	X002C88WLZ	Cubelelo Drift Explorer 3x3 Speed Cube | Best Starter Speedcube for Beginners | Perfect Brain Teaser for Kids Ages 4 to14 Years Old & Above Boys Girls Children | Smooth Turning Puzzle Toy for Adults	1	CCX1	SELLABLE	DEFECTIVE	LPNCCX1B3711698	
2026-05-16T04:11:08+00:00	171-1872677-1342706	1030300_EAN	B0FBMGT6V7	X002C88WLZ	Cubelelo Drift Explorer 3x3 Speed Cube | Best Starter Speedcube for Beginners | Perfect Brain Teaser for Kids Ages 4 to14 Years Old & Above Boys Girls Children | Smooth Turning Puzzle Toy for Adults	1	CCX1	SELLABLE	DEFECTIVE	LPNCCX1B3711700	
2026-05-16T04:08:48+00:00	408-8524721-8497933	1030300_EAN	B0FBMGT6V7	X002C88WLZ	Cubelelo Drift Explorer 3x3 Speed Cube | Best Starter Speedcube for Beginners | Perfect Brain Teaser for Kids Ages 4 to14 Years Old & Above Boys Girls Children | Smooth Turning Puzzle Toy for Adults	1	DEL2	SELLABLE	UNDELIVERABLE_REFUSED	LPNDEL2R83843243	
2026-05-16T04:07:13+00:00	404-8117049-2405126	1030603	B0DRVMTFN1	X0027JJ8K3	Cubelelo Drift 3M v3 3x3 (Magnetic UV Coated) Speedcube - New Version | Premium Glossy Finish, Ultra Fast & Smooth Turns, Enhanced Auto-Alignment with 48 Magnets | Puzzle Cube for Kids & Adults	1	BOM4	SELLABLE	DEFECTIVE	LPNBOM4N40243442	
2026-05-16T03:58:17+00:00	408-1819983-1442725	1040300	B09HH8XQ14	X001G4QY25	Cubelelo Drift 4x4 (Black) Speedcube | Challenging Brain Teaser Puzzle Toy for Kids 7-14 Years Old Boys Girls & Adults All Ages | Fast Speed Cube for Intermediate and Advanced Cubers	1	BLR5	SELLABLE	UNDELIVERABLE_REFUSED	LPNBLR5P5619256	
2026-05-16T03:57:47+00:00	407-7915079-5980365	1150100	B09BZMB4RT	X001F0EEEF	Cubelelo Drift Square-1 Stickerless Cube Puzzle for Kids & Adults Speedy Stress Buster Brainstorming Cube	1	DEL2	CUSTOMER_DAMAGED	DEFECTIVE	LPNDEL2R83442293	
2026-05-16T03:39:30+00:00	402-7673534-1108318	1030400	B07XPNC385	X0012WM1NR	Cubelelo Drift 3x3 Black Speedcube | Beginner Cube for Kids & Adults | Magic Speed Stress Buster Brainstorming Puzzle (Multicolor) | Anti-Pop Technology | Smooth Turning | Durable	1	DEL2	SELLABLE	UNDELIVERABLE_REFUSED	LPNDEL2R83199388	
2026-05-16T03:34:18+00:00	404-5469587-4333928	1630222	B0GH18NXXG	X002HPDYRF	Cubelelo Drift Magnetic Tangram Puzzle | with Strong Magnets, Wooden Pieces & Bold Colors | Toys for 5-10 Years Old Boys Girls & Adults | Travel Friendly, Educational Toy for Return & Birthday Gifts	1	BLR5	CUSTOMER_DAMAGED	DEFECTIVE	LPNBLR5P5631420	
2026-05-16T02:51:03+00:00	171-1952675-9958761	1030604	B0DRVQVFJB	X0027JJHDB	Cubelelo Drift 3M v3 3x3 Magnetic Speedcube (Standard) | Latest Version with New & Improved Internal Structure for Smooth Turns & Stability | Cube Toy for 6-10 Years Old Boys Girls Adults	1	BLR7	SELLABLE	UNDELIVERABLE_REFUSED	LPNBLR7Y7449294	
2026-05-15T22:49:39+00:00	406-5184095-8193916	1630222	B0GH18NXXG	X002HPDYRF	Cubelelo Drift Magnetic Tangram Puzzle | with Strong Magnets, Wooden Pieces & Bold Colors | Toys for 5-10 Years Old Boys Girls & Adults | Travel Friendly, Educational Toy for Return & Birthday Gifts	1	BLR5	SELLABLE	UNDELIVERABLE_REFUSED	LPNBLR5P5365883	
2026-05-15T22:21:52+00:00	404-8715877-2661165	1630210	B09HH8CC7Y	X00262W227	Cubelelo Drift Number Sliding Magnetic Puzzle 4x4 | Toys For 6-10 Years Old Boys & Girls | 15-Blocks Brain Teaser Puzzle Game for Kids | Educational, Learning, Activity Toy for Return & Birthday Gifts	1	BLR5	SELLABLE	UNDELIVERABLE_REFUSED	LPNBLR5P3284041	
2026-05-15T20:51:56+00:00	404-3113254-1009962	1050200	B09K7QTCXP	X001GM0XER	Cubelelo Drift 5x5 Stickerless Speed Cube | AKA Professor's Cube Magic Puzzle for Kids & Adults | Smooth and Durable Speedy Brainstorming Puzzle| Ultimate Stress Buster and Mind Challenge	1	BLR5	SELLABLE	UNDELIVERABLE_UNKNOWN	LPNBLR5P5493243	
2026-05-15T20:51:56+00:00	404-3113254-1009962	1460541	B0CVL1VSNM	X001YLRGGN	Cubelelo Drift Megaminx Speed Cube + Lube Combo | Stickerless High-Speed Megaminx Puzzle with Professional Lubrication | Ideal for Speedcubing Enthusiasts, Kids & Adults	1	BLR5	SELLABLE	UNDELIVERABLE_UNKNOWN	LPNBLR5P5493238	
2026-05-15T20:31:59+00:00	403-4389371-3825103	1630210	B09HH8CC7Y	X00262W227	Cubelelo Drift Number Sliding Magnetic Puzzle 4x4 | Toys For 6-10 Years Old Boys & Girls | 15-Blocks Brain Teaser Puzzle Game for Kids | Educational, Learning, Activity Toy for Return & Birthday Gifts	1	BLR5	SELLABLE	UNDELIVERABLE_REFUSED	LPNBLR5P3682182	
2026-05-15T20:23:54+00:00	404-1211508-3253165	1460503	B08XK4V59M	X001VFXJDV	Cubelelo Drift 2x2, 3x3 & 4x4 Premium Gift Box | 3-in-1 Puzzle Game Set | Triple the Challenge, Thrice the Fun | Ultimate Value Saver Combo | Brainstoming Toy for Children Kids & Adults	1	BLR5	DEFECTIVE	DAMAGED_BY_FC	LPNBLR5P5423426	It&#39;s damaged. Not rotating smoothly
2026-05-15T14:46:33+00:00	403-2900076-7487538	1030604	B0DRVQVFJB	X0027JJHDB	Cubelelo Drift 3M v3 3x3 Magnetic Speedcube (Standard) | Latest Version with New & Improved Internal Structure for Smooth Turns & Stability | Cube Toy for 6-10 Years Old Boys Girls Adults	1	BLR5	SELLABLE	UNDELIVERABLE_REFUSED	LPNBLR5P6336829	
2026-05-15T14:40:55+00:00	404-4924291-7919555	1030478	B09PYRTM4X	X001HYK0PL	Cubelelo Drift 3x3 Jelly Edition Speedcube Magic Cube Puzzle	1	BOM4	SELLABLE	DEFECTIVE	LPNBOM4N40084451	
2026-05-15T14:02:18+00:00	406-9377123-4102701	1030300_EAN	B0FBMGT6V7	X002C88WLZ	Cubelelo Drift Explorer 3x3 Speed Cube | Best Starter Speedcube for Beginners | Perfect Brain Teaser for Kids Ages 4 to14 Years Old & Above Boys Girls Children | Smooth Turning Puzzle Toy for Adults	1	BOM4	SELLABLE	UNDELIVERABLE_UNKNOWN	LPNBOM4N40189629	
2026-05-15T13:05:18+00:00	405-8851277-9484303	1030300_EAN	B0FBMGT6V7	X002C88WLZ	Cubelelo Drift Explorer 3x3 Speed Cube | Best Starter Speedcube for Beginners | Perfect Brain Teaser for Kids Ages 4 to14 Years Old & Above Boys Girls Children | Smooth Turning Puzzle Toy for Adults	1	CCX2	SELLABLE	UNDELIVERABLE_UNKNOWN	LPNCCX2B1567660	
2026-05-15T12:59:05+00:00	407-4684326-3142704	1030300_EAN	B0FBMGT6V7	X002C88WLZ	Cubelelo Drift Explorer 3x3 Speed Cube | Best Starter Speedcube for Beginners | Perfect Brain Teaser for Kids Ages 4 to14 Years Old & Above Boys Girls Children | Smooth Turning Puzzle Toy for Adults	1	BLR5	SELLABLE	UNDELIVERABLE_REFUSED	LPNBLR5P6191347	
2026-05-15T12:31:34+00:00	403-8684121-9717114	1030400	B07XPNC385	X0012WM1NR	Cubelelo Drift 3x3 Black Speedcube | Beginner Cube for Kids & Adults | Magic Speed Stress Buster Brainstorming Puzzle (Multicolor) | Anti-Pop Technology | Smooth Turning | Durable	1	CCX1	SELLABLE	UNDELIVERABLE_REFUSED	LPNCCX1B3884100	
2026-05-15T12:16:35+00:00	404-0436529-2533931	1630210	B09HH8CC7Y	X00262W227	Cubelelo Drift Number Sliding Magnetic Puzzle 4x4 | Toys For 6-10 Years Old Boys & Girls | 15-Blocks Brain Teaser Puzzle Game for Kids | Educational, Learning, Activity Toy for Return & Birthday Gifts	1	BOM4	SELLABLE	UNDELIVERABLE_UNKNOWN	LPNBLR5P3469639	
2026-05-15T11:59:42+00:00	402-0176562-1309117	1630210	B09HH8CC7Y	X00262W227	Cubelelo Drift Number Sliding Magnetic Puzzle 4x4 | Toys For 6-10 Years Old Boys & Girls | 15-Blocks Brain Teaser Puzzle Game for Kids | Educational, Learning, Activity Toy for Return & Birthday Gifts	1	CCX1	SELLABLE	UNDELIVERABLE_REFUSED	LPNCCX1B3814303	
2026-05-15T11:59:42+00:00	402-8406257-2194753	1630222	B0GH18NXXG	X002HPDYRF	Cubelelo Drift Magnetic Tangram Puzzle | with Strong Magnets, Wooden Pieces & Bold Colors | Toys for 5-10 Years Old Boys Girls & Adults | Travel Friendly, Educational Toy for Return & Birthday Gifts	1	CCX1	SELLABLE	UNDELIVERABLE_REFUSED	LPNCCX1B3814299	
2026-05-15T11:53:16+00:00	407-0681705-1759551	1030478	B09PYRTM4X	X001HYK0PL	Cubelelo Drift 3x3 Jelly Edition Speedcube Magic Cube Puzzle	1	BOM4	SELLABLE	DEFECTIVE	LPNBOM4N40182690	
2026-05-15T11:52:20+00:00	407-5630145-3989969	1030604	B0DRVQVFJB	X0027JJHDB	Cubelelo Drift 3M v3 3x3 Magnetic Speedcube (Standard) | Latest Version with New & Improved Internal Structure for Smooth Turns & Stability | Cube Toy for 6-10 Years Old Boys Girls Adults	1	BOM4	SELLABLE	UNDELIVERABLE_REFUSED	LPNBOM4N40061443	
2026-05-15T11:42:40+00:00	171-8871382-6281139	1630222	B0GH18NXXG	X002HPDYRF	Cubelelo Drift Magnetic Tangram Puzzle | with Strong Magnets, Wooden Pieces & Bold Colors | Toys for 5-10 Years Old Boys Girls & Adults | Travel Friendly, Educational Toy for Return & Birthday Gifts	1	DEL2	SELLABLE	UNDELIVERABLE_UNKNOWN	LPNDEL2R83893535	
2026-05-15T11:41:47+00:00	407-2405633-9497937	1030604	B0DRVQVFJB	X0027JJHDB	Cubelelo Drift 3M v3 3x3 Magnetic Speedcube (Standard) | Latest Version with New & Improved Internal Structure for Smooth Turns & Stability | Cube Toy for 6-10 Years Old Boys Girls Adults	1	DEL2	SELLABLE	SWITCHEROO	LPNDEL2R83096437	Different product is delivered
2026-05-15T11:40:39+00:00	403-0132476-8137958	1120034	B08998HB2Y	X0016NVO3P	Cubelelo Drift Mirror Blue Magic Cube Brainstorming Stressbuster Speedcube Puzzle	1	DEL2	SELLABLE	UNDELIVERABLE_REFUSED	LPNDEL2R83851144	
2026-05-15T11:26:44+00:00	171-6441840-5467563	1030300_EAN	B0FBMGT6V7	X002C88WLZ	Cubelelo Drift Explorer 3x3 Speed Cube | Best Starter Speedcube for Beginners | Perfect Brain Teaser for Kids Ages 4 to14 Years Old & Above Boys Girls Children | Smooth Turning Puzzle Toy for Adults	1	ATX1	SELLABLE	UNDELIVERABLE_UNKNOWN	LPNATX1A2981031	
2026-05-15T11:14:09+00:00	405-6561033-0393954	1630223	B0GN1TJ7F4	X002IIXAZ7	Cubelelo Drift Clang! | 2-4 Players Classic Magnetic Attraction Strategy Game | Features 24 Magnets & Adjustable Rope | Fun Gifting Toy for Family, Teens & Adults | Compact and Travel Friendly	1	BOM4	SELLABLE	UNDELIVERABLE_REFUSED	LPNBOM4N40268286	
2026-05-15T11:14:06+00:00	406-5881887-7085914	1020200	B08LBJ3P8L	X0019BU39P	Cubelelo Drift 2x2 Stickerless Cube | Beginner Speedcube for Kids Boys Girls Above 3 4 5 6 Years Old & Above | Magic Puzzle Toy | Durable & Smooth Cube with Anti-Pop Design 2x2x2	1	BOM4	SELLABLE	UNDELIVERABLE_REFUSED	LPNBOM4N40121283	
2026-05-15T10:32:46+00:00	403-5577304-4141139	1030300_EAN	B0FBMGT6V7	X002C88WLZ	Cubelelo Drift Explorer 3x3 Speed Cube | Best Starter Speedcube for Beginners | Perfect Brain Teaser for Kids Ages 4 to14 Years Old & Above Boys Girls Children | Smooth Turning Puzzle Toy for Adults	1	DEL2	SELLABLE	QUALITY_UNACCEPTABLE	LPNDEL2R83739620	
2026-05-15T10:28:19+00:00	402-6550909-7010718	1460501	B08XK25RRF	X001VLOAKL	Cubelelo Drift 2x2 & 3x3 Cube Gift Box Combo | 2-in-1 Puzzle Toy Game Set for Children Kids & Adults Ages 4 5 6 & Above | Double the Challenge, Twice the Fun | Ultimate Value Saver Combo	1	CCX2	SELLABLE	SWITCHEROO	LPNCCX2B1575462	Wrong item was send
2026-05-15T10:25:15+00:00	404-3333406-3448348	1120034	B08998HB2Y	X0016NVO3P	Cubelelo Drift Mirror Blue Magic Cube Brainstorming Stressbuster Speedcube Puzzle	1	MAA4	SELLABLE	UNDELIVERABLE_REFUSED	LPNMAA4Z2375955	
2026-05-15T09:48:06+00:00	407-7675758-7115531	1030604	B0DRVQVFJB	X0027JJHDB	Cubelelo Drift 3M v3 3x3 Magnetic Speedcube (Standard) | Latest Version with New & Improved Internal Structure for Smooth Turns & Stability | Cube Toy for 6-10 Years Old Boys Girls Adults	1	DEL2	SELLABLE	UNDELIVERABLE_REFUSED	LPNDEL2R83147146	
2026-05-15T09:06:41+00:00	407-4460688-5843536	1030300_EAN	B0FBMGT6V7	X002C88WLZ	Cubelelo Drift Explorer 3x3 Speed Cube | Best Starter Speedcube for Beginners | Perfect Brain Teaser for Kids Ages 4 to14 Years Old & Above Boys Girls Children | Smooth Turning Puzzle Toy for Adults	1	BLR5	SELLABLE	DEFECTIVE	LPNBLR5P6447361	
2026-05-15T08:56:48+00:00	407-4174446-1915527	1290300	B0DB6311DK	X00239RFKR	Cubelelo Drift Megaminx v2 Cube (New Improved Version) | 12-Sided Fun and Challenging Puzzle with Ridge Design | Smooth Turning Dodecahedron | Perfect for Speed-Cubing | Ideal for Kids & Adults	1	BOM4	CARRIER_DAMAGED	UNDELIVERABLE_UNKNOWN	LPNBOM4N40115321	
2026-05-15T08:37:51+00:00	406-6967713-3891522	1030651	B0DJQWJFSX	X0025EZ04D	Cubelelo Drift 3M Plus v2 3x3 (Magnetic) (New Upgraded Version) | Based on MoYu RS3M v5 | Dual-Adjustment System | Speedcube for Kids & Adults | Magic Speedy Stress Buster Brainstorming Puzzle	1	CCX1	SELLABLE	UNDELIVERABLE_UNKNOWN	LPNCCX1B3748683	
2026-05-15T07:40:49+00:00	404-3066139-3127564	1120100	B08LBGYZ51	X0019BU32H	Cubelelo Drift 3x3 Mirror (Silver) Magic Speed Cube | Shape Shifter Speedcube with Durable Stickers | Advanced 3x3x3 Puzzle Toy for Kids Ages 7-14 Boys Girls & Adults | Collector's Item	1	DEL2	SELLABLE	ORDERED_WRONG_ITEM	LPNDEL2R80841470	
2026-05-15T07:15:57+00:00	407-2395034-3688301	1030604	B0DRVQVFJB	X0027JJHDB	Cubelelo Drift 3M v3 3x3 Magnetic Speedcube (Standard) | Latest Version with New & Improved Internal Structure for Smooth Turns & Stability | Cube Toy for 6-10 Years Old Boys Girls Adults	1	DEL2	SELLABLE	SWITCHEROO	LPNDEL2R83591095	
2026-05-15T07:13:09+00:00	406-6207375-3628343	1460553	B0BYVHGR5H	X001WPZI9N	Cubelelo Drift 2x2, 3x3 & Pyraminx Cube Combo (Stickerless) | Ideal for Kids Above 3 4 5 6 Years Old Boys Girls | 3 in 1 Speedcube Gift Set | High Speed Puzzle 3x3x3 2x2x2 Pyramid Triangle	1	DEL2	SELLABLE	UNDELIVERABLE_REFUSED	LPNDEL2R83147006	
2026-05-15T06:20:59+00:00	407-6598050-4028344	1630210	B09HH8CC7Y	X00262W227	Cubelelo Drift Number Sliding Magnetic Puzzle 4x4 | Toys For 6-10 Years Old Boys & Girls | 15-Blocks Brain Teaser Puzzle Game for Kids | Educational, Learning, Activity Toy for Return & Birthday Gifts	1	BLR5	SELLABLE	UNDELIVERABLE_REFUSED	LPNBLR5P3889622	
2026-05-15T06:02:41+00:00	408-4155936-5117946	1030300_EAN	B0FBMGT6V7	X002C88WLZ	Cubelelo Drift Explorer 3x3 Speed Cube | Best Starter Speedcube for Beginners | Perfect Brain Teaser for Kids Ages 4 to14 Years Old & Above Boys Girls Children | Smooth Turning Puzzle Toy for Adults	1	DEL2	SELLABLE	UNDELIVERABLE_REFUSED	LPNDEL2R83943314	
2026-05-15T06:00:11+00:00	405-4480812-5604306	TB02002b	B0GMX4TCBD	X002IHXVEX	TinkerBox Double Spinning Drum | 4+ Months | Montessori Wooden Rotating Sensory Toy for Toddlers | Tummy Time Baby Toy | Motor Skills Development | Non-Toxic Educational Safe & Durable Wooden Drum	1	BOM4	SELLABLE	DAMAGED_BY_FC	LPNBOM4N40077232	One side of the drum is dislocated. Scratch marks all over the product, very poor finishing.
2026-05-15T05:59:24+00:00	407-5876231-3312340	1030652	B0DJR1FJ3M	X0025FFJUH	Cubelelo Drift 3M Plus v2 3x3 (MagLev) Speedcube (New Upgraded Version) | Ultra-Smooth Magnetic Leviation for Fast Solves | Perfect Brain-Teasing Puzzle for Kids & Adults	1	CCX2	SELLABLE	SWITCHEROO	LPNCCX2A8402865	I ordered a Maglev cube but I received a different non-Maglev, unbranded cube. The outerbox is correct, but the item inside is different and appears used with scratches, a spring compressor is missing
2026-05-15T05:57:30+00:00	406-8178676-5223569	1040400	B0FL7TDJLF	X002DFU80F	Cubelelo Drift 4x4 Stickerless Cube Puzzle Toy | Combines Smoothness, Stability & Durability | 4x4x4 Speedcube for Beginners| Suitable for Kids Ages 6 to 14 Years Old, Boys, Girls & Adults	1	BLR5	DEFECTIVE	DAMAGED_BY_FC	LPNBLR5P4045506	Damaged only at one place of corner
2026-05-15T05:54:22+00:00	407-1005110-3784304	1630210	B09HH8CC7Y	X00262W227	Cubelelo Drift Number Sliding Magnetic Puzzle 4x4 | Toys For 6-10 Years Old Boys & Girls | 15-Blocks Brain Teaser Puzzle Game for Kids | Educational, Learning, Activity Toy for Return & Birthday Gifts	1	BLR5	SELLABLE	UNDELIVERABLE_REFUSED	LPNBLR5P4004484	
2026-05-15T05:11:37+00:00	406-0852621-4785105	1460501	B08XK25RRF	X001VLOAKL	Cubelelo Drift 2x2 & 3x3 Cube Gift Box Combo | 2-in-1 Puzzle Toy Game Set for Children Kids & Adults Ages 4 5 6 & Above | Double the Challenge, Twice the Fun | Ultimate Value Saver Combo	1	HYD8	SELLABLE	UNDELIVERABLE_REFUSED	LPNHYD8EC23660	
2026-05-15T05:07:10+00:00	403-1878722-8947555	1030651	B0DJQWJFSX	X0025EZ04D	Cubelelo Drift 3M Plus v2 3x3 (Magnetic) (New Upgraded Version) | Based on MoYu RS3M v5 | Dual-Adjustment System | Speedcube for Kids & Adults | Magic Speedy Stress Buster Brainstorming Puzzle	1	DEL2	SELLABLE	MISSING_PARTS	LPNDEL2R83624287	adjustment tool is missing also quality of this product is up to the mark.
2026-05-15T03:59:15+00:00	402-3581647-8117925	1630210	B09HH8CC7Y	X00262W227	Cubelelo Drift Number Sliding Magnetic Puzzle 4x4 | Toys For 6-10 Years Old Boys & Girls | 15-Blocks Brain Teaser Puzzle Game for Kids | Educational, Learning, Activity Toy for Return & Birthday Gifts	1	BOM4	SELLABLE	UNDELIVERABLE_REFUSED	LPNBOM4N40299348	
2026-05-15T03:57:39+00:00	171-7348553-5719527	1030300_EAN	B0FBMGT6V7	X002C88WLZ	Cubelelo Drift Explorer 3x3 Speed Cube | Best Starter Speedcube for Beginners | Perfect Brain Teaser for Kids Ages 4 to14 Years Old & Above Boys Girls Children | Smooth Turning Puzzle Toy for Adults	1	MAA4	SELLABLE	UNDELIVERABLE_UNKNOWN	LPNMAA4Z2247850	
2026-05-15T03:56:42+00:00	404-7455989-0398732	1630210	B09HH8CC7Y	X00262W227	Cubelelo Drift Number Sliding Magnetic Puzzle 4x4 | Toys For 6-10 Years Old Boys & Girls | 15-Blocks Brain Teaser Puzzle Game for Kids | Educational, Learning, Activity Toy for Return & Birthday Gifts	1	BLR5	SELLABLE	UNDELIVERABLE_REFUSED	LPNBLR5P4430529	
2026-05-15T03:49:24+00:00	171-9116522-1648322	1050200	B09K7QTCXP	X001GM0XER	Cubelelo Drift 5x5 Stickerless Speed Cube | AKA Professor's Cube Magic Puzzle for Kids & Adults | Smooth and Durable Speedy Brainstorming Puzzle| Ultimate Stress Buster and Mind Challenge	1	BLR5	SELLABLE	SWITCHEROO	LPNBLR5P5500275	Ordered 5×5 But received 4×4
2026-05-14T22:01:52+00:00	404-5868514-0420364	1630210	B09HH8CC7Y	X00262W227	Cubelelo Drift Number Sliding Magnetic Puzzle 4x4 | Toys For 6-10 Years Old Boys & Girls | 15-Blocks Brain Teaser Puzzle Game for Kids | Educational, Learning, Activity Toy for Return & Birthday Gifts	1	BLR5	SELLABLE	UNDELIVERABLE_UNKNOWN	LPNBLR5P5601319	
2026-05-14T21:36:49+00:00	407-3403700-4571510	1630222	B0GH18NXXG	X002HPDYRF	Cubelelo Drift Magnetic Tangram Puzzle | with Strong Magnets, Wooden Pieces & Bold Colors | Toys for 5-10 Years Old Boys Girls & Adults | Travel Friendly, Educational Toy for Return & Birthday Gifts	1	BLR5	SELLABLE	UNDELIVERABLE_UNKNOWN	LPNBLR5P6265284	
2026-05-14T21:22:42+00:00	407-8452638-8422751	1460553	B0BYVHGR5H	X001WPZI9N	Cubelelo Drift 2x2, 3x3 & Pyraminx Cube Combo (Stickerless) | Ideal for Kids Above 3 4 5 6 Years Old Boys Girls | 3 in 1 Speedcube Gift Set | High Speed Puzzle 3x3x3 2x2x2 Pyramid Triangle	1	BLR5	SELLABLE	UNDELIVERABLE_REFUSED	LPNBLR5P6359147	
2026-05-14T17:13:41+00:00	406-6980098-7305101	1280100a	B09QYW9DYC	X001LHLHUV	Cubelelo Drift Pyraminx Puzzle Speedcube | Beginner Starter Cube for Kids 3+ Year Old & Above | Triangle Pyramid Shape Stickerless 3x3 Cubes Toy | Ideal for Boys Girls Children 4 5 6+ Years & Adults	1	BLR5	SELLABLE	UNDELIVERABLE_REFUSED	LPNBLR5P4754683	
2026-05-14T16:23:30+00:00	171-0381577-8530708	1030300_EAN	B0FBMGT6V7	X002C88WLZ	Cubelelo Drift Explorer 3x3 Speed Cube | Best Starter Speedcube for Beginners | Perfect Brain Teaser for Kids Ages 4 to14 Years Old & Above Boys Girls Children | Smooth Turning Puzzle Toy for Adults	1	BLR5	SELLABLE	DEFECTIVE	LPNBLR5P4754601	
2026-05-14T15:05:07+00:00	406-1341542-4963564	1460553	B0BYVHGR5H	X001WPZI9N	Cubelelo Drift 2x2, 3x3 & Pyraminx Cube Combo (Stickerless) | Ideal for Kids Above 3 4 5 6 Years Old Boys Girls | 3 in 1 Speedcube Gift Set | High Speed Puzzle 3x3x3 2x2x2 Pyramid Triangle	1	BLR5	SELLABLE	UNDELIVERABLE_REFUSED	LPNBLR5P6190261	
2026-05-14T14:34:51+00:00	171-5399292-8171557	1030300_EAN	B0FBMGT6V7	X002C88WLZ	Cubelelo Drift Explorer 3x3 Speed Cube | Best Starter Speedcube for Beginners | Perfect Brain Teaser for Kids Ages 4 to14 Years Old & Above Boys Girls Children | Smooth Turning Puzzle Toy for Adults	1	BOM4	SELLABLE	UNDELIVERABLE_REFUSED	LPNBOM4N40179925	
2026-05-14T13:57:11+00:00	408-0194111-9148332	1030604	B0DRVQVFJB	X0027JJHDB	Cubelelo Drift 3M v3 3x3 Magnetic Speedcube (Standard) | Latest Version with New & Improved Internal Structure for Smooth Turns & Stability | Cube Toy for 6-10 Years Old Boys Girls Adults	1	BLR5	SELLABLE	UNDELIVERABLE_REFUSED	LPNBLR5P6206583	
2026-05-14T12:16:05+00:00	406-2295999-7112360	1310036_EAN	B0BV276B7T	X001PWQJFP	Cubelelo Magic Snake Rainbow Puzzle Cube (72 Wedges) | Twist and Turn Shape Creation Fun Game for Kids Boys Girls and Adults | Multicolor Brain Teaser Stress Buster Toy | for Ages 3 Years and Above	1	BOM4	SELLABLE	UNDELIVERABLE_REFUSED	LPNBOM4N40319587	
2026-05-14T11:32:41+00:00	408-2295339-5502735	1030604	B0DRVQVFJB	X0027JJHDB	Cubelelo Drift 3M v3 3x3 Magnetic Speedcube (Standard) | Latest Version with New & Improved Internal Structure for Smooth Turns & Stability | Cube Toy for 6-10 Years Old Boys Girls Adults	1	BOM4	SELLABLE	UNDELIVERABLE_UNKNOWN	LPNBOM4N40325698	
2026-05-14T11:09:49+00:00	404-8970368-3823565	1030300_EAN	B0FBMGT6V7	X002C88WLZ	Cubelelo Drift Explorer 3x3 Speed Cube | Best Starter Speedcube for Beginners | Perfect Brain Teaser for Kids Ages 4 to14 Years Old & Above Boys Girls Children | Smooth Turning Puzzle Toy for Adults	1	BLR5	SELLABLE	UNDELIVERABLE_UNKNOWN	LPNBLR5P6343084	
2026-05-14T10:37:46+00:00	408-4985414-6439563	1030651	B0DJQWJFSX	X0025EZ04D	Cubelelo Drift 3M Plus v2 3x3 (Magnetic) (New Upgraded Version) | Based on MoYu RS3M v5 | Dual-Adjustment System | Speedcube for Kids & Adults | Magic Speedy Stress Buster Brainstorming Puzzle	1	DEL2	SELLABLE	UNDELIVERABLE_REFUSED	LPNDEL2R83754656	
2026-05-14T09:59:48+00:00	407-1537070-0681150	1290300	B0DB6311DK	X00239RFKR	Cubelelo Drift Megaminx v2 Cube (New Improved Version) | 12-Sided Fun and Challenging Puzzle with Ridge Design | Smooth Turning Dodecahedron | Perfect for Speed-Cubing | Ideal for Kids & Adults	1	BLR5	CARRIER_DAMAGED	NOT_AS_DESCRIBED	LPNBLR5P3269600	
2026-05-14T09:47:23+00:00	406-3974713-3585907	1030300_EAN	B0FBMGT6V7	X002C88WLZ	Cubelelo Drift Explorer 3x3 Speed Cube | Best Starter Speedcube for Beginners | Perfect Brain Teaser for Kids Ages 4 to14 Years Old & Above Boys Girls Children | Smooth Turning Puzzle Toy for Adults	1	HYD8	SELLABLE	UNDELIVERABLE_REFUSED	LPNHYD8EA54946	
2026-05-14T09:45:16+00:00	404-6125586-5392305	1460501	B08XK25RRF	X001VLOAKL	Cubelelo Drift 2x2 & 3x3 Cube Gift Box Combo | 2-in-1 Puzzle Toy Game Set for Children Kids & Adults Ages 4 5 6 & Above | Double the Challenge, Twice the Fun | Ultimate Value Saver Combo	1	CCX2	SELLABLE	SWITCHEROO	LPNCCX2B1569307	
2026-05-14T09:11:44+00:00	406-5937488-5967563	1030300_EAN	B0FBMGT6V7	X002C88WLZ	Cubelelo Drift Explorer 3x3 Speed Cube | Best Starter Speedcube for Beginners | Perfect Brain Teaser for Kids Ages 4 to14 Years Old & Above Boys Girls Children | Smooth Turning Puzzle Toy for Adults	1	BLR5	SELLABLE	UNDELIVERABLE_REFUSED	LPNBLR5P6358373	
2026-05-14T08:58:20+00:00	407-6806353-0056349	1030604	B0DRVQVFJB	X0027JJHDB	Cubelelo Drift 3M v3 3x3 Magnetic Speedcube (Standard) | Latest Version with New & Improved Internal Structure for Smooth Turns & Stability | Cube Toy for 6-10 Years Old Boys Girls Adults	1	BLR5	SELLABLE	UNDELIVERABLE_REFUSED	LPNBLR5P5421855	
2026-05-14T08:22:57+00:00	402-8837058-0774748	1030300_EAN	B0FBMGT6V7	X002C88WLZ	Cubelelo Drift Explorer 3x3 Speed Cube | Best Starter Speedcube for Beginners | Perfect Brain Teaser for Kids Ages 4 to14 Years Old & Above Boys Girls Children | Smooth Turning Puzzle Toy for Adults	1	BLR5	SELLABLE	UNDELIVERABLE_REFUSED	LPNBLR5P4904904	
2026-05-14T07:52:50+00:00	408-4962543-7540365	1630210	B09HH8CC7Y	X00262W227	Cubelelo Drift Number Sliding Magnetic Puzzle 4x4 | Toys For 6-10 Years Old Boys & Girls | 15-Blocks Brain Teaser Puzzle Game for Kids | Educational, Learning, Activity Toy for Return & Birthday Gifts	1	BOM7	SELLABLE	UNDELIVERABLE_REFUSED	LPNBOM7D20037996	
2026-05-14T07:44:42+00:00	405-3929126-3425107	1020200	B08LBJ3P8L	X0019BU39P	Cubelelo Drift 2x2 Stickerless Cube | Beginner Speedcube for Kids Boys Girls Above 3 4 5 6 Years Old & Above | Magic Puzzle Toy | Durable & Smooth Cube with Anti-Pop Design 2x2x2	1	CCX1	SELLABLE	UNDELIVERABLE_REFUSED	LPNCCX1B3877777	
2026-05-14T07:40:19+00:00	406-9357733-9409143	1630210	B09HH8CC7Y	X00262W227	Cubelelo Drift Number Sliding Magnetic Puzzle 4x4 | Toys For 6-10 Years Old Boys & Girls | 15-Blocks Brain Teaser Puzzle Game for Kids | Educational, Learning, Activity Toy for Return & Birthday Gifts	1	BLR5	SELLABLE	UNDELIVERABLE_REFUSED	LPNBLR5P5817288	
2026-05-14T07:29:05+00:00	405-8400058-0658738	1280100a	B09QYW9DYC	X001LHLHUV	Cubelelo Drift Pyraminx Puzzle Speedcube | Beginner Starter Cube for Kids 3+ Year Old & Above | Triangle Pyramid Shape Stickerless 3x3 Cubes Toy | Ideal for Boys Girls Children 4 5 6+ Years & Adults	1	BOM4	DEFECTIVE	DAMAGED_BY_CARRIER	LPNBOM4N40319335	the cube was broken missing a piece and box was badly damaged and cube was not very smooth looking used.
2026-05-14T06:53:52+00:00	405-5286352-4270753	1630300_EAN	B0C55MW9WL	X001S3KHTZ	Cubelelo Drift Column 3x3 Stickerless Speedcube Puzzle | Unique Cylindrical Speed Cube | Ultimate Stress Buster & Brainstorming Challenge for Kids & Adults | Smooth, Fast Puzzle for All Skill Levels	1	BLR5	SELLABLE	UNDELIVERABLE_REFUSED	LPNBLR5P5290885	
2026-05-14T06:27:08+00:00	404-1202176-3077939	1630210	B09HH8CC7Y	X00262W227	Cubelelo Drift Number Sliding Magnetic Puzzle 4x4 | Toys For 6-10 Years Old Boys & Girls | 15-Blocks Brain Teaser Puzzle Game for Kids | Educational, Learning, Activity Toy for Return & Birthday Gifts	1	DEL4	SELLABLE	UNDELIVERABLE_UNKNOWN	LPNDEL4AA3885592	
2026-05-14T06:22:36+00:00	403-6136871-5079552	1030400	B07XPNC385	X0012WM1NR	Cubelelo Drift 3x3 Black Speedcube | Beginner Cube for Kids & Adults | Magic Speed Stress Buster Brainstorming Puzzle (Multicolor) | Anti-Pop Technology | Smooth Turning | Durable	1	BLR5	SELLABLE	UNDELIVERABLE_REFUSED	LPNBLR5P5931282	
2026-05-14T06:22:07+00:00	408-1789649-1883543	4001044	B0CVDDHZMR	X001YJP3KB	Cubelelo Drift Weekday Calendar Puzzle | Fun & Educational 7-Day Calendar Puzzle for All Ages | Enhance Cognitive Skills & Time Management Kids, Adults	1	DEL2	SELLABLE	UNDELIVERABLE_REFUSED	LPNDEL2R83109599	
2026-05-14T05:39:55+00:00	404-3049785-6548365	1030604	B0DRVQVFJB	X0027JJHDB	Cubelelo Drift 3M v3 3x3 Magnetic Speedcube (Standard) | Latest Version with New & Improved Internal Structure for Smooth Turns & Stability | Cube Toy for 6-10 Years Old Boys Girls Adults	1	DEL2	SELLABLE	MISSING_PARTS	LPNDEL2R83802572	Sd
2026-05-14T05:20:20+00:00	403-9354957-3715568	1630210	B09HH8CC7Y	X00262W227	Cubelelo Drift Number Sliding Magnetic Puzzle 4x4 | Toys For 6-10 Years Old Boys & Girls | 15-Blocks Brain Teaser Puzzle Game for Kids | Educational, Learning, Activity Toy for Return & Birthday Gifts	1	BLR5	SELLABLE	UNDELIVERABLE_UNKNOWN	LPNBLR5P6358114	
2026-05-14T05:19:21+00:00	407-3956891-2660347	1630210	B09HH8CC7Y	X00262W227	Cubelelo Drift Number Sliding Magnetic Puzzle 4x4 | Toys For 6-10 Years Old Boys & Girls | 15-Blocks Brain Teaser Puzzle Game for Kids | Educational, Learning, Activity Toy for Return & Birthday Gifts	1	BLR5	SELLABLE	UNDELIVERABLE_REFUSED	LPNBLR5P6375499	
2026-05-14T05:10:19+00:00	407-4271430-4397967	CLB0214	B0CW1R5ZBW	X001YQVCLD	Cubelelo Drift Infinity Cube Combo (Pack of 2 - Blue & Green) | Stress Relief Fidget Toy for Focus & Anxiety Reduction | Portable Pocket-Sized Desk Gadget for All Age	1	DEL2	SELLABLE	UNDELIVERABLE_REFUSED	LPNDEL2R83754396	
2026-05-14T05:10:19+00:00	407-4271430-4397967	CLB0214	B0CW1R5ZBW	X001YQVCLD	Cubelelo Drift Infinity Cube Combo (Pack of 2 - Blue & Green) | Stress Relief Fidget Toy for Focus & Anxiety Reduction | Portable Pocket-Sized Desk Gadget for All Age	1	DEL2	SELLABLE	UNDELIVERABLE_REFUSED	LPNDEL2R83754395	
2026-05-14T05:10:19+00:00	407-4271430-4397967	CLB0214	B0CW1R5ZBW	X001YQVCLD	Cubelelo Drift Infinity Cube Combo (Pack of 2 - Blue & Green) | Stress Relief Fidget Toy for Focus & Anxiety Reduction | Portable Pocket-Sized Desk Gadget for All Age	1	DEL2	SELLABLE	UNDELIVERABLE_REFUSED	LPNDEL2R83754394	
2026-05-14T05:10:03+00:00	407-8214799-8949109	1040400	B0FL7TDJLF	X002DFU80F	Cubelelo Drift 4x4 Stickerless Cube Puzzle Toy | Combines Smoothness, Stability & Durability | 4x4x4 Speedcube for Beginners| Suitable for Kids Ages 6 to 14 Years Old, Boys, Girls & Adults	1	BOM4	SELLABLE	UNDELIVERABLE_REFUSED	LPNBOM4N40337777	
2026-05-14T04:56:08+00:00	408-9848604-3559511	1460501	B08XK25RRF	X001VLOAKL	Cubelelo Drift 2x2 & 3x3 Cube Gift Box Combo | 2-in-1 Puzzle Toy Game Set for Children Kids & Adults Ages 4 5 6 & Above | Double the Challenge, Twice the Fun | Ultimate Value Saver Combo	1	BOM4	SELLABLE	DEFECTIVE	LPNBOM4N40322793	
2026-05-14T04:53:25+00:00	408-9170854-5598713	1030651	B0DJQWJFSX	X0025EZ04D	Cubelelo Drift 3M Plus v2 3x3 (Magnetic) (New Upgraded Version) | Based on MoYu RS3M v5 | Dual-Adjustment System | Speedcube for Kids & Adults | Magic Speedy Stress Buster Brainstorming Puzzle	1	DEL2	SELLABLE	UNDELIVERABLE_REFUSED	LPNDEL2R83313273	
2026-05-14T04:32:22+00:00	407-3547424-9975513	1040300	B09HH8XQ14	X001G4QY25	Cubelelo Drift 4x4 (Black) Speedcube | Challenging Brain Teaser Puzzle Toy for Kids 7-14 Years Old Boys Girls & Adults All Ages | Fast Speed Cube for Intermediate and Advanced Cubers	1	BLR5	CUSTOMER_DAMAGED	SWITCHEROO	LPNBLR5P3269252	
2026-05-14T04:24:34+00:00	405-9746564-3767543	1030800_EAN	B0BRXKFQWS	X001P8BZA3	Cubelelo Drift 3M Plus v2 3x3 (MagLev) Magnetic Speedcube (New Version) | Cube for Kids Boys Girls Children Ages 4 5 6 7 8 & Above | Premium 3x3x3 for Speedcubing with Excellent Performance	1	CCX2	SELLABLE	UNDELIVERABLE_REFUSED	LPNCCX2A8470363	
2026-05-14T03:55:27+00:00	405-5286844-1765129	1460553	B0BYVHGR5H	X001WPZI9N	Cubelelo Drift 2x2, 3x3 & Pyraminx Cube Combo (Stickerless) | Ideal for Kids Above 3 4 5 6 Years Old Boys Girls | 3 in 1 Speedcube Gift Set | High Speed Puzzle 3x3x3 2x2x2 Pyramid Triangle	1	BLR5	SELLABLE	UNDELIVERABLE_REFUSED	LPNBLR5P6378059	
2026-05-14T03:26:50+00:00	405-8706723-1612309	1120100	B08LBGYZ51	X0019BU32H	Cubelelo Drift 3x3 Mirror (Silver) Magic Speed Cube | Shape Shifter Speedcube with Durable Stickers | Advanced 3x3x3 Puzzle Toy for Kids Ages 7-14 Boys Girls & Adults | Collector's Item	1	BLR5	SELLABLE	UNDELIVERABLE_REFUSED	LPNBLR5P6342598	
2026-05-14T03:26:50+00:00	405-6894840-2641119	1460553	B0BYVHGR5H	X001WPZI9N	Cubelelo Drift 2x2, 3x3 & Pyraminx Cube Combo (Stickerless) | Ideal for Kids Above 3 4 5 6 Years Old Boys Girls | 3 in 1 Speedcube Gift Set | High Speed Puzzle 3x3x3 2x2x2 Pyramid Triangle	1	BLR5	SELLABLE	UNDELIVERABLE_REFUSED	LPNBLR5P6342599	
2026-05-14T03:16:19+00:00	406-3929888-4681111	1630210	B09HH8CC7Y	X00262W227	Cubelelo Drift Number Sliding Magnetic Puzzle 4x4 | Toys For 6-10 Years Old Boys & Girls | 15-Blocks Brain Teaser Puzzle Game for Kids | Educational, Learning, Activity Toy for Return & Birthday Gifts	1	DEL2	SELLABLE	UNDELIVERABLE_REFUSED	LPNDEL2R83794231	
2026-05-13T22:58:03+00:00	404-9555974-4989959	1460501	B08XK25RRF	X001VLOAKL	Cubelelo Drift 2x2 & 3x3 Cube Gift Box Combo | 2-in-1 Puzzle Toy Game Set for Children Kids & Adults Ages 4 5 6 & Above | Double the Challenge, Twice the Fun | Ultimate Value Saver Combo	1	BLR5	SELLABLE	UNDELIVERABLE_REFUSED	LPNBLR5P6357937	
2026-05-13T22:11:59+00:00	171-1990357-7512367	1460580	B079WVQD89	X002345VBR	Cubelelo Drift 4x4 with Cube Lubricant and Stand Combo | High-Performance Speed Cube | Adjustable Tension & Smooth Turning | Durable & Reliable | Ideal for All Ages	1	BLR5	SELLABLE	UNDELIVERABLE_UNKNOWN	LPNBLR5P4931087	
2026-05-13T17:59:30+00:00	404-2407733-9961137	1030300_EAN	B0FBMGT6V7	X002C88WLZ	Cubelelo Drift Explorer 3x3 Speed Cube | Best Starter Speedcube for Beginners | Perfect Brain Teaser for Kids Ages 4 to14 Years Old & Above Boys Girls Children | Smooth Turning Puzzle Toy for Adults	1	BLR5	SELLABLE	UNDELIVERABLE_REFUSED	LPNBLR5P4943146	
2026-05-13T17:34:56+00:00	407-5739816-7658713	1020200	B08LBJ3P8L	X0019BU39P	Cubelelo Drift 2x2 Stickerless Cube | Beginner Speedcube for Kids Boys Girls Above 3 4 5 6 Years Old & Above | Magic Puzzle Toy | Durable & Smooth Cube with Anti-Pop Design 2x2x2	1	BLR5	SELLABLE	SWITCHEROO	LPNBLR5P6354327	
2026-05-13T17:15:01+00:00	171-1553831-9024357	1030651	B0DJQWJFSX	X0025EZ04D	Cubelelo Drift 3M Plus v2 3x3 (Magnetic) (New Upgraded Version) | Based on MoYu RS3M v5 | Dual-Adjustment System | Speedcube for Kids & Adults | Magic Speedy Stress Buster Brainstorming Puzzle	1	BLR5	SELLABLE	UNDELIVERABLE_REFUSED	LPNBLR5P4982723	
2026-05-13T16:44:16+00:00	405-1283583-3212359	1030300_EAN	B0FBMGT6V7	X002C88WLZ	Cubelelo Drift Explorer 3x3 Speed Cube | Best Starter Speedcube for Beginners | Perfect Brain Teaser for Kids Ages 4 to14 Years Old & Above Boys Girls Children | Smooth Turning Puzzle Toy for Adults	1	BLR5	SELLABLE	UNDELIVERABLE_REFUSED	LPNBLR5P2360740	
2026-05-13T15:15:13+00:00	406-2468060-1497928	1030604	B0DRVQVFJB	X0027JJHDB	Cubelelo Drift 3M v3 3x3 Magnetic Speedcube (Standard) | Latest Version with New & Improved Internal Structure for Smooth Turns & Stability | Cube Toy for 6-10 Years Old Boys Girls Adults	1	BLR5	SELLABLE	DAMAGED_BY_FC	LPNBLR5P6354163	Used cube not majed the amount
2026-05-13T14:23:37+00:00	402-9752293-9939565	1630210	B09HH8CC7Y	X00262W227	Cubelelo Drift Number Sliding Magnetic Puzzle 4x4 | Toys For 6-10 Years Old Boys & Girls | 15-Blocks Brain Teaser Puzzle Game for Kids | Educational, Learning, Activity Toy for Return & Birthday Gifts	1	BLR5	SELLABLE	UNDELIVERABLE_REFUSED	LPNBLR5P2432664	
2026-05-13T12:52:05+00:00	408-6356812-2297157	1120100	B08LBGYZ51	X0019BU32H	Cubelelo Drift 3x3 Mirror (Silver) Magic Speed Cube | Shape Shifter Speedcube with Durable Stickers | Advanced 3x3x3 Puzzle Toy for Kids Ages 7-14 Boys Girls & Adults | Collector's Item	1	BLR5	SELLABLE	UNDELIVERABLE_UNKNOWN	LPNBLR5P4936021	
2026-05-13T12:36:23+00:00	405-5349733-6725108	1040400	B0FL7TDJLF	X002DFU80F	Cubelelo Drift 4x4 Stickerless Cube Puzzle Toy | Combines Smoothness, Stability & Durability | 4x4x4 Speedcube for Beginners| Suitable for Kids Ages 6 to 14 Years Old, Boys, Girls & Adults	1	CCX2	SELLABLE	UNDELIVERABLE_REFUSED	LPNCCX2B1209048	
2026-05-13T12:28:35+00:00	407-7910824-9661108	1630210	B09HH8CC7Y	X00262W227	Cubelelo Drift Number Sliding Magnetic Puzzle 4x4 | Toys For 6-10 Years Old Boys & Girls | 15-Blocks Brain Teaser Puzzle Game for Kids | Educational, Learning, Activity Toy for Return & Birthday Gifts	1	BLR5	SELLABLE	UNDELIVERABLE_REFUSED	LPNBLR5P3695426	
2026-05-13T12:25:32+00:00	407-0498206-1447556	1030604	B0DRVQVFJB	X0027JJHDB	Cubelelo Drift 3M v3 3x3 Magnetic Speedcube (Standard) | Latest Version with New & Improved Internal Structure for Smooth Turns & Stability | Cube Toy for 6-10 Years Old Boys Girls Adults	1	DEL2	SELLABLE	UNDELIVERABLE_REFUSED	LPNDEL2R83146105	
2026-05-13T12:01:10+00:00	405-5653339-6248313	1030400	B07XPNC385	X0012WM1NR	Cubelelo Drift 3x3 Black Speedcube | Beginner Cube for Kids & Adults | Magic Speed Stress Buster Brainstorming Puzzle (Multicolor) | Anti-Pop Technology | Smooth Turning | Durable	1	MAA4	SELLABLE	UNDELIVERABLE_REFUSED	LPNMAA4Z2266464	
2026-05-13T11:23:13+00:00	406-6527777-2955553	1030300_EAN	B0FBMGT6V7	X002C88WLZ	Cubelelo Drift Explorer 3x3 Speed Cube | Best Starter Speedcube for Beginners | Perfect Brain Teaser for Kids Ages 4 to14 Years Old & Above Boys Girls Children | Smooth Turning Puzzle Toy for Adults	1	DEL2	SELLABLE	DEFECTIVE	LPNDEL2R83708108	Product kharab hai  Product damage hai  Product ki quality acchi nahin Hai  Product ab nahin chahie
2026-05-13T11:22:14+00:00	171-9281622-0378740	1030604	B0DRVQVFJB	X0027JJHDB	Cubelelo Drift 3M v3 3x3 Magnetic Speedcube (Standard) | Latest Version with New & Improved Internal Structure for Smooth Turns & Stability | Cube Toy for 6-10 Years Old Boys Girls Adults	1	CCX2	SELLABLE	UNDELIVERABLE_REFUSED	LPNCCX2A8475877	
2026-05-13T11:10:30+00:00	405-6838114-6119536	1030604	B0DRVQVFJB	X0027JJHDB	Cubelelo Drift 3M v3 3x3 Magnetic Speedcube (Standard) | Latest Version with New & Improved Internal Structure for Smooth Turns & Stability | Cube Toy for 6-10 Years Old Boys Girls Adults	1	DEL2	SELLABLE	UNDELIVERABLE_REFUSED	LPNDEL2R80843756	
2026-05-13T10:43:37+00:00	171-8122113-9134764	1040400	B0FL7TDJLF	X002DFU80F	Cubelelo Drift 4x4 Stickerless Cube Puzzle Toy | Combines Smoothness, Stability & Durability | 4x4x4 Speedcube for Beginners| Suitable for Kids Ages 6 to 14 Years Old, Boys, Girls & Adults	1	BLR5	SELLABLE	UNDELIVERABLE_REFUSED	LPNBLR5P4897616	
2026-05-13T09:46:45+00:00	408-7143350-6233135	1460503	B08XK4V59M	X001VFXJDV	Cubelelo Drift 2x2, 3x3 & 4x4 Premium Gift Box | 3-in-1 Puzzle Game Set | Triple the Challenge, Thrice the Fun | Ultimate Value Saver Combo | Brainstoming Toy for Children Kids & Adults	1	DEL2	SELLABLE	DEFECTIVE	LPNDEL2R83950282	Product has multiple screch
2026-05-13T09:45:19+00:00	406-8412189-0033160	1030400	B07XPNC385	X0012WM1NR	Cubelelo Drift 3x3 Black Speedcube | Beginner Cube for Kids & Adults | Magic Speed Stress Buster Brainstorming Puzzle (Multicolor) | Anti-Pop Technology | Smooth Turning | Durable	1	DEL2	SELLABLE	DEFECTIVE	LPNDEL2R83115405	
2026-05-13T09:42:36+00:00	404-4050735-5710723	1120100	B08LBGYZ51	X0019BU32H	Cubelelo Drift 3x3 Mirror (Silver) Magic Speed Cube | Shape Shifter Speedcube with Durable Stickers | Advanced 3x3x3 Puzzle Toy for Kids Ages 7-14 Boys Girls & Adults | Collector's Item	1	BOM4	SELLABLE	UNDELIVERABLE_REFUSED	LPNBOM4N40271528	
2026-05-13T09:17:52+00:00	403-8891399-8440355	1460503	B08XK4V59M	X001VFXJDV	Cubelelo Drift 2x2, 3x3 & 4x4 Premium Gift Box | 3-in-1 Puzzle Game Set | Triple the Challenge, Thrice the Fun | Ultimate Value Saver Combo | Brainstoming Toy for Children Kids & Adults	1	BLR5	SELLABLE	UNDELIVERABLE_REFUSED	LPNBLR5P4955310	
2026-05-13T08:52:28+00:00	402-7316634-5518715	1030604	B0DRVQVFJB	X0027JJHDB	Cubelelo Drift 3M v3 3x3 Magnetic Speedcube (Standard) | Latest Version with New & Improved Internal Structure for Smooth Turns & Stability | Cube Toy for 6-10 Years Old Boys Girls Adults	1	BLR5	SELLABLE	UNDELIVERABLE_REFUSED	LPNBLR5P4930280	
2026-05-13T08:34:58+00:00	406-0910708-8992312	1460565	B089LJBSPQ	X0023ASIV1	Cubelelo Drift 2x2 Stickerless with Stand | High-Performance Speed Cube | Smooth Turning & Adjustable Tension | Durable & Reliable | Ideal for All Ages	1	CCX1	SELLABLE	UNDELIVERABLE_REFUSED	LPNCCX1B3786454	
2026-05-13T08:34:44+00:00	402-1713107-3893161	1030604	B0DRVQVFJB	X0027JJHDB	Cubelelo Drift 3M v3 3x3 Magnetic Speedcube (Standard) | Latest Version with New & Improved Internal Structure for Smooth Turns & Stability | Cube Toy for 6-10 Years Old Boys Girls Adults	1	DEL5	SELLABLE	UNDELIVERABLE_REFUSED	LPNDEL5S13800851	
2026-05-13T08:27:26+00:00	171-8833683-0801922	1030604	B0DRVQVFJB	X0027JJHDB	Cubelelo Drift 3M v3 3x3 Magnetic Speedcube (Standard) | Latest Version with New & Improved Internal Structure for Smooth Turns & Stability | Cube Toy for 6-10 Years Old Boys Girls Adults	1	DEL2	SELLABLE	UNDELIVERABLE_REFUSED	LPNDEL2R82191900	
2026-05-13T08:08:47+00:00	406-2765781-0263555	TB03001	B0FQVDNZ3K	X002EI0VUX	TinkerBox Object Permanence Box | 6+ Months | Montessori Wooden Toy for Babies & Toddlers | Early Learning Puzzle for Hand-Eye Coordination & Cause-and-Effect | Safe & Durable Baby Toy	1	DEL2	CUSTOMER_DAMAGED	QUALITY_UNACCEPTABLE	LPNDEL2R83888444	
2026-05-13T07:47:50+00:00	407-1143208-2691509	1460580	B079WVQD89	X002345VBR	Cubelelo Drift 4x4 with Cube Lubricant and Stand Combo | High-Performance Speed Cube | Adjustable Tension & Smooth Turning | Durable & Reliable | Ideal for All Ages	1	DEL2	SELLABLE	SWITCHEROO	LPNDEL2R83704285	Instead of 4×4 cube, received 2×2 cube
2026-05-13T07:45:43+00:00	404-9846654-2264310	1030604	B0DRVQVFJB	X0027JJHDB	Cubelelo Drift 3M v3 3x3 Magnetic Speedcube (Standard) | Latest Version with New & Improved Internal Structure for Smooth Turns & Stability | Cube Toy for 6-10 Years Old Boys Girls Adults	1	DEL2	SELLABLE	UNDELIVERABLE_REFUSED	LPNDEL2R82185384	
2026-05-13T07:24:53+00:00	406-2791755-9685141	1030300_EAN	B0FBMGT6V7	X002C88WLZ	Cubelelo Drift Explorer 3x3 Speed Cube | Best Starter Speedcube for Beginners | Perfect Brain Teaser for Kids Ages 4 to14 Years Old & Above Boys Girls Children | Smooth Turning Puzzle Toy for Adults	1	DEL2	SELLABLE	UNDELIVERABLE_REFUSED	LPNDEL2R83165469	
2026-05-13T07:12:34+00:00	406-0210953-7897952	1030300_EAN	B0FBMGT6V7	X002C88WLZ	Cubelelo Drift Explorer 3x3 Speed Cube | Best Starter Speedcube for Beginners | Perfect Brain Teaser for Kids Ages 4 to14 Years Old & Above Boys Girls Children | Smooth Turning Puzzle Toy for Adults	1	DEL2	SELLABLE	UNDELIVERABLE_REFUSED	LPNDEL2R83850212	
2026-05-13T06:53:22+00:00	404-3424495-0577901	1630202	B09B7PNSTV	X001ETHG47	Cubelelo Drift Infinity Cube (Blue) | Magic Puzzle Cool Mini Gadget for Stress and Anxiety Relief for Kids and Adults | Desk Finger Flip Toy for Fun and Game | for Ages 3 Years and Above	1	BLR5	CUSTOMER_DAMAGED	QUALITY_UNACCEPTABLE	LPNBLR5P6280923	
2026-05-13T06:50:45+00:00	407-1217573-2587541	1630202	B09B7PNSTV	X001ETHG47	Cubelelo Drift Infinity Cube (Blue) | Magic Puzzle Cool Mini Gadget for Stress and Anxiety Relief for Kids and Adults | Desk Finger Flip Toy for Fun and Game | for Ages 3 Years and Above	1	BLR5	SELLABLE	UNDELIVERABLE_UNKNOWN	LPNBLR5P4946136	
2026-05-13T06:13:12+00:00	402-6656002-5297936	1030800_EAN	B0BRXKFQWS	X001P8BZA3	Cubelelo Drift 3M Plus v2 3x3 (MagLev) Magnetic Speedcube (New Version) | Cube for Kids Boys Girls Children Ages 4 5 6 7 8 & Above | Premium 3x3x3 for Speedcubing with Excellent Performance	1	CCX2	SELLABLE	UNDELIVERABLE_REFUSED	LPNCCX2A8909823	
2026-05-13T06:13:12+00:00	402-6656002-5297936	1030800_EAN	B0BRXKFQWS	X001P8BZA3	Cubelelo Drift 3M Plus v2 3x3 (MagLev) Magnetic Speedcube (New Version) | Cube for Kids Boys Girls Children Ages 4 5 6 7 8 & Above | Premium 3x3x3 for Speedcubing with Excellent Performance	1	CCX2	SELLABLE	UNDELIVERABLE_REFUSED	LPNCCX2A8909813	
2026-05-13T05:58:23+00:00	405-9438517-3021959	1040400	B0FL7TDJLF	X002DFU80F	Cubelelo Drift 4x4 Stickerless Cube Puzzle Toy | Combines Smoothness, Stability & Durability | 4x4x4 Speedcube for Beginners| Suitable for Kids Ages 6 to 14 Years Old, Boys, Girls & Adults	1	BLR5	SELLABLE	UNDELIVERABLE_REFUSED	LPNBLR5P4942415	
2026-05-13T05:43:33+00:00	408-8519610-2822737	CLB0525	B0DQ8XH4J5	X00271Q95N	Cubelelo Drift 3M Plus v2 MagLev 3x3 Speedcube with Premium Pouch & Cube Lubricant Combo | Advanced MagLev Technology for Superior Stability | Ultra-Smooth Turns | Ideal for Speedcubers, Kids & Adults	1	BLR5	SELLABLE	UNDELIVERABLE_REFUSED	LPNBLR5P4900252	
2026-05-13T04:48:16+00:00	408-8420088-4991547	1630210	B09HH8CC7Y	X00262W227	Cubelelo Drift Number Sliding Magnetic Puzzle 4x4 | Toys For 6-10 Years Old Boys & Girls | 15-Blocks Brain Teaser Puzzle Game for Kids | Educational, Learning, Activity Toy for Return & Birthday Gifts	1	BLR5	SELLABLE	UNDELIVERABLE_UNKNOWN	LPNBLR5P6214152	
2026-05-13T04:46:42+00:00	405-9998440-0760337	1630210	B09HH8CC7Y	X00262W227	Cubelelo Drift Number Sliding Magnetic Puzzle 4x4 | Toys For 6-10 Years Old Boys & Girls | 15-Blocks Brain Teaser Puzzle Game for Kids | Educational, Learning, Activity Toy for Return & Birthday Gifts	1	BOM7	SELLABLE	UNDELIVERABLE_REFUSED	LPNBOM7D20041561	
2026-05-13T04:30:53+00:00	404-5611807-1534722	1030300_EAN	B0FBMGT6V7	X002C88WLZ	Cubelelo Drift Explorer 3x3 Speed Cube | Best Starter Speedcube for Beginners | Perfect Brain Teaser for Kids Ages 4 to14 Years Old & Above Boys Girls Children | Smooth Turning Puzzle Toy for Adults	1	BLR5	SELLABLE	UNDELIVERABLE_REFUSED	LPNBLR5P4945934	
2026-05-13T04:02:30+00:00	404-0402281-4236354	1040300	B09HH8XQ14	X001G4QY25	Cubelelo Drift 4x4 (Black) Speedcube | Challenging Brain Teaser Puzzle Toy for Kids 7-14 Years Old Boys Girls & Adults All Ages | Fast Speed Cube for Intermediate and Advanced Cubers	1	BOM4	SELLABLE	DEFECTIVE	LPNBOM4N40295043	
2026-05-13T03:48:08+00:00	407-3510975-5849923	1030500	B08H88N2N9	X0018CDFL3	Cubelelo Drift Warrior 3x3 Stickerless Cube | Beginner Speedcube for Kids Boys Girls Above 3 4 5 6 Years Old & Above | Magic Puzzle Toy | Durable & Smooth Cube with Anti-Pop Design 3 3	1	DEL2	SELLABLE	UNDELIVERABLE_REFUSED	LPNDEL2R80809323	
2026-05-13T03:46:39+00:00	407-9743229-1436302	1030604	B0DRVQVFJB	X0027JJHDB	Cubelelo Drift 3M v3 3x3 Magnetic Speedcube (Standard) | Latest Version with New & Improved Internal Structure for Smooth Turns & Stability | Cube Toy for 6-10 Years Old Boys Girls Adults	1	BOM4	CUSTOMER_DAMAGED	QUALITY_UNACCEPTABLE	LPNBOM4N37994035	
2026-05-13T03:45:27+00:00	404-8103286-3101908	1030604	B0DRVQVFJB	X0027JJHDB	Cubelelo Drift 3M v3 3x3 Magnetic Speedcube (Standard) | Latest Version with New & Improved Internal Structure for Smooth Turns & Stability | Cube Toy for 6-10 Years Old Boys Girls Adults	1	DEL2	SELLABLE	UNDELIVERABLE_REFUSED	LPNDEL2R83742410	
2026-05-13T03:33:06+00:00	406-0881096-1398760	1030300_EAN	B0FBMGT6V7	X002C88WLZ	Cubelelo Drift Explorer 3x3 Speed Cube | Best Starter Speedcube for Beginners | Perfect Brain Teaser for Kids Ages 4 to14 Years Old & Above Boys Girls Children | Smooth Turning Puzzle Toy for Adults	1	BOM4	SELLABLE	UNDELIVERABLE_REFUSED	LPNBOM4N39736374	
2026-05-13T03:17:15+00:00	405-9626858-8790728	1030300_EAN	B0FBMGT6V7	X002C88WLZ	Cubelelo Drift Explorer 3x3 Speed Cube | Best Starter Speedcube for Beginners | Perfect Brain Teaser for Kids Ages 4 to14 Years Old & Above Boys Girls Children | Smooth Turning Puzzle Toy for Adults	1	DEL2	SELLABLE	QUALITY_UNACCEPTABLE	LPNDEL2R83792610	
2026-05-13T03:07:53+00:00	403-9374747-3470757	1630210	B09HH8CC7Y	X00262W227	Cubelelo Drift Number Sliding Magnetic Puzzle 4x4 | Toys For 6-10 Years Old Boys & Girls | 15-Blocks Brain Teaser Puzzle Game for Kids | Educational, Learning, Activity Toy for Return & Birthday Gifts	1	BOM7	SELLABLE	UNDELIVERABLE_REFUSED	LPNBOM7D19998865	
2026-05-12T22:42:28+00:00	404-6361348-3874760	TB03001	B0FQVDNZ3K	X002EI0VUX	TinkerBox Object Permanence Box | 6+ Months | Montessori Wooden Toy for Babies & Toddlers | Early Learning Puzzle for Hand-Eye Coordination & Cause-and-Effect | Safe & Durable Baby Toy	1	BLR5	SELLABLE	UNDELIVERABLE_UNKNOWN	LPNBLR5P4694160	
2026-05-12T20:23:38+00:00	405-6718087-8408339	1030300_EAN	B0FBMGT6V7	X002C88WLZ	Cubelelo Drift Explorer 3x3 Speed Cube | Best Starter Speedcube for Beginners | Perfect Brain Teaser for Kids Ages 4 to14 Years Old & Above Boys Girls Children | Smooth Turning Puzzle Toy for Adults	1	BLR5	SELLABLE	UNDELIVERABLE_REFUSED	LPNBLR5P4927278	
2026-05-12T19:00:48+00:00	402-2986838-5319521	1030604	B0DRVQVFJB	X0027JJHDB	Cubelelo Drift 3M v3 3x3 Magnetic Speedcube (Standard) | Latest Version with New & Improved Internal Structure for Smooth Turns & Stability | Cube Toy for 6-10 Years Old Boys Girls Adults	1	BOM4	SELLABLE	UNDELIVERABLE_REFUSED	LPNBOM4N40349547	
2026-05-12T18:05:40+00:00	404-2191113-2044313	1630202	B09B7PNSTV	X001ETHG47	Cubelelo Drift Infinity Cube (Blue) | Magic Puzzle Cool Mini Gadget for Stress and Anxiety Relief for Kids and Adults | Desk Finger Flip Toy for Fun and Game | for Ages 3 Years and Above	1	CCX1	SELLABLE	UNDELIVERABLE_REFUSED	LPNCCX1B3839081	
2026-05-12T17:36:52+00:00	406-6502455-0573139	1050200	B09K7QTCXP	X001GM0XER	Cubelelo Drift 5x5 Stickerless Speed Cube | AKA Professor's Cube Magic Puzzle for Kids & Adults | Smooth and Durable Speedy Brainstorming Puzzle| Ultimate Stress Buster and Mind Challenge	1	BLR5	SELLABLE	UNDELIVERABLE_UNKNOWN	LPNBLR5P6196536	
2026-05-12T15:53:25+00:00	171-3299697-6484356	1030400	B07XPNC385	X0012WM1NR	Cubelelo Drift 3x3 Black Speedcube | Beginner Cube for Kids & Adults | Magic Speed Stress Buster Brainstorming Puzzle (Multicolor) | Anti-Pop Technology | Smooth Turning | Durable	1	CCX2	SELLABLE	UNDELIVERABLE_UNKNOWN	LPNCCX2B1045590	
2026-05-12T14:45:10+00:00	404-5389938-9857912	1460501	B08XK25RRF	X001VLOAKL	Cubelelo Drift 2x2 & 3x3 Cube Gift Box Combo | 2-in-1 Puzzle Toy Game Set for Children Kids & Adults Ages 4 5 6 & Above | Double the Challenge, Twice the Fun | Ultimate Value Saver Combo	1	BOM4	SELLABLE	UNDELIVERABLE_REFUSED	LPNBOM4N40222624	
2026-05-12T14:33:11+00:00	405-4846068-3629117	1460553	B0BYVHGR5H	X001WPZI9N	Cubelelo Drift 2x2, 3x3 & Pyraminx Cube Combo (Stickerless) | Ideal for Kids Above 3 4 5 6 Years Old Boys Girls | 3 in 1 Speedcube Gift Set | High Speed Puzzle 3x3x3 2x2x2 Pyramid Triangle	1	BLR5	SELLABLE	UNDELIVERABLE_REFUSED	LPNBLR5P5143425	
2026-05-12T14:33:11+00:00	405-2955355-5038739	1120100	B08LBGYZ51	X0019BU32H	Cubelelo Drift 3x3 Mirror (Silver) Magic Speed Cube | Shape Shifter Speedcube with Durable Stickers | Advanced 3x3x3 Puzzle Toy for Kids Ages 7-14 Boys Girls & Adults | Collector's Item	1	BLR5	SELLABLE	UNDELIVERABLE_REFUSED	LPNBLR5P5143428	
2026-05-12T13:41:37+00:00	171-7703540-2997924	1630210	B09HH8CC7Y	X00262W227	Cubelelo Drift Number Sliding Magnetic Puzzle 4x4 | Toys For 6-10 Years Old Boys & Girls | 15-Blocks Brain Teaser Puzzle Game for Kids | Educational, Learning, Activity Toy for Return & Birthday Gifts	1	BLR5	SELLABLE	UNDELIVERABLE_REFUSED	LPNBLR5P2363580	
2026-05-12T13:11:46+00:00	402-4174120-5929937	1120100	B08LBGYZ51	X0019BU32H	Cubelelo Drift 3x3 Mirror (Silver) Magic Speed Cube | Shape Shifter Speedcube with Durable Stickers | Advanced 3x3x3 Puzzle Toy for Kids Ages 7-14 Boys Girls & Adults | Collector's Item	1	BLR5	DEFECTIVE	NOT_AS_DESCRIBED	LPNBLR5P4902671	
2026-05-12T12:53:33+00:00	404-7211493-3805119	1630202	B09B7PNSTV	X001ETHG47	Cubelelo Drift Infinity Cube (Blue) | Magic Puzzle Cool Mini Gadget for Stress and Anxiety Relief for Kids and Adults | Desk Finger Flip Toy for Fun and Game | for Ages 3 Years and Above	1	BLR5	SELLABLE	UNDELIVERABLE_REFUSED	LPNBLR5P6286902	
2026-05-12T12:37:13+00:00	407-7546877-8372366	1120400_EAN	B0C55QR5BN	X001S3KHY5	Cubelelo Drift Mirror 2X2 (Silver) Stickerless Speed Cube|Comes with Mirror Finished Sticker for A Premium Look&Feel|Collective Item|Speedy Stress Buster Brainstorming Puzzle for Kids & Adults |	1	BLR5	SELLABLE	UNDELIVERABLE_REFUSED	LPNBLR5P4667971	
2026-05-12T12:13:14+00:00	407-6351398-0039549	1030400	B07XPNC385	X0012WM1NR	Cubelelo Drift 3x3 Black Speedcube | Beginner Cube for Kids & Adults | Magic Speed Stress Buster Brainstorming Puzzle (Multicolor) | Anti-Pop Technology | Smooth Turning | Durable	1	BLR5	SELLABLE	UNDELIVERABLE_REFUSED	LPNBLR5P3694868	
2026-05-12T11:45:47+00:00	405-0560438-9329125	CLB0525	B0DQ8XH4J5	X00271Q95N	Cubelelo Drift 3M Plus v2 MagLev 3x3 Speedcube with Premium Pouch & Cube Lubricant Combo | Advanced MagLev Technology for Superior Stability | Ultra-Smooth Turns | Ideal for Speedcubers, Kids & Adults	1	DEL2	SELLABLE	UNDELIVERABLE_REFUSED	LPNDEL2R83114909	
2026-05-12T11:43:24+00:00	403-4673227-2877938	CLB0502	B0CL3HR7YS	X001VZMI15	Cubelelo Drift Warrior 3x3 & Premium Cube Lubricant Combo | Speed Cube Set for Fast, Smooth, Professional Solving | Ultimate Kit for All Your Speedcubing Needs Multicolor for Kids, Adults All Ages	1	DEL2	SELLABLE	UNDELIVERABLE_REFUSED	LPNDEL2R83165149	
2026-05-12T11:33:01+00:00	403-5517853-9517138	1030500	B08H88N2N9	X0018CDFL3	Cubelelo Drift Warrior 3x3 Stickerless Cube | Beginner Speedcube for Kids Boys Girls Above 3 4 5 6 Years Old & Above | Magic Puzzle Toy | Durable & Smooth Cube with Anti-Pop Design 3 3	1	DEL2	SELLABLE	QUALITY_UNACCEPTABLE	LPNDEL2R83361001	
2026-05-12T10:54:43+00:00	406-2358363-8449159	1030604	B0DRVQVFJB	X0027JJHDB	Cubelelo Drift 3M v3 3x3 Magnetic Speedcube (Standard) | Latest Version with New & Improved Internal Structure for Smooth Turns & Stability | Cube Toy for 6-10 Years Old Boys Girls Adults	1	DEL2	SELLABLE	UNDELIVERABLE_REFUSED	LPNDEL2R83774496	
2026-05-12T10:54:14+00:00	408-5421986-2742759	1030300_EAN	B0FBMGT6V7	X002C88WLZ	Cubelelo Drift Explorer 3x3 Speed Cube | Best Starter Speedcube for Beginners | Perfect Brain Teaser for Kids Ages 4 to14 Years Old & Above Boys Girls Children | Smooth Turning Puzzle Toy for Adults	1	BOM4	SELLABLE	UNDELIVERABLE_REFUSED	LPNBOM4N40263928	
2026-05-12T10:45:19+00:00	406-3638991-6352304	1630202	B09B7PNSTV	X001ETHG47	Cubelelo Drift Infinity Cube (Blue) | Magic Puzzle Cool Mini Gadget for Stress and Anxiety Relief for Kids and Adults | Desk Finger Flip Toy for Fun and Game | for Ages 3 Years and Above	1	DEL2	SELLABLE	UNDELIVERABLE_REFUSED	LPNDEL2R82191388	
2026-05-12T10:44:37+00:00	407-7084674-4121114	1030300_EAN	B0FBMGT6V7	X002C88WLZ	Cubelelo Drift Explorer 3x3 Speed Cube | Best Starter Speedcube for Beginners | Perfect Brain Teaser for Kids Ages 4 to14 Years Old & Above Boys Girls Children | Smooth Turning Puzzle Toy for Adults	1	BLR5	SELLABLE	QUALITY_UNACCEPTABLE	LPNBLR5P5143190	
2026-05-12T10:24:55+00:00	404-8692679-7049917	1030604	B0DRVQVFJB	X0027JJHDB	Cubelelo Drift 3M v3 3x3 Magnetic Speedcube (Standard) | Latest Version with New & Improved Internal Structure for Smooth Turns & Stability | Cube Toy for 6-10 Years Old Boys Girls Adults	1	DEL2	SELLABLE	SWITCHEROO	LPNDEL2R83857604	
2026-05-12T10:21:47+00:00	407-6247167-9717900	1030604	B0DRVQVFJB	X0027JJHDB	Cubelelo Drift 3M v3 3x3 Magnetic Speedcube (Standard) | Latest Version with New & Improved Internal Structure for Smooth Turns & Stability | Cube Toy for 6-10 Years Old Boys Girls Adults	1	DEL2	SELLABLE	SWITCHEROO	LPNDEL2R83356216	Wrong item delivered 😔😕
2026-05-12T10:16:58+00:00	404-9964056-2039522	1290300	B0DB6311DK	X00239RFKR	Cubelelo Drift Megaminx v2 Cube (New Improved Version) | 12-Sided Fun and Challenging Puzzle with Ridge Design | Smooth Turning Dodecahedron | Perfect for Speed-Cubing | Ideal for Kids & Adults	1	DEL2	DEFECTIVE	DEFECTIVE	LPNDEL2R83792362	Looks like usednproduct
2026-05-12T09:36:59+00:00	406-3957311-2749116	1460553	B0BYVHGR5H	X001WPZI9N	Cubelelo Drift 2x2, 3x3 & Pyraminx Cube Combo (Stickerless) | Ideal for Kids Above 3 4 5 6 Years Old Boys Girls | 3 in 1 Speedcube Gift Set | High Speed Puzzle 3x3x3 2x2x2 Pyramid Triangle	1	BLR5	SELLABLE	UNDELIVERABLE_REFUSED	LPNBLR5P2333489	
2026-05-12T09:26:14+00:00	402-3029083-7969148	1630210	B09HH8CC7Y	X00262W227	Cubelelo Drift Number Sliding Magnetic Puzzle 4x4 | Toys For 6-10 Years Old Boys & Girls | 15-Blocks Brain Teaser Puzzle Game for Kids | Educational, Learning, Activity Toy for Return & Birthday Gifts	1	BOM7	SELLABLE	UNDELIVERABLE_REFUSED	LPNBOM7D20041334	
2026-05-12T09:26:14+00:00	402-0448681-1817125	1630210	B09HH8CC7Y	X00262W227	Cubelelo Drift Number Sliding Magnetic Puzzle 4x4 | Toys For 6-10 Years Old Boys & Girls | 15-Blocks Brain Teaser Puzzle Game for Kids | Educational, Learning, Activity Toy for Return & Birthday Gifts	1	BOM7	SELLABLE	UNDELIVERABLE_REFUSED	LPNBOM7D20041335	
2026-05-12T09:25:01+00:00	405-9607508-8190715	1030604	B0DRVQVFJB	X0027JJHDB	Cubelelo Drift 3M v3 3x3 Magnetic Speedcube (Standard) | Latest Version with New & Improved Internal Structure for Smooth Turns & Stability | Cube Toy for 6-10 Years Old Boys Girls Adults	1	BLR5	SELLABLE	UNDELIVERABLE_UNKNOWN	LPNBLR5P4941375	
2026-05-12T09:24:43+00:00	403-5083308-0117958	1460501	B08XK25RRF	X001VLOAKL	Cubelelo Drift 2x2 & 3x3 Cube Gift Box Combo | 2-in-1 Puzzle Toy Game Set for Children Kids & Adults Ages 4 5 6 & Above | Double the Challenge, Twice the Fun | Ultimate Value Saver Combo	1	BLR5	SELLABLE	SWITCHEROO	LPNBLR5P4929124	Order for 2x2 and 3x3 cubes  Received 4x4 and 5x5 cubes
2026-05-12T09:05:12+00:00	403-8751366-4512360	1630210	B09HH8CC7Y	X00262W227	Cubelelo Drift Number Sliding Magnetic Puzzle 4x4 | Toys For 6-10 Years Old Boys & Girls | 15-Blocks Brain Teaser Puzzle Game for Kids | Educational, Learning, Activity Toy for Return & Birthday Gifts	1	BLR5	SELLABLE	UNDELIVERABLE_REFUSED	LPNBLR5P3737097	
2026-05-12T08:53:35+00:00	404-9059484-7905149	1030400	B07XPNC385	X0012WM1NR	Cubelelo Drift 3x3 Black Speedcube | Beginner Cube for Kids & Adults | Magic Speed Stress Buster Brainstorming Puzzle (Multicolor) | Anti-Pop Technology | Smooth Turning | Durable	1	BLR5	SELLABLE	DEFECTIVE	LPNBLR5P3694720	
2026-05-12T08:40:04+00:00	405-9007314-3443546	1460507	B08N19CLYJ	X001VW012B	Cubelelo Drift 3x3 & Blue Mirror Cube Premium Gift Box | Speedcube Set for Kids & Adults | Smooth & Durable Puzzle Combo | Ideal Gift for Puzzle Lovers	1	BLR5	SELLABLE	UNDELIVERABLE_REFUSED	LPNBLR5P4752339	
2026-05-12T08:33:25+00:00	171-4110647-9819549	1630201	B09QMNCWYG	X001I5SK8D	Cubelelo Drift Infinity Cube (Green) | Magic Puzzle Cool Mini Gadget for Stress and Anxiety Relief for Kids and Adults | Desk Finger Flip Toy for Fun and Game | for Ages 3 Years and Above	1	BOM4	CUSTOMER_DAMAGED	DEFECTIVE	LPNBOM4N40263831	
2026-05-12T08:03:09+00:00	402-1715115-8781169	1030300_EAN	B0FBMGT6V7	X002C88WLZ	Cubelelo Drift Explorer 3x3 Speed Cube | Best Starter Speedcube for Beginners | Perfect Brain Teaser for Kids Ages 4 to14 Years Old & Above Boys Girls Children | Smooth Turning Puzzle Toy for Adults	1	BLR5	CUSTOMER_DAMAGED	DEFECTIVE	LPNBLR5P6280024	
2026-05-12T06:45:13+00:00	406-5022190-0929143	1030604	B0DRVQVFJB	X0027JJHDB	Cubelelo Drift 3M v3 3x3 Magnetic Speedcube (Standard) | Latest Version with New & Improved Internal Structure for Smooth Turns & Stability | Cube Toy for 6-10 Years Old Boys Girls Adults	1	BOM4	SELLABLE	UNDELIVERABLE_REFUSED	LPNBOM4N40321611	
2026-05-12T06:31:01+00:00	402-8049092-8123523	1630210	B09HH8CC7Y	X00262W227	Cubelelo Drift Number Sliding Magnetic Puzzle 4x4 | Toys For 6-10 Years Old Boys & Girls | 15-Blocks Brain Teaser Puzzle Game for Kids | Educational, Learning, Activity Toy for Return & Birthday Gifts	1	BLR5	SELLABLE	UNDELIVERABLE_REFUSED	LPNBLR5P4902273	
2026-05-12T06:28:35+00:00	408-5061879-3121130	1630202	B09B7PNSTV	X001ETHG47	Cubelelo Drift Infinity Cube (Blue) | Magic Puzzle Cool Mini Gadget for Stress and Anxiety Relief for Kids and Adults | Desk Finger Flip Toy for Fun and Game | for Ages 3 Years and Above	1	BOM7	SELLABLE	UNDELIVERABLE_REFUSED	LPNBOM7D20009564	
2026-05-12T06:25:42+00:00	406-4060085-5137919	1030300_EAN	B0FBMGT6V7	X002C88WLZ	Cubelelo Drift Explorer 3x3 Speed Cube | Best Starter Speedcube for Beginners | Perfect Brain Teaser for Kids Ages 4 to14 Years Old & Above Boys Girls Children | Smooth Turning Puzzle Toy for Adults	1	BOM4	SELLABLE	UNDELIVERABLE_UNKNOWN	LPNBOM4N40250487	
2026-05-12T06:11:48+00:00	171-2832737-0225138	TB04001	B0FQVFPKFD	X002EI7K89	TinkerBox Object Permanence Box with Drawer | 9+ Months | Montessori Wooden Toy for Babies & Toddlers | Early Learning Puzzle for Hand-Eye Coordination & Cause-and-Effect | Safe & Durable Baby Toy	1	DEL2	SELLABLE	SWITCHEROO	LPNDEL2R83738063	It’s very heavy for a 7th month old. Baby can hurt himself.
2026-05-12T06:11:30+00:00	406-0547292-7763546	1630210	B09HH8CC7Y	X00262W227	Cubelelo Drift Number Sliding Magnetic Puzzle 4x4 | Toys For 6-10 Years Old Boys & Girls | 15-Blocks Brain Teaser Puzzle Game for Kids | Educational, Learning, Activity Toy for Return & Birthday Gifts	1	BLR5	SELLABLE	UNDELIVERABLE_REFUSED	LPNBLR5P6195940	
2026-05-12T06:04:44+00:00	406-6159943-7564354	1020200	B08LBJ3P8L	X0019BU39P	Cubelelo Drift 2x2 Stickerless Cube | Beginner Speedcube for Kids Boys Girls Above 3 4 5 6 Years Old & Above | Magic Puzzle Toy | Durable & Smooth Cube with Anti-Pop Design 2x2x2	1	CCX2	SELLABLE	SWITCHEROO	LPNCCX2B1164827	
2026-05-12T05:52:07+00:00	404-7246927-3142702	1030300_EAN	B0FBMGT6V7	X002C88WLZ	Cubelelo Drift Explorer 3x3 Speed Cube | Best Starter Speedcube for Beginners | Perfect Brain Teaser for Kids Ages 4 to14 Years Old & Above Boys Girls Children | Smooth Turning Puzzle Toy for Adults	1	BLR5	SELLABLE	DEFECTIVE	LPNBLR5P3971671	
2026-05-12T05:35:57+00:00	405-8996501-0005163	1460553	B0BYVHGR5H	X001WPZI9N	Cubelelo Drift 2x2, 3x3 & Pyraminx Cube Combo (Stickerless) | Ideal for Kids Above 3 4 5 6 Years Old Boys Girls | 3 in 1 Speedcube Gift Set | High Speed Puzzle 3x3x3 2x2x2 Pyramid Triangle	1	CCX2	SELLABLE	UNDELIVERABLE_REFUSED	LPNCCX2A8486555	
2026-05-12T05:26:15+00:00	405-3460206-0978769	1630210	B09HH8CC7Y	X00262W227	Cubelelo Drift Number Sliding Magnetic Puzzle 4x4 | Toys For 6-10 Years Old Boys & Girls | 15-Blocks Brain Teaser Puzzle Game for Kids | Educational, Learning, Activity Toy for Return & Birthday Gifts	1	BLR5	SELLABLE	UNDELIVERABLE_REFUSED	LPNBLR5P5286177	
2026-05-12T05:20:51+00:00	408-6060864-8140344	1030400	B07XPNC385	X0012WM1NR	Cubelelo Drift 3x3 Black Speedcube | Beginner Cube for Kids & Adults | Magic Speed Stress Buster Brainstorming Puzzle (Multicolor) | Anti-Pop Technology | Smooth Turning | Durable	1	BLR5	SELLABLE	UNDELIVERABLE_UNKNOWN	LPNBLR5P4472950	
2026-05-12T05:19:03+00:00	406-2748975-4756315	1030603	B0DRVMTFN1	X0027JJ8K3	Cubelelo Drift 3M v3 3x3 (Magnetic UV Coated) Speedcube - New Version | Premium Glossy Finish, Ultra Fast & Smooth Turns, Enhanced Auto-Alignment with 48 Magnets | Puzzle Cube for Kids & Adults	1	BOM4	SELLABLE	DAMAGED_BY_CARRIER	LPNBOM4N40321534	Very bad experience
2026-05-12T05:12:15+00:00	407-7505256-0059535	1030604	B0DRVQVFJB	X0027JJHDB	Cubelelo Drift 3M v3 3x3 Magnetic Speedcube (Standard) | Latest Version with New & Improved Internal Structure for Smooth Turns & Stability | Cube Toy for 6-10 Years Old Boys Girls Adults	1	BOM4	SELLABLE	UNDELIVERABLE_UNKNOWN	LPNBOM4N38989761	
2026-05-12T04:55:05+00:00	406-1144489-6081161	1460507	B08N19CLYJ	X001VW012B	Cubelelo Drift 3x3 & Blue Mirror Cube Premium Gift Box | Speedcube Set for Kids & Adults | Smooth & Durable Puzzle Combo | Ideal Gift for Puzzle Lovers	1	BLR5	SELLABLE	UNDELIVERABLE_REFUSED	LPNBLR5P6222744	
2026-05-12T04:52:03+00:00	406-2279332-0387528	1630210	B09HH8CC7Y	X00262W227	Cubelelo Drift Number Sliding Magnetic Puzzle 4x4 | Toys For 6-10 Years Old Boys & Girls | 15-Blocks Brain Teaser Puzzle Game for Kids | Educational, Learning, Activity Toy for Return & Birthday Gifts	1	BLR5	SELLABLE	UNDELIVERABLE_REFUSED	LPNBLR5P5142834	
2026-05-12T04:51:12+00:00	407-8760046-8767501	1630210	B09HH8CC7Y	X00262W227	Cubelelo Drift Number Sliding Magnetic Puzzle 4x4 | Toys For 6-10 Years Old Boys & Girls | 15-Blocks Brain Teaser Puzzle Game for Kids | Educational, Learning, Activity Toy for Return & Birthday Gifts	1	CCX1	SELLABLE	UNDELIVERABLE_REFUSED	LPNCCX1B3882973	
2026-05-12T04:48:54+00:00	404-1169679-7012312	1630222	B0GH18NXXG	X002HPDYRF	Cubelelo Drift Magnetic Tangram Puzzle | with Strong Magnets, Wooden Pieces & Bold Colors | Toys for 5-10 Years Old Boys Girls & Adults | Travel Friendly, Educational Toy for Return & Birthday Gifts	1	BLR5	SELLABLE	UNDELIVERABLE_REFUSED	LPNBLR5P2816271	
2026-05-12T04:48:21+00:00	405-8036337-4895531	1630210	B09HH8CC7Y	X00262W227	Cubelelo Drift Number Sliding Magnetic Puzzle 4x4 | Toys For 6-10 Years Old Boys & Girls | 15-Blocks Brain Teaser Puzzle Game for Kids | Educational, Learning, Activity Toy for Return & Birthday Gifts	1	BLR5	SELLABLE	UNDELIVERABLE_REFUSED	LPNBLR5P3863042	
2026-05-12T04:42:05+00:00	406-4148499-1578765	1020200	B08LBJ3P8L	X0019BU39P	Cubelelo Drift 2x2 Stickerless Cube | Beginner Speedcube for Kids Boys Girls Above 3 4 5 6 Years Old & Above | Magic Puzzle Toy | Durable & Smooth Cube with Anti-Pop Design 2x2x2	1	CCX1	CARRIER_DAMAGED	UNDELIVERABLE_UNKNOWN	LPNCCX1B3057383	
2026-05-12T04:19:46+00:00	406-8651150-5451532	1630210	B09HH8CC7Y	X00262W227	Cubelelo Drift Number Sliding Magnetic Puzzle 4x4 | Toys For 6-10 Years Old Boys & Girls | 15-Blocks Brain Teaser Puzzle Game for Kids | Educational, Learning, Activity Toy for Return & Birthday Gifts	1	BLR5	SELLABLE	UNDELIVERABLE_UNKNOWN	LPNBLR5P4926087	
2026-05-12T04:10:14+00:00	408-1529769-3325951	1460100_EAN	B0BVHL9JLB	X001Q0AFBZ	Cubelelo Drift 5-in-1 Cube Gift Box | 2x2, 3x3, 4x4, 5x5 and Secret Tutorial for Cubes Guide Book | Suitable for Kids & Adults | Magic Speedy Stress Buster Brainstorming Puzzle Multicolor Combo Set	1	DEL2	SELLABLE	UNDELIVERABLE_REFUSED	LPNDEL2R80943835	
2026-05-12T04:09:37+00:00	402-1857516-7312360	1120200	B08LKQHDBF	X001G4N1DP	Cubelelo Drift 3x3 Mirror (Golden) Speed Cube | Shape Shifter Magic Speedcube Puzzle Toys for 7-14 Year Old Boys Girls and Adults All Ages | Advanced 3x3 with Durable Stickers | Collector's Item	1	BLR5	SELLABLE	UNDELIVERABLE_REFUSED	LPNBLR5P3153189	
2026-05-12T04:05:01+00:00	406-4992118-2997965	1030603	B0DRVMTFN1	X0027JJ8K3	Cubelelo Drift 3M v3 3x3 (Magnetic UV Coated) Speedcube - New Version | Premium Glossy Finish, Ultra Fast & Smooth Turns, Enhanced Auto-Alignment with 48 Magnets | Puzzle Cube for Kids & Adults	1	BOM4	SELLABLE	UNDELIVERABLE_REFUSED	LPNBOM4N39733705	
2026-05-12T03:19:52+00:00	404-9561635-6553906	1460553	B0BYVHGR5H	X001WPZI9N	Cubelelo Drift 2x2, 3x3 & Pyraminx Cube Combo (Stickerless) | Ideal for Kids Above 3 4 5 6 Years Old Boys Girls | 3 in 1 Speedcube Gift Set | High Speed Puzzle 3x3x3 2x2x2 Pyramid Triangle	1	BLR5	CUSTOMER_DAMAGED	DEFECTIVE	LPNBLR5P2410981	
2026-05-11T22:41:56+00:00	407-4622029-5919551	1030604	B0DRVQVFJB	X0027JJHDB	Cubelelo Drift 3M v3 3x3 Magnetic Speedcube (Standard) | Latest Version with New & Improved Internal Structure for Smooth Turns & Stability | Cube Toy for 6-10 Years Old Boys Girls Adults	1	BLR5	SELLABLE	UNDELIVERABLE_UNKNOWN	LPNBLR5P4945005	
2026-05-11T22:41:56+00:00	407-4622029-5919551	1280600_EAN	B0BSFD6XY8	X001PEDWDF	Cubelelo Drift Pyraminx M (Magnetic) Puzzle | Toys for Kids 4 5 6 7 8 to 14 Years Old & Above Boys Girls All Ages | Stickerless Pyramid Triangle High Speed Gift Cube Toy | Travel Friendly	1	BLR5	SELLABLE	UNDELIVERABLE_UNKNOWN	LPNBLR5P4944994	
2026-05-11T22:18:33+00:00	408-5405086-4853112	1630210	B09HH8CC7Y	X00262W227	Cubelelo Drift Number Sliding Magnetic Puzzle 4x4 | Toys For 6-10 Years Old Boys & Girls | 15-Blocks Brain Teaser Puzzle Game for Kids | Educational, Learning, Activity Toy for Return & Birthday Gifts	1	BLR5	SELLABLE	UNDELIVERABLE_REFUSED	LPNBLR5P4678451	
2026-05-11T21:11:09+00:00	403-8131128-8345934	1050200	B09K7QTCXP	X001GM0XER	Cubelelo Drift 5x5 Stickerless Speed Cube | AKA Professor's Cube Magic Puzzle for Kids & Adults | Smooth and Durable Speedy Brainstorming Puzzle| Ultimate Stress Buster and Mind Challenge	1	BLR5	SELLABLE	SWITCHEROO	LPNBLR5P5146238	Send 5×5 cubelelo
2026-05-11T18:51:38+00:00	406-9660937-4265144	1630210	B09HH8CC7Y	X00262W227	Cubelelo Drift Number Sliding Magnetic Puzzle 4x4 | Toys For 6-10 Years Old Boys & Girls | 15-Blocks Brain Teaser Puzzle Game for Kids | Educational, Learning, Activity Toy for Return & Birthday Gifts	1	BLR5	SELLABLE	UNDELIVERABLE_REFUSED	LPNBLR5P3575665	
2026-05-11T18:07:37+00:00	408-7794165-9926729	1630210	B09HH8CC7Y	X00262W227	Cubelelo Drift Number Sliding Magnetic Puzzle 4x4 | Toys For 6-10 Years Old Boys & Girls | 15-Blocks Brain Teaser Puzzle Game for Kids | Educational, Learning, Activity Toy for Return & Birthday Gifts	1	BLR5	SELLABLE	UNDELIVERABLE_REFUSED	LPNBLR5P6177433	
2026-05-11T16:57:51+00:00	405-1521258-3372308	1030300_EAN	B0FBMGT6V7	X002C88WLZ	Cubelelo Drift Explorer 3x3 Speed Cube | Best Starter Speedcube for Beginners | Perfect Brain Teaser for Kids Ages 4 to14 Years Old & Above Boys Girls Children | Smooth Turning Puzzle Toy for Adults	1	BLR5	SELLABLE	NEVER_ARRIVED	LPNBLR5P4002860	
2026-05-11T14:28:02+00:00	403-2687634-6574759	1630210	B09HH8CC7Y	X00262W227	Cubelelo Drift Number Sliding Magnetic Puzzle 4x4 | Toys For 6-10 Years Old Boys & Girls | 15-Blocks Brain Teaser Puzzle Game for Kids | Educational, Learning, Activity Toy for Return & Birthday Gifts	1	CCX1	SELLABLE	UNDELIVERABLE_REFUSED	LPNCCX1B3856193	
2026-05-11T13:36:17+00:00	404-8718010-0090758	1030604	B0DRVQVFJB	X0027JJHDB	Cubelelo Drift 3M v3 3x3 Magnetic Speedcube (Standard) | Latest Version with New & Improved Internal Structure for Smooth Turns & Stability | Cube Toy for 6-10 Years Old Boys Girls Adults	1	BLR5	CUSTOMER_DAMAGED	DEFECTIVE	LPNBLR5P5376514	
2026-05-11T12:17:16+00:00	403-2345206-4453111	1030300_EAN	B0FBMGT6V7	X002C88WLZ	Cubelelo Drift Explorer 3x3 Speed Cube | Best Starter Speedcube for Beginners | Perfect Brain Teaser for Kids Ages 4 to14 Years Old & Above Boys Girls Children | Smooth Turning Puzzle Toy for Adults	1	BLR5	SELLABLE	UNDELIVERABLE_REFUSED	LPNBLR5P5142647	
2026-05-11T12:16:19+00:00	404-4182490-4002738	1280100a	B09QYW9DYC	X001LHLHUV	Cubelelo Drift Pyraminx Puzzle Speedcube | Beginner Starter Cube for Kids 3+ Year Old & Above | Triangle Pyramid Shape Stickerless 3x3 Cubes Toy | Ideal for Boys Girls Children 4 5 6+ Years & Adults	1	BOM4	SELLABLE	UNDELIVERABLE_UNKNOWN	LPNBOM4N40156393	
2026-05-11T12:11:41+00:00	404-6663403-5161918	1030651	B0DJQWJFSX	X0025EZ04D	Cubelelo Drift 3M Plus v2 3x3 (Magnetic) (New Upgraded Version) | Based on MoYu RS3M v5 | Dual-Adjustment System | Speedcube for Kids & Adults | Magic Speedy Stress Buster Brainstorming Puzzle	1	DEL2	SELLABLE	NO_REASON_GIVEN	LPNDEL2R80911717	
2026-05-11T12:07:12+00:00	408-6564853-7001968	1030604	B0DRVQVFJB	X0027JJHDB	Cubelelo Drift 3M v3 3x3 Magnetic Speedcube (Standard) | Latest Version with New & Improved Internal Structure for Smooth Turns & Stability | Cube Toy for 6-10 Years Old Boys Girls Adults	1	BOM4	SELLABLE	UNDELIVERABLE_REFUSED	LPNBOM4N40311435	
2026-05-11T11:40:11+00:00	408-8702434-7843526	1030500	B08H88N2N9	X0018CDFL3	Cubelelo Drift Warrior 3x3 Stickerless Cube | Beginner Speedcube for Kids Boys Girls Above 3 4 5 6 Years Old & Above | Magic Puzzle Toy | Durable & Smooth Cube with Anti-Pop Design 3 3	1	DEL2	SELLABLE	UNDELIVERABLE_REFUSED	LPNDEL2R82152214	
2026-05-11T11:21:17+00:00	407-9242839-9436313	1030400	B07XPNC385	X0012WM1NR	Cubelelo Drift 3x3 Black Speedcube | Beginner Cube for Kids & Adults | Magic Speed Stress Buster Brainstorming Puzzle (Multicolor) | Anti-Pop Technology | Smooth Turning | Durable	1	BOM4	SELLABLE	UNDELIVERABLE_REFUSED	LPNBOM4N38828766	
2026-05-11T11:16:17+00:00	405-9704258-4846758	1140022	B08169YZPG	X001602BQR	Cubelelo Drift Gear 3x3 Stickerless Cube Speed Cube | Toy for Kids & Adults | Magic Speedy Stress Buster Brainstorming Puzzle 3x3x3 (Multicolor)	1	BOM4	SELLABLE	UNDELIVERABLE_REFUSED	LPNBOM4N40286223	
2026-05-11T11:07:15+00:00	405-2758889-5649958	1040126	B08KQGG9S7	X001A9DLY5	Cubelelo Drift Carbon Fiber 4x4 Speed Cube Puzzle Toy for Kids & Adults Magic Speedy Stress Buster Brainstorming Cube	1	CCX2	SELLABLE	UNDELIVERABLE_REFUSED	LPNCCX2A8458853	
2026-05-11T10:35:39+00:00	407-4136407-3699569	1630210	B09HH8CC7Y	X00262W227	Cubelelo Drift Number Sliding Magnetic Puzzle 4x4 | Toys For 6-10 Years Old Boys & Girls | 15-Blocks Brain Teaser Puzzle Game for Kids | Educational, Learning, Activity Toy for Return & Birthday Gifts	1	DEL2	SELLABLE	UNDELIVERABLE_REFUSED	LPNDEL2R82755466	
2026-05-11T10:18:02+00:00	406-4107797-9277143	1630201	B09QMNCWYG	X001I5SK8D	Cubelelo Drift Infinity Cube (Green) | Magic Puzzle Cool Mini Gadget for Stress and Anxiety Relief for Kids and Adults | Desk Finger Flip Toy for Fun and Game | for Ages 3 Years and Above	1	DEL2	SELLABLE	UNDELIVERABLE_REFUSED	LPNDEL2R80911554	
2026-05-11T09:55:38+00:00	406-6968742-3196352	1630222	B0GH18NXXG	X002HPDYRF	Cubelelo Drift Magnetic Tangram Puzzle | with Strong Magnets, Wooden Pieces & Bold Colors | Toys for 5-10 Years Old Boys Girls & Adults | Travel Friendly, Educational Toy for Return & Birthday Gifts	1	BOM4	CUSTOMER_DAMAGED	DAMAGED_BY_FC	LPNBOM4N40281126	
2026-05-11T09:50:09+00:00	404-1790864-5366733	1030604	B0DRVQVFJB	X0027JJHDB	Cubelelo Drift 3M v3 3x3 Magnetic Speedcube (Standard) | Latest Version with New & Improved Internal Structure for Smooth Turns & Stability | Cube Toy for 6-10 Years Old Boys Girls Adults	1	CCX2	SELLABLE	UNDELIVERABLE_REFUSED	LPNCCX2B1056048	
2026-05-11T09:45:03+00:00	402-2447969-9961131	1630222	B0GH18NXXG	X002HPDYRF	Cubelelo Drift Magnetic Tangram Puzzle | with Strong Magnets, Wooden Pieces & Bold Colors | Toys for 5-10 Years Old Boys Girls & Adults | Travel Friendly, Educational Toy for Return & Birthday Gifts	1	BOM4	SELLABLE	UNDELIVERABLE_REFUSED	LPNBOM4N40306129	
2026-05-11T09:21:59+00:00	403-0071441-7943514	1030603	B0DRVMTFN1	X0027JJ8K3	Cubelelo Drift 3M v3 3x3 (Magnetic UV Coated) Speedcube - New Version | Premium Glossy Finish, Ultra Fast & Smooth Turns, Enhanced Auto-Alignment with 48 Magnets | Puzzle Cube for Kids & Adults	1	BOM4	SELLABLE	UNDELIVERABLE_REFUSED	LPNBOM4N40263359	
2026-05-11T09:17:34+00:00	404-0659787-7839552	1040300	B09HH8XQ14	X001G4QY25	Cubelelo Drift 4x4 (Black) Speedcube | Challenging Brain Teaser Puzzle Toy for Kids 7-14 Years Old Boys Girls & Adults All Ages | Fast Speed Cube for Intermediate and Advanced Cubers	1	BLR5	SELLABLE	DEFECTIVE	LPNBLR5P3281439	
2026-05-11T08:23:23+00:00	402-1785280-9802760	1630210	B09HH8CC7Y	X00262W227	Cubelelo Drift Number Sliding Magnetic Puzzle 4x4 | Toys For 6-10 Years Old Boys & Girls | 15-Blocks Brain Teaser Puzzle Game for Kids | Educational, Learning, Activity Toy for Return & Birthday Gifts	1	DEL2	SELLABLE	UNDELIVERABLE_REFUSED	LPNDEL2R82340722	
2026-05-11T07:57:34+00:00	406-1917683-0798717	1630210	B09HH8CC7Y	X00262W227	Cubelelo Drift Number Sliding Magnetic Puzzle 4x4 | Toys For 6-10 Years Old Boys & Girls | 15-Blocks Brain Teaser Puzzle Game for Kids | Educational, Learning, Activity Toy for Return & Birthday Gifts	1	DEL4	SELLABLE	UNDELIVERABLE_REFUSED	LPNDEL4AA3789393	
2026-05-11T07:42:28+00:00	171-0041680-2037946	1460521	B0CGNW2MFJ	X001VZFQYB	Cubelelo Drift Square-1 & Skewb Gift Box | Explore the new Dimension of Uniquely Shaped Puzzles | 2 in 1 Combo Pack of Dual Challenge Delight | Brainstoming Game Toy for Children Kids & Adults	1	BOM4	SELLABLE	SWITCHEROO	LPNBOM4N39690200	I have ordered skewb and square 1 .
2026-05-11T07:13:15+00:00	405-4210214-4526702	1630202	B09B7PNSTV	X001ETHG47	Cubelelo Drift Infinity Cube (Blue) | Magic Puzzle Cool Mini Gadget for Stress and Anxiety Relief for Kids and Adults | Desk Finger Flip Toy for Fun and Game | for Ages 3 Years and Above	1	CJB1	SELLABLE	UNDELIVERABLE_REFUSED	LPNCJB1X054621	
2026-05-11T06:55:32+00:00	171-8599362-9630739	1030400	B07XPNC385	X0012WM1NR	Cubelelo Drift 3x3 Black Speedcube | Beginner Cube for Kids & Adults | Magic Speed Stress Buster Brainstorming Puzzle (Multicolor) | Anti-Pop Technology | Smooth Turning | Durable	1	DEL2	SELLABLE	UNDELIVERABLE_REFUSED	LPNDEL2R83707076	
2026-05-11T06:35:22+00:00	404-1090714-5153138	1120100	B08LBGYZ51	X0019BU32H	Cubelelo Drift 3x3 Mirror (Silver) Magic Speed Cube | Shape Shifter Speedcube with Durable Stickers | Advanced 3x3x3 Puzzle Toy for Kids Ages 7-14 Boys Girls & Adults | Collector's Item	1	BOM4	SELLABLE	UNDELIVERABLE_REFUSED	LPNBOM4N39701682	
2026-05-11T06:34:16+00:00	403-5149302-1382744	1030500	B08H88N2N9	X0018CDFL3	Cubelelo Drift Warrior 3x3 Stickerless Cube | Beginner Speedcube for Kids Boys Girls Above 3 4 5 6 Years Old & Above | Magic Puzzle Toy | Durable & Smooth Cube with Anti-Pop Design 3 3	1	DEL2	SELLABLE	UNDELIVERABLE_REFUSED	LPNDEL2R83362390	
2026-05-11T06:28:51+00:00	407-1726832-8152314	1030300_EAN	B0FBMGT6V7	X002C88WLZ	Cubelelo Drift Explorer 3x3 Speed Cube | Best Starter Speedcube for Beginners | Perfect Brain Teaser for Kids Ages 4 to14 Years Old & Above Boys Girls Children | Smooth Turning Puzzle Toy for Adults	1	BOM4	SELLABLE	SWITCHEROO	LPNBOM4N38793644	Please return this product.
2026-05-11T06:20:36+00:00	403-8821417-3321152	1030604	B0DRVQVFJB	X0027JJHDB	Cubelelo Drift 3M v3 3x3 Magnetic Speedcube (Standard) | Latest Version with New & Improved Internal Structure for Smooth Turns & Stability | Cube Toy for 6-10 Years Old Boys Girls Adults	1	DEL2	SELLABLE	DEFECTIVE	LPNDEL2R83262223	
2026-05-11T06:12:51+00:00	408-5868010-2385916	1030700_EAN	B0BRXJ9Q4G	X001P8LWWT	Cubelelo Drift 3M Plus v2 3x3 (Magnetic) Cube | New Upgraded Version Based on MoYu RS3M v5 | Dual-Adjustment System | Premium Speedcube for Kids Boys Girls Ages 4+ Year Old & Adults	1	DEL2	SELLABLE	UNDELIVERABLE_REFUSED	LPNDEL2R83907307	
2026-05-11T05:56:57+00:00	171-4812307-4770731	1630300_EAN	B0C55MW9WL	X001S3KHTZ	Cubelelo Drift Column 3x3 Stickerless Speedcube Puzzle | Unique Cylindrical Speed Cube | Ultimate Stress Buster & Brainstorming Challenge for Kids & Adults | Smooth, Fast Puzzle for All Skill Levels	1	HYD8	SELLABLE	UNDELIVERABLE_UNKNOWN	LPNHYD8EA31002	
2026-05-11T05:20:17+00:00	404-1590471-4743527	1460501	B08XK25RRF	X001VLOAKL	Cubelelo Drift 2x2 & 3x3 Cube Gift Box Combo | 2-in-1 Puzzle Toy Game Set for Children Kids & Adults Ages 4 5 6 & Above | Double the Challenge, Twice the Fun | Ultimate Value Saver Combo	1	BOM4	CUSTOMER_DAMAGED	DAMAGED_BY_CARRIER	LPNBOM4N40229832	
2026-05-11T05:09:38+00:00	406-4870800-6519506	1030300_EAN	B0FBMGT6V7	X002C88WLZ	Cubelelo Drift Explorer 3x3 Speed Cube | Best Starter Speedcube for Beginners | Perfect Brain Teaser for Kids Ages 4 to14 Years Old & Above Boys Girls Children | Smooth Turning Puzzle Toy for Adults	1	BLR5	SELLABLE	UNDELIVERABLE_REFUSED	LPNBLR5P4953177	
2026-05-11T04:36:35+00:00	405-4692138-3396369	1030300_EAN	B0FBMGT6V7	X002C88WLZ	Cubelelo Drift Explorer 3x3 Speed Cube | Best Starter Speedcube for Beginners | Perfect Brain Teaser for Kids Ages 4 to14 Years Old & Above Boys Girls Children | Smooth Turning Puzzle Toy for Adults	1	BLR8	SELLABLE	UNDELIVERABLE_REFUSED	LPNBLR8Z6061169	
2026-05-11T04:35:20+00:00	404-4336265-2601109	1460520	B0CGNSKWFN	X001VZFWNB	Cubelelo Kid Drift 2X2 Silver Mirror & 3X3 Silver Mirror Gift Box | Premium Mirror Cube Set With Unique Reflective Design | Challenging Shape-Shifting Puzzles For Advanced Cubers & Beginners	1	BOM4	SELLABLE	SWITCHEROO	LPNBOM4N40183089	Order ke according 2*2 and 3*3 dono mirror cube receive hoga but aaya 3*3 normal cube
2026-05-11T04:27:09+00:00	406-3589673-4641104	1120600a	B0FHW9NKJ1	X002CWP4ML	Cubelelo Drift 3x3 Mirror Blue (Magnetic) (Tiled) Speedcube | Premium New Version Shape-Shifting Puzzle with Stunning Looks, Buttery Smooth Turns & Durability | Ideal for Kids Boys Girls Ages 6 & up	1	BLR5	SELLABLE	UNDELIVERABLE_REFUSED	LPNBLR5P5142160	
2026-05-11T04:24:15+00:00	404-0601853-7602765	1630202	B09B7PNSTV	X001ETHG47	Cubelelo Drift Infinity Cube (Blue) | Magic Puzzle Cool Mini Gadget for Stress and Anxiety Relief for Kids and Adults | Desk Finger Flip Toy for Fun and Game | for Ages 3 Years and Above	1	CJB1	SELLABLE	UNDELIVERABLE_REFUSED	LPNCJB1X135248	
2026-05-11T04:24:15+00:00	404-0601853-7602765	1630223	B0GN1TJ7F4	X002IIXAZ7	Cubelelo Drift Clang! | 2-4 Players Classic Magnetic Attraction Strategy Game | Features 24 Magnets & Adjustable Rope | Fun Gifting Toy for Family, Teens & Adults | Compact and Travel Friendly	1	CJB1	SELLABLE	UNDELIVERABLE_REFUSED	LPNCJB1X135249	
2026-05-11T04:10:39+00:00	406-3185278-3087529	1030604	B0DRVQVFJB	X0027JJHDB	Cubelelo Drift 3M v3 3x3 Magnetic Speedcube (Standard) | Latest Version with New & Improved Internal Structure for Smooth Turns & Stability | Cube Toy for 6-10 Years Old Boys Girls Adults	1	DEL2	SELLABLE	UNDELIVERABLE_REFUSED	LPNDEL2R83907195	
2026-05-11T03:57:17+00:00	404-6368839-0333145	1050200	B09K7QTCXP	X001GM0XER	Cubelelo Drift 5x5 Stickerless Speed Cube | AKA Professor's Cube Magic Puzzle for Kids & Adults | Smooth and Durable Speedy Brainstorming Puzzle| Ultimate Stress Buster and Mind Challenge	1	BOM4	SELLABLE	UNDELIVERABLE_REFUSED	LPNBOM4N38839839	
2026-05-11T03:21:00+00:00	404-1040999-6488348	1460501	B08XK25RRF	X001VLOAKL	Cubelelo Drift 2x2 & 3x3 Cube Gift Box Combo | 2-in-1 Puzzle Toy Game Set for Children Kids & Adults Ages 4 5 6 & Above | Double the Challenge, Twice the Fun | Ultimate Value Saver Combo	1	BOM4	SELLABLE	UNDELIVERABLE_REFUSED	LPNBOM4N38793475	
2026-05-10T22:47:19+00:00	404-9362862-4656337	1630210	B09HH8CC7Y	X00262W227	Cubelelo Drift Number Sliding Magnetic Puzzle 4x4 | Toys For 6-10 Years Old Boys & Girls | 15-Blocks Brain Teaser Puzzle Game for Kids | Educational, Learning, Activity Toy for Return & Birthday Gifts	1	BLR5	SELLABLE	UNDELIVERABLE_REFUSED	LPNBLR5P4755464	
2026-05-10T22:25:11+00:00	406-2398090-4309941	1030604	B0DRVQVFJB	X0027JJHDB	Cubelelo Drift 3M v3 3x3 Magnetic Speedcube (Standard) | Latest Version with New & Improved Internal Structure for Smooth Turns & Stability | Cube Toy for 6-10 Years Old Boys Girls Adults	1	BLR5	SELLABLE	UNDELIVERABLE_REFUSED	LPNBLR5P3871934	
2026-05-10T21:32:57+00:00	406-5542610-7015546	1280100a	B09QYW9DYC	X001LHLHUV	Cubelelo Drift Pyraminx Puzzle Speedcube | Beginner Starter Cube for Kids 3+ Year Old & Above | Triangle Pyramid Shape Stickerless 3x3 Cubes Toy | Ideal for Boys Girls Children 4 5 6+ Years & Adults	1	BLR5	CARRIER_DAMAGED	UNDELIVERABLE_REFUSED	LPNBLR5P3904717	
2026-05-10T21:32:57+00:00	406-5542610-7015546	1280100a	B09QYW9DYC	X001LHLHUV	Cubelelo Drift Pyraminx Puzzle Speedcube | Beginner Starter Cube for Kids 3+ Year Old & Above | Triangle Pyramid Shape Stickerless 3x3 Cubes Toy | Ideal for Boys Girls Children 4 5 6+ Years & Adults	1	BLR5	SELLABLE	UNDELIVERABLE_REFUSED	LPNBLR5P3904710	
2026-05-10T21:20:30+00:00	405-7112521-0706739	1630202	B09B7PNSTV	X001ETHG47	Cubelelo Drift Infinity Cube (Blue) | Magic Puzzle Cool Mini Gadget for Stress and Anxiety Relief for Kids and Adults | Desk Finger Flip Toy for Fun and Game | for Ages 3 Years and Above	1	BLR5	SELLABLE	UNDELIVERABLE_REFUSED	LPNBLR5P3602451	
2026-05-10T21:19:58+00:00	404-8864874-6457145	1030300_EAN	B0FBMGT6V7	X002C88WLZ	Cubelelo Drift Explorer 3x3 Speed Cube | Best Starter Speedcube for Beginners | Perfect Brain Teaser for Kids Ages 4 to14 Years Old & Above Boys Girls Children | Smooth Turning Puzzle Toy for Adults	1	BLR5	SELLABLE	UNDELIVERABLE_REFUSED	LPNBLR5P3970979	
2026-05-10T20:51:51+00:00	407-4015321-9081936	TB03001	B0FQVDNZ3K	X002EI0VUX	TinkerBox Object Permanence Box | 6+ Months | Montessori Wooden Toy for Babies & Toddlers | Early Learning Puzzle for Hand-Eye Coordination & Cause-and-Effect | Safe & Durable Baby Toy	1	BOM4	CARRIER_DAMAGED	NOT_COMPATIBLE	LPNBOM4N39745558	
2026-05-10T18:31:35+00:00	403-6925564-4962766	1030651	B0DJQWJFSX	X0025EZ04D	Cubelelo Drift 3M Plus v2 3x3 (Magnetic) (New Upgraded Version) | Based on MoYu RS3M v5 | Dual-Adjustment System | Speedcube for Kids & Adults | Magic Speedy Stress Buster Brainstorming Puzzle	1	BLR5	SELLABLE	UNDELIVERABLE_REFUSED	LPNBLR5P2749649	
2026-05-10T18:05:05+00:00	402-3963298-7679502	1460503	B08XK4V59M	X001VFXJDV	Cubelelo Drift 2x2, 3x3 & 4x4 Premium Gift Box | 3-in-1 Puzzle Game Set | Triple the Challenge, Thrice the Fun | Ultimate Value Saver Combo | Brainstoming Toy for Children Kids & Adults	1	BLR5	SELLABLE	NO_REASON_GIVEN	LPNBLR5P4665870	
2026-05-10T16:23:27+00:00	405-0217102-7323518	1030651	B0DJQWJFSX	X0025EZ04D	Cubelelo Drift 3M Plus v2 3x3 (Magnetic) (New Upgraded Version) | Based on MoYu RS3M v5 | Dual-Adjustment System | Speedcube for Kids & Adults | Magic Speedy Stress Buster Brainstorming Puzzle	1	BLR5	SELLABLE	UNDELIVERABLE_REFUSED	LPNBLR5P2409931	
2026-05-10T15:17:23+00:00	402-0596114-0921124	1030604	B0DRVQVFJB	X0027JJHDB	Cubelelo Drift 3M v3 3x3 Magnetic Speedcube (Standard) | Latest Version with New & Improved Internal Structure for Smooth Turns & Stability | Cube Toy for 6-10 Years Old Boys Girls Adults	1	BLR5	SELLABLE	UNDELIVERABLE_REFUSED	LPNBLR5P4755124	
2026-05-10T15:14:21+00:00	407-4406031-3878720	1630210	B09HH8CC7Y	X00262W227	Cubelelo Drift Number Sliding Magnetic Puzzle 4x4 | Toys For 6-10 Years Old Boys & Girls | 15-Blocks Brain Teaser Puzzle Game for Kids | Educational, Learning, Activity Toy for Return & Birthday Gifts	1	BLR5	SELLABLE	UNDELIVERABLE_REFUSED	LPNBLR5P3535161	
2026-05-10T13:32:00+00:00	407-2612237-9834721	1060100	B09HH5R69B	X001G4MZFF	Cubelelo Drift 6x6 Stickerless Speed Cube Magic Puzzle for Kids & Adults | Advanced Level Speedcube | Speedy Stress Buster Brainstorming Cube	1	BLR5	DEFECTIVE	DAMAGED_BY_CARRIER	LPNBLR5P4674676	It looks like used product . Package is old . White marks on the cube shows that cube is old .the cube is scrambled also somebody have used it earlier . Please replace with new one (unscrambled one)
2026-05-10T12:49:49+00:00	405-9044813-5129133	1630210	B09HH8CC7Y	X00262W227	Cubelelo Drift Number Sliding Magnetic Puzzle 4x4 | Toys For 6-10 Years Old Boys & Girls | 15-Blocks Brain Teaser Puzzle Game for Kids | Educational, Learning, Activity Toy for Return & Birthday Gifts	1	DEL2	SELLABLE	UNDELIVERABLE_REFUSED	LPNDEL2R82333218	
2026-05-10T12:46:19+00:00	405-0258852-6542765	1030604	B0DRVQVFJB	X0027JJHDB	Cubelelo Drift 3M v3 3x3 Magnetic Speedcube (Standard) | Latest Version with New & Improved Internal Structure for Smooth Turns & Stability | Cube Toy for 6-10 Years Old Boys Girls Adults	1	DEL2	SELLABLE	UNDELIVERABLE_REFUSED	LPNDEL2R83983276	
2026-05-10T12:41:09+00:00	407-9419018-8413956	1630202	B09B7PNSTV	X001ETHG47	Cubelelo Drift Infinity Cube (Blue) | Magic Puzzle Cool Mini Gadget for Stress and Anxiety Relief for Kids and Adults | Desk Finger Flip Toy for Fun and Game | for Ages 3 Years and Above	1	BOM4	SELLABLE	UNDELIVERABLE_UNKNOWN	LPNBOM4N39733229	
2026-05-10T12:39:12+00:00	171-7495224-3910704	1030300_EAN	B0FBMGT6V7	X002C88WLZ	Cubelelo Drift Explorer 3x3 Speed Cube | Best Starter Speedcube for Beginners | Perfect Brain Teaser for Kids Ages 4 to14 Years Old & Above Boys Girls Children | Smooth Turning Puzzle Toy for Adults	1	DEL2	SELLABLE	UNDELIVERABLE_REFUSED	LPNDEL2R79033705	
2026-05-10T12:37:09+00:00	408-4857298-8829131	1120100	B08LBGYZ51	X0019BU32H	Cubelelo Drift 3x3 Mirror (Silver) Magic Speed Cube | Shape Shifter Speedcube with Durable Stickers | Advanced 3x3x3 Puzzle Toy for Kids Ages 7-14 Boys Girls & Adults | Collector's Item	1	BOM4	SELLABLE	UNDELIVERABLE_REFUSED	LPNBOM4N38828390	
2026-05-10T12:34:11+00:00	403-5925237-1849126	1630210	B09HH8CC7Y	X00262W227	Cubelelo Drift Number Sliding Magnetic Puzzle 4x4 | Toys For 6-10 Years Old Boys & Girls | 15-Blocks Brain Teaser Puzzle Game for Kids | Educational, Learning, Activity Toy for Return & Birthday Gifts	1	BLR5	SELLABLE	UNDELIVERABLE_REFUSED	LPNBLR5P3963572	
2026-05-10T12:24:42+00:00	404-8649974-6416360	1030300_EAN	B0FBMGT6V7	X002C88WLZ	Cubelelo Drift Explorer 3x3 Speed Cube | Best Starter Speedcube for Beginners | Perfect Brain Teaser for Kids Ages 4 to14 Years Old & Above Boys Girls Children | Smooth Turning Puzzle Toy for Adults	1	DEL2	SELLABLE	DAMAGED_BY_FC	LPNDEL2R83214150	
2026-05-10T12:21:24+00:00	403-1052847-8272320	1960100	B09B75WYR2	X001ESH40T	Cubelelo Drift Mini 3x3 Keychain | Magic Speed Cube Toy | Puzzle for Kids and Adults | Compact and Handy Multi Purpose Brain Teaser Game for Fun and Joy | for Ages 3 Years and Above	1	BOM4	SELLABLE	UNDELIVERABLE_REFUSED	LPNBOM4N39078581	
2026-05-10T12:15:56+00:00	406-0941719-1523551	1460553	B0BYVHGR5H	X001WPZI9N	Cubelelo Drift 2x2, 3x3 & Pyraminx Cube Combo (Stickerless) | Ideal for Kids Above 3 4 5 6 Years Old Boys Girls | 3 in 1 Speedcube Gift Set | High Speed Puzzle 3x3x3 2x2x2 Pyramid Triangle	1	DEL2	SELLABLE	UNDELIVERABLE_REFUSED	LPNDEL2R83907056	
2026-05-10T12:08:02+00:00	407-5509564-8475520	1030300_EAN	B0FBMGT6V7	X002C88WLZ	Cubelelo Drift Explorer 3x3 Speed Cube | Best Starter Speedcube for Beginners | Perfect Brain Teaser for Kids Ages 4 to14 Years Old & Above Boys Girls Children | Smooth Turning Puzzle Toy for Adults	1	CCX1	SELLABLE	UNDELIVERABLE_UNKNOWN	LPNCCX1B1992430	
2026-05-10T12:06:30+00:00	402-7983097-2300364	1630210	B09HH8CC7Y	X00262W227	Cubelelo Drift Number Sliding Magnetic Puzzle 4x4 | Toys For 6-10 Years Old Boys & Girls | 15-Blocks Brain Teaser Puzzle Game for Kids | Educational, Learning, Activity Toy for Return & Birthday Gifts	1	DEL2	SELLABLE	UNDELIVERABLE_REFUSED	LPNDEL2R82713846	
2026-05-10T11:54:25+00:00	406-1453955-7119526	1120100	B08LBGYZ51	X0019BU32H	Cubelelo Drift 3x3 Mirror (Silver) Magic Speed Cube | Shape Shifter Speedcube with Durable Stickers | Advanced 3x3x3 Puzzle Toy for Kids Ages 7-14 Boys Girls & Adults | Collector's Item	1	BOM4	SELLABLE	UNDELIVERABLE_REFUSED	LPNBOM4N40212877	
2026-05-10T11:24:17+00:00	402-9593676-0919556	1030604	B0DRVQVFJB	X0027JJHDB	Cubelelo Drift 3M v3 3x3 Magnetic Speedcube (Standard) | Latest Version with New & Improved Internal Structure for Smooth Turns & Stability | Cube Toy for 6-10 Years Old Boys Girls Adults	1	CCX1	SELLABLE	UNDELIVERABLE_REFUSED	LPNCCX1B3862761	
2026-05-10T11:24:17+00:00	402-4315638-4255511	1630222	B0GH18NXXG	X002HPDYRF	Cubelelo Drift Magnetic Tangram Puzzle | with Strong Magnets, Wooden Pieces & Bold Colors | Toys for 5-10 Years Old Boys Girls & Adults | Travel Friendly, Educational Toy for Return & Birthday Gifts	1	CCX1	SELLABLE	UNDELIVERABLE_REFUSED	LPNCCX1B3862759	
2026-05-10T11:16:36+00:00	406-9416326-8319540	1030604	B0DRVQVFJB	X0027JJHDB	Cubelelo Drift 3M v3 3x3 Magnetic Speedcube (Standard) | Latest Version with New & Improved Internal Structure for Smooth Turns & Stability | Cube Toy for 6-10 Years Old Boys Girls Adults	1	DEL2	SELLABLE	UNDELIVERABLE_REFUSED	LPNDEL2R83873295	
2026-05-10T10:47:07+00:00	408-5226904-2389101	1030700_EAN	B0BRXJ9Q4G	X001P8LWWT	Cubelelo Drift 3M Plus v2 3x3 (Magnetic) Cube | New Upgraded Version Based on MoYu RS3M v5 | Dual-Adjustment System | Premium Speedcube for Kids Boys Girls Ages 4+ Year Old & Adults	1	DEL2	SELLABLE	UNDELIVERABLE_REFUSED	LPNDEL2R83956858	
2026-05-10T10:27:26+00:00	402-7087097-7595527	1460553	B0BYVHGR5H	X001WPZI9N	Cubelelo Drift 2x2, 3x3 & Pyraminx Cube Combo (Stickerless) | Ideal for Kids Above 3 4 5 6 Years Old Boys Girls | 3 in 1 Speedcube Gift Set | High Speed Puzzle 3x3x3 2x2x2 Pyramid Triangle	1	BOM5	SELLABLE	UNDELIVERABLE_UNKNOWN	LPNBOM5F5068270	
2026-05-10T10:19:38+00:00	402-3511642-5665940	1030604	B0DRVQVFJB	X0027JJHDB	Cubelelo Drift 3M v3 3x3 Magnetic Speedcube (Standard) | Latest Version with New & Improved Internal Structure for Smooth Turns & Stability | Cube Toy for 6-10 Years Old Boys Girls Adults	1	DEL2	CUSTOMER_DAMAGED	SWITCHEROO	LPNDEL2R83431780	
2026-05-10T10:10:41+00:00	404-5308074-6585164	1030400	B07XPNC385	X0012WM1NR	Cubelelo Drift 3x3 Black Speedcube | Beginner Cube for Kids & Adults | Magic Speed Stress Buster Brainstorming Puzzle (Multicolor) | Anti-Pop Technology | Smooth Turning | Durable	1	DEL4	SELLABLE	UNDELIVERABLE_UNKNOWN	LPNDEL4AA3888517	
2026-05-10T10:05:29+00:00	407-5160000-2197901	1460501	B08XK25RRF	X001VLOAKL	Cubelelo Drift 2x2 & 3x3 Cube Gift Box Combo | 2-in-1 Puzzle Toy Game Set for Children Kids & Adults Ages 4 5 6 & Above | Double the Challenge, Twice the Fun | Ultimate Value Saver Combo	1	BLR5	SELLABLE	SWITCHEROO	LPNBLR5P3268264	I ordered 2*2, 3*3 but received wrong item
2026-05-10T09:48:32+00:00	402-4531506-7941102	1630210	B09HH8CC7Y	X00262W227	Cubelelo Drift Number Sliding Magnetic Puzzle 4x4 | Toys For 6-10 Years Old Boys & Girls | 15-Blocks Brain Teaser Puzzle Game for Kids | Educational, Learning, Activity Toy for Return & Birthday Gifts	1	DEL2	SELLABLE	UNDELIVERABLE_REFUSED	LPNDEL2R83807014	
2026-05-10T09:36:13+00:00	403-3568823-5715539	1460553	B0BYVHGR5H	X001WPZI9N	Cubelelo Drift 2x2, 3x3 & Pyraminx Cube Combo (Stickerless) | Ideal for Kids Above 3 4 5 6 Years Old Boys Girls | 3 in 1 Speedcube Gift Set | High Speed Puzzle 3x3x3 2x2x2 Pyramid Triangle	1	BOM4	SELLABLE	UNDELIVERABLE_REFUSED	LPNBOM4N38989187	
2026-05-10T09:33:16+00:00	408-5086571-9050724	1030300_EAN	B0FBMGT6V7	X002C88WLZ	Cubelelo Drift Explorer 3x3 Speed Cube | Best Starter Speedcube for Beginners | Perfect Brain Teaser for Kids Ages 4 to14 Years Old & Above Boys Girls Children | Smooth Turning Puzzle Toy for Adults	1	DEL2	SELLABLE	UNDELIVERABLE_REFUSED	LPNJPX1A1885978	
2026-05-10T09:30:57+00:00	403-0876064-8924360	1290300	B0DB6311DK	X00239RFKR	Cubelelo Drift Megaminx v2 Cube (New Improved Version) | 12-Sided Fun and Challenging Puzzle with Ridge Design | Smooth Turning Dodecahedron | Perfect for Speed-Cubing | Ideal for Kids & Adults	1	BLR5	SELLABLE	UNDELIVERABLE_REFUSED	LPNBLR5P4674440	
2026-05-10T09:15:00+00:00	407-8399668-9485919	1030400	B07XPNC385	X0012WM1NR	Cubelelo Drift 3x3 Black Speedcube | Beginner Cube for Kids & Adults | Magic Speed Stress Buster Brainstorming Puzzle (Multicolor) | Anti-Pop Technology | Smooth Turning | Durable	1	BLR5	SELLABLE	DEFECTIVE	LPNBLR5P4674413	
2026-05-10T08:42:11+00:00	406-2854315-0619509	1040300	B09HH8XQ14	X001G4QY25	Cubelelo Drift 4x4 (Black) Speedcube | Challenging Brain Teaser Puzzle Toy for Kids 7-14 Years Old Boys Girls & Adults All Ages | Fast Speed Cube for Intermediate and Advanced Cubers	1	CCX1	SELLABLE	UNDELIVERABLE_UNKNOWN	LPNCCX1B3873098	
2026-05-10T08:40:01+00:00	403-7077984-1757909	1460553	B0BYVHGR5H	X001WPZI9N	Cubelelo Drift 2x2, 3x3 & Pyraminx Cube Combo (Stickerless) | Ideal for Kids Above 3 4 5 6 Years Old Boys Girls | 3 in 1 Speedcube Gift Set | High Speed Puzzle 3x3x3 2x2x2 Pyramid Triangle	1	BOM4	SELLABLE	UNDELIVERABLE_REFUSED	LPNBOM4N39389132	
2026-05-10T08:05:09+00:00	404-1815070-8902743	1630222	B0GH18NXXG	X002HPDYRF	Cubelelo Drift Magnetic Tangram Puzzle | with Strong Magnets, Wooden Pieces & Bold Colors | Toys for 5-10 Years Old Boys Girls & Adults | Travel Friendly, Educational Toy for Return & Birthday Gifts	1	DEL2	SELLABLE	UNDELIVERABLE_UNKNOWN	LPNDEL2R80944757	
2026-05-10T07:47:06+00:00	402-6335354-1769920	1310035_EAN	B0BV247KZ6	X001PWV6K3	Cubelelo Magic Snake Rainbow Puzzle Cube (24 Wedges) | Twist and Turn Shape Creation Fun Game for Kids Boys Girls and Adults | Multicolor Brain Teaser Stress Buster Toy | for Ages 3 Years and Above	1	DEL2	SELLABLE	UNDELIVERABLE_REFUSED	LPNDEL2R80893459	
2026-05-10T07:46:40+00:00	406-6859030-0665157	1460501	B08XK25RRF	X001VLOAKL	Cubelelo Drift 2x2 & 3x3 Cube Gift Box Combo | 2-in-1 Puzzle Toy Game Set for Children Kids & Adults Ages 4 5 6 & Above | Double the Challenge, Twice the Fun | Ultimate Value Saver Combo	1	BOM4	DEFECTIVE	MISSING_PARTS	LPNBOM4N39918718	Pieces of cube is missing
2026-05-10T07:15:11+00:00	403-3662902-6000332	1630210	B09HH8CC7Y	X00262W227	Cubelelo Drift Number Sliding Magnetic Puzzle 4x4 | Toys For 6-10 Years Old Boys & Girls | 15-Blocks Brain Teaser Puzzle Game for Kids | Educational, Learning, Activity Toy for Return & Birthday Gifts	1	DEL2	SELLABLE	UNDELIVERABLE_UNKNOWN	LPNDEL2R83522146	
2026-05-10T07:06:33+00:00	407-8174052-4090742	1630210	B09HH8CC7Y	X00262W227	Cubelelo Drift Number Sliding Magnetic Puzzle 4x4 | Toys For 6-10 Years Old Boys & Girls | 15-Blocks Brain Teaser Puzzle Game for Kids | Educational, Learning, Activity Toy for Return & Birthday Gifts	1	BLR5	SELLABLE	UNDELIVERABLE_UNKNOWN	LPNBLR5P2777515	
2026-05-10T07:05:30+00:00	404-2846517-2050735	1030500	B08H88N2N9	X0018CDFL3	Cubelelo Drift Warrior 3x3 Stickerless Cube | Beginner Speedcube for Kids Boys Girls Above 3 4 5 6 Years Old & Above | Magic Puzzle Toy | Durable & Smooth Cube with Anti-Pop Design 3 3	1	BOM4	CUSTOMER_DAMAGED	MISSING_PARTS	LPNBOM4N40244041	
2026-05-10T06:58:11+00:00	403-0956477-9576366	1030300_EAN	B0FBMGT6V7	X002C88WLZ	Cubelelo Drift Explorer 3x3 Speed Cube | Best Starter Speedcube for Beginners | Perfect Brain Teaser for Kids Ages 4 to14 Years Old & Above Boys Girls Children | Smooth Turning Puzzle Toy for Adults	1	BOM4	SELLABLE	UNDELIVERABLE_REFUSED	LPNBOM4N38583669	
2026-05-10T06:57:47+00:00	171-1088522-4058765	1030604	B0DRVQVFJB	X0027JJHDB	Cubelelo Drift 3M v3 3x3 Magnetic Speedcube (Standard) | Latest Version with New & Improved Internal Structure for Smooth Turns & Stability | Cube Toy for 6-10 Years Old Boys Girls Adults	1	BOM4	SELLABLE	UNDELIVERABLE_REFUSED	LPNBOM4N38583670	
2026-05-10T06:57:34+00:00	404-9522687-8600361	1120100	B08LBGYZ51	X0019BU32H	Cubelelo Drift 3x3 Mirror (Silver) Magic Speed Cube | Shape Shifter Speedcube with Durable Stickers | Advanced 3x3x3 Puzzle Toy for Kids Ages 7-14 Boys Girls & Adults | Collector's Item	1	BLR5	SELLABLE	DEFECTIVE	LPNBLR5P3871028	
2026-05-10T06:48:46+00:00	406-1991879-7896360	1030604	B0DRVQVFJB	X0027JJHDB	Cubelelo Drift 3M v3 3x3 Magnetic Speedcube (Standard) | Latest Version with New & Improved Internal Structure for Smooth Turns & Stability | Cube Toy for 6-10 Years Old Boys Girls Adults	1	DEL2	SELLABLE	DEFECTIVE	LPNDEL2R83861342	
2026-05-10T06:08:47+00:00	402-8425654-8089129	1630210	B09HH8CC7Y	X00262W227	Cubelelo Drift Number Sliding Magnetic Puzzle 4x4 | Toys For 6-10 Years Old Boys & Girls | 15-Blocks Brain Teaser Puzzle Game for Kids | Educational, Learning, Activity Toy for Return & Birthday Gifts	1	BLR5	SELLABLE	UNDELIVERABLE_REFUSED	LPNBLR5P2777498	
2026-05-10T06:06:26+00:00	406-5225605-4800315	1030651	B0DJQWJFSX	X0025EZ04D	Cubelelo Drift 3M Plus v2 3x3 (Magnetic) (New Upgraded Version) | Based on MoYu RS3M v5 | Dual-Adjustment System | Speedcube for Kids & Adults | Magic Speedy Stress Buster Brainstorming Puzzle	1	BLR5	SELLABLE	UNDELIVERABLE_REFUSED	LPNBLR5P2406724	
2026-05-10T06:00:11+00:00	405-6672756-0130719	1040400	B0FL7TDJLF	X002DFU80F	Cubelelo Drift 4x4 Stickerless Cube Puzzle Toy | Combines Smoothness, Stability & Durability | 4x4x4 Speedcube for Beginners| Suitable for Kids Ages 6 to 14 Years Old, Boys, Girls & Adults	1	BLR5	SELLABLE	DEFECTIVE	LPNBLR5P3875131	
2026-05-10T05:44:56+00:00	408-3791906-6319527	1060100	B09HH5R69B	X001G4MZFF	Cubelelo Drift 6x6 Stickerless Speed Cube Magic Puzzle for Kids & Adults | Advanced Level Speedcube | Speedy Stress Buster Brainstorming Cube	1	BLR5	SELLABLE	UNDELIVERABLE_REFUSED	LPNBLR5P2406706	
2026-05-10T05:43:03+00:00	407-0460479-1788352	1120034	B08998HB2Y	X0016NVO3P	Cubelelo Drift Mirror Blue Magic Cube Brainstorming Stressbuster Speedcube Puzzle	1	CCX2	SELLABLE	DEFECTIVE	LPNCCX2B1056873	
2026-05-10T05:39:43+00:00	407-6822892-1332300	1630210	B09HH8CC7Y	X00262W227	Cubelelo Drift Number Sliding Magnetic Puzzle 4x4 | Toys For 6-10 Years Old Boys & Girls | 15-Blocks Brain Teaser Puzzle Game for Kids | Educational, Learning, Activity Toy for Return & Birthday Gifts	1	BLR5	SELLABLE	UNDELIVERABLE_REFUSED	LPNBLR5P3534837	
2026-05-10T05:36:15+00:00	402-0039413-8257950	1630207	B0CNXPFMRV	X001WVG7RT	Cubelelo Drift Rainbow Ball Puzzle | Compact, Multicolor Sphere (Fidget Toy) | Portable Brain Teaser for Kids & Adults | Stress Relief & Fun On-The-Go Puzzle	1	BLR8	SELLABLE	UNDELIVERABLE_REFUSED	LPNBLR8Z3395106	
2026-05-10T05:22:26+00:00	408-4364347-1783525	1460501	B08XK25RRF	X001VLOAKL	Cubelelo Drift 2x2 & 3x3 Cube Gift Box Combo | 2-in-1 Puzzle Toy Game Set for Children Kids & Adults Ages 4 5 6 & Above | Double the Challenge, Twice the Fun | Ultimate Value Saver Combo	1	BOM4	SELLABLE	UNDELIVERABLE_REFUSED	LPNBOM4N39689294	
2026-05-10T05:18:04+00:00	171-0097432-5973102	1030300_EAN	B0FBMGT6V7	X002C88WLZ	Cubelelo Drift Explorer 3x3 Speed Cube | Best Starter Speedcube for Beginners | Perfect Brain Teaser for Kids Ages 4 to14 Years Old & Above Boys Girls Children | Smooth Turning Puzzle Toy for Adults	1	BLR5	SELLABLE	UNDELIVERABLE_REFUSED	LPNBLR5P4665164	
2026-05-10T04:56:51+00:00	408-3577322-4169147	1630210	B09HH8CC7Y	X00262W227	Cubelelo Drift Number Sliding Magnetic Puzzle 4x4 | Toys For 6-10 Years Old Boys & Girls | 15-Blocks Brain Teaser Puzzle Game for Kids | Educational, Learning, Activity Toy for Return & Birthday Gifts	1	DEL2	SELLABLE	UNDELIVERABLE_REFUSED	LPNDEL2R82385316	
2026-05-10T04:34:17+00:00	404-5333358-0004368	1030300_EAN	B0FBMGT6V7	X002C88WLZ	Cubelelo Drift Explorer 3x3 Speed Cube | Best Starter Speedcube for Beginners | Perfect Brain Teaser for Kids Ages 4 to14 Years Old & Above Boys Girls Children | Smooth Turning Puzzle Toy for Adults	1	BLR5	SELLABLE	NO_REASON_GIVEN	LPNBLR5P4443862	
2026-05-10T04:22:38+00:00	171-2791818-6446726	1460501	B08XK25RRF	X001VLOAKL	Cubelelo Drift 2x2 & 3x3 Cube Gift Box Combo | 2-in-1 Puzzle Toy Game Set for Children Kids & Adults Ages 4 5 6 & Above | Double the Challenge, Twice the Fun | Ultimate Value Saver Combo	1	BLR5	CUSTOMER_DAMAGED	SWITCHEROO	LPNBLR5P3596608	
2026-05-10T03:56:07+00:00	404-3037551-8818702	1630210	B09HH8CC7Y	X00262W227	Cubelelo Drift Number Sliding Magnetic Puzzle 4x4 | Toys For 6-10 Years Old Boys & Girls | 15-Blocks Brain Teaser Puzzle Game for Kids | Educational, Learning, Activity Toy for Return & Birthday Gifts	1	DEL2	SELLABLE	UNDELIVERABLE_UNKNOWN	LPNDEL2R83089960	
2026-05-10T03:50:58+00:00	408-4791219-8577905	1630210	B09HH8CC7Y	X00262W227	Cubelelo Drift Number Sliding Magnetic Puzzle 4x4 | Toys For 6-10 Years Old Boys & Girls | 15-Blocks Brain Teaser Puzzle Game for Kids | Educational, Learning, Activity Toy for Return & Birthday Gifts	1	DEL2	SELLABLE	UNDELIVERABLE_REFUSED	LPNDEL2R83810157	
2026-05-10T03:49:24+00:00	407-0601688-7141140	1630210	B09HH8CC7Y	X00262W227	Cubelelo Drift Number Sliding Magnetic Puzzle 4x4 | Toys For 6-10 Years Old Boys & Girls | 15-Blocks Brain Teaser Puzzle Game for Kids | Educational, Learning, Activity Toy for Return & Birthday Gifts	1	DEL2	SELLABLE	UNDELIVERABLE_REFUSED	LPNDEL2R81221542	
2026-05-10T03:19:58+00:00	404-9124966-2179511	1030604	B0DRVQVFJB	X0027JJHDB	Cubelelo Drift 3M v3 3x3 Magnetic Speedcube (Standard) | Latest Version with New & Improved Internal Structure for Smooth Turns & Stability | Cube Toy for 6-10 Years Old Boys Girls Adults	1	DEL2	SELLABLE	DEFECTIVE	LPNDEL2R82882758	
2026-05-10T03:19:35+00:00	406-6977023-0824337	1630210	B09HH8CC7Y	X00262W227	Cubelelo Drift Number Sliding Magnetic Puzzle 4x4 | Toys For 6-10 Years Old Boys & Girls | 15-Blocks Brain Teaser Puzzle Game for Kids | Educational, Learning, Activity Toy for Return & Birthday Gifts	1	DEL2	SELLABLE	UNDELIVERABLE_REFUSED	LPNDEL2R80708007	
2026-05-09T21:56:23+00:00	407-9084429-4589923	1630223	B0GN1TJ7F4	X002IIXAZ7	Cubelelo Drift Clang! | 2-4 Players Classic Magnetic Attraction Strategy Game | Features 24 Magnets & Adjustable Rope | Fun Gifting Toy for Family, Teens & Adults | Compact and Travel Friendly	1	BLR5	SELLABLE	UNDELIVERABLE_REFUSED	LPNBLR5P5197494	
2026-05-09T20:38:31+00:00	406-0270544-6156318	1460503	B08XK4V59M	X001VFXJDV	Cubelelo Drift 2x2, 3x3 & 4x4 Premium Gift Box | 3-in-1 Puzzle Game Set | Triple the Challenge, Thrice the Fun | Ultimate Value Saver Combo | Brainstoming Toy for Children Kids & Adults	1	BLR5	SELLABLE	SWITCHEROO	LPNBLR5P3870641	I should got a 2x2 3x3 and 4x4 cubes but I got a drift pyraminx cube in the place of 4x4 cubes
2026-05-09T20:37:36+00:00	404-2854658-0597937	1630222	B0GH18NXXG	X002HPDYRF	Cubelelo Drift Magnetic Tangram Puzzle | with Strong Magnets, Wooden Pieces & Bold Colors | Toys for 5-10 Years Old Boys Girls & Adults | Travel Friendly, Educational Toy for Return & Birthday Gifts	1	BLR5	SELLABLE	UNDELIVERABLE_UNKNOWN	LPNBLR5P3552868	
2026-05-09T16:34:55+00:00	405-8539086-3726763	1460553	B0BYVHGR5H	X001WPZI9N	Cubelelo Drift 2x2, 3x3 & Pyraminx Cube Combo (Stickerless) | Ideal for Kids Above 3 4 5 6 Years Old Boys Girls | 3 in 1 Speedcube Gift Set | High Speed Puzzle 3x3x3 2x2x2 Pyramid Triangle	1	BLR5	SELLABLE	UNDELIVERABLE_REFUSED	LPNBLR5P2731354	
2026-05-09T16:01:23+00:00	402-4142374-0029956	1630210	B09HH8CC7Y	X00262W227	Cubelelo Drift Number Sliding Magnetic Puzzle 4x4 | Toys For 6-10 Years Old Boys & Girls | 15-Blocks Brain Teaser Puzzle Game for Kids | Educational, Learning, Activity Toy for Return & Birthday Gifts	1	BLR5	SELLABLE	UNDELIVERABLE_UNKNOWN	LPNBLR5P3573964	
2026-05-09T14:18:44+00:00	171-4567243-8520349	1030400	B07XPNC385	X0012WM1NR	Cubelelo Drift 3x3 Black Speedcube | Beginner Cube for Kids & Adults | Magic Speed Stress Buster Brainstorming Puzzle (Multicolor) | Anti-Pop Technology | Smooth Turning | Durable	1	BLR5	SELLABLE	UNDELIVERABLE_UNKNOWN	LPNBLR5P2731186	
2026-05-09T14:17:34+00:00	408-1552476-8246721	1630222	B0GH18NXXG	X002HPDYRF	Cubelelo Drift Magnetic Tangram Puzzle | with Strong Magnets, Wooden Pieces & Bold Colors | Toys for 5-10 Years Old Boys Girls & Adults | Travel Friendly, Educational Toy for Return & Birthday Gifts	1	BLR5	SELLABLE	UNDELIVERABLE_REFUSED	LPNBLR5P2766202	
2026-05-09T14:05:47+00:00	403-9511388-2938738	1120039	B0DRVW5BNS	X0027ISPWL	Cubelelo Drift 3x3 Mirror Blue (Tiled) Speed Cube | New Blue Version Looks Stunning with Buttery Smooth Turns | Ideal for Kids Above 5 6 Years Old Boys Girls | 3x3x3 Shape-Shifting Design Puzzle Toy	1	BLR5	SELLABLE	UNDELIVERABLE_REFUSED	LPNBLR5P2806840	
2026-05-09T12:55:02+00:00	404-6042285-4247528	1030604	B0DRVQVFJB	X0027JJHDB	Cubelelo Drift 3M v3 3x3 Magnetic Speedcube (Standard) | Latest Version with New & Improved Internal Structure for Smooth Turns & Stability | Cube Toy for 6-10 Years Old Boys Girls Adults	1	BLR5	SELLABLE	DEFECTIVE	LPNBLR5P2396145	
2026-05-09T12:53:59+00:00	404-2788121-5678730	1030500	B08H88N2N9	X0018CDFL3	Cubelelo Drift Warrior 3x3 Stickerless Cube | Beginner Speedcube for Kids Boys Girls Above 3 4 5 6 Years Old & Above | Magic Puzzle Toy | Durable & Smooth Cube with Anti-Pop Design 3 3	1	DEL2	SELLABLE	DEFECTIVE	LPNDEL2R83906475	
2026-05-09T12:52:49+00:00	407-2411346-5395540	1630210	B09HH8CC7Y	X00262W227	Cubelelo Drift Number Sliding Magnetic Puzzle 4x4 | Toys For 6-10 Years Old Boys & Girls | 15-Blocks Brain Teaser Puzzle Game for Kids | Educational, Learning, Activity Toy for Return & Birthday Gifts	1	DEL5	SELLABLE	UNDELIVERABLE_UNKNOWN	LPNDEL2R82085358	
2026-05-09T12:31:05+00:00	403-8563518-5170733	1630210	B09HH8CC7Y	X00262W227	Cubelelo Drift Number Sliding Magnetic Puzzle 4x4 | Toys For 6-10 Years Old Boys & Girls | 15-Blocks Brain Teaser Puzzle Game for Kids | Educational, Learning, Activity Toy for Return & Birthday Gifts	1	DEL2	SELLABLE	UNDELIVERABLE_REFUSED	LPNDEL2R83956531	
2026-05-09T12:28:27+00:00	402-7604860-1638767	1030604	B0DRVQVFJB	X0027JJHDB	Cubelelo Drift 3M v3 3x3 Magnetic Speedcube (Standard) | Latest Version with New & Improved Internal Structure for Smooth Turns & Stability | Cube Toy for 6-10 Years Old Boys Girls Adults	1	CCX2	SELLABLE	UNDELIVERABLE_REFUSED	LPNCCX2A7863089	
2026-05-09T12:25:45+00:00	171-7138994-2593109	1030500	B08H88N2N9	X0018CDFL3	Cubelelo Drift Warrior 3x3 Stickerless Cube | Beginner Speedcube for Kids Boys Girls Above 3 4 5 6 Years Old & Above | Magic Puzzle Toy | Durable & Smooth Cube with Anti-Pop Design 3 3	1	BLR5	SELLABLE	UNDELIVERABLE_REFUSED	LPNBLR5P3571316	
2026-05-09T12:18:43+00:00	404-9490242-8575519	CLB0525	B0DQ8XH4J5	X00271Q95N	Cubelelo Drift 3M Plus v2 MagLev 3x3 Speedcube with Premium Pouch & Cube Lubricant Combo | Advanced MagLev Technology for Superior Stability | Ultra-Smooth Turns | Ideal for Speedcubers, Kids & Adults	1	DEL2	CUSTOMER_DAMAGED	DEFECTIVE	LPNDEL2R82387665	
2026-05-09T12:01:24+00:00	405-4266370-9631529	1630210	B09HH8CC7Y	X00262W227	Cubelelo Drift Number Sliding Magnetic Puzzle 4x4 | Toys For 6-10 Years Old Boys & Girls | 15-Blocks Brain Teaser Puzzle Game for Kids | Educational, Learning, Activity Toy for Return & Birthday Gifts	1	DEL2	SELLABLE	UNDELIVERABLE_REFUSED	LPNDEL2R83491980	
2026-05-09T11:52:06+00:00	171-2562436-1204321	1290300	B0DB6311DK	X00239RFKR	Cubelelo Drift Megaminx v2 Cube (New Improved Version) | 12-Sided Fun and Challenging Puzzle with Ridge Design | Smooth Turning Dodecahedron | Perfect for Speed-Cubing | Ideal for Kids & Adults	1	CCX1	SELLABLE	UNDELIVERABLE_REFUSED	LPNCCX1B3947736	
2026-05-09T11:48:11+00:00	405-5925945-9669934	1030300_EAN	B0FBMGT6V7	X002C88WLZ	Cubelelo Drift Explorer 3x3 Speed Cube | Best Starter Speedcube for Beginners | Perfect Brain Teaser for Kids Ages 4 to14 Years Old & Above Boys Girls Children | Smooth Turning Puzzle Toy for Adults	1	BOM4	SELLABLE	UNDELIVERABLE_REFUSED	LPNBOM4N39860296	
2026-05-09T11:43:08+00:00	402-5332505-9334727	1030300_EAN	B0FBMGT6V7	X002C88WLZ	Cubelelo Drift Explorer 3x3 Speed Cube | Best Starter Speedcube for Beginners | Perfect Brain Teaser for Kids Ages 4 to14 Years Old & Above Boys Girls Children | Smooth Turning Puzzle Toy for Adults	1	CCX1	SELLABLE	UNDELIVERABLE_REFUSED	LPNCCX1B3910724	
2026-05-09T11:43:05+00:00	403-6150765-0808354	1030604	B0DRVQVFJB	X0027JJHDB	Cubelelo Drift 3M v3 3x3 Magnetic Speedcube (Standard) | Latest Version with New & Improved Internal Structure for Smooth Turns & Stability | Cube Toy for 6-10 Years Old Boys Girls Adults	1	CCX1	SELLABLE	UNDELIVERABLE_REFUSED	LPNCCX1B3988963	
2026-05-09T11:35:39+00:00	407-3151322-8172308	1030300_EAN	B0FBMGT6V7	X002C88WLZ	Cubelelo Drift Explorer 3x3 Speed Cube | Best Starter Speedcube for Beginners | Perfect Brain Teaser for Kids Ages 4 to14 Years Old & Above Boys Girls Children | Smooth Turning Puzzle Toy for Adults	1	BLR5	SELLABLE	UNDELIVERABLE_REFUSED	LPNBLR5P3267651	
2026-05-09T11:21:33+00:00	404-6374868-6003569	1630210	B09HH8CC7Y	X00262W227	Cubelelo Drift Number Sliding Magnetic Puzzle 4x4 | Toys For 6-10 Years Old Boys & Girls | 15-Blocks Brain Teaser Puzzle Game for Kids | Educational, Learning, Activity Toy for Return & Birthday Gifts	1	DEL2	SELLABLE	UNDELIVERABLE_REFUSED	LPNDEL2R83543733	
2026-05-09T11:20:36+00:00	405-0923232-8147539	1460577	B0D9NW55MK	X00232KSTT	Cubelelo Drift 2x2 with Cube Lubricant and Stand Combo | High-Performance Speed Cube | Smooth Turning & Durable | Ideal for All Ages	1	CCX1	SELLABLE	UNDELIVERABLE_REFUSED	LPNCCX1B1865117	
2026-05-09T11:03:35+00:00	171-9209389-9082709	1030400	B07XPNC385	X0012WM1NR	Cubelelo Drift 3x3 Black Speedcube | Beginner Cube for Kids & Adults | Magic Speed Stress Buster Brainstorming Puzzle (Multicolor) | Anti-Pop Technology | Smooth Turning | Durable	1	BLR5	SELLABLE	UNDELIVERABLE_REFUSED	LPNBLR5P3263945	
2026-05-09T10:57:59+00:00	402-0954484-9128326	1030300_EAN	B0FBMGT6V7	X002C88WLZ	Cubelelo Drift Explorer 3x3 Speed Cube | Best Starter Speedcube for Beginners | Perfect Brain Teaser for Kids Ages 4 to14 Years Old & Above Boys Girls Children | Smooth Turning Puzzle Toy for Adults	1	BLR5	SELLABLE	UNDELIVERABLE_REFUSED	LPNBLR5P3263932	
2026-05-09T10:41:42+00:00	171-8345471-8213111	1630210	B09HH8CC7Y	X00262W227	Cubelelo Drift Number Sliding Magnetic Puzzle 4x4 | Toys For 6-10 Years Old Boys & Girls | 15-Blocks Brain Teaser Puzzle Game for Kids | Educational, Learning, Activity Toy for Return & Birthday Gifts	1	DEL2	SELLABLE	UNDELIVERABLE_REFUSED	LPNDEL2R80942785	
2026-05-09T10:24:48+00:00	171-7337696-3984310	1630210	B09HH8CC7Y	X00262W227	Cubelelo Drift Number Sliding Magnetic Puzzle 4x4 | Toys For 6-10 Years Old Boys & Girls | 15-Blocks Brain Teaser Puzzle Game for Kids | Educational, Learning, Activity Toy for Return & Birthday Gifts	1	DEL2	SELLABLE	UNDELIVERABLE_REFUSED	LPNDEL2R82755101	
2026-05-09T10:11:33+00:00	408-3982867-2690719	1030604	B0DRVQVFJB	X0027JJHDB	Cubelelo Drift 3M v3 3x3 Magnetic Speedcube (Standard) | Latest Version with New & Improved Internal Structure for Smooth Turns & Stability | Cube Toy for 6-10 Years Old Boys Girls Adults	1	DEL2	SELLABLE	UNDELIVERABLE_REFUSED	LPNDEL2R83431188	
2026-05-09T10:08:15+00:00	403-4719839-6019506	1030500	B08H88N2N9	X0018CDFL3	Cubelelo Drift Warrior 3x3 Stickerless Cube | Beginner Speedcube for Kids Boys Girls Above 3 4 5 6 Years Old & Above | Magic Puzzle Toy | Durable & Smooth Cube with Anti-Pop Design 3 3	1	DEL2	SELLABLE	SWITCHEROO	LPNDEL2R83158336	
2026-05-09T09:20:48+00:00	404-9926871-7093952	1280100a	B09QYW9DYC	X001LHLHUV	Cubelelo Drift Pyraminx Puzzle Speedcube | Beginner Starter Cube for Kids 3+ Year Old & Above | Triangle Pyramid Shape Stickerless 3x3 Cubes Toy | Ideal for Boys Girls Children 4 5 6+ Years & Adults	1	BOM4	SELLABLE	UNDELIVERABLE_REFUSED	LPNBOM4N39674204	
2026-05-09T09:20:48+00:00	404-9926871-7093952	1280100a	B09QYW9DYC	X001LHLHUV	Cubelelo Drift Pyraminx Puzzle Speedcube | Beginner Starter Cube for Kids 3+ Year Old & Above | Triangle Pyramid Shape Stickerless 3x3 Cubes Toy | Ideal for Boys Girls Children 4 5 6+ Years & Adults	1	BOM4	SELLABLE	UNDELIVERABLE_REFUSED	LPNBOM4N39674205	
2026-05-09T09:19:52+00:00	404-6919546-7230758	1460553	B0BYVHGR5H	X001WPZI9N	Cubelelo Drift 2x2, 3x3 & Pyraminx Cube Combo (Stickerless) | Ideal for Kids Above 3 4 5 6 Years Old Boys Girls | 3 in 1 Speedcube Gift Set | High Speed Puzzle 3x3x3 2x2x2 Pyramid Triangle	1	BLR5	SELLABLE	UNDELIVERABLE_REFUSED	LPNBLR5P5197069	
2026-05-09T09:18:33+00:00	403-7971337-9149919	1630210	B09HH8CC7Y	X00262W227	Cubelelo Drift Number Sliding Magnetic Puzzle 4x4 | Toys For 6-10 Years Old Boys & Girls | 15-Blocks Brain Teaser Puzzle Game for Kids | Educational, Learning, Activity Toy for Return & Birthday Gifts	1	BLR5	SELLABLE	UNDELIVERABLE_UNKNOWN	LPNBLR5P3595604	
2026-05-09T09:13:36+00:00	404-3359014-3192345	1120600	B0DRVRHR6G	X0027JGNCT	Cubelelo Drift 3x3 Mirror Blue (Magnetic) (Tiled) Speedcube | Premium New Version Shape-Shifting Puzzle with Stunning Looks, Buttery Smooth Turns & Durability | Ideal for Kids Boys Girls Ages 6 & up	1	BLR5	CUSTOMER_DAMAGED	DEFECTIVE	LPNBLR5P3346864	
2026-05-09T08:49:03+00:00	171-5561447-7671567	1460503	B08XK4V59M	X001VFXJDV	Cubelelo Drift 2x2, 3x3 & 4x4 Premium Gift Box | 3-in-1 Puzzle Game Set | Triple the Challenge, Thrice the Fun | Ultimate Value Saver Combo | Brainstoming Toy for Children Kids & Adults	1	BLR5	SELLABLE	SWITCHEROO	LPNBLR5P2794980	The package was supposed to contain 2x2,3x3 and 4x4. But instead of 4x4 it contains pyramix cube.   I need 4x4
2026-05-09T08:44:41+00:00	404-3429035-2874760	1460501	B08XK25RRF	X001VLOAKL	Cubelelo Drift 2x2 & 3x3 Cube Gift Box Combo | 2-in-1 Puzzle Toy Game Set for Children Kids & Adults Ages 4 5 6 & Above | Double the Challenge, Twice the Fun | Ultimate Value Saver Combo	1	BLR5	SELLABLE	UNDELIVERABLE_REFUSED	LPNBLR5P3263836	
2026-05-09T08:44:41+00:00	408-0363369-8333141	1030604	B0DRVQVFJB	X0027JJHDB	Cubelelo Drift 3M v3 3x3 Magnetic Speedcube (Standard) | Latest Version with New & Improved Internal Structure for Smooth Turns & Stability | Cube Toy for 6-10 Years Old Boys Girls Adults	1	BLR5	SELLABLE	UNDELIVERABLE_REFUSED	LPNBLR5P3263837	
2026-05-09T08:40:51+00:00	407-1270510-4720338	1030603	B0DRVMTFN1	X0027JJ8K3	Cubelelo Drift 3M v3 3x3 (Magnetic UV Coated) Speedcube - New Version | Premium Glossy Finish, Ultra Fast & Smooth Turns, Enhanced Auto-Alignment with 48 Magnets | Puzzle Cube for Kids & Adults	1	CCX1	SELLABLE	DEFECTIVE	LPNCCX1B3873637	
2026-05-09T08:38:45+00:00	402-6249558-0185904	1630210	B09HH8CC7Y	X00262W227	Cubelelo Drift Number Sliding Magnetic Puzzle 4x4 | Toys For 6-10 Years Old Boys & Girls | 15-Blocks Brain Teaser Puzzle Game for Kids | Educational, Learning, Activity Toy for Return & Birthday Gifts	1	DEL2	SELLABLE	UNDELIVERABLE_REFUSED	LPNDEL2R80960279	
2026-05-09T08:37:04+00:00	402-4743365-5054705	1630222	B0GH18NXXG	X002HPDYRF	Cubelelo Drift Magnetic Tangram Puzzle | with Strong Magnets, Wooden Pieces & Bold Colors | Toys for 5-10 Years Old Boys Girls & Adults | Travel Friendly, Educational Toy for Return & Birthday Gifts	1	CCX1	SELLABLE	UNDELIVERABLE_REFUSED	LPNCCX1B3964875	
2026-05-09T08:14:07+00:00	406-2569998-8147509	1030300_EAN	B0FBMGT6V7	X002C88WLZ	Cubelelo Drift Explorer 3x3 Speed Cube | Best Starter Speedcube for Beginners | Perfect Brain Teaser for Kids Ages 4 to14 Years Old & Above Boys Girls Children | Smooth Turning Puzzle Toy for Adults	1	BLR5	SELLABLE	UNDELIVERABLE_UNKNOWN	LPNBLR5P3669651	
2026-05-09T08:12:41+00:00	407-4500271-6012330	1030500	B08H88N2N9	X0018CDFL3	Cubelelo Drift Warrior 3x3 Stickerless Cube | Beginner Speedcube for Kids Boys Girls Above 3 4 5 6 Years Old & Above | Magic Puzzle Toy | Durable & Smooth Cube with Anti-Pop Design 3 3	1	BLR5	SELLABLE	UNDELIVERABLE_REFUSED	LPNBLR5P4220898	
2026-05-09T08:09:49+00:00	406-2192927-6226737	1630210	B09HH8CC7Y	X00262W227	Cubelelo Drift Number Sliding Magnetic Puzzle 4x4 | Toys For 6-10 Years Old Boys & Girls | 15-Blocks Brain Teaser Puzzle Game for Kids | Educational, Learning, Activity Toy for Return & Birthday Gifts	1	DEL2	SELLABLE	UNDELIVERABLE_REFUSED	LPNDEL2R82785907	
2026-05-09T07:54:02+00:00	407-1082950-5347554	1180200	B0CZ9JH3F5	X001ZUQ2D1	Cubelelo Drift Axis (Tiled) 3x3 Magic Cube Puzzle | Unique Shape Mod with Premium Design, Smooth Finish Toy for Intermediate & Advanced Solvers | Toys for Adults & Kids Girls Boys Ages 7-14 Years Old	1	DEL2	SELLABLE	DEFECTIVE	LPNDEL2R82641534	
2026-05-09T07:25:38+00:00	403-7288283-1605962	1030400	B07XPNC385	X0012WM1NR	Cubelelo Drift 3x3 Black Speedcube | Beginner Cube for Kids & Adults | Magic Speed Stress Buster Brainstorming Puzzle (Multicolor) | Anti-Pop Technology | Smooth Turning | Durable	1	DEL2	SELLABLE	UNDELIVERABLE_REFUSED	LPNDEL2R83860792	
2026-05-09T07:02:45+00:00	402-0387183-3958755	1460553	B0BYVHGR5H	X001WPZI9N	Cubelelo Drift 2x2, 3x3 & Pyraminx Cube Combo (Stickerless) | Ideal for Kids Above 3 4 5 6 Years Old Boys Girls | 3 in 1 Speedcube Gift Set | High Speed Puzzle 3x3x3 2x2x2 Pyramid Triangle	1	BLR5	SELLABLE	DEFECTIVE	LPNBLR5P3342676	
2026-05-09T07:02:09+00:00	171-6158720-7761927	1030604	B0DRVQVFJB	X0027JJHDB	Cubelelo Drift 3M v3 3x3 Magnetic Speedcube (Standard) | Latest Version with New & Improved Internal Structure for Smooth Turns & Stability | Cube Toy for 6-10 Years Old Boys Girls Adults	1	BOM4	SELLABLE	UNDELIVERABLE_REFUSED	LPNBOM4N39942102	
2026-05-09T06:51:23+00:00	406-6258823-6050756	1030400	B07XPNC385	X0012WM1NR	Cubelelo Drift 3x3 Black Speedcube | Beginner Cube for Kids & Adults | Magic Speed Stress Buster Brainstorming Puzzle (Multicolor) | Anti-Pop Technology | Smooth Turning | Durable	1	DEL2	SELLABLE	UNDELIVERABLE_REFUSED	LPNDEL2R80910067	
2026-05-09T06:47:20+00:00	406-5817191-4285907	1630210	B09HH8CC7Y	X00262W227	Cubelelo Drift Number Sliding Magnetic Puzzle 4x4 | Toys For 6-10 Years Old Boys & Girls | 15-Blocks Brain Teaser Puzzle Game for Kids | Educational, Learning, Activity Toy for Return & Birthday Gifts	1	DEL2	SELLABLE	UNDELIVERABLE_REFUSED	LPNDEL2R82931003	
2026-05-09T06:21:10+00:00	406-2990474-0207514	1030604	B0DRVQVFJB	X0027JJHDB	Cubelelo Drift 3M v3 3x3 Magnetic Speedcube (Standard) | Latest Version with New & Improved Internal Structure for Smooth Turns & Stability | Cube Toy for 6-10 Years Old Boys Girls Adults	1	DEL2	SELLABLE	UNDELIVERABLE_REFUSED	LPNDEL2R80960114	
2026-05-09T06:18:05+00:00	407-1523151-5397126	1630210	B09HH8CC7Y	X00262W227	Cubelelo Drift Number Sliding Magnetic Puzzle 4x4 | Toys For 6-10 Years Old Boys & Girls | 15-Blocks Brain Teaser Puzzle Game for Kids | Educational, Learning, Activity Toy for Return & Birthday Gifts	1	DEL2	SELLABLE	UNDELIVERABLE_REFUSED	LPNDEL2R80942613	
2026-05-09T06:15:47+00:00	408-6948151-3786742	1630210	B09HH8CC7Y	X00262W227	Cubelelo Drift Number Sliding Magnetic Puzzle 4x4 | Toys For 6-10 Years Old Boys & Girls | 15-Blocks Brain Teaser Puzzle Game for Kids | Educational, Learning, Activity Toy for Return & Birthday Gifts	1	DEL2	SELLABLE	UNDELIVERABLE_REFUSED	LPNDEL2R82778795	
2026-05-09T06:03:44+00:00	406-8454452-5969965	1630210	B09HH8CC7Y	X00262W227	Cubelelo Drift Number Sliding Magnetic Puzzle 4x4 | Toys For 6-10 Years Old Boys & Girls | 15-Blocks Brain Teaser Puzzle Game for Kids | Educational, Learning, Activity Toy for Return & Birthday Gifts	1	BLR5	SELLABLE	UNDELIVERABLE_UNKNOWN	LPNBLR5P4391760	
2026-05-09T06:02:56+00:00	404-4813198-0949919	1030478	B09PYRTM4X	X001HYK0PL	Cubelelo Drift 3x3 Jelly Edition Speedcube Magic Cube Puzzle	1	BLR5	SELLABLE	DEFECTIVE	LPNBLR5P3876817	
2026-05-09T05:42:02+00:00	404-5900145-7413114	1630222	B0GH18NXXG	X002HPDYRF	Cubelelo Drift Magnetic Tangram Puzzle | with Strong Magnets, Wooden Pieces & Bold Colors | Toys for 5-10 Years Old Boys Girls & Adults | Travel Friendly, Educational Toy for Return & Birthday Gifts	1	BOM4	SELLABLE	UNDELIVERABLE_UNKNOWN	LPNBOM4N37724311	
2026-05-09T05:04:44+00:00	403-3624075-0489100	1030300_EAN	B0FBMGT6V7	X002C88WLZ	Cubelelo Drift Explorer 3x3 Speed Cube | Best Starter Speedcube for Beginners | Perfect Brain Teaser for Kids Ages 4 to14 Years Old & Above Boys Girls Children | Smooth Turning Puzzle Toy for Adults	1	BLR5	CUSTOMER_DAMAGED	DEFECTIVE	LPNBLR5P3263611	
2026-05-09T04:30:26+00:00	406-6419204-5453944	1030604	B0DRVQVFJB	X0027JJHDB	Cubelelo Drift 3M v3 3x3 Magnetic Speedcube (Standard) | Latest Version with New & Improved Internal Structure for Smooth Turns & Stability | Cube Toy for 6-10 Years Old Boys Girls Adults	1	BLR5	SELLABLE	UNDELIVERABLE_REFUSED	LPNBLR5P3874311	
2026-05-09T04:29:20+00:00	403-7608786-6821915	1630222	B0GH18NXXG	X002HPDYRF	Cubelelo Drift Magnetic Tangram Puzzle | with Strong Magnets, Wooden Pieces & Bold Colors | Toys for 5-10 Years Old Boys Girls & Adults | Travel Friendly, Educational Toy for Return & Birthday Gifts	1	BOM7	SELLABLE	UNDELIVERABLE_UNKNOWN	LPNBOM7D19998007	
2026-05-09T03:39:33+00:00	408-9029209-4005106	1030300_EAN	B0FBMGT6V7	X002C88WLZ	Cubelelo Drift Explorer 3x3 Speed Cube | Best Starter Speedcube for Beginners | Perfect Brain Teaser for Kids Ages 4 to14 Years Old & Above Boys Girls Children | Smooth Turning Puzzle Toy for Adults	1	DEL2	SELLABLE	SWITCHEROO	LPNDEL2R83543358	
2026-05-09T03:34:20+00:00	403-4616147-9906703	1030300_EAN	B0FBMGT6V7	X002C88WLZ	Cubelelo Drift Explorer 3x3 Speed Cube | Best Starter Speedcube for Beginners | Perfect Brain Teaser for Kids Ages 4 to14 Years Old & Above Boys Girls Children | Smooth Turning Puzzle Toy for Adults	1	BLR5	SELLABLE	UNDELIVERABLE_REFUSED	LPNBLR5P2730465	
2026-05-09T03:33:36+00:00	171-0058220-7549111	1030300_EAN	B0FBMGT6V7	X002C88WLZ	Cubelelo Drift Explorer 3x3 Speed Cube | Best Starter Speedcube for Beginners | Perfect Brain Teaser for Kids Ages 4 to14 Years Old & Above Boys Girls Children | Smooth Turning Puzzle Toy for Adults	1	BLR5	SELLABLE	UNDELIVERABLE_REFUSED	LPNBLR5P3280911	
2026-05-08T23:13:46+00:00	407-1029474-7957141	1040400	B0FL7TDJLF	X002DFU80F	Cubelelo Drift 4x4 Stickerless Cube Puzzle Toy | Combines Smoothness, Stability & Durability | 4x4x4 Speedcube for Beginners| Suitable for Kids Ages 6 to 14 Years Old, Boys, Girls & Adults	1	CCX2	SELLABLE	UNDELIVERABLE_REFUSED	LPNCCX2B1153596	
2026-05-08T20:07:19+00:00	404-0031580-9663522	1630210	B09HH8CC7Y	X00262W227	Cubelelo Drift Number Sliding Magnetic Puzzle 4x4 | Toys For 6-10 Years Old Boys & Girls | 15-Blocks Brain Teaser Puzzle Game for Kids | Educational, Learning, Activity Toy for Return & Birthday Gifts	1	CCX1	SELLABLE	UNDELIVERABLE_UNKNOWN	LPNCCX1B3889782	
2026-05-08T19:49:22+00:00	171-2004603-1376332	1020200	B08LBJ3P8L	X0019BU39P	Cubelelo Drift 2x2 Stickerless Cube | Beginner Speedcube for Kids Boys Girls Above 3 4 5 6 Years Old & Above | Magic Puzzle Toy | Durable & Smooth Cube with Anti-Pop Design 2x2x2	1	BOM4	SELLABLE	UNDELIVERABLE_REFUSED	LPNBOM4N35028674	
2026-05-08T17:24:56+00:00	405-5776857-8350761	1460501	B08XK25RRF	X001VLOAKL	Cubelelo Drift 2x2 & 3x3 Cube Gift Box Combo | 2-in-1 Puzzle Toy Game Set for Children Kids & Adults Ages 4 5 6 & Above | Double the Challenge, Twice the Fun | Ultimate Value Saver Combo	1	BLR5	SELLABLE	SWITCHEROO	LPNBLR5P4539458	Ordered 3x3 and 2x2 but item came is 5x5 and 4x4
2026-05-08T16:44:10+00:00	171-3244876-6325122	1040400	B0FL7TDJLF	X002DFU80F	Cubelelo Drift 4x4 Stickerless Cube Puzzle Toy | Combines Smoothness, Stability & Durability | 4x4x4 Speedcube for Beginners| Suitable for Kids Ages 6 to 14 Years Old, Boys, Girls & Adults	1	BLR5	CUSTOMER_DAMAGED	SWITCHEROO	LPNBLR5P2317772	
2026-05-08T16:28:23+00:00	404-3221501-6208327	1460503	B08XK4V59M	X001VFXJDV	Cubelelo Drift 2x2, 3x3 & 4x4 Premium Gift Box | 3-in-1 Puzzle Game Set | Triple the Challenge, Thrice the Fun | Ultimate Value Saver Combo | Brainstoming Toy for Children Kids & Adults	1	CCX1	SELLABLE	DEFECTIVE	LPNCCX1B3989698	
2026-05-08T12:55:51+00:00	408-7582473-0480355	1030500	B08H88N2N9	X0018CDFL3	Cubelelo Drift Warrior 3x3 Stickerless Cube | Beginner Speedcube for Kids Boys Girls Above 3 4 5 6 Years Old & Above | Magic Puzzle Toy | Durable & Smooth Cube with Anti-Pop Design 3 3	1	BLR5	SELLABLE	UNDELIVERABLE_REFUSED	LPNBLR5P4552374	
2026-05-08T12:49:18+00:00	402-8465421-1216364	1630223	B0GN1TJ7F4	X002IIXAZ7	Cubelelo Drift Clang! | 2-4 Players Classic Magnetic Attraction Strategy Game | Features 24 Magnets & Adjustable Rope | Fun Gifting Toy for Family, Teens & Adults | Compact and Travel Friendly	1	BLR5	SELLABLE	UNDELIVERABLE_UNKNOWN	LPNBLR5P2436500	
2026-05-08T12:45:27+00:00	402-1579138-1360344	1030604	B0DRVQVFJB	X0027JJHDB	Cubelelo Drift 3M v3 3x3 Magnetic Speedcube (Standard) | Latest Version with New & Improved Internal Structure for Smooth Turns & Stability | Cube Toy for 6-10 Years Old Boys Girls Adults	1	DEL2	CUSTOMER_DAMAGED	DEFECTIVE	LPNDEL2R82437111	
2026-05-08T12:16:45+00:00	407-5723965-1742744	1120100	B08LBGYZ51	X0019BU32H	Cubelelo Drift 3x3 Mirror (Silver) Magic Speed Cube | Shape Shifter Speedcube with Durable Stickers | Advanced 3x3x3 Puzzle Toy for Kids Ages 7-14 Boys Girls & Adults | Collector's Item	1	DEL2	SELLABLE	UNDELIVERABLE_REFUSED	LPNDEL2R80840359	
2026-05-08T12:13:32+00:00	402-8514483-5820336	1120100	B08LBGYZ51	X0019BU32H	Cubelelo Drift 3x3 Mirror (Silver) Magic Speed Cube | Shape Shifter Speedcube with Durable Stickers | Advanced 3x3x3 Puzzle Toy for Kids Ages 7-14 Boys Girls & Adults | Collector's Item	1	BLR5	SELLABLE	UNDELIVERABLE_REFUSED	LPNBLR5P4573584	
2026-05-08T12:11:16+00:00	403-6545834-5143528	1030300_EAN	B0FBMGT6V7	X002C88WLZ	Cubelelo Drift Explorer 3x3 Speed Cube | Best Starter Speedcube for Beginners | Perfect Brain Teaser for Kids Ages 4 to14 Years Old & Above Boys Girls Children | Smooth Turning Puzzle Toy for Adults	1	DEL2	SELLABLE	UNDELIVERABLE_REFUSED	LPNDEL2R82495835	
2026-05-08T12:09:45+00:00	402-7248928-0534736	1630202	B09B7PNSTV	X001ETHG47	Cubelelo Drift Infinity Cube (Blue) | Magic Puzzle Cool Mini Gadget for Stress and Anxiety Relief for Kids and Adults | Desk Finger Flip Toy for Fun and Game | for Ages 3 Years and Above	1	BOM4	SELLABLE	UNDELIVERABLE_UNKNOWN	LPNBOM4N38795705	
2026-05-08T12:00:15+00:00	405-2977312-8917946	1630210	B09HH8CC7Y	X00262W227	Cubelelo Drift Number Sliding Magnetic Puzzle 4x4 | Toys For 6-10 Years Old Boys & Girls | 15-Blocks Brain Teaser Puzzle Game for Kids | Educational, Learning, Activity Toy for Return & Birthday Gifts	1	DEL2	SELLABLE	UNDELIVERABLE_REFUSED	LPNDEL2R80840404	
2026-05-08T11:58:37+00:00	405-8673017-5020367	1280100a	B09QYW9DYC	X001LHLHUV	Cubelelo Drift Pyraminx Puzzle Speedcube | Beginner Starter Cube for Kids 3+ Year Old & Above | Triangle Pyramid Shape Stickerless 3x3 Cubes Toy | Ideal for Boys Girls Children 4 5 6+ Years & Adults	1	BLR5	CARRIER_DAMAGED	UNDELIVERABLE_REFUSED	LPNBLR5P3552422	
2026-05-08T11:56:20+00:00	402-4021663-9903505	1030604	B0DRVQVFJB	X0027JJHDB	Cubelelo Drift 3M v3 3x3 Magnetic Speedcube (Standard) | Latest Version with New & Improved Internal Structure for Smooth Turns & Stability | Cube Toy for 6-10 Years Old Boys Girls Adults	1	BLR5	SELLABLE	NEVER_ARRIVED	LPNBLR5P3595011	
2026-05-08T11:29:09+00:00	405-1110527-1336329	1630210	B09HH8CC7Y	X00262W227	Cubelelo Drift Number Sliding Magnetic Puzzle 4x4 | Toys For 6-10 Years Old Boys & Girls | 15-Blocks Brain Teaser Puzzle Game for Kids | Educational, Learning, Activity Toy for Return & Birthday Gifts	1	BLR5	SELLABLE	UNDELIVERABLE_REFUSED	LPNBLR5P3594983	
2026-05-08T11:24:59+00:00	405-8682009-7759551	1630210	B09HH8CC7Y	X00262W227	Cubelelo Drift Number Sliding Magnetic Puzzle 4x4 | Toys For 6-10 Years Old Boys & Girls | 15-Blocks Brain Teaser Puzzle Game for Kids | Educational, Learning, Activity Toy for Return & Birthday Gifts	1	BLR5	SELLABLE	UNDELIVERABLE_UNKNOWN	LPNBLR5P3594965	
2026-05-08T10:55:59+00:00	407-1304985-2489102	1040300	B09HH8XQ14	X001G4QY25	Cubelelo Drift 4x4 (Black) Speedcube | Challenging Brain Teaser Puzzle Toy for Kids 7-14 Years Old Boys Girls & Adults All Ages | Fast Speed Cube for Intermediate and Advanced Cubers	1	BOM4	CUSTOMER_DAMAGED	DEFECTIVE	LPNBOM4N38602564	
2026-05-08T10:54:53+00:00	171-0289180-8222739	1030500	B08H88N2N9	X0018CDFL3	Cubelelo Drift Warrior 3x3 Stickerless Cube | Beginner Speedcube for Kids Boys Girls Above 3 4 5 6 Years Old & Above | Magic Puzzle Toy | Durable & Smooth Cube with Anti-Pop Design 3 3	1	DEL2	SELLABLE	UNDELIVERABLE_REFUSED	LPNDEL2R82436897	
2026-05-08T10:15:57+00:00	406-6254568-1873167	1030400	B07XPNC385	X0012WM1NR	Cubelelo Drift 3x3 Black Speedcube | Beginner Cube for Kids & Adults | Magic Speed Stress Buster Brainstorming Puzzle (Multicolor) | Anti-Pop Technology | Smooth Turning | Durable	1	CCX2	SELLABLE	UNDELIVERABLE_REFUSED	LPNCCX2B1205634	
2026-05-08T09:38:07+00:00	405-8717964-3857919	1030400	B07XPNC385	X0012WM1NR	Cubelelo Drift 3x3 Black Speedcube | Beginner Cube for Kids & Adults | Magic Speed Stress Buster Brainstorming Puzzle (Multicolor) | Anti-Pop Technology | Smooth Turning | Durable	1	BLR5	SELLABLE	UNDELIVERABLE_REFUSED	LPNBLR5P3248501	
2026-05-08T09:22:01+00:00	171-2623623-0706766	1140034	B0CP1XHDTC	X001WWIYG5	Cubelelo Drift Gear 3x3 Tiled Black Puzzle - Unique Gear Mechanism Speedcube for Enthusiasts & Beginners | Durable, Smooth-Turning, and Visually Striking 3x3 Magic Cube for Kid	1	BLR5	SELLABLE	SWITCHEROO	LPNBLR5P3323687	
2026-05-08T09:16:41+00:00	408-9552280-4189936	1630222	B0GH18NXXG	X002HPDYRF	Cubelelo Drift Magnetic Tangram Puzzle | with Strong Magnets, Wooden Pieces & Bold Colors | Toys for 5-10 Years Old Boys Girls & Adults | Travel Friendly, Educational Toy for Return & Birthday Gifts	1	BOM4	SELLABLE	QUALITY_UNACCEPTABLE	LPNBOM4N38789700	
2026-05-08T09:13:23+00:00	402-2993419-3013169	1040400	B0FL7TDJLF	X002DFU80F	Cubelelo Drift 4x4 Stickerless Cube Puzzle Toy | Combines Smoothness, Stability & Durability | 4x4x4 Speedcube for Beginners| Suitable for Kids Ages 6 to 14 Years Old, Boys, Girls & Adults	1	BLR5	SELLABLE	UNDELIVERABLE_REFUSED	LPNBLR5P3248475	
2026-05-08T09:08:37+00:00	406-0347066-3852360	1030651	B0DJQWJFSX	X0025EZ04D	Cubelelo Drift 3M Plus v2 3x3 (Magnetic) (New Upgraded Version) | Based on MoYu RS3M v5 | Dual-Adjustment System | Speedcube for Kids & Adults | Magic Speedy Stress Buster Brainstorming Puzzle	1	BLR5	SELLABLE	UNDELIVERABLE_REFUSED	LPNBLR5P3594870	
2026-05-08T08:48:32+00:00	404-3622755-2276345	1120038a	B0FHW9DQ29	X002CWQDK3	Cubelelo Drift Mirror 3x3 (Tiled - Colored) Speed Cube | No Stickers, Premium Finish with Smooth Turning Speedcube for Kids and Adults	1	BLR5	SELLABLE	DEFECTIVE	LPNBLR5P3209455	
2026-05-08T08:34:22+00:00	404-3611936-4999536	1630210	B09HH8CC7Y	X00262W227	Cubelelo Drift Number Sliding Magnetic Puzzle 4x4 | Toys For 6-10 Years Old Boys & Girls | 15-Blocks Brain Teaser Puzzle Game for Kids | Educational, Learning, Activity Toy for Return & Birthday Gifts	1	BLR5	SELLABLE	UNDELIVERABLE_REFUSED	LPNBLR5P3284041	
2026-05-08T08:19:58+00:00	405-0022271-9413121	1030300_EAN	B0FBMGT6V7	X002C88WLZ	Cubelelo Drift Explorer 3x3 Speed Cube | Best Starter Speedcube for Beginners | Perfect Brain Teaser for Kids Ages 4 to14 Years Old & Above Boys Girls Children | Smooth Turning Puzzle Toy for Adults	1	BLR5	SELLABLE	UNDELIVERABLE_UNKNOWN	LPNBLR5P2813138	
2026-05-08T08:10:32+00:00	171-9644499-2353124	1670100_EAN	B0C55MBRHV	X001S3J90D	Cubelelo Drift Megaminx 2x2 Stickerless Speedcube Puzzle for Kids & Adults | 12 Sided Unique Challenging Puzzle with Adjustable Tension & Anti-pop Design	1	BOM4	DAMAGED	UNDELIVERABLE_REFUSED	LPNBOM4N39894963	
2026-05-08T07:06:51+00:00	403-2126176-6447564	1030604	B0DRVQVFJB	X0027JJHDB	Cubelelo Drift 3M v3 3x3 Magnetic Speedcube (Standard) | Latest Version with New & Improved Internal Structure for Smooth Turns & Stability | Cube Toy for 6-10 Years Old Boys Girls Adults	1	CCX2	SELLABLE	UNDELIVERABLE_REFUSED	LPNCCX2B1197933	
2026-05-08T06:47:50+00:00	407-3212461-4141103	1140034	B0CP1XHDTC	X001WWIYG5	Cubelelo Drift Gear 3x3 Tiled Black Puzzle - Unique Gear Mechanism Speedcube for Enthusiasts & Beginners | Durable, Smooth-Turning, and Visually Striking 3x3 Magic Cube for Kid	1	BOM4	SELLABLE	SWITCHEROO	LPNBOM4N39946579	
2026-05-08T06:07:55+00:00	405-8120910-6295561	1030300_EAN	B0FBMGT6V7	X002C88WLZ	Cubelelo Drift Explorer 3x3 Speed Cube | Best Starter Speedcube for Beginners | Perfect Brain Teaser for Kids Ages 4 to14 Years Old & Above Boys Girls Children | Smooth Turning Puzzle Toy for Adults	1	DEL2	SELLABLE	UNDELIVERABLE_REFUSED	LPNDEL2R82188741	
2026-05-08T05:59:48+00:00	404-2884123-3292365	1460503	B08XK4V59M	X001VFXJDV	Cubelelo Drift 2x2, 3x3 & 4x4 Premium Gift Box | 3-in-1 Puzzle Game Set | Triple the Challenge, Thrice the Fun | Ultimate Value Saver Combo | Brainstoming Toy for Children Kids & Adults	1	BLR5	SELLABLE	SWITCHEROO	LPNBLR5P4459582	I ordered 2x2,3x3,4x4 cubes but I received 2x2,3x3 cube and a pyraminx cube
2026-05-08T05:59:09+00:00	405-7770752-2234735	1290300	B0DB6311DK	X00239RFKR	Cubelelo Drift Megaminx v2 Cube (New Improved Version) | 12-Sided Fun and Challenging Puzzle with Ridge Design | Smooth Turning Dodecahedron | Perfect for Speed-Cubing | Ideal for Kids & Adults	1	CCX2	SELLABLE	SWITCHEROO	LPNCCX2A9614053	Wrong item
2026-05-08T05:51:49+00:00	408-5875539-3033122	1030604	B0DRVQVFJB	X0027JJHDB	Cubelelo Drift 3M v3 3x3 Magnetic Speedcube (Standard) | Latest Version with New & Improved Internal Structure for Smooth Turns & Stability | Cube Toy for 6-10 Years Old Boys Girls Adults	1	CCX2	SELLABLE	UNDELIVERABLE_REFUSED	LPNCCX2A7854783	
2026-05-08T05:41:05+00:00	403-3466016-1401961	1030400	B07XPNC385	X0012WM1NR	Cubelelo Drift 3x3 Black Speedcube | Beginner Cube for Kids & Adults | Magic Speed Stress Buster Brainstorming Puzzle (Multicolor) | Anti-Pop Technology | Smooth Turning | Durable	1	BLR5	SELLABLE	UNDELIVERABLE_REFUSED	LPNBLR5P3262954	
2026-05-08T05:26:23+00:00	404-9744471-3574728	1460510	B0BZL11XWC	X001VW450P	Cubelelo Drift 4x4, 5x5 Premium Gift Box | 2-in-1 Puzzle Game Set | Challenge, Thrice The Fun | Ultimate Value Saver Combo | Brainstoming Toy for Children Kids & Adults	1	BLR5	SELLABLE	UNDELIVERABLE_REFUSED	LPNBLR5P2317166	
2026-05-08T05:05:30+00:00	408-2586788-5622750	1120100	B08LBGYZ51	X0019BU32H	Cubelelo Drift 3x3 Mirror (Silver) Magic Speed Cube | Shape Shifter Speedcube with Durable Stickers | Advanced 3x3x3 Puzzle Toy for Kids Ages 7-14 Boys Girls & Adults | Collector's Item	1	BOM4	CUSTOMER_DAMAGED	SWITCHEROO	LPNBOM4N39868460	
2026-05-08T05:02:17+00:00	402-1100214-9564349	CLB0525	B0DQ8XH4J5	X00271Q95N	Cubelelo Drift 3M Plus v2 MagLev 3x3 Speedcube with Premium Pouch & Cube Lubricant Combo | Advanced MagLev Technology for Superior Stability | Ultra-Smooth Turns | Ideal for Speedcubers, Kids & Adults	1	DEL2	SELLABLE	DEFECTIVE	LPNDEL2R82388420	
2026-05-08T04:53:18+00:00	407-6438913-7238703	1630210	B09HH8CC7Y	X00262W227	Cubelelo Drift Number Sliding Magnetic Puzzle 4x4 | Toys For 6-10 Years Old Boys & Girls | 15-Blocks Brain Teaser Puzzle Game for Kids | Educational, Learning, Activity Toy for Return & Birthday Gifts	1	DEL2	SELLABLE	UNDELIVERABLE_UNKNOWN	LPNDEL2R82747898	
2026-05-08T04:49:11+00:00	403-4077256-0531536	1030300_EAN	B0FBMGT6V7	X002C88WLZ	Cubelelo Drift Explorer 3x3 Speed Cube | Best Starter Speedcube for Beginners | Perfect Brain Teaser for Kids Ages 4 to14 Years Old & Above Boys Girls Children | Smooth Turning Puzzle Toy for Adults	1	BLR8	SELLABLE	UNDELIVERABLE_REFUSED	LPNBLR8Z4509166	
2026-05-08T04:39:39+00:00	408-5587208-5096346	1630223	B0GN1TJ7F4	X002IIXAZ7	Cubelelo Drift Clang! | 2-4 Players Classic Magnetic Attraction Strategy Game | Features 24 Magnets & Adjustable Rope | Fun Gifting Toy for Family, Teens & Adults | Compact and Travel Friendly	1	DEL2	CUSTOMER_DAMAGED	MISSING_PARTS	LPNDEL2R83915380	
2026-05-08T04:35:33+00:00	171-8449200-4805932	1030478	B09PYRTM4X	X001HYK0PL	Cubelelo Drift 3x3 Jelly Edition Speedcube Magic Cube Puzzle	1	BLR5	SELLABLE	DEFECTIVE	LPNBLR5P3323377	
2026-05-08T04:22:19+00:00	403-3297921-8282756	1630210	B09HH8CC7Y	X00262W227	Cubelelo Drift Number Sliding Magnetic Puzzle 4x4 | Toys For 6-10 Years Old Boys & Girls | 15-Blocks Brain Teaser Puzzle Game for Kids | Educational, Learning, Activity Toy for Return & Birthday Gifts	1	DEL2	SELLABLE	UNDELIVERABLE_UNKNOWN	LPNDEL2R82934874	
2026-05-08T03:58:54+00:00	408-4262992-3259565	1630210	B09HH8CC7Y	X00262W227	Cubelelo Drift Number Sliding Magnetic Puzzle 4x4 | Toys For 6-10 Years Old Boys & Girls | 15-Blocks Brain Teaser Puzzle Game for Kids | Educational, Learning, Activity Toy for Return & Birthday Gifts	1	BOM4	CUSTOMER_DAMAGED	DAMAGED_BY_FC	LPNBOM4N38784763	
2026-05-08T03:53:24+00:00	402-9804788-1492321	1030300_EAN	B0FBMGT6V7	X002C88WLZ	Cubelelo Drift Explorer 3x3 Speed Cube | Best Starter Speedcube for Beginners | Perfect Brain Teaser for Kids Ages 4 to14 Years Old & Above Boys Girls Children | Smooth Turning Puzzle Toy for Adults	1	DEL2	SELLABLE	DAMAGED_BY_FC	LPNDEL2R82238554	
2026-05-08T03:52:03+00:00	171-8068804-1536320	1030300_EAN	B0FBMGT6V7	X002C88WLZ	Cubelelo Drift Explorer 3x3 Speed Cube | Best Starter Speedcube for Beginners | Perfect Brain Teaser for Kids Ages 4 to14 Years Old & Above Boys Girls Children | Smooth Turning Puzzle Toy for Adults	1	BOM4	SELLABLE	NOT_AS_DESCRIBED	LPNBOM4N39946433	Very small
2026-05-08T03:40:11+00:00	404-3132893-4313938	1630210	B09HH8CC7Y	X00262W227	Cubelelo Drift Number Sliding Magnetic Puzzle 4x4 | Toys For 6-10 Years Old Boys & Girls | 15-Blocks Brain Teaser Puzzle Game for Kids | Educational, Learning, Activity Toy for Return & Birthday Gifts	1	DEL2	SELLABLE	UNDELIVERABLE_REFUSED	LPNDEL2R80686942	
2026-05-08T03:33:30+00:00	171-0536782-5486758	1030604	B0DRVQVFJB	X0027JJHDB	Cubelelo Drift 3M v3 3x3 Magnetic Speedcube (Standard) | Latest Version with New & Improved Internal Structure for Smooth Turns & Stability | Cube Toy for 6-10 Years Old Boys Girls Adults	1	BOM4	DEFECTIVE	DAMAGED_BY_FC	LPNBOM4N38794654	Magnetic nahi h
2026-05-08T03:26:03+00:00	407-0260606-5060341	1030322	B07F1M6KCP	X000WRSIMB	Cubelelo Drift 3x3 Carbon Fiber Speed Cube Puzzle | Premium Multicolor Magic Cube for Kids & Adults | Stress Relief Brain Teaser with Smooth Turns & Durable Carbon Fiber Stickers	1	DEL2	SELLABLE	UNDELIVERABLE_REFUSED	LPNDEL2R83860374	
2026-05-08T03:15:52+00:00	404-8143118-3632318	1030500	B08H88N2N9	X0018CDFL3	Cubelelo Drift Warrior 3x3 Stickerless Cube | Beginner Speedcube for Kids Boys Girls Above 3 4 5 6 Years Old & Above | Magic Puzzle Toy | Durable & Smooth Cube with Anti-Pop Design 3 3	1	BOM4	SELLABLE	UNDELIVERABLE_REFUSED	LPNBOM4N39885282	
2026-05-08T03:13:18+00:00	171-3182929-7721958	1460580	B079WVQD89	X002345VBR	Cubelelo Drift 4x4 with Cube Lubricant and Stand Combo | High-Performance Speed Cube | Adjustable Tension & Smooth Turning | Durable & Reliable | Ideal for All Ages	1	BOM4	DEFECTIVE	SWITCHEROO	LPNBOM4N38773876	I have ordered the 4x4 rubix Cube, but I received 2x2 cube instead. Also there is a lubricant in the photo, that is also not present. The order I recieved is completely different from what I Ordered.
2026-05-07T22:35:35+00:00	407-2532170-8875564	1030300_EAN	B0FBMGT6V7	X002C88WLZ	Cubelelo Drift Explorer 3x3 Speed Cube | Best Starter Speedcube for Beginners | Perfect Brain Teaser for Kids Ages 4 to14 Years Old & Above Boys Girls Children | Smooth Turning Puzzle Toy for Adults	1	BOM4	SELLABLE	UNDELIVERABLE_REFUSED	LPNBOM4N38209136	
2026-05-07T21:18:36+00:00	405-4621465-2760307	1030604	B0DRVQVFJB	X0027JJHDB	Cubelelo Drift 3M v3 3x3 Magnetic Speedcube (Standard) | Latest Version with New & Improved Internal Structure for Smooth Turns & Stability | Cube Toy for 6-10 Years Old Boys Girls Adults	1	BLR5	SELLABLE	UNDELIVERABLE_REFUSED	LPNBLR5P3907015	
2026-05-07T21:18:31+00:00	404-9497502-0293949	1030400	B07XPNC385	X0012WM1NR	Cubelelo Drift 3x3 Black Speedcube | Beginner Cube for Kids & Adults | Magic Speed Stress Buster Brainstorming Puzzle (Multicolor) | Anti-Pop Technology | Smooth Turning | Durable	1	BLR5	SELLABLE	UNDELIVERABLE_UNKNOWN	LPNBLR5P4613643	
2026-05-07T21:18:31+00:00	404-9497502-0293949	1030400	B07XPNC385	X0012WM1NR	Cubelelo Drift 3x3 Black Speedcube | Beginner Cube for Kids & Adults | Magic Speed Stress Buster Brainstorming Puzzle (Multicolor) | Anti-Pop Technology | Smooth Turning | Durable	1	BLR5	SELLABLE	UNDELIVERABLE_UNKNOWN	LPNBLR5P4613645	
2026-05-07T18:11:15+00:00	408-3033041-2956329	1020200	B08LBJ3P8L	X0019BU39P	Cubelelo Drift 2x2 Stickerless Cube | Beginner Speedcube for Kids Boys Girls Above 3 4 5 6 Years Old & Above | Magic Puzzle Toy | Durable & Smooth Cube with Anti-Pop Design 2x2x2	1	CCX1	SELLABLE	UNDELIVERABLE_UNKNOWN	LPNCCX1B3861451	
2026-05-07T15:00:52+00:00	404-7639680-9073903	1030300_EAN	B0FBMGT6V7	X002C88WLZ	Cubelelo Drift Explorer 3x3 Speed Cube | Best Starter Speedcube for Beginners | Perfect Brain Teaser for Kids Ages 4 to14 Years Old & Above Boys Girls Children | Smooth Turning Puzzle Toy for Adults	1	BLR5	SELLABLE	UNDELIVERABLE_REFUSED	LPNBLR5P4551654	
2026-05-07T14:54:09+00:00	403-5094027-9707514	1630223	B0GN1TJ7F4	X002IIXAZ7	Cubelelo Drift Clang! | 2-4 Players Classic Magnetic Attraction Strategy Game | Features 24 Magnets & Adjustable Rope | Fun Gifting Toy for Family, Teens & Adults | Compact and Travel Friendly	1	BLR5	SELLABLE	NEVER_ARRIVED	LPNBLR5P2808413	
2026-05-07T13:14:12+00:00	405-2816668-1290736	1030651	B0DJQWJFSX	X0025EZ04D	Cubelelo Drift 3M Plus v2 3x3 (Magnetic) (New Upgraded Version) | Based on MoYu RS3M v5 | Dual-Adjustment System | Speedcube for Kids & Adults | Magic Speedy Stress Buster Brainstorming Puzzle	1	CCX2	SELLABLE	UNDELIVERABLE_REFUSED	LPNCCX2B1092048	
2026-05-07T12:54:08+00:00	406-8290378-0451523	1030300_EAN	B0FBMGT6V7	X002C88WLZ	Cubelelo Drift Explorer 3x3 Speed Cube | Best Starter Speedcube for Beginners | Perfect Brain Teaser for Kids Ages 4 to14 Years Old & Above Boys Girls Children | Smooth Turning Puzzle Toy for Adults	1	BOM4	SELLABLE	UNDELIVERABLE_REFUSED	LPNBOM4N38618753	
2026-05-07T12:53:31+00:00	407-0617233-6449956	1030604	B0DRVQVFJB	X0027JJHDB	Cubelelo Drift 3M v3 3x3 Magnetic Speedcube (Standard) | Latest Version with New & Improved Internal Structure for Smooth Turns & Stability | Cube Toy for 6-10 Years Old Boys Girls Adults	1	BOM4	SELLABLE	UNDELIVERABLE_REFUSED	LPNBOM4N39868400	
2026-05-07T12:46:32+00:00	402-5778419-6145124	1030300_EAN	B0FBMGT6V7	X002C88WLZ	Cubelelo Drift Explorer 3x3 Speed Cube | Best Starter Speedcube for Beginners | Perfect Brain Teaser for Kids Ages 4 to14 Years Old & Above Boys Girls Children | Smooth Turning Puzzle Toy for Adults	1	BLR5	SELLABLE	UNDELIVERABLE_UNKNOWN	LPNBLR5P2793865	
2026-05-07T12:11:30+00:00	405-1992800-5008335	1030604	B0DRVQVFJB	X0027JJHDB	Cubelelo Drift 3M v3 3x3 Magnetic Speedcube (Standard) | Latest Version with New & Improved Internal Structure for Smooth Turns & Stability | Cube Toy for 6-10 Years Old Boys Girls Adults	1	DEL2	SELLABLE	UNDELIVERABLE_REFUSED	LPNDEL2R81603897	
2026-05-07T11:48:52+00:00	406-3335905-7345154	1030300_EAN	B0FBMGT6V7	X002C88WLZ	Cubelelo Drift Explorer 3x3 Speed Cube | Best Starter Speedcube for Beginners | Perfect Brain Teaser for Kids Ages 4 to14 Years Old & Above Boys Girls Children | Smooth Turning Puzzle Toy for Adults	1	BLR5	SELLABLE	NEVER_ARRIVED	LPNBLR5P3668634	
2026-05-07T11:25:01+00:00	405-5714356-7607537	1030604	B0DRVQVFJB	X0027JJHDB	Cubelelo Drift 3M v3 3x3 Magnetic Speedcube (Standard) | Latest Version with New & Improved Internal Structure for Smooth Turns & Stability | Cube Toy for 6-10 Years Old Boys Girls Adults	1	DEL2	SELLABLE	UNDELIVERABLE_REFUSED	LPNDEL2R82784836	
2026-05-07T11:15:00+00:00	407-9046498-0369150	1030604	B0DRVQVFJB	X0027JJHDB	Cubelelo Drift 3M v3 3x3 Magnetic Speedcube (Standard) | Latest Version with New & Improved Internal Structure for Smooth Turns & Stability | Cube Toy for 6-10 Years Old Boys Girls Adults	1	BLR5	CUSTOMER_DAMAGED	SWITCHEROO	LPNBLR5P3730698	
2026-05-07T10:40:34+00:00	406-4373898-4596368	1030604	B0DRVQVFJB	X0027JJHDB	Cubelelo Drift 3M v3 3x3 Magnetic Speedcube (Standard) | Latest Version with New & Improved Internal Structure for Smooth Turns & Stability | Cube Toy for 6-10 Years Old Boys Girls Adults	1	CCX1	SELLABLE	UNDELIVERABLE_UNKNOWN	LPNCCX1B1936372	
2026-05-07T10:35:07+00:00	171-7031483-5513933	1030604	B0DRVQVFJB	X0027JJHDB	Cubelelo Drift 3M v3 3x3 Magnetic Speedcube (Standard) | Latest Version with New & Improved Internal Structure for Smooth Turns & Stability | Cube Toy for 6-10 Years Old Boys Girls Adults	1	DEL2	SELLABLE	UNDELIVERABLE_REFUSED	LPNDEL2R82541458	
2026-05-07T10:31:10+00:00	402-8347731-1932326	1120100	B08LBGYZ51	X0019BU32H	Cubelelo Drift 3x3 Mirror (Silver) Magic Speed Cube | Shape Shifter Speedcube with Durable Stickers | Advanced 3x3x3 Puzzle Toy for Kids Ages 7-14 Boys Girls & Adults | Collector's Item	1	CCX1	SELLABLE	UNDELIVERABLE_UNKNOWN	LPNCCX1B3057853	
2026-05-07T09:47:12+00:00	406-2339958-2161908	1030400	B07XPNC385	X0012WM1NR	Cubelelo Drift 3x3 Black Speedcube | Beginner Cube for Kids & Adults | Magic Speed Stress Buster Brainstorming Puzzle (Multicolor) | Anti-Pop Technology | Smooth Turning | Durable	1	BLR5	SELLABLE	UNDELIVERABLE_REFUSED	LPNBLR5P2386206	
2026-05-07T09:46:32+00:00	404-7162043-0965911	1030300_EAN	B0FBMGT6V7	X002C88WLZ	Cubelelo Drift Explorer 3x3 Speed Cube | Best Starter Speedcube for Beginners | Perfect Brain Teaser for Kids Ages 4 to14 Years Old & Above Boys Girls Children | Smooth Turning Puzzle Toy for Adults	1	DEL2	CUSTOMER_DAMAGED	DEFECTIVE	LPNDEL2R82934549	
2026-05-07T08:53:30+00:00	408-3452817-2718760	1030300_EAN	B0FBMGT6V7	X002C88WLZ	Cubelelo Drift Explorer 3x3 Speed Cube | Best Starter Speedcube for Beginners | Perfect Brain Teaser for Kids Ages 4 to14 Years Old & Above Boys Girls Children | Smooth Turning Puzzle Toy for Adults	1	BLR5	SELLABLE	UNDELIVERABLE_REFUSED	LPNBLR5P3254220	
2026-05-07T08:45:04+00:00	171-1580676-5571562	1030300_EAN	B0FBMGT6V7	X002C88WLZ	Cubelelo Drift Explorer 3x3 Speed Cube | Best Starter Speedcube for Beginners | Perfect Brain Teaser for Kids Ages 4 to14 Years Old & Above Boys Girls Children | Smooth Turning Puzzle Toy for Adults	1	JPX1	SELLABLE	UNDELIVERABLE_UNKNOWN	LPNJPX1A1932844	
2026-05-07T08:25:52+00:00	406-2282132-4376354	1630210	B09HH8CC7Y	X00262W227	Cubelelo Drift Number Sliding Magnetic Puzzle 4x4 | Toys For 6-10 Years Old Boys & Girls | 15-Blocks Brain Teaser Puzzle Game for Kids | Educational, Learning, Activity Toy for Return & Birthday Gifts	1	BLR8	SELLABLE	UNDELIVERABLE_REFUSED	LPNBLR8Z3271744	
2026-05-07T08:25:52+00:00	406-2282132-4376354	1460501	B08XK25RRF	X001VLOAKL	Cubelelo Drift 2x2 & 3x3 Cube Gift Box Combo | 2-in-1 Puzzle Toy Game Set for Children Kids & Adults Ages 4 5 6 & Above | Double the Challenge, Twice the Fun | Ultimate Value Saver Combo	1	BLR8	SELLABLE	UNDELIVERABLE_REFUSED	LPNBLR8Z3271743	
2026-05-07T08:25:52+00:00	406-2282132-4376354	1040400	B0FL7TDJLF	X002DFU80F	Cubelelo Drift 4x4 Stickerless Cube Puzzle Toy | Combines Smoothness, Stability & Durability | 4x4x4 Speedcube for Beginners| Suitable for Kids Ages 6 to 14 Years Old, Boys, Girls & Adults	1	BLR8	SELLABLE	UNDELIVERABLE_REFUSED	LPNBLR8Z3271752	
2026-05-07T08:18:25+00:00	406-6046572-2757155	1030300_EAN	B0FBMGT6V7	X002C88WLZ	Cubelelo Drift Explorer 3x3 Speed Cube | Best Starter Speedcube for Beginners | Perfect Brain Teaser for Kids Ages 4 to14 Years Old & Above Boys Girls Children | Smooth Turning Puzzle Toy for Adults	1	DEL2	CUSTOMER_DAMAGED	DEFECTIVE	LPNDEL2R82234123	
2026-05-07T08:15:29+00:00	403-6950621-6193911	1030300_EAN	B0FBMGT6V7	X002C88WLZ	Cubelelo Drift Explorer 3x3 Speed Cube | Best Starter Speedcube for Beginners | Perfect Brain Teaser for Kids Ages 4 to14 Years Old & Above Boys Girls Children | Smooth Turning Puzzle Toy for Adults	1	BOM4	SELLABLE	UNDELIVERABLE_REFUSED	LPNBOM4N39922138	
2026-05-07T07:48:04+00:00	403-3872333-6479513	1030300_EAN	B0FBMGT6V7	X002C88WLZ	Cubelelo Drift Explorer 3x3 Speed Cube | Best Starter Speedcube for Beginners | Perfect Brain Teaser for Kids Ages 4 to14 Years Old & Above Boys Girls Children | Smooth Turning Puzzle Toy for Adults	1	CCX2	SELLABLE	UNDELIVERABLE_REFUSED	LPNCCX2B0643815	
2026-05-07T07:42:24+00:00	404-2135927-0090747	1040300	B09HH8XQ14	X001G4QY25	Cubelelo Drift 4x4 (Black) Speedcube | Challenging Brain Teaser Puzzle Toy for Kids 7-14 Years Old Boys Girls & Adults All Ages | Fast Speed Cube for Intermediate and Advanced Cubers	1	BLR5	SELLABLE	UNDELIVERABLE_UNKNOWN	LPNBLR5P1345894	
2026-05-07T07:28:36+00:00	403-3863336-4740320	1030604	B0DRVQVFJB	X0027JJHDB	Cubelelo Drift 3M v3 3x3 Magnetic Speedcube (Standard) | Latest Version with New & Improved Internal Structure for Smooth Turns & Stability | Cube Toy for 6-10 Years Old Boys Girls Adults	1	CCX1	SELLABLE	UNDELIVERABLE_REFUSED	LPNCCX1B1938497	
2026-05-07T07:05:25+00:00	404-0150217-1814744	1630202	B09B7PNSTV	X001ETHG47	Cubelelo Drift Infinity Cube (Blue) | Magic Puzzle Cool Mini Gadget for Stress and Anxiety Relief for Kids and Adults | Desk Finger Flip Toy for Fun and Game | for Ages 3 Years and Above	1	BLR5	CUSTOMER_DAMAGED	DEFECTIVE	LPNBLR5P4394834	
2026-05-07T07:04:03+00:00	402-3704079-3273959	1030500	B08H88N2N9	X0018CDFL3	Cubelelo Drift Warrior 3x3 Stickerless Cube | Beginner Speedcube for Kids Boys Girls Above 3 4 5 6 Years Old & Above | Magic Puzzle Toy | Durable & Smooth Cube with Anti-Pop Design 3 3	1	DEL2	SELLABLE	UNDELIVERABLE_REFUSED	LPNDEL2R82984583	
2026-05-07T06:17:49+00:00	406-4592614-6705136	1290300	B0DB6311DK	X00239RFKR	Cubelelo Drift Megaminx v2 Cube (New Improved Version) | 12-Sided Fun and Challenging Puzzle with Ridge Design | Smooth Turning Dodecahedron | Perfect for Speed-Cubing | Ideal for Kids & Adults	1	BLR5	SELLABLE	UNDELIVERABLE_REFUSED	LPNBLR5P3770502	
2026-05-07T06:12:31+00:00	405-2207984-2838700	1030300_EAN	B0FBMGT6V7	X002C88WLZ	Cubelelo Drift Explorer 3x3 Speed Cube | Best Starter Speedcube for Beginners | Perfect Brain Teaser for Kids Ages 4 to14 Years Old & Above Boys Girls Children | Smooth Turning Puzzle Toy for Adults	1	BLR5	SELLABLE	DEFECTIVE	LPNBLR5P5402122	
2026-05-07T06:03:19+00:00	171-1741462-5069907	1050200	B09K7QTCXP	X001GM0XER	Cubelelo Drift 5x5 Stickerless Speed Cube | AKA Professor's Cube Magic Puzzle for Kids & Adults | Smooth and Durable Speedy Brainstorming Puzzle| Ultimate Stress Buster and Mind Challenge	1	BLR5	SELLABLE	UNDELIVERABLE_REFUSED	LPNBLR5P3333816	
2026-05-07T05:44:54+00:00	407-8382356-7680308	1630210	B09HH8CC7Y	X00262W227	Cubelelo Drift Number Sliding Magnetic Puzzle 4x4 | Toys For 6-10 Years Old Boys & Girls | 15-Blocks Brain Teaser Puzzle Game for Kids | Educational, Learning, Activity Toy for Return & Birthday Gifts	1	CCX1	SELLABLE	UNDELIVERABLE_UNKNOWN	LPNCCX1B3874862	
2026-05-07T05:36:30+00:00	403-9760472-0673953	1120100	B08LBGYZ51	X0019BU32H	Cubelelo Drift 3x3 Mirror (Silver) Magic Speed Cube | Shape Shifter Speedcube with Durable Stickers | Advanced 3x3x3 Puzzle Toy for Kids Ages 7-14 Boys Girls & Adults | Collector's Item	1	CCX1	SELLABLE	UNDELIVERABLE_REFUSED	LPNCCX1B3846928	
2026-05-07T05:35:55+00:00	404-7098090-7741914	1050200	B09K7QTCXP	X001GM0XER	Cubelelo Drift 5x5 Stickerless Speed Cube | AKA Professor's Cube Magic Puzzle for Kids & Adults | Smooth and Durable Speedy Brainstorming Puzzle| Ultimate Stress Buster and Mind Challenge	1	BLR5	SELLABLE	UNDELIVERABLE_REFUSED	LPNBLR5P2442157	
2026-05-07T05:23:30+00:00	406-3776879-7062763	1280100a	B09QYW9DYC	X001LHLHUV	Cubelelo Drift Pyraminx Puzzle Speedcube | Beginner Starter Cube for Kids 3+ Year Old & Above | Triangle Pyramid Shape Stickerless 3x3 Cubes Toy | Ideal for Boys Girls Children 4 5 6+ Years & Adults	1	CCX1	CARRIER_DAMAGED	MISSING_PARTS	LPNCCX1B1924099	
2026-05-07T04:52:24+00:00	407-4850026-1061122	1630202	B09B7PNSTV	X001ETHG47	Cubelelo Drift Infinity Cube (Blue) | Magic Puzzle Cool Mini Gadget for Stress and Anxiety Relief for Kids and Adults | Desk Finger Flip Toy for Fun and Game | for Ages 3 Years and Above	1	BOM4	SELLABLE	UNDELIVERABLE_REFUSED	LPNBOM4N38792905	
2026-05-07T04:44:16+00:00	402-9831683-6493935	1310036_EAN	B0BV276B7T	X001PWQJFP	Cubelelo Magic Snake Rainbow Puzzle Cube (72 Wedges) | Twist and Turn Shape Creation Fun Game for Kids Boys Girls and Adults | Multicolor Brain Teaser Stress Buster Toy | for Ages 3 Years and Above	1	BLR5	SELLABLE	DEFECTIVE	LPNBLR5P3322821	
2026-05-07T04:21:45+00:00	171-4927788-4873927	1030400	B07XPNC385	X0012WM1NR	Cubelelo Drift 3x3 Black Speedcube | Beginner Cube for Kids & Adults | Magic Speed Stress Buster Brainstorming Puzzle (Multicolor) | Anti-Pop Technology | Smooth Turning | Durable	1	HYD8	SELLABLE	UNDELIVERABLE_REFUSED	LPNHYD8EC09726	
2026-05-07T04:14:33+00:00	407-9097227-5510703	1030300_EAN	B0FBMGT6V7	X002C88WLZ	Cubelelo Drift Explorer 3x3 Speed Cube | Best Starter Speedcube for Beginners | Perfect Brain Teaser for Kids Ages 4 to14 Years Old & Above Boys Girls Children | Smooth Turning Puzzle Toy for Adults	1	DEL2	SELLABLE	UNDELIVERABLE_REFUSED	LPNDEL2R81173961	
2026-05-07T04:10:19+00:00	408-5607042-7416334	1120600	B0DRVRHR6G	X0027JGNCT	Cubelelo Drift 3x3 Mirror Blue (Magnetic) (Tiled) Speedcube | Premium New Version Shape-Shifting Puzzle with Stunning Looks, Buttery Smooth Turns & Durability | Ideal for Kids Boys Girls Ages 6 & up	1	CCX1	SELLABLE	UNDELIVERABLE_REFUSED	LPNCCX1B3928977	
2026-05-07T03:25:17+00:00	403-7613464-7128357	1290300	B0DB6311DK	X00239RFKR	Cubelelo Drift Megaminx v2 Cube (New Improved Version) | 12-Sided Fun and Challenging Puzzle with Ridge Design | Smooth Turning Dodecahedron | Perfect for Speed-Cubing | Ideal for Kids & Adults	1	DEL2	CARRIER_DAMAGED	UNDELIVERABLE_REFUSED	LPNDEL2R82739007	
2026-05-07T03:10:18+00:00	171-0500191-1443529	1630210	B09HH8CC7Y	X00262W227	Cubelelo Drift Number Sliding Magnetic Puzzle 4x4 | Toys For 6-10 Years Old Boys & Girls | 15-Blocks Brain Teaser Puzzle Game for Kids | Educational, Learning, Activity Toy for Return & Birthday Gifts	1	DEL2	SELLABLE	UNDELIVERABLE_UNKNOWN	LPNDEL2R82884594	
2026-05-06T21:43:12+00:00	405-1683973-9832341	1460502	B08XJVBV15	X001VLPA4L	Cubelelo Drift 3x3 & 4x4 Stickerless Combo Set - Premium Dual Speed Cube Bundle for All Skill Levels - Smooth Turning, Durable, and Vibrant Stickerless Design	1	BOM4	SELLABLE	UNDELIVERABLE_REFUSED	LPNBOM4N38593516	
2026-05-06T21:37:03+00:00	407-1916309-6721915	1120600	B0DRVRHR6G	X0027JGNCT	Cubelelo Drift 3x3 Mirror Blue (Magnetic) (Tiled) Speedcube | Premium New Version Shape-Shifting Puzzle with Stunning Looks, Buttery Smooth Turns & Durability | Ideal for Kids Boys Girls Ages 6 & up	1	BLR5	SELLABLE	DEFECTIVE	LPNBLR5P3246596	
2026-05-06T20:13:52+00:00	406-1863924-6202748	1460501	B08XK25RRF	X001VLOAKL	Cubelelo Drift 2x2 & 3x3 Cube Gift Box Combo | 2-in-1 Puzzle Toy Game Set for Children Kids & Adults Ages 4 5 6 & Above | Double the Challenge, Twice the Fun | Ultimate Value Saver Combo	1	BLR5	SELLABLE	UNDELIVERABLE_REFUSED	LPNBLR5P3233046	
2026-05-06T19:58:35+00:00	406-7143635-9671557	1460553	B0BYVHGR5H	X001WPZI9N	Cubelelo Drift 2x2, 3x3 & Pyraminx Cube Combo (Stickerless) | Ideal for Kids Above 3 4 5 6 Years Old Boys Girls | 3 in 1 Speedcube Gift Set | High Speed Puzzle 3x3x3 2x2x2 Pyramid Triangle	1	CCX1	CUSTOMER_DAMAGED	DAMAGED_BY_FC	LPNCCX1B2002240	
2026-05-06T19:49:59+00:00	403-1297130-1775515	1030651	B0DJQWJFSX	X0025EZ04D	Cubelelo Drift 3M Plus v2 3x3 (Magnetic) (New Upgraded Version) | Based on MoYu RS3M v5 | Dual-Adjustment System | Speedcube for Kids & Adults | Magic Speedy Stress Buster Brainstorming Puzzle	1	CCX2	SELLABLE	UNDELIVERABLE_REFUSED	LPNCCX2A7860222	
2026-05-06T19:43:58+00:00	408-0462437-9797105	1630210	B09HH8CC7Y	X00262W227	Cubelelo Drift Number Sliding Magnetic Puzzle 4x4 | Toys For 6-10 Years Old Boys & Girls | 15-Blocks Brain Teaser Puzzle Game for Kids | Educational, Learning, Activity Toy for Return & Birthday Gifts	1	CCX1	SELLABLE	UNDELIVERABLE_UNKNOWN	LPNCCX1B1952532	
2026-05-06T19:35:12+00:00	403-0577488-4206752	1630223	B0GN1TJ7F4	X002IIXAZ7	Cubelelo Drift Clang! | 2-4 Players Classic Magnetic Attraction Strategy Game | Features 24 Magnets & Adjustable Rope | Fun Gifting Toy for Family, Teens & Adults | Compact and Travel Friendly	1	CCX1	SELLABLE	UNDELIVERABLE_REFUSED	LPNCCX1B1332063	
2026-05-06T17:56:46+00:00	404-6651507-0689100	1030300_EAN	B0FBMGT6V7	X002C88WLZ	Cubelelo Drift Explorer 3x3 Speed Cube | Best Starter Speedcube for Beginners | Perfect Brain Teaser for Kids Ages 4 to14 Years Old & Above Boys Girls Children | Smooth Turning Puzzle Toy for Adults	1	BOM4	SELLABLE	UNDELIVERABLE_REFUSED	LPNBOM4N38631570	
2026-05-06T17:55:19+00:00	404-8313567-9532310	1030300_EAN	B0FBMGT6V7	X002C88WLZ	Cubelelo Drift Explorer 3x3 Speed Cube | Best Starter Speedcube for Beginners | Perfect Brain Teaser for Kids Ages 4 to14 Years Old & Above Boys Girls Children | Smooth Turning Puzzle Toy for Adults	1	BLR5	SELLABLE	UNDELIVERABLE_REFUSED	LPNBLR5P4451041	
2026-05-06T16:13:15+00:00	405-7945519-7109928	1030300_EAN	B0FBMGT6V7	X002C88WLZ	Cubelelo Drift Explorer 3x3 Speed Cube | Best Starter Speedcube for Beginners | Perfect Brain Teaser for Kids Ages 4 to14 Years Old & Above Boys Girls Children | Smooth Turning Puzzle Toy for Adults	1	BOM4	SELLABLE	UNDELIVERABLE_REFUSED	LPNBOM4N38593175	
2026-05-06T14:04:05+00:00	404-3181146-3531557	1030604	B0DRVQVFJB	X0027JJHDB	Cubelelo Drift 3M v3 3x3 Magnetic Speedcube (Standard) | Latest Version with New & Improved Internal Structure for Smooth Turns & Stability | Cube Toy for 6-10 Years Old Boys Girls Adults	1	BLR5	SELLABLE	UNDELIVERABLE_REFUSED	LPNBLR5P4450799	
2026-05-06T13:27:46+00:00	408-1719977-3760342	1030300_EAN	B0FBMGT6V7	X002C88WLZ	Cubelelo Drift Explorer 3x3 Speed Cube | Best Starter Speedcube for Beginners | Perfect Brain Teaser for Kids Ages 4 to14 Years Old & Above Boys Girls Children | Smooth Turning Puzzle Toy for Adults	1	BLR5	SELLABLE	UNDELIVERABLE_REFUSED	LPNBLR5P3211574	
2026-05-06T12:12:39+00:00	405-8672533-6390718	1030700_EAN	B0BRXJ9Q4G	X001P8LWWT	Cubelelo Drift 3M Plus v2 3x3 (Magnetic) Cube | New Upgraded Version Based on MoYu RS3M v5 | Dual-Adjustment System | Premium Speedcube for Kids Boys Girls Ages 4+ Year Old & Adults	1	BLR5	SELLABLE	UNDELIVERABLE_REFUSED	LPNBLR5P3730095	
2026-05-06T12:11:55+00:00	403-5706396-1248302	1030604	B0DRVQVFJB	X0027JJHDB	Cubelelo Drift 3M v3 3x3 Magnetic Speedcube (Standard) | Latest Version with New & Improved Internal Structure for Smooth Turns & Stability | Cube Toy for 6-10 Years Old Boys Girls Adults	1	BLR5	SELLABLE	UNDELIVERABLE_REFUSED	LPNBLR5P4626584	
2026-05-06T12:01:51+00:00	171-8652450-9995565	1030300_EAN	B0FBMGT6V7	X002C88WLZ	Cubelelo Drift Explorer 3x3 Speed Cube | Best Starter Speedcube for Beginners | Perfect Brain Teaser for Kids Ages 4 to14 Years Old & Above Boys Girls Children | Smooth Turning Puzzle Toy for Adults	1	DEL5	SELLABLE	UNDELIVERABLE_REFUSED	LPNDEL5S13349397	
2026-05-06T11:16:27+00:00	405-1517638-0933123	1170200	B0CZDV68CM	X001ZUSZ4F	Cubelelo Drift Windmill (Tiled) Magic Cube Puzzle | Unique Shape Mod with Premium Design, Smooth Finish Toy for Intermediate and Advanced Solvers | Suitable for Adults and Kids Ages 3 & Above	1	BLR5	SELLABLE	UNDELIVERABLE_REFUSED	LPNBLR5P3322638	
2026-05-06T10:59:12+00:00	402-4334982-0857132	1630210	B09HH8CC7Y	X00262W227	Cubelelo Drift Number Sliding Magnetic Puzzle 4x4 | Toys For 6-10 Years Old Boys & Girls | 15-Blocks Brain Teaser Puzzle Game for Kids | Educational, Learning, Activity Toy for Return & Birthday Gifts	1	DEL2	SELLABLE	UNDELIVERABLE_REFUSED	LPNDEL2R82640658	
2026-05-06T10:49:51+00:00	405-8186495-8353919	1030604	B0DRVQVFJB	X0027JJHDB	Cubelelo Drift 3M v3 3x3 Magnetic Speedcube (Standard) | Latest Version with New & Improved Internal Structure for Smooth Turns & Stability | Cube Toy for 6-10 Years Old Boys Girls Adults	1	DEL2	SELLABLE	UNDELIVERABLE_REFUSED	LPNDEL2R83341162	
2026-05-06T10:47:37+00:00	402-7592546-8994736	1670100_EAN	B0C55MBRHV	X001S3J90D	Cubelelo Drift Megaminx 2x2 Stickerless Speedcube Puzzle for Kids & Adults | 12 Sided Unique Challenging Puzzle with Adjustable Tension & Anti-pop Design	1	DEL2	SELLABLE	UNDELIVERABLE_REFUSED	LPNDEL2R82688859	
2026-05-06T10:18:54+00:00	404-3485511-6049120	1030300_EAN	B0FBMGT6V7	X002C88WLZ	Cubelelo Drift Explorer 3x3 Speed Cube | Best Starter Speedcube for Beginners | Perfect Brain Teaser for Kids Ages 4 to14 Years Old & Above Boys Girls Children | Smooth Turning Puzzle Toy for Adults	1	DEL4	SELLABLE	UNDELIVERABLE_UNKNOWN	LPNDEL4AA2160952	
2026-05-06T10:10:59+00:00	404-9199581-2146754	1030604	B0DRVQVFJB	X0027JJHDB	Cubelelo Drift 3M v3 3x3 Magnetic Speedcube (Standard) | Latest Version with New & Improved Internal Structure for Smooth Turns & Stability | Cube Toy for 6-10 Years Old Boys Girls Adults	1	CCX2	SELLABLE	UNDELIVERABLE_REFUSED	LPNCCX2B1074168	
2026-05-06T10:08:17+00:00	404-3142408-7557909	1030604	B0DRVQVFJB	X0027JJHDB	Cubelelo Drift 3M v3 3x3 Magnetic Speedcube (Standard) | Latest Version with New & Improved Internal Structure for Smooth Turns & Stability | Cube Toy for 6-10 Years Old Boys Girls Adults	1	DEL2	SELLABLE	DEFECTIVE	LPNDEL2R83911377	
2026-05-06T09:53:32+00:00	408-3518798-3294724	1630223	B0GN1TJ7F4	X002IIXAZ7	Cubelelo Drift Clang! | 2-4 Players Classic Magnetic Attraction Strategy Game | Features 24 Magnets & Adjustable Rope | Fun Gifting Toy for Family, Teens & Adults | Compact and Travel Friendly	1	CCX2	SELLABLE	UNDELIVERABLE_REFUSED	LPNCCX2B1087900	
2026-05-06T09:49:36+00:00	402-5621813-2857951	1630207	B0CNXPFMRV	X001WVG7RT	Cubelelo Drift Rainbow Ball Puzzle | Compact, Multicolor Sphere (Fidget Toy) | Portable Brain Teaser for Kids & Adults | Stress Relief & Fun On-The-Go Puzzle	1	CCX2	SELLABLE	UNDELIVERABLE_REFUSED	LPNCCX2B1220830	
2026-05-06T09:48:12+00:00	402-0122421-5159551	1630210	B09HH8CC7Y	X00262W227	Cubelelo Drift Number Sliding Magnetic Puzzle 4x4 | Toys For 6-10 Years Old Boys & Girls | 15-Blocks Brain Teaser Puzzle Game for Kids | Educational, Learning, Activity Toy for Return & Birthday Gifts	1	BOM4	SELLABLE	UNDELIVERABLE_REFUSED	LPNBOM4N38776745	
2026-05-06T09:25:28+00:00	405-2303409-8458749	1120100	B08LBGYZ51	X0019BU32H	Cubelelo Drift 3x3 Mirror (Silver) Magic Speed Cube | Shape Shifter Speedcube with Durable Stickers | Advanced 3x3x3 Puzzle Toy for Kids Ages 7-14 Boys Girls & Adults | Collector's Item	1	BLR5	SELLABLE	UNDELIVERABLE_REFUSED	LPNBLR5P4218361	
2026-05-06T08:33:08+00:00	405-6331914-4194753	1630210	B09HH8CC7Y	X00262W227	Cubelelo Drift Number Sliding Magnetic Puzzle 4x4 | Toys For 6-10 Years Old Boys & Girls | 15-Blocks Brain Teaser Puzzle Game for Kids | Educational, Learning, Activity Toy for Return & Birthday Gifts	1	CCX1	SELLABLE	UNDELIVERABLE_UNKNOWN	LPNCCX1B0454399	
2026-05-06T08:30:19+00:00	408-5360554-8269962	1460553	B0BYVHGR5H	X001WPZI9N	Cubelelo Drift 2x2, 3x3 & Pyraminx Cube Combo (Stickerless) | Ideal for Kids Above 3 4 5 6 Years Old Boys Girls | 3 in 1 Speedcube Gift Set | High Speed Puzzle 3x3x3 2x2x2 Pyramid Triangle	1	BOM7	SELLABLE	UNDELIVERABLE_UNKNOWN	LPNBOM7D19517969	
2026-05-06T08:26:46+00:00	406-3723481-8621109	1630222	B0GH18NXXG	X002HPDYRF	Cubelelo Drift Magnetic Tangram Puzzle | with Strong Magnets, Wooden Pieces & Bold Colors | Toys for 5-10 Years Old Boys Girls & Adults | Travel Friendly, Educational Toy for Return & Birthday Gifts	1	BOM4	SELLABLE	UNDELIVERABLE_UNKNOWN	LPNBOM4N38611279	
2026-05-06T08:24:04+00:00	402-0784202-7465133	1030500	B08H88N2N9	X0018CDFL3	Cubelelo Drift Warrior 3x3 Stickerless Cube | Beginner Speedcube for Kids Boys Girls Above 3 4 5 6 Years Old & Above | Magic Puzzle Toy | Durable & Smooth Cube with Anti-Pop Design 3 3	1	DEL2	SELLABLE	UNDELIVERABLE_UNKNOWN	LPNDEL2R82984178	
2026-05-06T07:56:04+00:00	404-6302464-3589169	1030300_EAN	B0FBMGT6V7	X002C88WLZ	Cubelelo Drift Explorer 3x3 Speed Cube | Best Starter Speedcube for Beginners | Perfect Brain Teaser for Kids Ages 4 to14 Years Old & Above Boys Girls Children | Smooth Turning Puzzle Toy for Adults	1	BLR5	SELLABLE	UNDELIVERABLE_REFUSED	LPNBLR5P3279324	
2026-05-06T06:47:15+00:00	405-7396397-3606743	1040400	B0FL7TDJLF	X002DFU80F	Cubelelo Drift 4x4 Stickerless Cube Puzzle Toy | Combines Smoothness, Stability & Durability | 4x4x4 Speedcube for Beginners| Suitable for Kids Ages 6 to 14 Years Old, Boys, Girls & Adults	1	BLR5	SELLABLE	UNDELIVERABLE_REFUSED	LPNBLR5P4400233	
2026-05-06T06:33:45+00:00	402-7150080-6645953	1030400	B07XPNC385	X0012WM1NR	Cubelelo Drift 3x3 Black Speedcube | Beginner Cube for Kids & Adults | Magic Speed Stress Buster Brainstorming Puzzle (Multicolor) | Anti-Pop Technology | Smooth Turning | Durable	1	BLR5	SELLABLE	UNDELIVERABLE_UNKNOWN	LPNBLR5P4400201	
2026-05-06T06:31:04+00:00	407-2444663-0514744	1630223	B0GN1TJ7F4	X002IIXAZ7	Cubelelo Drift Clang! | 2-4 Players Classic Magnetic Attraction Strategy Game | Features 24 Magnets & Adjustable Rope | Fun Gifting Toy for Family, Teens & Adults | Compact and Travel Friendly	1	DEL2	SELLABLE	UNDELIVERABLE_REFUSED	LPNDEL2R82421226	
2026-05-06T06:29:11+00:00	406-6236727-1981929	1630210	B09HH8CC7Y	X00262W227	Cubelelo Drift Number Sliding Magnetic Puzzle 4x4 | Toys For 6-10 Years Old Boys & Girls | 15-Blocks Brain Teaser Puzzle Game for Kids | Educational, Learning, Activity Toy for Return & Birthday Gifts	1	BLR5	SELLABLE	UNDELIVERABLE_UNKNOWN	LPNBLR5P5191571	
2026-05-06T06:29:06+00:00	402-5365426-5653119	1030300_EAN	B0FBMGT6V7	X002C88WLZ	Cubelelo Drift Explorer 3x3 Speed Cube | Best Starter Speedcube for Beginners | Perfect Brain Teaser for Kids Ages 4 to14 Years Old & Above Boys Girls Children | Smooth Turning Puzzle Toy for Adults	1	DEL2	SELLABLE	UNDELIVERABLE_REFUSED	LPNDEL2R82784035	
2026-05-06T06:27:32+00:00	403-3009726-2719528	1120039	B0DRVW5BNS	X0027ISPWL	Cubelelo Drift 3x3 Mirror Blue (Tiled) Speed Cube | New Blue Version Looks Stunning with Buttery Smooth Turns | Ideal for Kids Above 5 6 Years Old Boys Girls | 3x3x3 Shape-Shifting Design Puzzle Toy	1	BLR5	SELLABLE	UNDELIVERABLE_UNKNOWN	LPNBLR5P3232230	
2026-05-06T06:16:06+00:00	408-9311163-5927519	1630210	B09HH8CC7Y	X00262W227	Cubelelo Drift Number Sliding Magnetic Puzzle 4x4 | Toys For 6-10 Years Old Boys & Girls | 15-Blocks Brain Teaser Puzzle Game for Kids | Educational, Learning, Activity Toy for Return & Birthday Gifts	1	DEL2	SELLABLE	UNDELIVERABLE_UNKNOWN	LPNDEL2R82694356	
2026-05-06T05:59:08+00:00	407-8674846-2248338	1630210	B09HH8CC7Y	X00262W227	Cubelelo Drift Number Sliding Magnetic Puzzle 4x4 | Toys For 6-10 Years Old Boys & Girls | 15-Blocks Brain Teaser Puzzle Game for Kids | Educational, Learning, Activity Toy for Return & Birthday Gifts	1	DEL2	SELLABLE	UNDELIVERABLE_UNKNOWN	LPNDEL2R82984017	
2026-05-06T05:57:12+00:00	405-0282195-3960314	1630222	B0GH18NXXG	X002HPDYRF	Cubelelo Drift Magnetic Tangram Puzzle | with Strong Magnets, Wooden Pieces & Bold Colors | Toys for 5-10 Years Old Boys Girls & Adults | Travel Friendly, Educational Toy for Return & Birthday Gifts	1	BLR5	SELLABLE	UNDELIVERABLE_UNKNOWN	LPNBLR5P3198820	
2026-05-06T05:53:54+00:00	402-4387114-5374735	1030300_EAN	B0FBMGT6V7	X002C88WLZ	Cubelelo Drift Explorer 3x3 Speed Cube | Best Starter Speedcube for Beginners | Perfect Brain Teaser for Kids Ages 4 to14 Years Old & Above Boys Girls Children | Smooth Turning Puzzle Toy for Adults	1	DEL2	SELLABLE	UNDELIVERABLE_UNKNOWN	LPNDEL2R80838380	
2026-05-06T05:50:01+00:00	405-5880962-9339504	1030400	B07XPNC385	X0012WM1NR	Cubelelo Drift 3x3 Black Speedcube | Beginner Cube for Kids & Adults | Magic Speed Stress Buster Brainstorming Puzzle (Multicolor) | Anti-Pop Technology | Smooth Turning | Durable	1	BLR5	SELLABLE	UNDELIVERABLE_REFUSED	LPNBLR5P5207800	
2026-05-06T04:59:35+00:00	405-6556601-0216361	1030604	B0DRVQVFJB	X0027JJHDB	Cubelelo Drift 3M v3 3x3 Magnetic Speedcube (Standard) | Latest Version with New & Improved Internal Structure for Smooth Turns & Stability | Cube Toy for 6-10 Years Old Boys Girls Adults	1	DEL2	SELLABLE	UNDELIVERABLE_REFUSED	LPNDEL2R82037144	
2026-05-06T04:55:35+00:00	408-2738768-2570739	1030500	B08H88N2N9	X0018CDFL3	Cubelelo Drift Warrior 3x3 Stickerless Cube | Beginner Speedcube for Kids Boys Girls Above 3 4 5 6 Years Old & Above | Magic Puzzle Toy | Durable & Smooth Cube with Anti-Pop Design 3 3	1	BOM4	SELLABLE	DEFECTIVE	LPNBOM4N38773337	
2026-05-06T04:55:35+00:00	408-2738768-2570739	1030500	B08H88N2N9	X0018CDFL3	Cubelelo Drift Warrior 3x3 Stickerless Cube | Beginner Speedcube for Kids Boys Girls Above 3 4 5 6 Years Old & Above | Magic Puzzle Toy | Durable & Smooth Cube with Anti-Pop Design 3 3	1	BOM4	SELLABLE	DEFECTIVE	LPNBOM4N38773338	
2026-05-06T04:40:37+00:00	406-9610671-3601118	1280100a	B09QYW9DYC	X001LHLHUV	Cubelelo Drift Pyraminx Puzzle Speedcube | Beginner Starter Cube for Kids 3+ Year Old & Above | Triangle Pyramid Shape Stickerless 3x3 Cubes Toy | Ideal for Boys Girls Children 4 5 6+ Years & Adults	1	CCX2	CARRIER_DAMAGED	SWITCHEROO	LPNCCX2B1154933	
2026-05-06T04:20:53+00:00	404-1729646-5834719	1960100	B09B75WYR2	X001ESH40T	Cubelelo Drift Mini 3x3 Keychain | Magic Speed Cube Toy | Puzzle for Kids and Adults | Compact and Handy Multi Purpose Brain Teaser Game for Fun and Joy | for Ages 3 Years and Above	1	BLR5	CUSTOMER_DAMAGED	DEFECTIVE	LPNBLR5P5183837	
2026-05-06T04:19:58+00:00	407-5335017-4248335	1030300_EAN	B0FBMGT6V7	X002C88WLZ	Cubelelo Drift Explorer 3x3 Speed Cube | Best Starter Speedcube for Beginners | Perfect Brain Teaser for Kids Ages 4 to14 Years Old & Above Boys Girls Children | Smooth Turning Puzzle Toy for Adults	1	BLR5	SELLABLE	DEFECTIVE	LPNBLR5P4218061	
2026-05-06T04:09:27+00:00	402-2656977-2559509	1030500	B08H88N2N9	X0018CDFL3	Cubelelo Drift Warrior 3x3 Stickerless Cube | Beginner Speedcube for Kids Boys Girls Above 3 4 5 6 Years Old & Above | Magic Puzzle Toy | Durable & Smooth Cube with Anti-Pop Design 3 3	1	DEL2	CUSTOMER_DAMAGED	DEFECTIVE	LPNDEL2R82738393	
2026-05-06T03:30:11+00:00	404-8832521-0318704	1120100	B08LBGYZ51	X0019BU32H	Cubelelo Drift 3x3 Mirror (Silver) Magic Speed Cube | Shape Shifter Speedcube with Durable Stickers | Advanced 3x3x3 Puzzle Toy for Kids Ages 7-14 Boys Girls & Adults | Collector's Item	1	BLR5	DEFECTIVE	DEFECTIVE	LPNBLR5P3279043	Already used
2026-05-06T03:26:06+00:00	403-3118221-9964329	1280600_EAN	B0BSFD6XY8	X001PEDWDF	Cubelelo Drift Pyraminx M (Magnetic) Puzzle | Toys for Kids 4 5 6 7 8 to 14 Years Old & Above Boys Girls All Ages | Stickerless Pyramid Triangle High Speed Gift Cube Toy | Travel Friendly	1	DEL2	CUSTOMER_DAMAGED	DAMAGED_BY_FC	LPNDEL2R82137205	
2026-05-05T22:15:48+00:00	406-2553982-8214744	1630210	B09HH8CC7Y	X00262W227	Cubelelo Drift Number Sliding Magnetic Puzzle 4x4 | Toys For 6-10 Years Old Boys & Girls | 15-Blocks Brain Teaser Puzzle Game for Kids | Educational, Learning, Activity Toy for Return & Birthday Gifts	1	BLR5	SELLABLE	UNDELIVERABLE_UNKNOWN	LPNBLR5P5183702	
2026-05-05T21:13:23+00:00	402-6753178-7337917	1120100	B08LBGYZ51	X0019BU32H	Cubelelo Drift 3x3 Mirror (Silver) Magic Speed Cube | Shape Shifter Speedcube with Durable Stickers | Advanced 3x3x3 Puzzle Toy for Kids Ages 7-14 Boys Girls & Adults | Collector's Item	1	BLR5	SELLABLE	UNDELIVERABLE_REFUSED	LPNBLR5P3259828	
2026-05-05T19:09:43+00:00	402-4182457-7453154	1030400	B07XPNC385	X0012WM1NR	Cubelelo Drift 3x3 Black Speedcube | Beginner Cube for Kids & Adults | Magic Speed Stress Buster Brainstorming Puzzle (Multicolor) | Anti-Pop Technology | Smooth Turning | Durable	1	BLR5	CUSTOMER_DAMAGED	NOT_AS_DESCRIBED	LPNBLR5P4439588	
2026-05-05T18:18:56+00:00	406-6186203-5304353	1460501	B08XK25RRF	X001VLOAKL	Cubelelo Drift 2x2 & 3x3 Cube Gift Box Combo | 2-in-1 Puzzle Toy Game Set for Children Kids & Adults Ages 4 5 6 & Above | Double the Challenge, Twice the Fun | Ultimate Value Saver Combo	1	BLR5	SELLABLE	UNDELIVERABLE_REFUSED	LPNBLR5P4439529	
2026-05-05T17:54:43+00:00	402-0151978-2437157	1280100a	B09QYW9DYC	X001LHLHUV	Cubelelo Drift Pyraminx Puzzle Speedcube | Beginner Starter Cube for Kids 3+ Year Old & Above | Triangle Pyramid Shape Stickerless 3x3 Cubes Toy | Ideal for Boys Girls Children 4 5 6+ Years & Adults	1	BLR5	SELLABLE	UNDELIVERABLE_UNKNOWN	LPNBLR5P3765481	
2026-05-05T17:54:43+00:00	402-0151978-2437157	1020200	B08LBJ3P8L	X0019BU39P	Cubelelo Drift 2x2 Stickerless Cube | Beginner Speedcube for Kids Boys Girls Above 3 4 5 6 Years Old & Above | Magic Puzzle Toy | Durable & Smooth Cube with Anti-Pop Design 2x2x2	1	BLR5	SELLABLE	UNDELIVERABLE_UNKNOWN	LPNBLR5P3765480	
2026-05-05T17:17:43+00:00	404-1097281-6444326	1630210	B09HH8CC7Y	X00262W227	Cubelelo Drift Number Sliding Magnetic Puzzle 4x4 | Toys For 6-10 Years Old Boys & Girls | 15-Blocks Brain Teaser Puzzle Game for Kids | Educational, Learning, Activity Toy for Return & Birthday Gifts	1	BLR5	SELLABLE	UNDELIVERABLE_UNKNOWN	LPNBLR5P4424599	
2026-05-05T16:55:56+00:00	403-0505759-7605166	1460553	B0BYVHGR5H	X001WPZI9N	Cubelelo Drift 2x2, 3x3 & Pyraminx Cube Combo (Stickerless) | Ideal for Kids Above 3 4 5 6 Years Old Boys Girls | 3 in 1 Speedcube Gift Set | High Speed Puzzle 3x3x3 2x2x2 Pyramid Triangle	1	BLR5	SELLABLE	UNDELIVERABLE_UNKNOWN	LPNBLR5Q9803288	
2026-05-05T16:17:03+00:00	171-1585417-6361120	1630210	B09HH8CC7Y	X00262W227	Cubelelo Drift Number Sliding Magnetic Puzzle 4x4 | Toys For 6-10 Years Old Boys & Girls | 15-Blocks Brain Teaser Puzzle Game for Kids | Educational, Learning, Activity Toy for Return & Birthday Gifts	1	CCX1	SELLABLE	UNDELIVERABLE_UNKNOWN	LPNCCX1B1948628	
2026-05-05T16:14:36+00:00	402-1008893-8769937	1460580	B079WVQD89	X002345VBR	Cubelelo Drift 4x4 with Cube Lubricant and Stand Combo | High-Performance Speed Cube | Adjustable Tension & Smooth Turning | Durable & Reliable | Ideal for All Ages	1	BLR5	CUSTOMER_DAMAGED	SWITCHEROO	LPNBLR5P3771579	
2026-05-05T16:04:37+00:00	403-7143893-2635540	1630210	B09HH8CC7Y	X00262W227	Cubelelo Drift Number Sliding Magnetic Puzzle 4x4 | Toys For 6-10 Years Old Boys & Girls | 15-Blocks Brain Teaser Puzzle Game for Kids | Educational, Learning, Activity Toy for Return & Birthday Gifts	1	BLR5	SELLABLE	UNDELIVERABLE_REFUSED	LPNBLR5P4806244	
2026-05-05T15:28:21+00:00	406-4068087-8493114	1120039a	B0FHW6PLFC	X002CWQW2H	Cubelelo Drift Mirror 3x3 (Tiled-Blue) Speed Cube | No Stickers, Premium Finish with Smooth Turning Speedcube for Kids and Adults	1	BLR5	SELLABLE	UNDELIVERABLE_REFUSED	LPNBLR5P4248351	
2026-05-05T14:50:45+00:00	404-6390211-3710765	1030300_EAN	B0FBMGT6V7	X002C88WLZ	Cubelelo Drift Explorer 3x3 Speed Cube | Best Starter Speedcube for Beginners | Perfect Brain Teaser for Kids Ages 4 to14 Years Old & Above Boys Girls Children | Smooth Turning Puzzle Toy for Adults	1	BLR5	SELLABLE	UNDELIVERABLE_REFUSED	LPNBLR5P3768759	
2026-05-05T13:23:55+00:00	402-2413203-0285914	TB01004	B0FQP635YZ	X002EGWVQH	TinkerBox Mobile Hanging | 0+ Months | Montessori Wooden Crib Toy for Newborns & Babies | Early Visual Stimulation & Sensory Development | Safe & Durable Hanging Room Decoration Toy	1	BLR5	SELLABLE	UNDELIVERABLE_REFUSED	LPNBLR5P4612270	
2026-05-05T13:11:15+00:00	404-8439585-1521111	1030300_EAN	B0FBMGT6V7	X002C88WLZ	Cubelelo Drift Explorer 3x3 Speed Cube | Best Starter Speedcube for Beginners | Perfect Brain Teaser for Kids Ages 4 to14 Years Old & Above Boys Girls Children | Smooth Turning Puzzle Toy for Adults	1	CCX2	SELLABLE	UNDELIVERABLE_REFUSED	LPNCCX2A7872099	
2026-05-05T12:55:12+00:00	402-9864796-5897167	1030400	B07XPNC385	X0012WM1NR	Cubelelo Drift 3x3 Black Speedcube | Beginner Cube for Kids & Adults | Magic Speed Stress Buster Brainstorming Puzzle (Multicolor) | Anti-Pop Technology | Smooth Turning | Durable	1	CCX1	SELLABLE	UNDELIVERABLE_REFUSED	LPNCCX1B1956688	
2026-05-05T12:35:54+00:00	402-3914838-3302717	1460510	B0BZL11XWC	X001VW450P	Cubelelo Drift 4x4, 5x5 Premium Gift Box | 2-in-1 Puzzle Game Set | Challenge, Thrice The Fun | Ultimate Value Saver Combo | Brainstoming Toy for Children Kids & Adults	1	DEL2	SELLABLE	UNDELIVERABLE_REFUSED	LPNDEL2R82471908	
2026-05-05T12:31:49+00:00	408-1744463-7341106	1630210	B09HH8CC7Y	X00262W227	Cubelelo Drift Number Sliding Magnetic Puzzle 4x4 | Toys For 6-10 Years Old Boys & Girls | 15-Blocks Brain Teaser Puzzle Game for Kids | Educational, Learning, Activity Toy for Return & Birthday Gifts	1	BLR5	SELLABLE	UNDELIVERABLE_UNKNOWN	LPNBLR5P4408693	
2026-05-05T12:20:57+00:00	402-9931477-9857958	1030300_EAN	B0FBMGT6V7	X002C88WLZ	Cubelelo Drift Explorer 3x3 Speed Cube | Best Starter Speedcube for Beginners | Perfect Brain Teaser for Kids Ages 4 to14 Years Old & Above Boys Girls Children | Smooth Turning Puzzle Toy for Adults	1	BOM4	SELLABLE	UNDELIVERABLE_REFUSED	LPNBOM4N38770525	
2026-05-05T12:14:23+00:00	408-2776428-9613938	1030400	B07XPNC385	X0012WM1NR	Cubelelo Drift 3x3 Black Speedcube | Beginner Cube for Kids & Adults | Magic Speed Stress Buster Brainstorming Puzzle (Multicolor) | Anti-Pop Technology | Smooth Turning | Durable	1	BOM5	SELLABLE	UNDELIVERABLE_UNKNOWN	LPNBOM5F5280087	
2026-05-05T12:14:02+00:00	171-4814692-3682747	1030300_EAN	B0FBMGT6V7	X002C88WLZ	Cubelelo Drift Explorer 3x3 Speed Cube | Best Starter Speedcube for Beginners | Perfect Brain Teaser for Kids Ages 4 to14 Years Old & Above Boys Girls Children | Smooth Turning Puzzle Toy for Adults	1	DEL2	SELLABLE	UNDELIVERABLE_REFUSED	LPNDEL2R82742682	
2026-05-05T12:03:56+00:00	407-0087354-7253969	1140022	B08169YZPG	X001602BQR	Cubelelo Drift Gear 3x3 Stickerless Cube Speed Cube | Toy for Kids & Adults | Magic Speedy Stress Buster Brainstorming Puzzle 3x3x3 (Multicolor)	1	BOM4	SELLABLE	UNDELIVERABLE_REFUSED	LPNBOM4N38632675	
2026-05-05T11:50:02+00:00	408-0831301-7522725	1460553	B0BYVHGR5H	X001WPZI9N	Cubelelo Drift 2x2, 3x3 & Pyraminx Cube Combo (Stickerless) | Ideal for Kids Above 3 4 5 6 Years Old Boys Girls | 3 in 1 Speedcube Gift Set | High Speed Puzzle 3x3x3 2x2x2 Pyramid Triangle	1	BLR5	SELLABLE	UNDELIVERABLE_UNKNOWN	LPNBLR5P3321549	
2026-05-05T11:45:39+00:00	404-7293856-9583557	1630222	B0GH18NXXG	X002HPDYRF	Cubelelo Drift Magnetic Tangram Puzzle | with Strong Magnets, Wooden Pieces & Bold Colors | Toys for 5-10 Years Old Boys Girls & Adults | Travel Friendly, Educational Toy for Return & Birthday Gifts	1	BLR5	DEFECTIVE	DAMAGED_BY_FC	LPNBLR5P2343037	Damaged product received.
2026-05-05T11:22:38+00:00	171-9655746-0291561	1030604	B0DRVQVFJB	X0027JJHDB	Cubelelo Drift 3M v3 3x3 Magnetic Speedcube (Standard) | Latest Version with New & Improved Internal Structure for Smooth Turns & Stability | Cube Toy for 6-10 Years Old Boys Girls Adults	1	DEL2	SELLABLE	UNDELIVERABLE_REFUSED	LPNDEL2R83242712	
2026-05-05T11:13:00+00:00	403-5779323-5373902	1630210	B09HH8CC7Y	X00262W227	Cubelelo Drift Number Sliding Magnetic Puzzle 4x4 | Toys For 6-10 Years Old Boys & Girls | 15-Blocks Brain Teaser Puzzle Game for Kids | Educational, Learning, Activity Toy for Return & Birthday Gifts	1	DEL2	SELLABLE	UNDELIVERABLE_UNKNOWN	LPNDEL2R81975450	
2026-05-05T11:12:42+00:00	403-7506519-9363566	1630210	B09HH8CC7Y	X00262W227	Cubelelo Drift Number Sliding Magnetic Puzzle 4x4 | Toys For 6-10 Years Old Boys & Girls | 15-Blocks Brain Teaser Puzzle Game for Kids | Educational, Learning, Activity Toy for Return & Birthday Gifts	1	DEL2	SELLABLE	UNDELIVERABLE_REFUSED	LPNDEL2R82420988	
2026-05-05T11:05:22+00:00	171-6534017-4714764	1030500	B08H88N2N9	X0018CDFL3	Cubelelo Drift Warrior 3x3 Stickerless Cube | Beginner Speedcube for Kids Boys Girls Above 3 4 5 6 Years Old & Above | Magic Puzzle Toy | Durable & Smooth Cube with Anti-Pop Design 3 3	1	BLR5	SELLABLE	NEVER_ARRIVED	LPNBLR5Q1003067	
2026-05-05T10:56:29+00:00	407-4931742-3857955	TB02002b	B0GMX4TCBD	X002IHXVEX	TinkerBox Double Spinning Drum | 4+ Months | Montessori Wooden Rotating Sensory Toy for Toddlers | Tummy Time Baby Toy | Motor Skills Development | Non-Toxic Educational Safe & Durable Wooden Drum	1	DEL2	SELLABLE	DEFECTIVE	LPNDEL2R82137138	
2026-05-05T10:55:47+00:00	404-1648022-1484332	1120038a	B0FHW9DQ29	X002CWQDK3	Cubelelo Drift Mirror 3x3 (Tiled - Colored) Speed Cube | No Stickers, Premium Finish with Smooth Turning Speedcube for Kids and Adults	1	BLR5	CUSTOMER_DAMAGED	DEFECTIVE	LPNBLR5P3386521	
2026-05-05T10:49:12+00:00	404-2584659-3393129	1960100	B09B75WYR2	X001ESH40T	Cubelelo Drift Mini 3x3 Keychain | Magic Speed Cube Toy | Puzzle for Kids and Adults | Compact and Handy Multi Purpose Brain Teaser Game for Fun and Joy | for Ages 3 Years and Above	1	BLR5	CUSTOMER_DAMAGED	DEFECTIVE	LPNBLR5P3249444	
2026-05-05T10:18:30+00:00	171-6651932-0229940	1030604	B0DRVQVFJB	X0027JJHDB	Cubelelo Drift 3M v3 3x3 Magnetic Speedcube (Standard) | Latest Version with New & Improved Internal Structure for Smooth Turns & Stability | Cube Toy for 6-10 Years Old Boys Girls Adults	1	CCX1	SELLABLE	UNDELIVERABLE_UNKNOWN	LPNCCX1B1924456	
2026-05-05T10:16:33+00:00	402-6300647-1169160	1630202	B09B7PNSTV	X001ETHG47	Cubelelo Drift Infinity Cube (Blue) | Magic Puzzle Cool Mini Gadget for Stress and Anxiety Relief for Kids and Adults | Desk Finger Flip Toy for Fun and Game | for Ages 3 Years and Above	1	CCX1	SELLABLE	UNDELIVERABLE_UNKNOWN	LPNCCX1B3081173	
2026-05-05T10:11:02+00:00	403-2644386-0754749	1120038a	B0FHW9DQ29	X002CWQDK3	Cubelelo Drift Mirror 3x3 (Tiled - Colored) Speed Cube | No Stickers, Premium Finish with Smooth Turning Speedcube for Kids and Adults	1	DEL2	CUSTOMER_DAMAGED	DEFECTIVE	LPNDEL2R83288162	
2026-05-05T10:08:19+00:00	405-4673115-8112369	1630222	B0GH18NXXG	X002HPDYRF	Cubelelo Drift Magnetic Tangram Puzzle | with Strong Magnets, Wooden Pieces & Bold Colors | Toys for 5-10 Years Old Boys Girls & Adults | Travel Friendly, Educational Toy for Return & Birthday Gifts	1	BLR5	SELLABLE	UNDELIVERABLE_UNKNOWN	LPNBLR5P5182902	
2026-05-05T09:37:06+00:00	406-9646106-7818748	1030500	B08H88N2N9	X0018CDFL3	Cubelelo Drift Warrior 3x3 Stickerless Cube | Beginner Speedcube for Kids Boys Girls Above 3 4 5 6 Years Old & Above | Magic Puzzle Toy | Durable & Smooth Cube with Anti-Pop Design 3 3	1	BOM4	DEFECTIVE	DAMAGED_BY_CARRIER	LPNBOM4N38610962	It&#39;s old stock with dirty box and cube , i didn&#39;t expect this from Amazon
2026-05-05T09:05:32+00:00	407-0060298-6647510	1630222	B0GH18NXXG	X002HPDYRF	Cubelelo Drift Magnetic Tangram Puzzle | with Strong Magnets, Wooden Pieces & Bold Colors | Toys for 5-10 Years Old Boys Girls & Adults | Travel Friendly, Educational Toy for Return & Birthday Gifts	1	BLR5	SELLABLE	UNDELIVERABLE_REFUSED	LPNBLR5P4024264	
2026-05-05T08:56:38+00:00	403-1860785-8920365	1630210	B09HH8CC7Y	X00262W227	Cubelelo Drift Number Sliding Magnetic Puzzle 4x4 | Toys For 6-10 Years Old Boys & Girls | 15-Blocks Brain Teaser Puzzle Game for Kids | Educational, Learning, Activity Toy for Return & Birthday Gifts	1	BLR5	SELLABLE	UNDELIVERABLE_REFUSED	LPNBLR5P3321393	
2026-05-05T08:55:44+00:00	403-4237148-3784327	1030604	B0DRVQVFJB	X0027JJHDB	Cubelelo Drift 3M v3 3x3 Magnetic Speedcube (Standard) | Latest Version with New & Improved Internal Structure for Smooth Turns & Stability | Cube Toy for 6-10 Years Old Boys Girls Adults	1	BOM4	SELLABLE	UNDELIVERABLE_UNKNOWN	LPNBOM4N39387742	
2026-05-05T08:46:46+00:00	402-7853871-1145904	1030300_EAN	B0FBMGT6V7	X002C88WLZ	Cubelelo Drift Explorer 3x3 Speed Cube | Best Starter Speedcube for Beginners | Perfect Brain Teaser for Kids Ages 4 to14 Years Old & Above Boys Girls Children | Smooth Turning Puzzle Toy for Adults	1	JPX1	SELLABLE	UNDELIVERABLE_UNKNOWN	LPNJPX1A1885978	
2026-05-05T08:40:49+00:00	407-6680498-4346701	1140022	B08169YZPG	X001602BQR	Cubelelo Drift Gear 3x3 Stickerless Cube Speed Cube | Toy for Kids & Adults | Magic Speedy Stress Buster Brainstorming Puzzle 3x3x3 (Multicolor)	1	BLR5	CUSTOMER_DAMAGED	DEFECTIVE	LPNBLR5P5207337	
2026-05-05T08:26:27+00:00	407-4362814-2121145	1460501	B08XK25RRF	X001VLOAKL	Cubelelo Drift 2x2 & 3x3 Cube Gift Box Combo | 2-in-1 Puzzle Toy Game Set for Children Kids & Adults Ages 4 5 6 & Above | Double the Challenge, Twice the Fun | Ultimate Value Saver Combo	1	BOM4	SELLABLE	UNDELIVERABLE_REFUSED	LPNBOM4N38908862	
2026-05-05T07:54:51+00:00	407-1857701-8699551	1460503	B08XK4V59M	X001VFXJDV	Cubelelo Drift 2x2, 3x3 & 4x4 Premium Gift Box | 3-in-1 Puzzle Game Set | Triple the Challenge, Thrice the Fun | Ultimate Value Saver Combo | Brainstoming Toy for Children Kids & Adults	1	CCX1	CUSTOMER_DAMAGED	DEFECTIVE	LPNCCX1B1362153	
2026-05-05T07:39:55+00:00	407-0568812-2287547	1630202	B09B7PNSTV	X001ETHG47	Cubelelo Drift Infinity Cube (Blue) | Magic Puzzle Cool Mini Gadget for Stress and Anxiety Relief for Kids and Adults | Desk Finger Flip Toy for Fun and Game | for Ages 3 Years and Above	1	DEL2	SELLABLE	UNDELIVERABLE_REFUSED	LPNDEL2R82740292	
2026-05-05T07:08:32+00:00	171-8903273-6093133	1050200	B09K7QTCXP	X001GM0XER	Cubelelo Drift 5x5 Stickerless Speed Cube | AKA Professor's Cube Magic Puzzle for Kids & Adults | Smooth and Durable Speedy Brainstorming Puzzle| Ultimate Stress Buster and Mind Challenge	1	BLR5	SELLABLE	DEFECTIVE	LPNBLR5P5189862	
2026-05-05T06:59:33+00:00	171-8142396-3261126	1030500	B08H88N2N9	X0018CDFL3	Cubelelo Drift Warrior 3x3 Stickerless Cube | Beginner Speedcube for Kids Boys Girls Above 3 4 5 6 Years Old & Above | Magic Puzzle Toy | Durable & Smooth Cube with Anti-Pop Design 3 3	1	DEL2	SELLABLE	SWITCHEROO	LPNDEL2R82494170	
2026-05-05T06:59:08+00:00	404-6391930-2957130	1030400	B07XPNC385	X0012WM1NR	Cubelelo Drift 3x3 Black Speedcube | Beginner Cube for Kids & Adults | Magic Speed Stress Buster Brainstorming Puzzle (Multicolor) | Anti-Pop Technology | Smooth Turning | Durable	1	BOM4	CUSTOMER_DAMAGED	DEFECTIVE	LPNBOM4N38770231	
2026-05-05T06:28:32+00:00	405-3278668-2041969	1030400	B07XPNC385	X0012WM1NR	Cubelelo Drift 3x3 Black Speedcube | Beginner Cube for Kids & Adults | Magic Speed Stress Buster Brainstorming Puzzle (Multicolor) | Anti-Pop Technology | Smooth Turning | Durable	1	DEL2	SELLABLE	UNDELIVERABLE_UNKNOWN	LPNDEL2R82740192	
2026-05-05T06:18:38+00:00	408-2771837-7775507	1040300	B09HH8XQ14	X001G4QY25	Cubelelo Drift 4x4 (Black) Speedcube | Challenging Brain Teaser Puzzle Toy for Kids 7-14 Years Old Boys Girls & Adults All Ages | Fast Speed Cube for Intermediate and Advanced Cubers	1	BLR5	SELLABLE	QUALITY_UNACCEPTABLE	LPNBLR5P3249228	
2026-05-05T06:08:32+00:00	404-2854307-4744321	1030604	B0DRVQVFJB	X0027JJHDB	Cubelelo Drift 3M v3 3x3 Magnetic Speedcube (Standard) | Latest Version with New & Improved Internal Structure for Smooth Turns & Stability | Cube Toy for 6-10 Years Old Boys Girls Adults	1	DEL2	SELLABLE	UNDELIVERABLE_REFUSED	LPNDEL2R82311793	
2026-05-05T05:59:24+00:00	171-0272635-0004355	1030604	B0DRVQVFJB	X0027JJHDB	Cubelelo Drift 3M v3 3x3 Magnetic Speedcube (Standard) | Latest Version with New & Improved Internal Structure for Smooth Turns & Stability | Cube Toy for 6-10 Years Old Boys Girls Adults	1	DEL2	SELLABLE	UNDELIVERABLE_REFUSED	LPNDEL2R83338962	
2026-05-05T05:56:47+00:00	405-7212963-6677941	1030300_EAN	B0FBMGT6V7	X002C88WLZ	Cubelelo Drift Explorer 3x3 Speed Cube | Best Starter Speedcube for Beginners | Perfect Brain Teaser for Kids Ages 4 to14 Years Old & Above Boys Girls Children | Smooth Turning Puzzle Toy for Adults	1	BLR5	SELLABLE	UNDELIVERABLE_REFUSED	LPNBLR5P3261125	
2026-05-05T05:43:06+00:00	403-1835341-9962731	CLB0502	B0CL3HR7YS	X001VZMI15	Cubelelo Drift Warrior 3x3 & Premium Cube Lubricant Combo | Speed Cube Set for Fast, Smooth, Professional Solving | Ultimate Kit for All Your Speedcubing Needs Multicolor for Kids, Adults All Ages	1	BLR5	SELLABLE	UNDELIVERABLE_REFUSED	LPNBLR5P4398893	
2026-05-05T05:16:22+00:00	171-1821040-6041136	1630210	B09HH8CC7Y	X00262W227	Cubelelo Drift Number Sliding Magnetic Puzzle 4x4 | Toys For 6-10 Years Old Boys & Girls | 15-Blocks Brain Teaser Puzzle Game for Kids | Educational, Learning, Activity Toy for Return & Birthday Gifts	1	BLR5	SELLABLE	UNDELIVERABLE_REFUSED	LPNBLR5P5216362	
2026-05-05T04:50:47+00:00	407-6194159-9612316	1630222	B0GH18NXXG	X002HPDYRF	Cubelelo Drift Magnetic Tangram Puzzle | with Strong Magnets, Wooden Pieces & Bold Colors | Toys for 5-10 Years Old Boys Girls & Adults | Travel Friendly, Educational Toy for Return & Birthday Gifts	1	BLR5	SELLABLE	UNDELIVERABLE_UNKNOWN	LPNBLR5P4089480	
2026-05-05T04:50:29+00:00	403-2945140-9211531	1460503	B08XK4V59M	X001VFXJDV	Cubelelo Drift 2x2, 3x3 & 4x4 Premium Gift Box | 3-in-1 Puzzle Game Set | Triple the Challenge, Thrice the Fun | Ultimate Value Saver Combo | Brainstoming Toy for Children Kids & Adults	1	CCX2	SELLABLE	UNDELIVERABLE_UNKNOWN	LPNCCX2B1088710	
2026-05-05T04:38:39+00:00	402-9332485-2591548	1030604	B0DRVQVFJB	X0027JJHDB	Cubelelo Drift 3M v3 3x3 Magnetic Speedcube (Standard) | Latest Version with New & Improved Internal Structure for Smooth Turns & Stability | Cube Toy for 6-10 Years Old Boys Girls Adults	1	BLR5	SELLABLE	UNDELIVERABLE_REFUSED	LPNBLR5P2855974	
2026-05-05T04:36:31+00:00	403-7557517-8248355	1260100	B0CJFVM7VR	X001VFDNDR	Cubelelo Drift Puppet I Speed Cube | Brain Teaser Puzzle Toys | Limited Rotation | Creative New Cube for Kids and Adults	1	BOM4	CUSTOMER_DAMAGED	DEFECTIVE	LPNBOM4N37657612	
2026-05-05T04:25:29+00:00	408-8149447-9821127	1030300_EAN	B0FBMGT6V7	X002C88WLZ	Cubelelo Drift Explorer 3x3 Speed Cube | Best Starter Speedcube for Beginners | Perfect Brain Teaser for Kids Ages 4 to14 Years Old & Above Boys Girls Children | Smooth Turning Puzzle Toy for Adults	1	BOM4	SELLABLE	UNDELIVERABLE_REFUSED	LPNBOM4N39249954	
2026-05-05T04:24:02+00:00	404-5041725-5087565	1290300	B0DB6311DK	X00239RFKR	Cubelelo Drift Megaminx v2 Cube (New Improved Version) | 12-Sided Fun and Challenging Puzzle with Ridge Design | Smooth Turning Dodecahedron | Perfect for Speed-Cubing | Ideal for Kids & Adults	1	BLR5	CARRIER_DAMAGED	DAMAGED_BY_CARRIER	LPNBLR5P4398784	
2026-05-05T04:19:22+00:00	407-1112055-9287538	1630210	B09HH8CC7Y	X00262W227	Cubelelo Drift Number Sliding Magnetic Puzzle 4x4 | Toys For 6-10 Years Old Boys & Girls | 15-Blocks Brain Teaser Puzzle Game for Kids | Educational, Learning, Activity Toy for Return & Birthday Gifts	1	HYD8	SELLABLE	UNDELIVERABLE_UNKNOWN	LPNHYD8EE01986	
2026-05-05T04:18:06+00:00	406-6755611-1327543	CLB0502	B0CL3HR7YS	X001VZMI15	Cubelelo Drift Warrior 3x3 & Premium Cube Lubricant Combo | Speed Cube Set for Fast, Smooth, Professional Solving | Ultimate Kit for All Your Speedcubing Needs Multicolor for Kids, Adults All Ages	1	DEL2	SELLABLE	UNDELIVERABLE_REFUSED	LPNDEL2R83631139	
2026-05-05T04:06:01+00:00	402-8275821-2244348	1460503	B08XK4V59M	X001VFXJDV	Cubelelo Drift 2x2, 3x3 & 4x4 Premium Gift Box | 3-in-1 Puzzle Game Set | Triple the Challenge, Thrice the Fun | Ultimate Value Saver Combo | Brainstoming Toy for Children Kids & Adults	1	BOM4	SELLABLE	UNDELIVERABLE_REFUSED	LPNBOM4N38770068	
2026-05-05T03:58:02+00:00	408-1027806-0066760	1030300_EAN	B0FBMGT6V7	X002C88WLZ	Cubelelo Drift Explorer 3x3 Speed Cube | Best Starter Speedcube for Beginners | Perfect Brain Teaser for Kids Ages 4 to14 Years Old & Above Boys Girls Children | Smooth Turning Puzzle Toy for Adults	1	DEL2	SELLABLE	UNDELIVERABLE_REFUSED	LPNDEL2R82317654	
2026-05-05T03:40:30+00:00	404-2001962-3393925	1630210	B09HH8CC7Y	X00262W227	Cubelelo Drift Number Sliding Magnetic Puzzle 4x4 | Toys For 6-10 Years Old Boys & Girls | 15-Blocks Brain Teaser Puzzle Game for Kids | Educational, Learning, Activity Toy for Return & Birthday Gifts	1	BLR5	SELLABLE	MISSING_PARTS	LPNBLR5P3482547	Please return
2026-05-04T22:25:36+00:00	405-5935158-7193122	1630210	B09HH8CC7Y	X00262W227	Cubelelo Drift Number Sliding Magnetic Puzzle 4x4 | Toys For 6-10 Years Old Boys & Girls | 15-Blocks Brain Teaser Puzzle Game for Kids | Educational, Learning, Activity Toy for Return & Birthday Gifts	1	BLR5	SELLABLE	UNDELIVERABLE_UNKNOWN	LPNBLR5P4379495	
2026-05-04T21:36:32+00:00	407-5712939-2973145	1630222	B0GH18NXXG	X002HPDYRF	Cubelelo Drift Magnetic Tangram Puzzle | with Strong Magnets, Wooden Pieces & Bold Colors | Toys for 5-10 Years Old Boys Girls & Adults | Travel Friendly, Educational Toy for Return & Birthday Gifts	1	BLR5	SELLABLE	UNDELIVERABLE_UNKNOWN	LPNBLR5P4435073	
2026-05-04T21:25:14+00:00	406-6775345-4874745	1630210	B09HH8CC7Y	X00262W227	Cubelelo Drift Number Sliding Magnetic Puzzle 4x4 | Toys For 6-10 Years Old Boys & Girls | 15-Blocks Brain Teaser Puzzle Game for Kids | Educational, Learning, Activity Toy for Return & Birthday Gifts	1	BLR5	SELLABLE	UNDELIVERABLE_REFUSED	LPNBLR5P4407838	
2026-05-04T20:40:27+00:00	404-1007859-0777135	1040300	B09HH8XQ14	X001G4QY25	Cubelelo Drift 4x4 (Black) Speedcube | Challenging Brain Teaser Puzzle Toy for Kids 7-14 Years Old Boys Girls & Adults All Ages | Fast Speed Cube for Intermediate and Advanced Cubers	1	BLR5	CUSTOMER_DAMAGED	DEFECTIVE	LPNBLR5P5182307	
2026-05-04T18:44:30+00:00	405-4165709-2251508	1040300	B09HH8XQ14	X001G4QY25	Cubelelo Drift 4x4 (Black) Speedcube | Challenging Brain Teaser Puzzle Toy for Kids 7-14 Years Old Boys Girls & Adults All Ages | Fast Speed Cube for Intermediate and Advanced Cubers	1	BLR5	SELLABLE	UNDELIVERABLE_UNKNOWN	LPNBLR5P2397852	
2026-05-04T18:42:25+00:00	404-4563100-8613945	1350100	B0BM63N44W	X001O3K2YJ	Cubelelo Drift 2x2x3 Cuboid Stickerless Puzzle | Unique Twist | Smooth Rotations for Stress Relief & Brain Teasers | Ideal Puzzle for Kids & Adults	1	BLR5	SELLABLE	UNDELIVERABLE_UNKNOWN	LPNBLR5P4379305	
2026-05-04T17:54:00+00:00	403-3325664-3260324	1280100a	B09QYW9DYC	X001LHLHUV	Cubelelo Drift Pyraminx Puzzle Speedcube | Beginner Starter Cube for Kids 3+ Year Old & Above | Triangle Pyramid Shape Stickerless 3x3 Cubes Toy | Ideal for Boys Girls Children 4 5 6+ Years & Adults	1	BLR5	CUSTOMER_DAMAGED	DEFECTIVE	LPNBLR5P2397805	
2026-05-04T16:26:23+00:00	171-2308272-7776325	1120100	B08LBGYZ51	X0019BU32H	Cubelelo Drift 3x3 Mirror (Silver) Magic Speed Cube | Shape Shifter Speedcube with Durable Stickers | Advanced 3x3x3 Puzzle Toy for Kids Ages 7-14 Boys Girls & Adults | Collector's Item	1	BLR5	SELLABLE	UNDELIVERABLE_UNKNOWN	LPNBLR5P3914793	
2026-05-04T15:21:26+00:00	406-9354552-8987512	1630210	B09HH8CC7Y	X00262W227	Cubelelo Drift Number Sliding Magnetic Puzzle 4x4 | Toys For 6-10 Years Old Boys & Girls | 15-Blocks Brain Teaser Puzzle Game for Kids | Educational, Learning, Activity Toy for Return & Birthday Gifts	1	CCX1	SELLABLE	UNDELIVERABLE_UNKNOWN	LPNCCX1B2567297	
2026-05-04T15:17:29+00:00	404-1032839-2139539	1460501	B08XK25RRF	X001VLOAKL	Cubelelo Drift 2x2 & 3x3 Cube Gift Box Combo | 2-in-1 Puzzle Toy Game Set for Children Kids & Adults Ages 4 5 6 & Above | Double the Challenge, Twice the Fun | Ultimate Value Saver Combo	1	BLR5	SELLABLE	UNDELIVERABLE_REFUSED	LPNBLR5P3944943	
2026-05-04T15:17:29+00:00	404-1032839-2139539	1120100	B08LBGYZ51	X0019BU32H	Cubelelo Drift 3x3 Mirror (Silver) Magic Speed Cube | Shape Shifter Speedcube with Durable Stickers | Advanced 3x3x3 Puzzle Toy for Kids Ages 7-14 Boys Girls & Adults | Collector's Item	1	BLR5	SELLABLE	UNDELIVERABLE_REFUSED	LPNBLR5P3944933	
2026-05-04T12:50:31+00:00	171-6604071-4195534	1290300	B0DB6311DK	X00239RFKR	Cubelelo Drift Megaminx v2 Cube (New Improved Version) | 12-Sided Fun and Challenging Puzzle with Ridge Design | Smooth Turning Dodecahedron | Perfect for Speed-Cubing | Ideal for Kids & Adults	1	BLR5	CARRIER_DAMAGED	UNDELIVERABLE_UNKNOWN	LPNBLR5P5215753	
2026-05-04T12:46:01+00:00	404-1668272-1635524	1030400	B07XPNC385	X0012WM1NR	Cubelelo Drift 3x3 Black Speedcube | Beginner Cube for Kids & Adults | Magic Speed Stress Buster Brainstorming Puzzle (Multicolor) | Anti-Pop Technology | Smooth Turning | Durable	1	BLR5	SELLABLE	UNDELIVERABLE_REFUSED	LPNBLR5P2391119	
2026-05-04T11:59:52+00:00	405-5378201-5043555	1030400	B07XPNC385	X0012WM1NR	Cubelelo Drift 3x3 Black Speedcube | Beginner Cube for Kids & Adults | Magic Speed Stress Buster Brainstorming Puzzle (Multicolor) | Anti-Pop Technology | Smooth Turning | Durable	1	BLR5	SELLABLE	DEFECTIVE	LPNBLR5P4735091	
2026-05-04T11:54:51+00:00	407-8090292-2222701	1460553	B0BYVHGR5H	X001WPZI9N	Cubelelo Drift 2x2, 3x3 & Pyraminx Cube Combo (Stickerless) | Ideal for Kids Above 3 4 5 6 Years Old Boys Girls | 3 in 1 Speedcube Gift Set | High Speed Puzzle 3x3x3 2x2x2 Pyramid Triangle	1	BLR5	CUSTOMER_DAMAGED	DEFECTIVE	LPNBLR5P4732462	
2026-05-04T11:53:55+00:00	407-3130468-2218730	1030400	B07XPNC385	X0012WM1NR	Cubelelo Drift 3x3 Black Speedcube | Beginner Cube for Kids & Adults | Magic Speed Stress Buster Brainstorming Puzzle (Multicolor) | Anti-Pop Technology | Smooth Turning | Durable	1	BLR5	SELLABLE	NEVER_ARRIVED	LPNBLR5P3944666	
2026-05-04T11:37:09+00:00	407-6275686-8862750	1030300_EAN	B0FBMGT6V7	X002C88WLZ	Cubelelo Drift Explorer 3x3 Speed Cube | Best Starter Speedcube for Beginners | Perfect Brain Teaser for Kids Ages 4 to14 Years Old & Above Boys Girls Children | Smooth Turning Puzzle Toy for Adults	1	CCX1	SELLABLE	UNDELIVERABLE_REFUSED	LPNCCX1B1969715	
2026-05-04T11:34:55+00:00	404-0087169-9628335	1030604	B0DRVQVFJB	X0027JJHDB	Cubelelo Drift 3M v3 3x3 Magnetic Speedcube (Standard) | Latest Version with New & Improved Internal Structure for Smooth Turns & Stability | Cube Toy for 6-10 Years Old Boys Girls Adults	1	BLR5	SELLABLE	UNDELIVERABLE_UNKNOWN	LPNBLR5P3914508	
2026-05-04T11:29:52+00:00	408-4972028-3570757	1050200	B09K7QTCXP	X001GM0XER	Cubelelo Drift 5x5 Stickerless Speed Cube | AKA Professor's Cube Magic Puzzle for Kids & Adults | Smooth and Durable Speedy Brainstorming Puzzle| Ultimate Stress Buster and Mind Challenge	1	BOM4	SELLABLE	UNDELIVERABLE_REFUSED	LPNBOM4N38637639	
2026-05-04T11:22:07+00:00	407-0349859-0413943	1280100a	B09QYW9DYC	X001LHLHUV	Cubelelo Drift Pyraminx Puzzle Speedcube | Beginner Starter Cube for Kids 3+ Year Old & Above | Triangle Pyramid Shape Stickerless 3x3 Cubes Toy | Ideal for Boys Girls Children 4 5 6+ Years & Adults	1	BLR5	SELLABLE	UNDELIVERABLE_REFUSED	LPNBLR5P4472164	
2026-05-04T11:18:30+00:00	402-6421215-8282714	1460501	B08XK25RRF	X001VLOAKL	Cubelelo Drift 2x2 & 3x3 Cube Gift Box Combo | 2-in-1 Puzzle Toy Game Set for Children Kids & Adults Ages 4 5 6 & Above | Double the Challenge, Twice the Fun | Ultimate Value Saver Combo	1	CCX2	SELLABLE	UNDELIVERABLE_REFUSED	LPNCCX2A9632841	
2026-05-04T11:11:52+00:00	402-3826712-0995537	1030604	B0DRVQVFJB	X0027JJHDB	Cubelelo Drift 3M v3 3x3 Magnetic Speedcube (Standard) | Latest Version with New & Improved Internal Structure for Smooth Turns & Stability | Cube Toy for 6-10 Years Old Boys Girls Adults	1	DEL2	SELLABLE	UNDELIVERABLE_REFUSED	LPNDEL2R83344841	
2026-05-04T11:08:15+00:00	171-9079605-2276308	1030300_EAN	B0FBMGT6V7	X002C88WLZ	Cubelelo Drift Explorer 3x3 Speed Cube | Best Starter Speedcube for Beginners | Perfect Brain Teaser for Kids Ages 4 to14 Years Old & Above Boys Girls Children | Smooth Turning Puzzle Toy for Adults	1	BOM5	SELLABLE	UNDELIVERABLE_UNKNOWN	LPNBOM5F5211078	
2026-05-04T11:03:27+00:00	402-1196135-9893118	1030300_EAN	B0FBMGT6V7	X002C88WLZ	Cubelelo Drift Explorer 3x3 Speed Cube | Best Starter Speedcube for Beginners | Perfect Brain Teaser for Kids Ages 4 to14 Years Old & Above Boys Girls Children | Smooth Turning Puzzle Toy for Adults	1	BLR5	SELLABLE	UNDELIVERABLE_REFUSED	LPNBLR5P4364899	
2026-05-04T10:50:22+00:00	404-5070811-3876316	1630210	B09HH8CC7Y	X00262W227	Cubelelo Drift Number Sliding Magnetic Puzzle 4x4 | Toys For 6-10 Years Old Boys & Girls | 15-Blocks Brain Teaser Puzzle Game for Kids | Educational, Learning, Activity Toy for Return & Birthday Gifts	1	DEL2	DEFECTIVE	MISSING_PARTS	LPNDEL2R82085659	The pieces came broken and magnets were missing
2026-05-04T10:48:53+00:00	407-5954336-5150742	1040400	B0FL7TDJLF	X002DFU80F	Cubelelo Drift 4x4 Stickerless Cube Puzzle Toy | Combines Smoothness, Stability & Durability | 4x4x4 Speedcube for Beginners| Suitable for Kids Ages 6 to 14 Years Old, Boys, Girls & Adults	1	BOM4	SELLABLE	NOT_AS_DESCRIBED	LPNBOM4N38568119	replace with other
2026-05-04T10:17:13+00:00	406-4347540-8521139	1030604	B0DRVQVFJB	X0027JJHDB	Cubelelo Drift 3M v3 3x3 Magnetic Speedcube (Standard) | Latest Version with New & Improved Internal Structure for Smooth Turns & Stability | Cube Toy for 6-10 Years Old Boys Girls Adults	1	PAX1	SELLABLE	UNDELIVERABLE_REFUSED	LPNPAX1A4117853	
2026-05-04T10:13:11+00:00	171-1246568-6556361	1040400	B0FL7TDJLF	X002DFU80F	Cubelelo Drift 4x4 Stickerless Cube Puzzle Toy | Combines Smoothness, Stability & Durability | 4x4x4 Speedcube for Beginners| Suitable for Kids Ages 6 to 14 Years Old, Boys, Girls & Adults	1	BOM4	SELLABLE	UNDELIVERABLE_REFUSED	LPNBOM4N37701770	
2026-05-04T09:52:00+00:00	407-3558258-3505944	1030500	B08H88N2N9	X0018CDFL3	Cubelelo Drift Warrior 3x3 Stickerless Cube | Beginner Speedcube for Kids Boys Girls Above 3 4 5 6 Years Old & Above | Magic Puzzle Toy | Durable & Smooth Cube with Anti-Pop Design 3 3	1	DEL2	SELLABLE	UNDELIVERABLE_REFUSED	LPNDEL2R83338540	
2026-05-04T09:45:34+00:00	408-8437975-3479503	1030500	B08H88N2N9	X0018CDFL3	Cubelelo Drift Warrior 3x3 Stickerless Cube | Beginner Speedcube for Kids Boys Girls Above 3 4 5 6 Years Old & Above | Magic Puzzle Toy | Durable & Smooth Cube with Anti-Pop Design 3 3	1	BOM4	SELLABLE	UNDELIVERABLE_UNKNOWN	LPNBOM4N37670552	
2026-05-04T09:19:45+00:00	404-1387614-3672338	1030604	B0DRVQVFJB	X0027JJHDB	Cubelelo Drift 3M v3 3x3 Magnetic Speedcube (Standard) | Latest Version with New & Improved Internal Structure for Smooth Turns & Stability | Cube Toy for 6-10 Years Old Boys Girls Adults	1	DEL2	SELLABLE	UNDELIVERABLE_REFUSED	LPNDEL2R83244631	
2026-05-04T08:16:12+00:00	171-3579069-1627524	1120100	B08LBGYZ51	X0019BU32H	Cubelelo Drift 3x3 Mirror (Silver) Magic Speed Cube | Shape Shifter Speedcube with Durable Stickers | Advanced 3x3x3 Puzzle Toy for Kids Ages 7-14 Boys Girls & Adults | Collector's Item	1	DEL2	SELLABLE	UNDELIVERABLE_REFUSED	LPNDEL2R83910216	
2026-05-04T07:48:20+00:00	402-5922265-0734726	1670100_EAN	B0C55MBRHV	X001S3J90D	Cubelelo Drift Megaminx 2x2 Stickerless Speedcube Puzzle for Kids & Adults | 12 Sided Unique Challenging Puzzle with Adjustable Tension & Anti-pop Design	1	DEL2	SELLABLE	UNDELIVERABLE_REFUSED	LPNDEL2R82323785	
2026-05-04T07:48:10+00:00	402-8708613-6494714	1040300	B09HH8XQ14	X001G4QY25	Cubelelo Drift 4x4 (Black) Speedcube | Challenging Brain Teaser Puzzle Toy for Kids 7-14 Years Old Boys Girls & Adults All Ages | Fast Speed Cube for Intermediate and Advanced Cubers	1	DEL2	SELLABLE	UNDELIVERABLE_REFUSED	LPNDEL2R83910190	
2026-05-04T07:28:08+00:00	405-7539935-1858719	1040300	B09HH8XQ14	X001G4QY25	Cubelelo Drift 4x4 (Black) Speedcube | Challenging Brain Teaser Puzzle Toy for Kids 7-14 Years Old Boys Girls & Adults All Ages | Fast Speed Cube for Intermediate and Advanced Cubers	1	DEL2	CUSTOMER_DAMAGED	QUALITY_UNACCEPTABLE	LPNDEL2R83244552	
2026-05-04T07:26:41+00:00	404-5272224-4856343	1030300_EAN	B0FBMGT6V7	X002C88WLZ	Cubelelo Drift Explorer 3x3 Speed Cube | Best Starter Speedcube for Beginners | Perfect Brain Teaser for Kids Ages 4 to14 Years Old & Above Boys Girls Children | Smooth Turning Puzzle Toy for Adults	1	BOM4	SELLABLE	UNDELIVERABLE_REFUSED	LPNBOM4N37705159	
2026-05-04T07:19:48+00:00	408-4980309-2201169	1460553	B0BYVHGR5H	X001WPZI9N	Cubelelo Drift 2x2, 3x3 & Pyraminx Cube Combo (Stickerless) | Ideal for Kids Above 3 4 5 6 Years Old Boys Girls | 3 in 1 Speedcube Gift Set | High Speed Puzzle 3x3x3 2x2x2 Pyramid Triangle	1	BOM4	SELLABLE	UNDELIVERABLE_REFUSED	LPNBOM4N37670364	
2026-05-04T06:57:46+00:00	402-4293329-4763536	1030400	B07XPNC385	X0012WM1NR	Cubelelo Drift 3x3 Black Speedcube | Beginner Cube for Kids & Adults | Magic Speed Stress Buster Brainstorming Puzzle (Multicolor) | Anti-Pop Technology | Smooth Turning | Durable	1	DEL2	SELLABLE	UNDELIVERABLE_REFUSED	LPNDEL2R83762239	
2026-05-04T06:40:52+00:00	404-1769366-7601121	1060100	B09HH5R69B	X001G4MZFF	Cubelelo Drift 6x6 Stickerless Speed Cube Magic Puzzle for Kids & Adults | Advanced Level Speedcube | Speedy Stress Buster Brainstorming Cube	1	DEL2	CUSTOMER_DAMAGED	MISSING_PARTS	LPNDEL2R83342708	
2026-05-04T06:37:30+00:00	402-8152424-3192318	1030478	B09PYRTM4X	X001HYK0PL	Cubelelo Drift 3x3 Jelly Edition Speedcube Magic Cube Puzzle	1	DEL2	DEFECTIVE	DAMAGED_BY_FC	LPNDEL2R83630721	Demej
2026-05-04T06:13:17+00:00	407-7497291-3991550	1630210	B09HH8CC7Y	X00262W227	Cubelelo Drift Number Sliding Magnetic Puzzle 4x4 | Toys For 6-10 Years Old Boys & Girls | 15-Blocks Brain Teaser Puzzle Game for Kids | Educational, Learning, Activity Toy for Return & Birthday Gifts	1	DEL2	SELLABLE	UNDELIVERABLE_UNKNOWN	LPNDEL2R82085358	
2026-05-04T05:51:45+00:00	407-8926003-9877948	1030604	B0DRVQVFJB	X0027JJHDB	Cubelelo Drift 3M v3 3x3 Magnetic Speedcube (Standard) | Latest Version with New & Improved Internal Structure for Smooth Turns & Stability | Cube Toy for 6-10 Years Old Boys Girls Adults	1	DEL2	SELLABLE	UNDELIVERABLE_REFUSED	LPNDEL2R82275636	
2026-05-04T05:04:54+00:00	405-8446523-3727517	1170200	B0CZDV68CM	X001ZUSZ4F	Cubelelo Drift Windmill (Tiled) Magic Cube Puzzle | Unique Shape Mod with Premium Design, Smooth Finish Toy for Intermediate and Advanced Solvers | Suitable for Adults and Kids Ages 3 & Above	1	BOM4	SELLABLE	UNDELIVERABLE_REFUSED	LPNBOM4N38588350	
2026-05-04T05:01:59+00:00	406-9072493-3917907	1460553	B0BYVHGR5H	X001WPZI9N	Cubelelo Drift 2x2, 3x3 & Pyraminx Cube Combo (Stickerless) | Ideal for Kids Above 3 4 5 6 Years Old Boys Girls | 3 in 1 Speedcube Gift Set | High Speed Puzzle 3x3x3 2x2x2 Pyramid Triangle	1	BOM4	SELLABLE	UNDELIVERABLE_REFUSED	LPNBOM4N39312225	
2026-05-04T04:32:21+00:00	406-0347895-6979507	1120100	B08LBGYZ51	X0019BU32H	Cubelelo Drift 3x3 Mirror (Silver) Magic Speed Cube | Shape Shifter Speedcube with Durable Stickers | Advanced 3x3x3 Puzzle Toy for Kids Ages 7-14 Boys Girls & Adults | Collector's Item	1	CCX1	SELLABLE	UNDELIVERABLE_REFUSED	LPNCCX1B1368263	
2026-05-04T04:29:12+00:00	402-6949430-2901910	1020200	B08LBJ3P8L	X0019BU39P	Cubelelo Drift 2x2 Stickerless Cube | Beginner Speedcube for Kids Boys Girls Above 3 4 5 6 Years Old & Above | Magic Puzzle Toy | Durable & Smooth Cube with Anti-Pop Design 2x2x2	1	DEL2	SELLABLE	UNDELIVERABLE_REFUSED	LPNDEL2R83342571	
2026-05-04T04:29:12+00:00	402-6949430-2901910	1280100a	B09QYW9DYC	X001LHLHUV	Cubelelo Drift Pyraminx Puzzle Speedcube | Beginner Starter Cube for Kids 3+ Year Old & Above | Triangle Pyramid Shape Stickerless 3x3 Cubes Toy | Ideal for Boys Girls Children 4 5 6+ Years & Adults	1	DEL2	CARRIER_DAMAGED	UNDELIVERABLE_REFUSED	LPNDEL2R83342631	
2026-05-04T04:29:04+00:00	402-8819115-9053157	1030300_EAN	B0FBMGT6V7	X002C88WLZ	Cubelelo Drift Explorer 3x3 Speed Cube | Best Starter Speedcube for Beginners | Perfect Brain Teaser for Kids Ages 4 to14 Years Old & Above Boys Girls Children | Smooth Turning Puzzle Toy for Adults	1	CCX2	SELLABLE	UNDELIVERABLE_REFUSED	LPNCCX2A9633303	
2026-05-04T04:22:28+00:00	405-2798236-8560315	1030300_EAN	B0FBMGT6V7	X002C88WLZ	Cubelelo Drift Explorer 3x3 Speed Cube | Best Starter Speedcube for Beginners | Perfect Brain Teaser for Kids Ages 4 to14 Years Old & Above Boys Girls Children | Smooth Turning Puzzle Toy for Adults	1	BOM4	SELLABLE	MISSING_PARTS	LPNBOM4N38157170	No delivered to my shop
2026-05-04T04:14:55+00:00	402-2232599-0384357	1460501	B08XK25RRF	X001VLOAKL	Cubelelo Drift 2x2 & 3x3 Cube Gift Box Combo | 2-in-1 Puzzle Toy Game Set for Children Kids & Adults Ages 4 5 6 & Above | Double the Challenge, Twice the Fun | Ultimate Value Saver Combo	1	DEL2	SELLABLE	UNDELIVERABLE_UNKNOWN	LPNDEL2R82627567	
2026-05-04T04:13:54+00:00	405-7215903-9841918	1030604	B0DRVQVFJB	X0027JJHDB	Cubelelo Drift 3M v3 3x3 Magnetic Speedcube (Standard) | Latest Version with New & Improved Internal Structure for Smooth Turns & Stability | Cube Toy for 6-10 Years Old Boys Girls Adults	1	DEL2	SELLABLE	UNDELIVERABLE_REFUSED	LPNDEL2R83630593	
2026-05-04T04:10:32+00:00	404-8186790-1097911	1030604	B0DRVQVFJB	X0027JJHDB	Cubelelo Drift 3M v3 3x3 Magnetic Speedcube (Standard) | Latest Version with New & Improved Internal Structure for Smooth Turns & Stability | Cube Toy for 6-10 Years Old Boys Girls Adults	1	DEL2	SELLABLE	UNDELIVERABLE_REFUSED	LPNDEL2R82311171	
2026-05-04T04:03:42+00:00	171-1907397-4909122	1030604	B0DRVQVFJB	X0027JJHDB	Cubelelo Drift 3M v3 3x3 Magnetic Speedcube (Standard) | Latest Version with New & Improved Internal Structure for Smooth Turns & Stability | Cube Toy for 6-10 Years Old Boys Girls Adults	1	CCX1	SELLABLE	UNDELIVERABLE_UNKNOWN	LPNCCX1B1443152	
2026-05-04T04:01:57+00:00	403-2940365-3601938	1040400	B0FL7TDJLF	X002DFU80F	Cubelelo Drift 4x4 Stickerless Cube Puzzle Toy | Combines Smoothness, Stability & Durability | 4x4x4 Speedcube for Beginners| Suitable for Kids Ages 6 to 14 Years Old, Boys, Girls & Adults	1	BLR5	SELLABLE	UNDELIVERABLE_UNKNOWN	LPNBLR5P4390167	
2026-05-04T03:52:04+00:00	404-6692475-5841102	1030603	B0DRVMTFN1	X0027JJ8K3	Cubelelo Drift 3M v3 3x3 (Magnetic UV Coated) Speedcube - New Version | Premium Glossy Finish, Ultra Fast & Smooth Turns, Enhanced Auto-Alignment with 48 Magnets | Puzzle Cube for Kids & Adults	1	DEL2	SELLABLE	UNDELIVERABLE_REFUSED	LPNDEL2R83342522	
2026-05-04T03:48:10+00:00	403-4875115-4635563	1030604	B0DRVQVFJB	X0027JJHDB	Cubelelo Drift 3M v3 3x3 Magnetic Speedcube (Standard) | Latest Version with New & Improved Internal Structure for Smooth Turns & Stability | Cube Toy for 6-10 Years Old Boys Girls Adults	1	BLR5	CUSTOMER_DAMAGED	DEFECTIVE	LPNBLR5P5206411	
2026-05-04T03:32:56+00:00	403-1261080-7593969	1630210	B09HH8CC7Y	X00262W227	Cubelelo Drift Number Sliding Magnetic Puzzle 4x4 | Toys For 6-10 Years Old Boys & Girls | 15-Blocks Brain Teaser Puzzle Game for Kids | Educational, Learning, Activity Toy for Return & Birthday Gifts	1	DEL2	SELLABLE	UNDELIVERABLE_REFUSED	LPNDEL2R82311133	
2026-05-04T03:19:23+00:00	171-4883974-1771508	1280100a	B09QYW9DYC	X001LHLHUV	Cubelelo Drift Pyraminx Puzzle Speedcube | Beginner Starter Cube for Kids 3+ Year Old & Above | Triangle Pyramid Shape Stickerless 3x3 Cubes Toy | Ideal for Boys Girls Children 4 5 6+ Years & Adults	1	BLR5	SELLABLE	UNDELIVERABLE_REFUSED	LPNBLR5P4392813	
2026-05-04T03:18:19+00:00	405-8251127-0529918	1630201	B09QMNCWYG	X001I5SK8D	Cubelelo Drift Infinity Cube (Green) | Magic Puzzle Cool Mini Gadget for Stress and Anxiety Relief for Kids and Adults | Desk Finger Flip Toy for Fun and Game | for Ages 3 Years and Above	1	DEL2	SELLABLE	QUALITY_UNACCEPTABLE	LPNDEL2R83825496	
2026-05-04T03:16:48+00:00	403-9675934-3902719	1460553	B0BYVHGR5H	X001WPZI9N	Cubelelo Drift 2x2, 3x3 & Pyraminx Cube Combo (Stickerless) | Ideal for Kids Above 3 4 5 6 Years Old Boys Girls | 3 in 1 Speedcube Gift Set | High Speed Puzzle 3x3x3 2x2x2 Pyramid Triangle	1	BOM4	SELLABLE	UNDELIVERABLE_REFUSED	LPNBOM4N38600638	
2026-05-03T22:19:37+00:00	404-3577657-2094764	1040300	B09HH8XQ14	X001G4QY25	Cubelelo Drift 4x4 (Black) Speedcube | Challenging Brain Teaser Puzzle Toy for Kids 7-14 Years Old Boys Girls & Adults All Ages | Fast Speed Cube for Intermediate and Advanced Cubers	1	BOM4	SELLABLE	UNDELIVERABLE_REFUSED	LPNBOM4N39387212	
2026-05-03T21:43:04+00:00	408-5659583-2660303	1120100	B08LBGYZ51	X0019BU32H	Cubelelo Drift 3x3 Mirror (Silver) Magic Speed Cube | Shape Shifter Speedcube with Durable Stickers | Advanced 3x3x3 Puzzle Toy for Kids Ages 7-14 Boys Girls & Adults | Collector's Item	1	BLR5	SELLABLE	UNDELIVERABLE_REFUSED	LPNBLR5P3944026	
2026-05-03T20:37:23+00:00	406-4425573-5781122	1040400	B0FL7TDJLF	X002DFU80F	Cubelelo Drift 4x4 Stickerless Cube Puzzle Toy | Combines Smoothness, Stability & Durability | 4x4x4 Speedcube for Beginners| Suitable for Kids Ages 6 to 14 Years Old, Boys, Girls & Adults	1	BLR5	SELLABLE	UNDELIVERABLE_REFUSED	LPNBLR5P4378805	
2026-05-03T19:17:50+00:00	406-4342150-0976313	1030604	B0DRVQVFJB	X0027JJHDB	Cubelelo Drift 3M v3 3x3 Magnetic Speedcube (Standard) | Latest Version with New & Improved Internal Structure for Smooth Turns & Stability | Cube Toy for 6-10 Years Old Boys Girls Adults	1	BOM4	SELLABLE	UNDELIVERABLE_REFUSED	LPNBOM4N37966830	
2026-05-03T18:58:24+00:00	402-2729497-4093112	1630202	B09B7PNSTV	X001ETHG47	Cubelelo Drift Infinity Cube (Blue) | Magic Puzzle Cool Mini Gadget for Stress and Anxiety Relief for Kids and Adults | Desk Finger Flip Toy for Fun and Game | for Ages 3 Years and Above	1	BLR5	SELLABLE	UNDELIVERABLE_UNKNOWN	LPNBLR5P4387807	
2026-05-03T13:13:42+00:00	403-2778136-1711566	1460501	B08XK25RRF	X001VLOAKL	Cubelelo Drift 2x2 & 3x3 Cube Gift Box Combo | 2-in-1 Puzzle Toy Game Set for Children Kids & Adults Ages 4 5 6 & Above | Double the Challenge, Twice the Fun | Ultimate Value Saver Combo	1	CCX2	SELLABLE	UNDELIVERABLE_UNKNOWN	LPNCCX2A9698827	
2026-05-03T13:09:53+00:00	404-4329595-9566710	1120100	B08LBGYZ51	X0019BU32H	Cubelelo Drift 3x3 Mirror (Silver) Magic Speed Cube | Shape Shifter Speedcube with Durable Stickers | Advanced 3x3x3 Puzzle Toy for Kids Ages 7-14 Boys Girls & Adults | Collector's Item	1	BLR5	SELLABLE	DAMAGED_BY_CARRIER	LPNBLR5P4352491	
2026-05-03T12:43:56+00:00	403-7208285-3790717	1630210	B09HH8CC7Y	X00262W227	Cubelelo Drift Number Sliding Magnetic Puzzle 4x4 | Toys For 6-10 Years Old Boys & Girls | 15-Blocks Brain Teaser Puzzle Game for Kids | Educational, Learning, Activity Toy for Return & Birthday Gifts	1	BLR5	SELLABLE	UNDELIVERABLE_UNKNOWN	LPNBLR5P1933475	
2026-05-03T12:36:56+00:00	171-6727632-3008360	1030300_EAN	B0FBMGT6V7	X002C88WLZ	Cubelelo Drift Explorer 3x3 Speed Cube | Best Starter Speedcube for Beginners | Perfect Brain Teaser for Kids Ages 4 to14 Years Old & Above Boys Girls Children | Smooth Turning Puzzle Toy for Adults	1	DEL2	SELLABLE	NEVER_ARRIVED	LPNDEL2R82085129	
2026-05-03T12:36:39+00:00	405-9002257-7445140	1120100	B08LBGYZ51	X0019BU32H	Cubelelo Drift 3x3 Mirror (Silver) Magic Speed Cube | Shape Shifter Speedcube with Durable Stickers | Advanced 3x3x3 Puzzle Toy for Kids Ages 7-14 Boys Girls & Adults | Collector's Item	1	CCX1	SELLABLE	UNDELIVERABLE_REFUSED	LPNCCX1B3057853	
2026-05-03T12:33:42+00:00	403-7593336-8081918	1030300_EAN	B0FBMGT6V7	X002C88WLZ	Cubelelo Drift Explorer 3x3 Speed Cube | Best Starter Speedcube for Beginners | Perfect Brain Teaser for Kids Ages 4 to14 Years Old & Above Boys Girls Children | Smooth Turning Puzzle Toy for Adults	1	BOM4	SELLABLE	UNDELIVERABLE_REFUSED	LPNBOM4N38649707	
2026-05-03T12:28:59+00:00	407-0125533-6445179	1630223	B0GN1TJ7F4	X002IIXAZ7	Cubelelo Drift Clang! | 2-4 Players Classic Magnetic Attraction Strategy Game | Features 24 Magnets & Adjustable Rope | Fun Gifting Toy for Family, Teens & Adults | Compact and Travel Friendly	1	CCX2	SELLABLE	UNDELIVERABLE_REFUSED	LPNCCX2B1170821	
2026-05-03T12:28:59+00:00	407-0125533-6445179	1630223	B0GN1TJ7F4	X002IIXAZ7	Cubelelo Drift Clang! | 2-4 Players Classic Magnetic Attraction Strategy Game | Features 24 Magnets & Adjustable Rope | Fun Gifting Toy for Family, Teens & Adults | Compact and Travel Friendly	1	CCX2	SELLABLE	UNDELIVERABLE_REFUSED	LPNCCX2B1170819	
2026-05-03T12:07:03+00:00	404-6919455-3689160	1030300_EAN	B0FBMGT6V7	X002C88WLZ	Cubelelo Drift Explorer 3x3 Speed Cube | Best Starter Speedcube for Beginners | Perfect Brain Teaser for Kids Ages 4 to14 Years Old & Above Boys Girls Children | Smooth Turning Puzzle Toy for Adults	1	DEL2	SELLABLE	UNDELIVERABLE_REFUSED	LPNDEL2R82085083	
2026-05-03T11:29:31+00:00	405-4390956-5826754	1030604	B0DRVQVFJB	X0027JJHDB	Cubelelo Drift 3M v3 3x3 Magnetic Speedcube (Standard) | Latest Version with New & Improved Internal Structure for Smooth Turns & Stability | Cube Toy for 6-10 Years Old Boys Girls Adults	1	DEL2	SELLABLE	UNDELIVERABLE_REFUSED	LPNDEL2R82325294	
2026-05-03T11:29:04+00:00	405-7021905-4454731	1630210	B09HH8CC7Y	X00262W227	Cubelelo Drift Number Sliding Magnetic Puzzle 4x4 | Toys For 6-10 Years Old Boys & Girls | 15-Blocks Brain Teaser Puzzle Game for Kids | Educational, Learning, Activity Toy for Return & Birthday Gifts	1	BOM4	SELLABLE	UNDELIVERABLE_UNKNOWN	LPNBOM4N38600532	
2026-05-03T11:20:41+00:00	406-0424650-8801129	1030500	B08H88N2N9	X0018CDFL3	Cubelelo Drift Warrior 3x3 Stickerless Cube | Beginner Speedcube for Kids Boys Girls Above 3 4 5 6 Years Old & Above | Magic Puzzle Toy | Durable & Smooth Cube with Anti-Pop Design 3 3	1	DEL2	SELLABLE	UNDELIVERABLE_UNKNOWN	LPNDEL2R82325278	
2026-05-03T11:19:26+00:00	408-7559497-6591505	1030300_EAN	B0FBMGT6V7	X002C88WLZ	Cubelelo Drift Explorer 3x3 Speed Cube | Best Starter Speedcube for Beginners | Perfect Brain Teaser for Kids Ages 4 to14 Years Old & Above Boys Girls Children | Smooth Turning Puzzle Toy for Adults	1	BLR5	SELLABLE	UNDELIVERABLE_REFUSED	LPNBLR5P3943217	
2026-05-03T11:01:49+00:00	171-5878381-1145134	1630210	B09HH8CC7Y	X00262W227	Cubelelo Drift Number Sliding Magnetic Puzzle 4x4 | Toys For 6-10 Years Old Boys & Girls | 15-Blocks Brain Teaser Puzzle Game for Kids | Educational, Learning, Activity Toy for Return & Birthday Gifts	1	BOM7	SELLABLE	UNDELIVERABLE_UNKNOWN	LPNBOM7D20051299	
2026-05-03T11:01:49+00:00	171-3330237-1765162	1030604	B0DRVQVFJB	X0027JJHDB	Cubelelo Drift 3M v3 3x3 Magnetic Speedcube (Standard) | Latest Version with New & Improved Internal Structure for Smooth Turns & Stability | Cube Toy for 6-10 Years Old Boys Girls Adults	1	BOM7	SELLABLE	UNDELIVERABLE_UNKNOWN	LPNBOM7D20051301	
2026-05-03T10:33:42+00:00	402-5615844-1885903	1030300_EAN	B0FBMGT6V7	X002C88WLZ	Cubelelo Drift Explorer 3x3 Speed Cube | Best Starter Speedcube for Beginners | Perfect Brain Teaser for Kids Ages 4 to14 Years Old & Above Boys Girls Children | Smooth Turning Puzzle Toy for Adults	1	CCX2	SELLABLE	UNDELIVERABLE_REFUSED	LPNCCX2A7856654	
2026-05-03T10:32:00+00:00	404-9018262-0591552	1630222	B0GH18NXXG	X002HPDYRF	Cubelelo Drift Magnetic Tangram Puzzle | with Strong Magnets, Wooden Pieces & Bold Colors | Toys for 5-10 Years Old Boys Girls & Adults | Travel Friendly, Educational Toy for Return & Birthday Gifts	1	BOM4	SELLABLE	UNDELIVERABLE_REFUSED	LPNBOM4N37964830	
2026-05-03T09:58:19+00:00	406-2922098-0043568	1030800_EAN	B0BRXKFQWS	X001P8BZA3	Cubelelo Drift 3M Plus v2 3x3 (MagLev) Magnetic Speedcube (New Version) | Cube for Kids Boys Girls Children Ages 4 5 6 7 8 & Above | Premium 3x3x3 for Speedcubing with Excellent Performance	1	CCX2	SELLABLE	UNDELIVERABLE_REFUSED	LPNCCX2A7856689	
2026-05-03T09:58:19+00:00	406-2922098-0043568	1030800_EAN	B0BRXKFQWS	X001P8BZA3	Cubelelo Drift 3M Plus v2 3x3 (MagLev) Magnetic Speedcube (New Version) | Cube for Kids Boys Girls Children Ages 4 5 6 7 8 & Above | Premium 3x3x3 for Speedcubing with Excellent Performance	1	CCX2	SELLABLE	UNDELIVERABLE_REFUSED	LPNCCX2A7856688	
2026-05-03T09:37:04+00:00	404-8541771-6509916	1030651	B0DJQWJFSX	X0025EZ04D	Cubelelo Drift 3M Plus v2 3x3 (Magnetic) (New Upgraded Version) | Based on MoYu RS3M v5 | Dual-Adjustment System | Speedcube for Kids & Adults | Magic Speedy Stress Buster Brainstorming Puzzle	1	DEL2	SELLABLE	UNDELIVERABLE_REFUSED	LPNDEL2R82225420	
2026-05-03T09:32:11+00:00	404-8282388-7631564	1030300_EAN	B0FBMGT6V7	X002C88WLZ	Cubelelo Drift Explorer 3x3 Speed Cube | Best Starter Speedcube for Beginners | Perfect Brain Teaser for Kids Ages 4 to14 Years Old & Above Boys Girls Children | Smooth Turning Puzzle Toy for Adults	1	DEL2	SELLABLE	UNDELIVERABLE_REFUSED	LPNDEL2R82475561	
2026-05-03T09:31:24+00:00	406-6513693-7665929	1040400	B0FL7TDJLF	X002DFU80F	Cubelelo Drift 4x4 Stickerless Cube Puzzle Toy | Combines Smoothness, Stability & Durability | 4x4x4 Speedcube for Beginners| Suitable for Kids Ages 6 to 14 Years Old, Boys, Girls & Adults	1	DEL2	SELLABLE	UNDELIVERABLE_REFUSED	LPNDEL2R82677454	
2026-05-03T08:54:36+00:00	406-7163939-3692338	1030300_EAN	B0FBMGT6V7	X002C88WLZ	Cubelelo Drift Explorer 3x3 Speed Cube | Best Starter Speedcube for Beginners | Perfect Brain Teaser for Kids Ages 4 to14 Years Old & Above Boys Girls Children | Smooth Turning Puzzle Toy for Adults	1	BOM4	SELLABLE	UNDELIVERABLE_REFUSED	LPNBOM4N38554042	
2026-05-03T08:32:06+00:00	404-8602191-7621155	1630210	B09HH8CC7Y	X00262W227	Cubelelo Drift Number Sliding Magnetic Puzzle 4x4 | Toys For 6-10 Years Old Boys & Girls | 15-Blocks Brain Teaser Puzzle Game for Kids | Educational, Learning, Activity Toy for Return & Birthday Gifts	1	DEL2	SELLABLE	MISSING_PARTS	LPNDEL2R83630313	Many magnets are missing and don’t work
2026-05-03T08:03:43+00:00	406-7181971-9108311	1310035_EAN	B0BV247KZ6	X001PWV6K3	Cubelelo Magic Snake Rainbow Puzzle Cube (24 Wedges) | Twist and Turn Shape Creation Fun Game for Kids Boys Girls and Adults | Multicolor Brain Teaser Stress Buster Toy | for Ages 3 Years and Above	1	DEL2	SELLABLE	UNDELIVERABLE_REFUSED	LPNDEL2R82627203	
2026-05-03T07:53:49+00:00	405-3302102-9548303	1120038	B0DRVTQ6NM	X0027JP4VP	Cubelelo Drift 3x3 Mirror Color (Tiled) Speedcube | New Colored Version Looks Fantastic with Buttery Smooth Turns | Ideal for Kids Above 5 Years Old | Unique Shape-Shifting Design for Puzzle Toy	1	BLR5	SELLABLE	UNDELIVERABLE_REFUSED	LPNBLR5P4282640	
2026-05-03T07:49:51+00:00	404-7420294-0186753	1310036_EAN	B0BV276B7T	X001PWQJFP	Cubelelo Magic Snake Rainbow Puzzle Cube (72 Wedges) | Twist and Turn Shape Creation Fun Game for Kids Boys Girls and Adults | Multicolor Brain Teaser Stress Buster Toy | for Ages 3 Years and Above	1	BLR5	CUSTOMER_DAMAGED	DEFECTIVE	LPNBLR5P4347441	
2026-05-03T07:31:28+00:00	405-9799402-0625126	1460100_EAN	B0BVHL9JLB	X001Q0AFBZ	Cubelelo Drift 5-in-1 Cube Gift Box | 2x2, 3x3, 4x4, 5x5 and Secret Tutorial for Cubes Guide Book | Suitable for Kids & Adults | Magic Speedy Stress Buster Brainstorming Puzzle Multicolor Combo Set	1	DEL2	SELLABLE	UNDELIVERABLE_REFUSED	LPNDEL2R82467539	
2026-05-03T07:19:58+00:00	403-8672771-8882709	1460580	B079WVQD89	X002345VBR	Cubelelo Drift 4x4 with Cube Lubricant and Stand Combo | High-Performance Speed Cube | Adjustable Tension & Smooth Turning | Durable & Reliable | Ideal for All Ages	1	DEL2	SELLABLE	UNDELIVERABLE_UNKNOWN	LPNDEL2R81725974	
2026-05-03T07:07:43+00:00	402-6904781-0881108	1040300	B09HH8XQ14	X001G4QY25	Cubelelo Drift 4x4 (Black) Speedcube | Challenging Brain Teaser Puzzle Toy for Kids 7-14 Years Old Boys Girls & Adults All Ages | Fast Speed Cube for Intermediate and Advanced Cubers	1	BLR5	SELLABLE	UNDELIVERABLE_UNKNOWN	LPNBLR5P4437248	
2026-05-03T06:25:37+00:00	405-6474573-9805121	1460553	B0BYVHGR5H	X001WPZI9N	Cubelelo Drift 2x2, 3x3 & Pyraminx Cube Combo (Stickerless) | Ideal for Kids Above 3 4 5 6 Years Old Boys Girls | 3 in 1 Speedcube Gift Set | High Speed Puzzle 3x3x3 2x2x2 Pyramid Triangle	1	BOM4	SELLABLE	DEFECTIVE	LPNBOM4N37992605	
2026-05-03T06:23:03+00:00	403-8057342-2597951	1030400	B07XPNC385	X0012WM1NR	Cubelelo Drift 3x3 Black Speedcube | Beginner Cube for Kids & Adults | Magic Speed Stress Buster Brainstorming Puzzle (Multicolor) | Anti-Pop Technology | Smooth Turning | Durable	1	BOM4	SELLABLE	DEFECTIVE	LPNBOM4N37671216	
2026-05-03T06:20:14+00:00	408-8249795-1628367	1120100	B08LBGYZ51	X0019BU32H	Cubelelo Drift 3x3 Mirror (Silver) Magic Speed Cube | Shape Shifter Speedcube with Durable Stickers | Advanced 3x3x3 Puzzle Toy for Kids Ages 7-14 Boys Girls & Adults | Collector's Item	1	BLR8	SELLABLE	UNDELIVERABLE_REFUSED	LPNBLR8Z3619604	
2026-05-03T06:17:32+00:00	407-0781404-3374736	1120100	B08LBGYZ51	X0019BU32H	Cubelelo Drift 3x3 Mirror (Silver) Magic Speed Cube | Shape Shifter Speedcube with Durable Stickers | Advanced 3x3x3 Puzzle Toy for Kids Ages 7-14 Boys Girls & Adults | Collector's Item	1	BLR5	SELLABLE	DEFECTIVE	LPNBLR5P4731853	
2026-05-03T06:15:26+00:00	402-2377505-8893118	1030651	B0DJQWJFSX	X0025EZ04D	Cubelelo Drift 3M Plus v2 3x3 (Magnetic) (New Upgraded Version) | Based on MoYu RS3M v5 | Dual-Adjustment System | Speedcube for Kids & Adults | Magic Speedy Stress Buster Brainstorming Puzzle	1	BOM4	SELLABLE	UNDELIVERABLE_UNKNOWN	LPNBOM4N39352738	
2026-05-03T06:03:41+00:00	404-5338050-7063545	1040300	B09HH8XQ14	X001G4QY25	Cubelelo Drift 4x4 (Black) Speedcube | Challenging Brain Teaser Puzzle Toy for Kids 7-14 Years Old Boys Girls & Adults All Ages | Fast Speed Cube for Intermediate and Advanced Cubers	1	DEL2	SELLABLE	UNDELIVERABLE_REFUSED	LPNDEL2R83988343	
2026-05-03T05:54:38+00:00	405-1798126-3538700	1630210	B09HH8CC7Y	X00262W227	Cubelelo Drift Number Sliding Magnetic Puzzle 4x4 | Toys For 6-10 Years Old Boys & Girls | 15-Blocks Brain Teaser Puzzle Game for Kids | Educational, Learning, Activity Toy for Return & Birthday Gifts	1	CCX1	SELLABLE	UNDELIVERABLE_UNKNOWN	LPNCCX1B3083420	
2026-05-03T05:13:12+00:00	405-4100677-1305962	1630222	B0GH18NXXG	X002HPDYRF	Cubelelo Drift Magnetic Tangram Puzzle | with Strong Magnets, Wooden Pieces & Bold Colors | Toys for 5-10 Years Old Boys Girls & Adults | Travel Friendly, Educational Toy for Return & Birthday Gifts	1	BLR5	SELLABLE	UNDELIVERABLE_REFUSED	LPNBLR5P4586955	
2026-05-03T04:53:55+00:00	403-9941389-3343529	1040300	B09HH8XQ14	X001G4QY25	Cubelelo Drift 4x4 (Black) Speedcube | Challenging Brain Teaser Puzzle Toy for Kids 7-14 Years Old Boys Girls & Adults All Ages | Fast Speed Cube for Intermediate and Advanced Cubers	1	DEL2	SELLABLE	UNDELIVERABLE_REFUSED	LPNDEL2R83988297	
2026-05-03T04:53:17+00:00	402-9134540-4380348	1030300_EAN	B0FBMGT6V7	X002C88WLZ	Cubelelo Drift Explorer 3x3 Speed Cube | Best Starter Speedcube for Beginners | Perfect Brain Teaser for Kids Ages 4 to14 Years Old & Above Boys Girls Children | Smooth Turning Puzzle Toy for Adults	1	DEL2	SELLABLE	UNDELIVERABLE_REFUSED	LPNDEL2R82324885	
2026-05-03T04:52:08+00:00	408-9367819-4666708	TB03001	B0FQVDNZ3K	X002EI0VUX	TinkerBox Object Permanence Box | 6+ Months | Montessori Wooden Toy for Babies & Toddlers | Early Learning Puzzle for Hand-Eye Coordination & Cause-and-Effect | Safe & Durable Baby Toy	1	DEL2	SELLABLE	DEFECTIVE	LPNDEL2R83430463	
2026-05-03T04:38:18+00:00	408-2987170-5817143	1030604	B0DRVQVFJB	X0027JJHDB	Cubelelo Drift 3M v3 3x3 Magnetic Speedcube (Standard) | Latest Version with New & Improved Internal Structure for Smooth Turns & Stability | Cube Toy for 6-10 Years Old Boys Girls Adults	1	CCX1	CUSTOMER_DAMAGED	DEFECTIVE	LPNCCX1B1317647	
2026-05-03T04:16:44+00:00	407-3456415-3785135	1130100	B09K7QWDT5	X001GMABSF	Cubelelo Drift Skewb Stickerless Speedcube Puzzle for Kids & Adults | Fast & Smooth Stress Buster | Brain-Boosting Challenge for Kids and Adults (Multicolour)	1	BOM4	SELLABLE	NOT_AS_DESCRIBED	LPNBOM4N37688857	
2026-05-03T04:07:26+00:00	406-5619272-2257933	1050200	B09K7QTCXP	X001GM0XER	Cubelelo Drift 5x5 Stickerless Speed Cube | AKA Professor's Cube Magic Puzzle for Kids & Adults | Smooth and Durable Speedy Brainstorming Puzzle| Ultimate Stress Buster and Mind Challenge	1	BOM4	CUSTOMER_DAMAGED	DAMAGED_BY_FC	LPNBOM4N37727732	
2026-05-03T04:01:17+00:00	404-8312434-1654752	1040400	B0FL7TDJLF	X002DFU80F	Cubelelo Drift 4x4 Stickerless Cube Puzzle Toy | Combines Smoothness, Stability & Durability | 4x4x4 Speedcube for Beginners| Suitable for Kids Ages 6 to 14 Years Old, Boys, Girls & Adults	1	BLR5	SELLABLE	NOT_AS_DESCRIBED	LPNBLR5P4377854	
2026-05-03T03:52:26+00:00	403-4747521-1775540	1310036_EAN	B0BV276B7T	X001PWQJFP	Cubelelo Magic Snake Rainbow Puzzle Cube (72 Wedges) | Twist and Turn Shape Creation Fun Game for Kids Boys Girls and Adults | Multicolor Brain Teaser Stress Buster Toy | for Ages 3 Years and Above	1	BOM4	SELLABLE	SWITCHEROO	LPNBOM4N37719562	
2026-05-03T03:38:54+00:00	404-3595893-7461140	1030604	B0DRVQVFJB	X0027JJHDB	Cubelelo Drift 3M v3 3x3 Magnetic Speedcube (Standard) | Latest Version with New & Improved Internal Structure for Smooth Turns & Stability | Cube Toy for 6-10 Years Old Boys Girls Adults	1	DEL2	SELLABLE	UNDELIVERABLE_REFUSED	LPNDEL2R79008056	
2026-05-03T03:37:38+00:00	407-0524704-4932330	1260100	B0CJFVM7VR	X001VFDNDR	Cubelelo Drift Puppet I Speed Cube | Brain Teaser Puzzle Toys | Limited Rotation | Creative New Cube for Kids and Adults	1	DEL2	SELLABLE	SWITCHEROO	LPNDEL2R82324804	I have ordered puppet 1 cube but received square 1 cube which is entirely different from my ordered item.
2026-05-03T03:27:09+00:00	402-7936512-4869936	1030604	B0DRVQVFJB	X0027JJHDB	Cubelelo Drift 3M v3 3x3 Magnetic Speedcube (Standard) | Latest Version with New & Improved Internal Structure for Smooth Turns & Stability | Cube Toy for 6-10 Years Old Boys Girls Adults	1	BOM4	SELLABLE	DEFECTIVE	LPNBOM4N37707094	It has scratches all over the cube
2026-05-03T03:19:07+00:00	404-3279640-9273938	1630223	B0GN1TJ7F4	X002IIXAZ7	Cubelelo Drift Clang! | 2-4 Players Classic Magnetic Attraction Strategy Game | Features 24 Magnets & Adjustable Rope | Fun Gifting Toy for Family, Teens & Adults | Compact and Travel Friendly	1	DEL2	SELLABLE	UNDELIVERABLE_REFUSED	LPNDEL2R83867259	
2026-05-03T03:12:44+00:00	171-1871544-4380306	1030300_EAN	B0FBMGT6V7	X002C88WLZ	Cubelelo Drift Explorer 3x3 Speed Cube | Best Starter Speedcube for Beginners | Perfect Brain Teaser for Kids Ages 4 to14 Years Old & Above Boys Girls Children | Smooth Turning Puzzle Toy for Adults	1	DEL2	SELLABLE	UNDELIVERABLE_UNKNOWN	LPNDEL2R82324743	
2026-05-02T20:20:42+00:00	404-7071949-1964345	1030300_EAN	B0FBMGT6V7	X002C88WLZ	Cubelelo Drift Explorer 3x3 Speed Cube | Best Starter Speedcube for Beginners | Perfect Brain Teaser for Kids Ages 4 to14 Years Old & Above Boys Girls Children | Smooth Turning Puzzle Toy for Adults	1	BLR5	SELLABLE	UNDELIVERABLE_REFUSED	LPNBLR5P4287526	
2026-05-02T18:54:29+00:00	171-6722922-8297938	1630207	B0CNXPFMRV	X001WVG7RT	Cubelelo Drift Rainbow Ball Puzzle | Compact, Multicolor Sphere (Fidget Toy) | Portable Brain Teaser for Kids & Adults | Stress Relief & Fun On-The-Go Puzzle	1	BLR5	DEFECTIVE	DAMAGED_BY_FC	LPNBLR5P3206935	Received damaged product
2026-05-02T17:56:43+00:00	407-8186009-7191526	1030604	B0DRVQVFJB	X0027JJHDB	Cubelelo Drift 3M v3 3x3 Magnetic Speedcube (Standard) | Latest Version with New & Improved Internal Structure for Smooth Turns & Stability | Cube Toy for 6-10 Years Old Boys Girls Adults	1	BLR5	SELLABLE	DEFECTIVE	LPNBLR5P4287398	
2026-05-02T17:46:23+00:00	406-6406332-1059544	1460577	B0D9NW55MK	X00232KSTT	Cubelelo Drift 2x2 with Cube Lubricant and Stand Combo | High-Performance Speed Cube | Smooth Turning & Durable | Ideal for All Ages	1	BLR5	SELLABLE	UNDELIVERABLE_UNKNOWN	LPNBLR5P4287370	
2026-05-02T17:30:01+00:00	407-6926510-0459513	1460503	B08XK4V59M	X001VFXJDV	Cubelelo Drift 2x2, 3x3 & 4x4 Premium Gift Box | 3-in-1 Puzzle Game Set | Triple the Challenge, Thrice the Fun | Ultimate Value Saver Combo | Brainstoming Toy for Children Kids & Adults	1	BLR5	SELLABLE	NO_REASON_GIVEN	LPNBLR5P4287384	
2026-05-02T17:30:01+00:00	407-6926510-0459513	1460503	B08XK4V59M	X001VFXJDV	Cubelelo Drift 2x2, 3x3 & 4x4 Premium Gift Box | 3-in-1 Puzzle Game Set | Triple the Challenge, Thrice the Fun | Ultimate Value Saver Combo | Brainstoming Toy for Children Kids & Adults	1	BLR5	SELLABLE	NO_REASON_GIVEN	LPNBLR5P4287349	
2026-05-02T16:04:15+00:00	404-5583519-5646734	1030604	B0DRVQVFJB	X0027JJHDB	Cubelelo Drift 3M v3 3x3 Magnetic Speedcube (Standard) | Latest Version with New & Improved Internal Structure for Smooth Turns & Stability | Cube Toy for 6-10 Years Old Boys Girls Adults	1	BLR5	SELLABLE	UNDELIVERABLE_UNKNOWN	LPNBLR5P3206738	
2026-05-02T14:08:52+00:00	405-2250011-6752316	1030300_EAN	B0FBMGT6V7	X002C88WLZ	Cubelelo Drift Explorer 3x3 Speed Cube | Best Starter Speedcube for Beginners | Perfect Brain Teaser for Kids Ages 4 to14 Years Old & Above Boys Girls Children | Smooth Turning Puzzle Toy for Adults	1	BLR5	SELLABLE	UNDELIVERABLE_UNKNOWN	LPNBLR5P4363951	
2026-05-02T13:41:38+00:00	405-4166094-3044365	1030300_EAN	B0FBMGT6V7	X002C88WLZ	Cubelelo Drift Explorer 3x3 Speed Cube | Best Starter Speedcube for Beginners | Perfect Brain Teaser for Kids Ages 4 to14 Years Old & Above Boys Girls Children | Smooth Turning Puzzle Toy for Adults	1	BLR5	SELLABLE	UNDELIVERABLE_UNKNOWN	LPNBLR5P3912177	
2026-05-02T13:41:38+00:00	405-4166094-3044365	1030300_EAN	B0FBMGT6V7	X002C88WLZ	Cubelelo Drift Explorer 3x3 Speed Cube | Best Starter Speedcube for Beginners | Perfect Brain Teaser for Kids Ages 4 to14 Years Old & Above Boys Girls Children | Smooth Turning Puzzle Toy for Adults	1	BLR5	SELLABLE	UNDELIVERABLE_UNKNOWN	LPNBLR5P3912178	
2026-05-02T13:41:38+00:00	405-4166094-3044365	1030300_EAN	B0FBMGT6V7	X002C88WLZ	Cubelelo Drift Explorer 3x3 Speed Cube | Best Starter Speedcube for Beginners | Perfect Brain Teaser for Kids Ages 4 to14 Years Old & Above Boys Girls Children | Smooth Turning Puzzle Toy for Adults	1	BLR5	SELLABLE	UNDELIVERABLE_UNKNOWN	LPNBLR5P3912175	
2026-05-02T13:14:29+00:00	407-4745972-4075530	1460501	B08XK25RRF	X001VLOAKL	Cubelelo Drift 2x2 & 3x3 Cube Gift Box Combo | 2-in-1 Puzzle Toy Game Set for Children Kids & Adults Ages 4 5 6 & Above | Double the Challenge, Twice the Fun | Ultimate Value Saver Combo	1	BLR5	SELLABLE	UNDELIVERABLE_REFUSED	LPNBLR5P3938852	
2026-05-02T12:43:38+00:00	406-9610671-3601118	1460510	B0BZL11XWC	X001VW450P	Cubelelo Drift 4x4, 5x5 Premium Gift Box | 2-in-1 Puzzle Game Set | Challenge, Thrice The Fun | Ultimate Value Saver Combo | Brainstoming Toy for Children Kids & Adults	1	CCX2	SELLABLE	DEFECTIVE	LPNCCX2A9707661	
2026-05-02T12:36:50+00:00	408-8438585-9416345	1120100	B08LBGYZ51	X0019BU32H	Cubelelo Drift 3x3 Mirror (Silver) Magic Speed Cube | Shape Shifter Speedcube with Durable Stickers | Advanced 3x3x3 Puzzle Toy for Kids Ages 7-14 Boys Girls & Adults | Collector's Item	1	BOM4	SELLABLE	UNDELIVERABLE_REFUSED	LPNBOM4N37651279	
2026-05-02T12:33:57+00:00	171-2022312-9647502	1040300	B09HH8XQ14	X001G4QY25	Cubelelo Drift 4x4 (Black) Speedcube | Challenging Brain Teaser Puzzle Toy for Kids 7-14 Years Old Boys Girls & Adults All Ages | Fast Speed Cube for Intermediate and Advanced Cubers	1	DEL2	SELLABLE	UNDELIVERABLE_REFUSED	LPNDEL2R82470917	
2026-05-02T12:05:11+00:00	404-1695811-0082766	1630210	B09HH8CC7Y	X00262W227	Cubelelo Drift Number Sliding Magnetic Puzzle 4x4 | Toys For 6-10 Years Old Boys & Girls | 15-Blocks Brain Teaser Puzzle Game for Kids | Educational, Learning, Activity Toy for Return & Birthday Gifts	1	BOM4	SELLABLE	UNDELIVERABLE_REFUSED	LPNBOM4N39444468	
2026-05-02T11:57:58+00:00	171-8786463-6068315	1030300_EAN	B0FBMGT6V7	X002C88WLZ	Cubelelo Drift Explorer 3x3 Speed Cube | Best Starter Speedcube for Beginners | Perfect Brain Teaser for Kids Ages 4 to14 Years Old & Above Boys Girls Children | Smooth Turning Puzzle Toy for Adults	1	BOM7	SELLABLE	UNDELIVERABLE_UNKNOWN	LPNBOM7D20018520	
2026-05-02T11:47:28+00:00	405-7318338-4151543	1030604	B0DRVQVFJB	X0027JJHDB	Cubelelo Drift 3M v3 3x3 Magnetic Speedcube (Standard) | Latest Version with New & Improved Internal Structure for Smooth Turns & Stability | Cube Toy for 6-10 Years Old Boys Girls Adults	1	BLR5	SELLABLE	UNDELIVERABLE_REFUSED	LPNBLR5P5206187	
2026-05-02T11:33:54+00:00	408-7712007-6090701	1030604	B0DRVQVFJB	X0027JJHDB	Cubelelo Drift 3M v3 3x3 Magnetic Speedcube (Standard) | Latest Version with New & Improved Internal Structure for Smooth Turns & Stability | Cube Toy for 6-10 Years Old Boys Girls Adults	1	BOM4	SELLABLE	DEFECTIVE	LPNBOM4N37691346	
2026-05-02T11:30:43+00:00	404-3703781-5597168	1030604	B0DRVQVFJB	X0027JJHDB	Cubelelo Drift 3M v3 3x3 Magnetic Speedcube (Standard) | Latest Version with New & Improved Internal Structure for Smooth Turns & Stability | Cube Toy for 6-10 Years Old Boys Girls Adults	1	BOM4	SELLABLE	DEFECTIVE	LPNBOM4N37722363	
2026-05-02T11:12:25+00:00	406-5973904-0078736	1020200	B08LBJ3P8L	X0019BU39P	Cubelelo Drift 2x2 Stickerless Cube | Beginner Speedcube for Kids Boys Girls Above 3 4 5 6 Years Old & Above | Magic Puzzle Toy | Durable & Smooth Cube with Anti-Pop Design 2x2x2	1	BOM4	SELLABLE	NEVER_ARRIVED	LPNBOM4N39346793	
2026-05-02T11:04:51+00:00	404-6916725-2865906	1120100	B08LBGYZ51	X0019BU32H	Cubelelo Drift 3x3 Mirror (Silver) Magic Speed Cube | Shape Shifter Speedcube with Durable Stickers | Advanced 3x3x3 Puzzle Toy for Kids Ages 7-14 Boys Girls & Adults | Collector's Item	1	BLR5	CUSTOMER_DAMAGED	DEFECTIVE	LPNBLR5P4803334	
2026-05-02T10:56:50+00:00	405-7594392-7937911	1120600	B0DRVRHR6G	X0027JGNCT	Cubelelo Drift 3x3 Mirror Blue (Magnetic) (Tiled) Speedcube | Premium New Version Shape-Shifting Puzzle with Stunning Looks, Buttery Smooth Turns & Durability | Ideal for Kids Boys Girls Ages 6 & up	1	BOM5	SELLABLE	UNDELIVERABLE_UNKNOWN	LPNBOM5F5215875	
2026-05-02T10:47:41+00:00	405-3604490-5413951	1030400	B07XPNC385	X0012WM1NR	Cubelelo Drift 3x3 Black Speedcube | Beginner Cube for Kids & Adults | Magic Speed Stress Buster Brainstorming Puzzle (Multicolor) | Anti-Pop Technology | Smooth Turning | Durable	1	BLR5	SELLABLE	UNDELIVERABLE_REFUSED	LPNBLR5P4138220	
2026-05-02T10:08:43+00:00	171-4038453-4170739	1030604	B0DRVQVFJB	X0027JJHDB	Cubelelo Drift 3M v3 3x3 Magnetic Speedcube (Standard) | Latest Version with New & Improved Internal Structure for Smooth Turns & Stability | Cube Toy for 6-10 Years Old Boys Girls Adults	1	BOM4	SELLABLE	UNDELIVERABLE_REFUSED	LPNBOM4N38445553	
2026-05-02T10:04:12+00:00	404-2229869-3892314	1020200	B08LBJ3P8L	X0019BU39P	Cubelelo Drift 2x2 Stickerless Cube | Beginner Speedcube for Kids Boys Girls Above 3 4 5 6 Years Old & Above | Magic Puzzle Toy | Durable & Smooth Cube with Anti-Pop Design 2x2x2	1	BLR5	SELLABLE	DEFECTIVE	LPNBLR5P5214429	
2026-05-02T10:00:19+00:00	171-8822765-2788369	1310036_EAN	B0BV276B7T	X001PWQJFP	Cubelelo Magic Snake Rainbow Puzzle Cube (72 Wedges) | Twist and Turn Shape Creation Fun Game for Kids Boys Girls and Adults | Multicolor Brain Teaser Stress Buster Toy | for Ages 3 Years and Above	1	BLR5	CUSTOMER_DAMAGED	DEFECTIVE	LPNBLR5P5023704	
2026-05-02T09:22:12+00:00	407-2067210-0466724	1030300_EAN	B0FBMGT6V7	X002C88WLZ	Cubelelo Drift Explorer 3x3 Speed Cube | Best Starter Speedcube for Beginners | Perfect Brain Teaser for Kids Ages 4 to14 Years Old & Above Boys Girls Children | Smooth Turning Puzzle Toy for Adults	1	DEL2	SELLABLE	UNDELIVERABLE_REFUSED	LPNDEL2R83875851	
2026-05-02T09:19:23+00:00	403-1083400-3094738	1460553	B0BYVHGR5H	X001WPZI9N	Cubelelo Drift 2x2, 3x3 & Pyraminx Cube Combo (Stickerless) | Ideal for Kids Above 3 4 5 6 Years Old Boys Girls | 3 in 1 Speedcube Gift Set | High Speed Puzzle 3x3x3 2x2x2 Pyramid Triangle	1	BOM4	SELLABLE	UNDELIVERABLE_UNKNOWN	LPNBOM4N38222619	
2026-05-02T09:07:54+00:00	407-4680811-5600336	1030604	B0DRVQVFJB	X0027JJHDB	Cubelelo Drift 3M v3 3x3 Magnetic Speedcube (Standard) | Latest Version with New & Improved Internal Structure for Smooth Turns & Stability | Cube Toy for 6-10 Years Old Boys Girls Adults	1	BOM4	SELLABLE	UNDELIVERABLE_UNKNOWN	LPNBOM4N38192411	
2026-05-02T08:36:01+00:00	404-0691482-0853962	1280100a	B09QYW9DYC	X001LHLHUV	Cubelelo Drift Pyraminx Puzzle Speedcube | Beginner Starter Cube for Kids 3+ Year Old & Above | Triangle Pyramid Shape Stickerless 3x3 Cubes Toy | Ideal for Boys Girls Children 4 5 6+ Years & Adults	1	DEL2	SELLABLE	DEFECTIVE	LPNDEL2R83721473	
2026-05-02T08:32:05+00:00	404-9675932-3133158	1030500	B08H88N2N9	X0018CDFL3	Cubelelo Drift Warrior 3x3 Stickerless Cube | Beginner Speedcube for Kids Boys Girls Above 3 4 5 6 Years Old & Above | Magic Puzzle Toy | Durable & Smooth Cube with Anti-Pop Design 3 3	1	DEL2	SELLABLE	UNDELIVERABLE_REFUSED	LPNDEL2R83771757	
2026-05-02T07:45:59+00:00	404-9214709-6583539	1030500	B08H88N2N9	X0018CDFL3	Cubelelo Drift Warrior 3x3 Stickerless Cube | Beginner Speedcube for Kids Boys Girls Above 3 4 5 6 Years Old & Above | Magic Puzzle Toy | Durable & Smooth Cube with Anti-Pop Design 3 3	1	BOM4	DEFECTIVE	DAMAGED_BY_FC	LPNBOM4N39323781	On the corners,marks can be seen under light indicating that the cube might have been used before Also there is spring noise on the side where the centre is green  And the packaging was very loose
2026-05-02T07:30:26+00:00	403-1888323-3241120	1630223	B0GN1TJ7F4	X002IIXAZ7	Cubelelo Drift Clang! | 2-4 Players Classic Magnetic Attraction Strategy Game | Features 24 Magnets & Adjustable Rope | Fun Gifting Toy for Family, Teens & Adults | Compact and Travel Friendly	1	DEL2	SELLABLE	DEFECTIVE	LPNDEL2R82607938	
2026-05-02T07:21:37+00:00	171-0066746-7979542	1030300_EAN	B0FBMGT6V7	X002C88WLZ	Cubelelo Drift Explorer 3x3 Speed Cube | Best Starter Speedcube for Beginners | Perfect Brain Teaser for Kids Ages 4 to14 Years Old & Above Boys Girls Children | Smooth Turning Puzzle Toy for Adults	1	BOM4	SELLABLE	DEFECTIVE	LPNBOM4N37658156	
2026-05-02T07:15:07+00:00	403-3819631-3420315	1030300_EAN	B0FBMGT6V7	X002C88WLZ	Cubelelo Drift Explorer 3x3 Speed Cube | Best Starter Speedcube for Beginners | Perfect Brain Teaser for Kids Ages 4 to14 Years Old & Above Boys Girls Children | Smooth Turning Puzzle Toy for Adults	1	BOM4	SELLABLE	UNDELIVERABLE_UNKNOWN	LPNBOM4N39411869	
2026-05-02T06:56:57+00:00	407-1797131-1293131	1030604	B0DRVQVFJB	X0027JJHDB	Cubelelo Drift 3M v3 3x3 Magnetic Speedcube (Standard) | Latest Version with New & Improved Internal Structure for Smooth Turns & Stability | Cube Toy for 6-10 Years Old Boys Girls Adults	1	DEL2	SELLABLE	UNDELIVERABLE_UNKNOWN	LPNDEL2R83820460	
2026-05-02T06:44:16+00:00	406-8424795-2232327	1290300	B0DB6311DK	X00239RFKR	Cubelelo Drift Megaminx v2 Cube (New Improved Version) | 12-Sided Fun and Challenging Puzzle with Ridge Design | Smooth Turning Dodecahedron | Perfect for Speed-Cubing | Ideal for Kids & Adults	1	DEL2	SELLABLE	DEFECTIVE	LPNDEL2R82371144	
2026-05-02T05:58:22+00:00	404-8962206-9480316	1030300_EAN	B0FBMGT6V7	X002C88WLZ	Cubelelo Drift Explorer 3x3 Speed Cube | Best Starter Speedcube for Beginners | Perfect Brain Teaser for Kids Ages 4 to14 Years Old & Above Boys Girls Children | Smooth Turning Puzzle Toy for Adults	1	BLR5	SELLABLE	UNDELIVERABLE_REFUSED	LPNBLR5P3488094	
2026-05-02T05:40:43+00:00	407-1592312-3786765	1270100	B09BZPFCZ8	X001F0AT1H	Cubelelo Drift Mastermorphix Stickerless Cube Puzzle for Kids & Adults Speedy Stress Buster Brainstorming Cube	1	BLR5	SELLABLE	UNDELIVERABLE_REFUSED	LPNBLR5P4142051	
2026-05-02T05:27:26+00:00	403-5965087-9668360	1030400	B07XPNC385	X0012WM1NR	Cubelelo Drift 3x3 Black Speedcube | Beginner Cube for Kids & Adults | Magic Speed Stress Buster Brainstorming Puzzle (Multicolor) | Anti-Pop Technology | Smooth Turning | Durable	1	BLR5	SELLABLE	UNDELIVERABLE_UNKNOWN	LPNBLR5P5205794	
2026-05-02T05:24:30+00:00	406-6330673-9117940	1630222	B0GH18NXXG	X002HPDYRF	Cubelelo Drift Magnetic Tangram Puzzle | with Strong Magnets, Wooden Pieces & Bold Colors | Toys for 5-10 Years Old Boys Girls & Adults | Travel Friendly, Educational Toy for Return & Birthday Gifts	1	HYD3	SELLABLE	UNDELIVERABLE_UNKNOWN	LPNHYD3CD49183	
2026-05-02T05:17:11+00:00	404-9807511-5094768	1460570	B08M5C5XSY	X0022KW403	Cubelelo Drift 4x4 Stickerless with Stand | High-Performance Speed Cube | Smooth Turning & Durable | Ideal for Beginners & Pros for Kids & Adults	1	BLR5	SELLABLE	DEFECTIVE	LPNBLR5P3160901	
2026-05-02T04:52:36+00:00	408-0842404-1920311	1030604	B0DRVQVFJB	X0027JJHDB	Cubelelo Drift 3M v3 3x3 Magnetic Speedcube (Standard) | Latest Version with New & Improved Internal Structure for Smooth Turns & Stability | Cube Toy for 6-10 Years Old Boys Girls Adults	1	BOM4	SELLABLE	UNDELIVERABLE_REFUSED	LPNBOM4N37736928	
2026-05-02T04:39:01+00:00	405-3780461-3701102	1120100	B08LBGYZ51	X0019BU32H	Cubelelo Drift 3x3 Mirror (Silver) Magic Speed Cube | Shape Shifter Speedcube with Durable Stickers | Advanced 3x3x3 Puzzle Toy for Kids Ages 7-14 Boys Girls & Adults | Collector's Item	1	CCX1	SELLABLE	UNDELIVERABLE_REFUSED	LPNCCX1B3084170	
2026-05-02T04:01:57+00:00	406-6346009-3782764	1030604	B0DRVQVFJB	X0027JJHDB	Cubelelo Drift 3M v3 3x3 Magnetic Speedcube (Standard) | Latest Version with New & Improved Internal Structure for Smooth Turns & Stability | Cube Toy for 6-10 Years Old Boys Girls Adults	1	CCX1	SELLABLE	UNDELIVERABLE_UNKNOWN	LPNCCX1B3084208	
2026-05-02T03:51:48+00:00	403-3009224-4967545	1030604	B0DRVQVFJB	X0027JJHDB	Cubelelo Drift 3M v3 3x3 Magnetic Speedcube (Standard) | Latest Version with New & Improved Internal Structure for Smooth Turns & Stability | Cube Toy for 6-10 Years Old Boys Girls Adults	1	DEL2	SELLABLE	UNDELIVERABLE_UNKNOWN	LPNDEL2R82468555	
2026-05-02T03:51:22+00:00	171-4177081-8416318	1280100a	B09QYW9DYC	X001LHLHUV	Cubelelo Drift Pyraminx Puzzle Speedcube | Beginner Starter Cube for Kids 3+ Year Old & Above | Triangle Pyramid Shape Stickerless 3x3 Cubes Toy | Ideal for Boys Girls Children 4 5 6+ Years & Adults	1	DEL2	CARRIER_DAMAGED	DEFECTIVE	LPNDEL2R83967759	
2026-05-02T03:13:18+00:00	403-1587629-7150711	1030500	B08H88N2N9	X0018CDFL3	Cubelelo Drift Warrior 3x3 Stickerless Cube | Beginner Speedcube for Kids Boys Girls Above 3 4 5 6 Years Old & Above | Magic Puzzle Toy | Durable & Smooth Cube with Anti-Pop Design 3 3	1	BLR5	SELLABLE	UNDELIVERABLE_REFUSED	LPNBLR5P3160735	
2026-05-01T20:53:35+00:00	404-6985977-4757142	1040600	B09MZ7WP73	X001HBJE5L	Cubelelo Drift 4M 4x4 (Magnetic) Speed Cube | AKA Revenge Cube | Combines Smoothness, Stability and Durability | Toys for Kids Ages 7-14 Boys Girls and Adults All Ages | 4x4x4 Puzzle Speedcube Toy	1	BLR5	DEFECTIVE	NOT_AS_DESCRIBED	LPNBLR5P4811208	It&#39;s not magnetic
2026-05-01T20:05:08+00:00	171-0628732-2164305	1030300_EAN	B0FBMGT6V7	X002C88WLZ	Cubelelo Drift Explorer 3x3 Speed Cube | Best Starter Speedcube for Beginners | Perfect Brain Teaser for Kids Ages 4 to14 Years Old & Above Boys Girls Children | Smooth Turning Puzzle Toy for Adults	1	CCX2	SELLABLE	UNDELIVERABLE_REFUSED	LPNCCX2A9620692	
2026-05-01T18:38:19+00:00	406-1553890-9770741	1120100	B08LBGYZ51	X0019BU32H	Cubelelo Drift 3x3 Mirror (Silver) Magic Speed Cube | Shape Shifter Speedcube with Durable Stickers | Advanced 3x3x3 Puzzle Toy for Kids Ages 7-14 Boys Girls & Adults | Collector's Item	1	BLR5	SELLABLE	UNDELIVERABLE_REFUSED	LPNBLR5P3146895	
2026-05-01T16:41:40+00:00	404-7219171-7809141	1460553	B0BYVHGR5H	X001WPZI9N	Cubelelo Drift 2x2, 3x3 & Pyraminx Cube Combo (Stickerless) | Ideal for Kids Above 3 4 5 6 Years Old Boys Girls | 3 in 1 Speedcube Gift Set | High Speed Puzzle 3x3x3 2x2x2 Pyramid Triangle	1	BLR5	SELLABLE	UNDELIVERABLE_REFUSED	LPNBLR5P4137734	
2026-05-01T16:21:47+00:00	403-7519985-3294747	1030604	B0DRVQVFJB	X0027JJHDB	Cubelelo Drift 3M v3 3x3 Magnetic Speedcube (Standard) | Latest Version with New & Improved Internal Structure for Smooth Turns & Stability | Cube Toy for 6-10 Years Old Boys Girls Adults	1	CCX1	SELLABLE	UNDELIVERABLE_REFUSED	LPNCCX1B1465053	
2026-05-01T16:02:10+00:00	402-9332960-5647518	1030500	B08H88N2N9	X0018CDFL3	Cubelelo Drift Warrior 3x3 Stickerless Cube | Beginner Speedcube for Kids Boys Girls Above 3 4 5 6 Years Old & Above | Magic Puzzle Toy | Durable & Smooth Cube with Anti-Pop Design 3 3	1	BLR5	SELLABLE	UNDELIVERABLE_UNKNOWN	LPNBLR5P4362642	
2026-05-01T15:31:54+00:00	402-9301155-0691551	1630202	B09B7PNSTV	X001ETHG47	Cubelelo Drift Infinity Cube (Blue) | Magic Puzzle Cool Mini Gadget for Stress and Anxiety Relief for Kids and Adults | Desk Finger Flip Toy for Fun and Game | for Ages 3 Years and Above	1	CCX1	SELLABLE	UNDELIVERABLE_UNKNOWN	LPNCCX1B1414486	
2026-05-01T15:23:53+00:00	403-5621783-6406740	CLB0502	B0CL3HR7YS	X001VZMI15	Cubelelo Drift Warrior 3x3 & Premium Cube Lubricant Combo | Speed Cube Set for Fast, Smooth, Professional Solving | Ultimate Kit for All Your Speedcubing Needs Multicolor for Kids, Adults All Ages	1	BLR5	SELLABLE	UNDELIVERABLE_REFUSED	LPNBLR5P4810842	
2026-05-01T12:29:06+00:00	405-4452555-1000300	1030652	B0DJR1FJ3M	X0025FFJUH	Cubelelo Drift 3M Plus v2 3x3 (MagLev) Speedcube (New Upgraded Version) | Ultra-Smooth Magnetic Leviation for Fast Solves | Perfect Brain-Teasing Puzzle for Kids & Adults	1	CCX2	SELLABLE	UNDELIVERABLE_REFUSED	LPNCCX2A9662153	
2026-05-01T12:19:30+00:00	406-1056463-6669115	1630210	B09HH8CC7Y	X00262W227	Cubelelo Drift Number Sliding Magnetic Puzzle 4x4 | Toys For 6-10 Years Old Boys & Girls | 15-Blocks Brain Teaser Puzzle Game for Kids | Educational, Learning, Activity Toy for Return & Birthday Gifts	1	CCX1	SELLABLE	UNDELIVERABLE_REFUSED	LPNCCX1A8898944	
2026-05-01T11:22:56+00:00	407-3076343-2169136	1030500	B08H88N2N9	X0018CDFL3	Cubelelo Drift Warrior 3x3 Stickerless Cube | Beginner Speedcube for Kids Boys Girls Above 3 4 5 6 Years Old & Above | Magic Puzzle Toy | Durable & Smooth Cube with Anti-Pop Design 3 3	1	PAX1	SELLABLE	UNDELIVERABLE_REFUSED	LPNPAX1A4003564	
2026-05-01T11:15:31+00:00	406-6965227-2528306	1030300_EAN	B0FBMGT6V7	X002C88WLZ	Cubelelo Drift Explorer 3x3 Speed Cube | Best Starter Speedcube for Beginners | Perfect Brain Teaser for Kids Ages 4 to14 Years Old & Above Boys Girls Children | Smooth Turning Puzzle Toy for Adults	1	BLR5	SELLABLE	NEVER_ARRIVED	LPNBLR5P4810584	
2026-05-01T11:01:48+00:00	404-7334334-8605108	1460501	B08XK25RRF	X001VLOAKL	Cubelelo Drift 2x2 & 3x3 Cube Gift Box Combo | 2-in-1 Puzzle Toy Game Set for Children Kids & Adults Ages 4 5 6 & Above | Double the Challenge, Twice the Fun | Ultimate Value Saver Combo	1	CCX1	SELLABLE	UNDELIVERABLE_REFUSED	LPNCCX1B1874298	
2026-05-01T10:54:25+00:00	406-3391620-0909159	1030604	B0DRVQVFJB	X0027JJHDB	Cubelelo Drift 3M v3 3x3 Magnetic Speedcube (Standard) | Latest Version with New & Improved Internal Structure for Smooth Turns & Stability | Cube Toy for 6-10 Years Old Boys Girls Adults	1	CCX1	SELLABLE	UNDELIVERABLE_UNKNOWN	LPNCCX1B3120180	
2026-05-01T10:47:02+00:00	403-3190565-3881903	1630210	B09HH8CC7Y	X00262W227	Cubelelo Drift Number Sliding Magnetic Puzzle 4x4 | Toys For 6-10 Years Old Boys & Girls | 15-Blocks Brain Teaser Puzzle Game for Kids | Educational, Learning, Activity Toy for Return & Birthday Gifts	1	BLR5	DEFECTIVE	DAMAGED_BY_FC	LPNBLR5P4362308	Item is cracked
2026-05-01T08:10:36+00:00	171-1573224-7201111	1130100	B09K7QWDT5	X001GMABSF	Cubelelo Drift Skewb Stickerless Speedcube Puzzle for Kids & Adults | Fast & Smooth Stress Buster | Brain-Boosting Challenge for Kids and Adults (Multicolour)	1	BLR5	SELLABLE	UNDELIVERABLE_REFUSED	LPNBLR5P4810294	
2026-05-01T07:53:27+00:00	402-4527356-7369957	1630210	B09HH8CC7Y	X00262W227	Cubelelo Drift Number Sliding Magnetic Puzzle 4x4 | Toys For 6-10 Years Old Boys & Girls | 15-Blocks Brain Teaser Puzzle Game for Kids | Educational, Learning, Activity Toy for Return & Birthday Gifts	1	BLR5	SELLABLE	UNDELIVERABLE_UNKNOWN	LPNBLR5P3056202	
2026-05-01T07:47:13+00:00	406-6580187-6856350	1460553	B0BYVHGR5H	X001WPZI9N	Cubelelo Drift 2x2, 3x3 & Pyraminx Cube Combo (Stickerless) | Ideal for Kids Above 3 4 5 6 Years Old Boys Girls | 3 in 1 Speedcube Gift Set | High Speed Puzzle 3x3x3 2x2x2 Pyramid Triangle	1	BLR5	DEFECTIVE	MISSING_PARTS	LPNBLR5P5249760	One part missed
2026-05-01T06:07:33+00:00	406-8873426-1830712	1030300_EAN	B0FBMGT6V7	X002C88WLZ	Cubelelo Drift Explorer 3x3 Speed Cube | Best Starter Speedcube for Beginners | Perfect Brain Teaser for Kids Ages 4 to14 Years Old & Above Boys Girls Children | Smooth Turning Puzzle Toy for Adults	1	CCX2	SELLABLE	UNDELIVERABLE_REFUSED	LPNCCX2B2495541	
2026-05-01T04:51:36+00:00	402-7032032-1417963	1030604	B0DRVQVFJB	X0027JJHDB	Cubelelo Drift 3M v3 3x3 Magnetic Speedcube (Standard) | Latest Version with New & Improved Internal Structure for Smooth Turns & Stability | Cube Toy for 6-10 Years Old Boys Girls Adults	1	CCX2	SELLABLE	UNDELIVERABLE_UNKNOWN	LPNCCX2B2611487	
2026-05-01T04:22:05+00:00	403-9620622-8414743	1460501	B08XK25RRF	X001VLOAKL	Cubelelo Drift 2x2 & 3x3 Cube Gift Box Combo | 2-in-1 Puzzle Toy Game Set for Children Kids & Adults Ages 4 5 6 & Above | Double the Challenge, Twice the Fun | Ultimate Value Saver Combo	1	BLR5	SELLABLE	UNDELIVERABLE_REFUSED	LPNBLR5P4068650	
2026-04-30T22:53:47+00:00	403-3824378-9878703	1630210	B09HH8CC7Y	X00262W227	Cubelelo Drift Number Sliding Magnetic Puzzle 4x4 | Toys For 6-10 Years Old Boys & Girls | 15-Blocks Brain Teaser Puzzle Game for Kids | Educational, Learning, Activity Toy for Return & Birthday Gifts	1	BLR5	SELLABLE	UNDELIVERABLE_UNKNOWN	LPNBLR5P3469639	
2026-04-30T21:55:42+00:00	404-9895046-9923553	1630222	B0GH18NXXG	X002HPDYRF	Cubelelo Drift Magnetic Tangram Puzzle | with Strong Magnets, Wooden Pieces & Bold Colors | Toys for 5-10 Years Old Boys Girls & Adults | Travel Friendly, Educational Toy for Return & Birthday Gifts	1	BLR5	SELLABLE	UNDELIVERABLE_UNKNOWN	LPNBLR5P2020840	
2026-04-30T21:38:11+00:00	405-4847132-6768320	1630210	B09HH8CC7Y	X00262W227	Cubelelo Drift Number Sliding Magnetic Puzzle 4x4 | Toys For 6-10 Years Old Boys & Girls | 15-Blocks Brain Teaser Puzzle Game for Kids | Educational, Learning, Activity Toy for Return & Birthday Gifts	1	BLR5	SELLABLE	UNDELIVERABLE_UNKNOWN	LPNBLR5P4585937	
2026-04-30T21:17:00+00:00	403-7872208-1227519	1460503	B08XK4V59M	X001VFXJDV	Cubelelo Drift 2x2, 3x3 & 4x4 Premium Gift Box | 3-in-1 Puzzle Game Set | Triple the Challenge, Thrice the Fun | Ultimate Value Saver Combo | Brainstoming Toy for Children Kids & Adults	1	BLR5	SELLABLE	UNDELIVERABLE_REFUSED	LPNBLR5P3485312	
2026-04-30T19:15:51+00:00	404-4340593-5165161	1630210	B09HH8CC7Y	X00262W227	Cubelelo Drift Number Sliding Magnetic Puzzle 4x4 | Toys For 6-10 Years Old Boys & Girls | 15-Blocks Brain Teaser Puzzle Game for Kids | Educational, Learning, Activity Toy for Return & Birthday Gifts	1	BLR5	SELLABLE	UNDELIVERABLE_UNKNOWN	LPNBLR5P5185264	
2026-04-30T18:14:57+00:00	407-6947032-0403559	1280600_EAN	B0BSFD6XY8	X001PEDWDF	Cubelelo Drift Pyraminx M (Magnetic) Puzzle | Toys for Kids 4 5 6 7 8 to 14 Years Old & Above Boys Girls All Ages | Stickerless Pyramid Triangle High Speed Gift Cube Toy | Travel Friendly	1	BLR5	SELLABLE	UNDELIVERABLE_REFUSED	LPNBLR5P5185176	
2026-04-30T17:18:36+00:00	404-8107848-7721948	1140034	B0CP1XHDTC	X001WWIYG5	Cubelelo Drift Gear 3x3 Tiled Black Puzzle - Unique Gear Mechanism Speedcube for Enthusiasts & Beginners | Durable, Smooth-Turning, and Visually Striking 3x3 Magic Cube for Kid	1	BLR5	SELLABLE	SWITCHEROO	LPNBLR5P5240941	This is 2nd time I am returning and still wrong item is being sent.
2026-04-30T16:48:19+00:00	404-2029674-7853950	1040400	B0FL7TDJLF	X002DFU80F	Cubelelo Drift 4x4 Stickerless Cube Puzzle Toy | Combines Smoothness, Stability & Durability | 4x4x4 Speedcube for Beginners| Suitable for Kids Ages 6 to 14 Years Old, Boys, Girls & Adults	1	BLR5	SELLABLE	UNDELIVERABLE_REFUSED	LPNBLR5P4638368	
2026-04-30T16:33:14+00:00	403-1713162-0849161	1030604	B0DRVQVFJB	X0027JJHDB	Cubelelo Drift 3M v3 3x3 Magnetic Speedcube (Standard) | Latest Version with New & Improved Internal Structure for Smooth Turns & Stability | Cube Toy for 6-10 Years Old Boys Girls Adults	1	BLR5	SELLABLE	UNDELIVERABLE_REFUSED	LPNBLR5P3353352	
2026-04-30T15:10:44+00:00	408-1017557-0910723	1460570	B08M5C5XSY	X0022KW403	Cubelelo Drift 4x4 Stickerless with Stand | High-Performance Speed Cube | Smooth Turning & Durable | Ideal for Beginners & Pros for Kids & Adults	1	BLR5	SELLABLE	DEFECTIVE	LPNBLR5P3484936	
2026-04-30T14:41:00+00:00	408-0331857-9753951	1630202	B09B7PNSTV	X001ETHG47	Cubelelo Drift Infinity Cube (Blue) | Magic Puzzle Cool Mini Gadget for Stress and Anxiety Relief for Kids and Adults | Desk Finger Flip Toy for Fun and Game | for Ages 3 Years and Above	1	BLR5	SELLABLE	UNDELIVERABLE_REFUSED	LPNBLR5P4350095	
2026-04-30T14:37:43+00:00	402-1503482-2032355	1030700_EAN	B0BRXJ9Q4G	X001P8LWWT	Cubelelo Drift 3M Plus v2 3x3 (Magnetic) Cube | New Upgraded Version Based on MoYu RS3M v5 | Dual-Adjustment System | Premium Speedcube for Kids Boys Girls Ages 4+ Year Old & Adults	1	BLR5	SELLABLE	UNDELIVERABLE_REFUSED	LPNBLR5P4350088	
2026-04-30T14:32:04+00:00	402-6919156-6250761	1030300_EAN	B0FBMGT6V7	X002C88WLZ	Cubelelo Drift Explorer 3x3 Speed Cube | Best Starter Speedcube for Beginners | Perfect Brain Teaser for Kids Ages 4 to14 Years Old & Above Boys Girls Children | Smooth Turning Puzzle Toy for Adults	1	BLR5	SELLABLE	UNDELIVERABLE_REFUSED	LPNBLR5P3457776	
2026-04-30T12:33:45+00:00	406-9837297-7320319	1030604	B0DRVQVFJB	X0027JJHDB	Cubelelo Drift 3M v3 3x3 Magnetic Speedcube (Standard) | Latest Version with New & Improved Internal Structure for Smooth Turns & Stability | Cube Toy for 6-10 Years Old Boys Girls Adults	1	CCX2	SELLABLE	UNDELIVERABLE_REFUSED	LPNCCX2A9701331	
2026-04-30T12:31:15+00:00	407-6510572-1228361	1040300	B09HH8XQ14	X001G4QY25	Cubelelo Drift 4x4 (Black) Speedcube | Challenging Brain Teaser Puzzle Toy for Kids 7-14 Years Old Boys Girls & Adults All Ages | Fast Speed Cube for Intermediate and Advanced Cubers	1	BOM4	SELLABLE	NEVER_ARRIVED	LPNBOM4N38923971	
2026-04-30T12:11:25+00:00	406-7826380-0852361	1630210	B09HH8CC7Y	X00262W227	Cubelelo Drift Number Sliding Magnetic Puzzle 4x4 | Toys For 6-10 Years Old Boys & Girls | 15-Blocks Brain Teaser Puzzle Game for Kids | Educational, Learning, Activity Toy for Return & Birthday Gifts	1	DEL2	SELLABLE	UNDELIVERABLE_REFUSED	LPNDEL2R68284787	
2026-04-30T12:08:55+00:00	403-4158920-8809905	1630210	B09HH8CC7Y	X00262W227	Cubelelo Drift Number Sliding Magnetic Puzzle 4x4 | Toys For 6-10 Years Old Boys & Girls | 15-Blocks Brain Teaser Puzzle Game for Kids | Educational, Learning, Activity Toy for Return & Birthday Gifts	1	DEL2	SELLABLE	UNDELIVERABLE_REFUSED	LPNDEL2R68284780	
2026-04-30T11:48:29+00:00	405-1040874-9295550	1630210	B09HH8CC7Y	X00262W227	Cubelelo Drift Number Sliding Magnetic Puzzle 4x4 | Toys For 6-10 Years Old Boys & Girls | 15-Blocks Brain Teaser Puzzle Game for Kids | Educational, Learning, Activity Toy for Return & Birthday Gifts	1	BLR5	CARRIER_DAMAGED	UNDELIVERABLE_REFUSED	LPNBLR5P5428972	
2026-04-30T11:44:39+00:00	406-5026326-9751538	1030604	B0DRVQVFJB	X0027JJHDB	Cubelelo Drift 3M v3 3x3 Magnetic Speedcube (Standard) | Latest Version with New & Improved Internal Structure for Smooth Turns & Stability | Cube Toy for 6-10 Years Old Boys Girls Adults	1	DEL5	SELLABLE	UNDELIVERABLE_UNKNOWN	LPNDEL5S13727845	
2026-04-30T11:26:41+00:00	403-8408866-5236341	1310035_EAN	B0BV247KZ6	X001PWV6K3	Cubelelo Magic Snake Rainbow Puzzle Cube (24 Wedges) | Twist and Turn Shape Creation Fun Game for Kids Boys Girls and Adults | Multicolor Brain Teaser Stress Buster Toy | for Ages 3 Years and Above	1	BLR5	CUSTOMER_DAMAGED	NEVER_ARRIVED	LPNBLR5P4489920	
2026-04-30T11:22:10+00:00	407-8278690-7825151	1030604	B0DRVQVFJB	X0027JJHDB	Cubelelo Drift 3M v3 3x3 Magnetic Speedcube (Standard) | Latest Version with New & Improved Internal Structure for Smooth Turns & Stability | Cube Toy for 6-10 Years Old Boys Girls Adults	1	BLR5	SELLABLE	UNDELIVERABLE_REFUSED	LPNBLR5P4502805	
2026-04-30T11:10:56+00:00	402-0307708-8507513	1030604	B0DRVQVFJB	X0027JJHDB	Cubelelo Drift 3M v3 3x3 Magnetic Speedcube (Standard) | Latest Version with New & Improved Internal Structure for Smooth Turns & Stability | Cube Toy for 6-10 Years Old Boys Girls Adults	1	DEL5	SELLABLE	UNDELIVERABLE_UNKNOWN	LPNDEL5S13634528	
2026-04-30T10:56:08+00:00	171-5909755-0363528	1040300	B09HH8XQ14	X001G4QY25	Cubelelo Drift 4x4 (Black) Speedcube | Challenging Brain Teaser Puzzle Toy for Kids 7-14 Years Old Boys Girls & Adults All Ages | Fast Speed Cube for Intermediate and Advanced Cubers	1	BLR5	SELLABLE	UNDELIVERABLE_REFUSED	LPNBLR5P3145742	
2026-04-30T10:39:23+00:00	407-3700097-6528319	1630222	B0GH18NXXG	X002HPDYRF	Cubelelo Drift Magnetic Tangram Puzzle | with Strong Magnets, Wooden Pieces & Bold Colors | Toys for 5-10 Years Old Boys Girls & Adults | Travel Friendly, Educational Toy for Return & Birthday Gifts	1	DEL2	SELLABLE	UNDELIVERABLE_UNKNOWN	LPNDEL2R83717045	
2026-04-30T10:19:53+00:00	406-2474415-6735514	1030300_EAN	B0FBMGT6V7	X002C88WLZ	Cubelelo Drift Explorer 3x3 Speed Cube | Best Starter Speedcube for Beginners | Perfect Brain Teaser for Kids Ages 4 to14 Years Old & Above Boys Girls Children | Smooth Turning Puzzle Toy for Adults	1	DEL2	SELLABLE	SWITCHEROO	LPNDEL2R82472287	Brand change h
2026-04-30T09:26:14+00:00	404-2695748-1586739	1290300	B0DB6311DK	X00239RFKR	Cubelelo Drift Megaminx v2 Cube (New Improved Version) | 12-Sided Fun and Challenging Puzzle with Ridge Design | Smooth Turning Dodecahedron | Perfect for Speed-Cubing | Ideal for Kids & Adults	1	DEL2	CARRIER_DAMAGED	DEFECTIVE	LPNDEL2R83823477	
2026-04-30T09:13:56+00:00	405-9034690-2832316	1460553	B0BYVHGR5H	X001WPZI9N	Cubelelo Drift 2x2, 3x3 & Pyraminx Cube Combo (Stickerless) | Ideal for Kids Above 3 4 5 6 Years Old Boys Girls | 3 in 1 Speedcube Gift Set | High Speed Puzzle 3x3x3 2x2x2 Pyramid Triangle	1	BOM4	CUSTOMER_DAMAGED	DAMAGED_BY_FC	LPNBOM4N37997360	
2026-04-30T08:36:20+00:00	404-5236263-8597158	1030300_EAN	B0FBMGT6V7	X002C88WLZ	Cubelelo Drift Explorer 3x3 Speed Cube | Best Starter Speedcube for Beginners | Perfect Brain Teaser for Kids Ages 4 to14 Years Old & Above Boys Girls Children | Smooth Turning Puzzle Toy for Adults	1	BOM4	DEFECTIVE	DAMAGED_BY_FC	LPNBOM4N37959546	One piece is broken
2026-04-30T08:08:46+00:00	408-7896543-3334702	1630222	B0GH18NXXG	X002HPDYRF	Cubelelo Drift Magnetic Tangram Puzzle | with Strong Magnets, Wooden Pieces & Bold Colors | Toys for 5-10 Years Old Boys Girls & Adults | Travel Friendly, Educational Toy for Return & Birthday Gifts	1	BLR5	SELLABLE	UNDELIVERABLE_UNKNOWN	LPNBLR5P3365816	
2026-04-30T08:08:29+00:00	405-4648296-3693908	1030604	B0DRVQVFJB	X0027JJHDB	Cubelelo Drift 3M v3 3x3 Magnetic Speedcube (Standard) | Latest Version with New & Improved Internal Structure for Smooth Turns & Stability | Cube Toy for 6-10 Years Old Boys Girls Adults	1	DEL2	SELLABLE	UNDELIVERABLE_REFUSED	LPNDEL2R83775330	
2026-04-30T08:08:29+00:00	405-4648296-3693908	1030604	B0DRVQVFJB	X0027JJHDB	Cubelelo Drift 3M v3 3x3 Magnetic Speedcube (Standard) | Latest Version with New & Improved Internal Structure for Smooth Turns & Stability | Cube Toy for 6-10 Years Old Boys Girls Adults	1	DEL2	SELLABLE	UNDELIVERABLE_REFUSED	LPNDEL2R83775331	
2026-04-30T07:48:20+00:00	171-4196001-9938728	1030300_EAN	B0FBMGT6V7	X002C88WLZ	Cubelelo Drift Explorer 3x3 Speed Cube | Best Starter Speedcube for Beginners | Perfect Brain Teaser for Kids Ages 4 to14 Years Old & Above Boys Girls Children | Smooth Turning Puzzle Toy for Adults	1	BLR5	SELLABLE	UNDELIVERABLE_REFUSED	LPNBLR5P5205321	
2026-04-30T07:18:52+00:00	171-7351766-9427501	1630222	B0GH18NXXG	X002HPDYRF	Cubelelo Drift Magnetic Tangram Puzzle | with Strong Magnets, Wooden Pieces & Bold Colors | Toys for 5-10 Years Old Boys Girls & Adults | Travel Friendly, Educational Toy for Return & Birthday Gifts	1	CCX1	SELLABLE	UNDELIVERABLE_UNKNOWN	LPNCCX1B1415448	
2026-04-30T07:02:43+00:00	403-6479269-5433128	1040400	B0FL7TDJLF	X002DFU80F	Cubelelo Drift 4x4 Stickerless Cube Puzzle Toy | Combines Smoothness, Stability & Durability | 4x4x4 Speedcube for Beginners| Suitable for Kids Ages 6 to 14 Years Old, Boys, Girls & Adults	1	BLR5	SELLABLE	DEFECTIVE	LPNBLR5P2747829	
2026-04-30T06:51:55+00:00	171-9485643-4778768	1460565	B089LJBSPQ	X0023ASIV1	Cubelelo Drift 2x2 Stickerless with Stand | High-Performance Speed Cube | Smooth Turning & Adjustable Tension | Durable & Reliable | Ideal for All Ages	1	BOM4	SELLABLE	DAMAGED_BY_FC	LPNBOM4N38202580	Even cube is also very stiff ...  Need refund
2026-04-30T06:51:55+00:00	404-2413118-5020344	1460565	B089LJBSPQ	X0023ASIV1	Cubelelo Drift 2x2 Stickerless with Stand | High-Performance Speed Cube | Smooth Turning & Adjustable Tension | Durable & Reliable | Ideal for All Ages	1	BOM4	CUSTOMER_DAMAGED	NO_REASON_GIVEN	LPNBOM4N38202581	
2026-04-30T06:16:20+00:00	407-1724123-9261906	1630222	B0GH18NXXG	X002HPDYRF	Cubelelo Drift Magnetic Tangram Puzzle | with Strong Magnets, Wooden Pieces & Bold Colors | Toys for 5-10 Years Old Boys Girls & Adults | Travel Friendly, Educational Toy for Return & Birthday Gifts	1	BLR5	SELLABLE	UNDELIVERABLE_UNKNOWN	LPNBLR5P3782344	
2026-04-30T06:16:18+00:00	405-7851535-3683555	1630210	B09HH8CC7Y	X00262W227	Cubelelo Drift Number Sliding Magnetic Puzzle 4x4 | Toys For 6-10 Years Old Boys & Girls | 15-Blocks Brain Teaser Puzzle Game for Kids | Educational, Learning, Activity Toy for Return & Birthday Gifts	1	BOM4	SELLABLE	UNDELIVERABLE_REFUSED	LPNBOM4N39351789	
2026-04-30T05:57:06+00:00	408-8514456-1113154	1030652	B0DJR1FJ3M	X0025FFJUH	Cubelelo Drift 3M Plus v2 3x3 (MagLev) Speedcube (New Upgraded Version) | Ultra-Smooth Magnetic Leviation for Fast Solves | Perfect Brain-Teasing Puzzle for Kids & Adults	1	DEL2	SELLABLE	UNDELIVERABLE_REFUSED	LPNDEL2R83823336	
2026-04-30T05:35:32+00:00	404-9300084-3877143	1120100	B08LBGYZ51	X0019BU32H	Cubelelo Drift 3x3 Mirror (Silver) Magic Speed Cube | Shape Shifter Speedcube with Durable Stickers | Advanced 3x3x3 Puzzle Toy for Kids Ages 7-14 Boys Girls & Adults | Collector's Item	1	BLR5	SELLABLE	UNDELIVERABLE_UNKNOWN	LPNBLR5P4594685	
2026-04-30T05:22:40+00:00	402-5826646-5406715	1120200	B08LKQHDBF	X001G4N1DP	Cubelelo Drift 3x3 Mirror (Golden) Speed Cube | Shape Shifter Magic Speedcube Puzzle Toys for 7-14 Year Old Boys Girls and Adults All Ages | Advanced 3x3 with Durable Stickers | Collector's Item	1	BLR5	SELLABLE	UNDELIVERABLE_REFUSED	LPNBLR5P2747728	
2026-04-30T04:51:43+00:00	171-7942506-6652313	1460501	B08XK25RRF	X001VLOAKL	Cubelelo Drift 2x2 & 3x3 Cube Gift Box Combo | 2-in-1 Puzzle Toy Game Set for Children Kids & Adults Ages 4 5 6 & Above | Double the Challenge, Twice the Fun | Ultimate Value Saver Combo	1	DEL2	SELLABLE	UNDELIVERABLE_REFUSED	LPNDEL2R83871245	
2026-04-30T04:51:43+00:00	171-6909268-5097110	1460501	B08XK25RRF	X001VLOAKL	Cubelelo Drift 2x2 & 3x3 Cube Gift Box Combo | 2-in-1 Puzzle Toy Game Set for Children Kids & Adults Ages 4 5 6 & Above | Double the Challenge, Twice the Fun | Ultimate Value Saver Combo	1	DEL2	SELLABLE	UNDELIVERABLE_REFUSED	LPNDEL2R83871243	
2026-04-30T04:48:37+00:00	408-6445344-7237936	1030604	B0DRVQVFJB	X0027JJHDB	Cubelelo Drift 3M v3 3x3 Magnetic Speedcube (Standard) | Latest Version with New & Improved Internal Structure for Smooth Turns & Stability | Cube Toy for 6-10 Years Old Boys Girls Adults	1	DEL2	SELLABLE	DEFECTIVE	LPNDEL2R81379947	
2026-04-30T04:29:51+00:00	403-9610478-0421152	1260100	B0CJFVM7VR	X001VFDNDR	Cubelelo Drift Puppet I Speed Cube | Brain Teaser Puzzle Toys | Limited Rotation | Creative New Cube for Kids and Adults	1	BLR5	SELLABLE	DAMAGED_BY_FC	LPNBLR5P3160227	While turning the white cube keeps getting stuck
2026-04-30T04:16:04+00:00	404-7943532-7034705	1040300	B09HH8XQ14	X001G4QY25	Cubelelo Drift 4x4 (Black) Speedcube | Challenging Brain Teaser Puzzle Toy for Kids 7-14 Years Old Boys Girls & Adults All Ages | Fast Speed Cube for Intermediate and Advanced Cubers	1	BLR8	SELLABLE	UNDELIVERABLE_REFUSED	LPNBLR8Z5755114	
2026-04-30T03:45:37+00:00	405-9666511-2718754	1270100	B09BZPFCZ8	X001F0AT1H	Cubelelo Drift Mastermorphix Stickerless Cube Puzzle for Kids & Adults Speedy Stress Buster Brainstorming Cube	1	BLR5	SELLABLE	UNDELIVERABLE_REFUSED	LPNBLR5P3384010	
2026-04-30T03:09:24+00:00	403-5899805-2560303	1460553	B0BYVHGR5H	X001WPZI9N	Cubelelo Drift 2x2, 3x3 & Pyraminx Cube Combo (Stickerless) | Ideal for Kids Above 3 4 5 6 Years Old Boys Girls | 3 in 1 Speedcube Gift Set | High Speed Puzzle 3x3x3 2x2x2 Pyramid Triangle	1	BLR5	CUSTOMER_DAMAGED	SWITCHEROO	LPNBLR5P3204819	
2026-04-30T03:08:42+00:00	404-9866026-3261965	1050200	B09K7QTCXP	X001GM0XER	Cubelelo Drift 5x5 Stickerless Speed Cube | AKA Professor's Cube Magic Puzzle for Kids & Adults | Smooth and Durable Speedy Brainstorming Puzzle| Ultimate Stress Buster and Mind Challenge	1	BLR5	CUSTOMER_DAMAGED	DEFECTIVE	LPNBLR5P3156326	
2026-04-29T18:08:09+00:00	402-0936098-8617115	1030300_EAN	B0FBMGT6V7	X002C88WLZ	Cubelelo Drift Explorer 3x3 Speed Cube | Best Starter Speedcube for Beginners | Perfect Brain Teaser for Kids Ages 4 to14 Years Old & Above Boys Girls Children | Smooth Turning Puzzle Toy for Adults	1	BLR5	SELLABLE	UNDELIVERABLE_REFUSED	LPNBLR5P3352434	
2026-04-29T17:53:33+00:00	405-5419100-5339528	1630210	B09HH8CC7Y	X00262W227	Cubelelo Drift Number Sliding Magnetic Puzzle 4x4 | Toys For 6-10 Years Old Boys & Girls | 15-Blocks Brain Teaser Puzzle Game for Kids | Educational, Learning, Activity Toy for Return & Birthday Gifts	1	BLR5	SELLABLE	UNDELIVERABLE_UNKNOWN	LPNBLR5P4533541	
2026-04-29T17:14:26+00:00	404-4057459-2353965	1030604	B0DRVQVFJB	X0027JJHDB	Cubelelo Drift 3M v3 3x3 Magnetic Speedcube (Standard) | Latest Version with New & Improved Internal Structure for Smooth Turns & Stability | Cube Toy for 6-10 Years Old Boys Girls Adults	1	BLR5	SELLABLE	UNDELIVERABLE_UNKNOWN	LPNBLR5P3483753	
2026-04-29T17:10:51+00:00	404-4021659-3129917	1030604	B0DRVQVFJB	X0027JJHDB	Cubelelo Drift 3M v3 3x3 Magnetic Speedcube (Standard) | Latest Version with New & Improved Internal Structure for Smooth Turns & Stability | Cube Toy for 6-10 Years Old Boys Girls Adults	1	BLR5	SELLABLE	DEFECTIVE	LPNBLR5P4082166	
2026-04-29T16:34:59+00:00	406-8648226-4430748	TB00001	B0FF2FSJ7P	X002C7B5I3	TinkerBox Wooden My First Tool Kit with Storage Box | Toys for Kids 6-10 Year Old Boys and Girls | Premium 34-Piece Pretend Play Set | Realistic Tools for Learning, Education & Skill Develpoment	1	BLR5	DEFECTIVE	MISSING_PARTS	LPNBLR5P0431768	Only 25 pieces available instead of 34, kindly replace the same with complete pieces
2026-04-29T16:14:32+00:00	403-1666445-0958713	1030400	B07XPNC385	X0012WM1NR	Cubelelo Drift 3x3 Black Speedcube | Beginner Cube for Kids & Adults | Magic Speed Stress Buster Brainstorming Puzzle (Multicolor) | Anti-Pop Technology | Smooth Turning | Durable	1	BLR5	SELLABLE	UNDELIVERABLE_REFUSED	LPNBLR5P4140147	
2026-04-29T15:18:22+00:00	402-8691645-6353917	1030300_EAN	B0FBMGT6V7	X002C88WLZ	Cubelelo Drift Explorer 3x3 Speed Cube | Best Starter Speedcube for Beginners | Perfect Brain Teaser for Kids Ages 4 to14 Years Old & Above Boys Girls Children | Smooth Turning Puzzle Toy for Adults	1	BLR5	SELLABLE	UNDELIVERABLE_REFUSED	LPNBLR5P3159608	
2026-04-29T15:03:15+00:00	408-4237790-2117135	1460503	B08XK4V59M	X001VFXJDV	Cubelelo Drift 2x2, 3x3 & 4x4 Premium Gift Box | 3-in-1 Puzzle Game Set | Triple the Challenge, Thrice the Fun | Ultimate Value Saver Combo | Brainstoming Toy for Children Kids & Adults	1	BLR5	CUSTOMER_DAMAGED	DAMAGED_BY_FC	LPNBLR5P2747064	
2026-04-29T13:58:37+00:00	404-0694081-1533131	1630207	B0CNXPFMRV	X001WVG7RT	Cubelelo Drift Rainbow Ball Puzzle | Compact, Multicolor Sphere (Fidget Toy) | Portable Brain Teaser for Kids & Adults | Stress Relief & Fun On-The-Go Puzzle	1	BOM4	SELLABLE	UNDELIVERABLE_REFUSED	LPNBOM4N39424862	
2026-04-29T12:34:58+00:00	404-4413261-8222706	1460510	B0BZL11XWC	X001VW450P	Cubelelo Drift 4x4, 5x5 Premium Gift Box | 2-in-1 Puzzle Game Set | Challenge, Thrice The Fun | Ultimate Value Saver Combo | Brainstoming Toy for Children Kids & Adults	1	DEL2	SELLABLE	UNDELIVERABLE_REFUSED	LPNDEL2R82549846	
2026-04-29T12:09:52+00:00	404-2592369-6035540	1030700_EAN	B0BRXJ9Q4G	X001P8LWWT	Cubelelo Drift 3M Plus v2 3x3 (Magnetic) Cube | New Upgraded Version Based on MoYu RS3M v5 | Dual-Adjustment System | Premium Speedcube for Kids Boys Girls Ages 4+ Year Old & Adults	1	BLR5	SELLABLE	UNDELIVERABLE_REFUSED	LPNBLR5P3159383	
2026-04-29T11:13:14+00:00	406-9933884-9918741	1350100	B0BM63N44W	X001O3K2YJ	Cubelelo Drift 2x2x3 Cuboid Stickerless Puzzle | Unique Twist | Smooth Rotations for Stress Relief & Brain Teasers | Ideal Puzzle for Kids & Adults	1	BOM4	SELLABLE	UNDELIVERABLE_REFUSED	LPNBOM4N39434602	
2026-04-29T11:09:46+00:00	408-1777819-3569118	1030604	B0DRVQVFJB	X0027JJHDB	Cubelelo Drift 3M v3 3x3 Magnetic Speedcube (Standard) | Latest Version with New & Improved Internal Structure for Smooth Turns & Stability | Cube Toy for 6-10 Years Old Boys Girls Adults	1	DEL2	SELLABLE	UNDELIVERABLE_REFUSED	LPNDEL2R83773296	
2026-04-29T11:09:31+00:00	407-4981630-3329909	TB00006	B0FQPD4BGR	X002EH3CUP	TinkerBox Play Gym	1	BLR5	SELLABLE	MISSING_PARTS	LPNBLR5Q9514427	
2026-04-29T11:07:01+00:00	407-9909613-0962755	1040300	B09HH8XQ14	X001G4QY25	Cubelelo Drift 4x4 (Black) Speedcube | Challenging Brain Teaser Puzzle Toy for Kids 7-14 Years Old Boys Girls & Adults All Ages | Fast Speed Cube for Intermediate and Advanced Cubers	1	BLR5	CUSTOMER_DAMAGED	SWITCHEROO	LPNBLR5P2746739	
2026-04-29T10:58:48+00:00	406-4004639-4260343	1460577	B0D9NW55MK	X00232KSTT	Cubelelo Drift 2x2 with Cube Lubricant and Stand Combo | High-Performance Speed Cube | Smooth Turning & Durable | Ideal for All Ages	1	BLR5	SELLABLE	UNDELIVERABLE_UNKNOWN	LPNBLR5P2023834	
2026-04-29T10:54:28+00:00	171-7211218-6833909	1030604	B0DRVQVFJB	X0027JJHDB	Cubelelo Drift 3M v3 3x3 Magnetic Speedcube (Standard) | Latest Version with New & Improved Internal Structure for Smooth Turns & Stability | Cube Toy for 6-10 Years Old Boys Girls Adults	1	BOM4	SELLABLE	UNDELIVERABLE_REFUSED	LPNBOM4N37959083	
2026-04-29T10:47:41+00:00	402-1601653-9242758	1030300_EAN	B0FBMGT6V7	X002C88WLZ	Cubelelo Drift Explorer 3x3 Speed Cube | Best Starter Speedcube for Beginners | Perfect Brain Teaser for Kids Ages 4 to14 Years Old & Above Boys Girls Children | Smooth Turning Puzzle Toy for Adults	1	BLR5	SELLABLE	UNDELIVERABLE_REFUSED	LPNBLR5P3483317	
2026-04-29T10:44:32+00:00	402-5333583-4105958	1030700_EAN	B0BRXJ9Q4G	X001P8LWWT	Cubelelo Drift 3M Plus v2 3x3 (Magnetic) Cube | New Upgraded Version Based on MoYu RS3M v5 | Dual-Adjustment System | Premium Speedcube for Kids Boys Girls Ages 4+ Year Old & Adults	1	DEL2	CUSTOMER_DAMAGED	DEFECTIVE	LPNDEL2R81223620	
2026-04-29T09:26:16+00:00	408-9792829-4794709	1020200	B08LBJ3P8L	X0019BU39P	Cubelelo Drift 2x2 Stickerless Cube | Beginner Speedcube for Kids Boys Girls Above 3 4 5 6 Years Old & Above | Magic Puzzle Toy | Durable & Smooth Cube with Anti-Pop Design 2x2x2	1	DEL2	SELLABLE	UNDELIVERABLE_REFUSED	LPNDEL2R83773195	
2026-04-29T09:20:51+00:00	406-7473262-3233164	1030604	B0DRVQVFJB	X0027JJHDB	Cubelelo Drift 3M v3 3x3 Magnetic Speedcube (Standard) | Latest Version with New & Improved Internal Structure for Smooth Turns & Stability | Cube Toy for 6-10 Years Old Boys Girls Adults	1	DEL2	SELLABLE	QUALITY_UNACCEPTABLE	LPNDEL2R83870881	
2026-04-29T09:05:26+00:00	405-7254142-7434751	1030603	B0DRVMTFN1	X0027JJ8K3	Cubelelo Drift 3M v3 3x3 (Magnetic UV Coated) Speedcube - New Version | Premium Glossy Finish, Ultra Fast & Smooth Turns, Enhanced Auto-Alignment with 48 Magnets | Puzzle Cube for Kids & Adults	1	BLR5	SELLABLE	NOT_AS_DESCRIBED	LPNBLR5P4583517	Worst quality 820 not worth
2026-04-29T09:01:44+00:00	406-5550698-0837909	CLB0502	B0CL3HR7YS	X001VZMI15	Cubelelo Drift Warrior 3x3 & Premium Cube Lubricant Combo | Speed Cube Set for Fast, Smooth, Professional Solving | Ultimate Kit for All Your Speedcubing Needs Multicolor for Kids, Adults All Ages	1	BLR5	SELLABLE	UNDELIVERABLE_REFUSED	LPNBLR5P2746631	
2026-04-29T08:57:19+00:00	405-7478238-8365920	1630210	B09HH8CC7Y	X00262W227	Cubelelo Drift Number Sliding Magnetic Puzzle 4x4 | Toys For 6-10 Years Old Boys & Girls | 15-Blocks Brain Teaser Puzzle Game for Kids | Educational, Learning, Activity Toy for Return & Birthday Gifts	1	BLR5	SELLABLE	UNDELIVERABLE_UNKNOWN	LPNBLR5P3408673	
2026-04-29T08:19:21+00:00	404-3756234-3775548	1030300_EAN	B0FBMGT6V7	X002C88WLZ	Cubelelo Drift Explorer 3x3 Speed Cube | Best Starter Speedcube for Beginners | Perfect Brain Teaser for Kids Ages 4 to14 Years Old & Above Boys Girls Children | Smooth Turning Puzzle Toy for Adults	1	BLR5	CUSTOMER_DAMAGED	SWITCHEROO	LPNBLR5P4583459	
2026-04-29T08:17:40+00:00	404-5199875-1492336	1020200	B08LBJ3P8L	X0019BU39P	Cubelelo Drift 2x2 Stickerless Cube | Beginner Speedcube for Kids Boys Girls Above 3 4 5 6 Years Old & Above | Magic Puzzle Toy | Durable & Smooth Cube with Anti-Pop Design 2x2x2	1	BOM4	SELLABLE	UNDELIVERABLE_REFUSED	LPNBOM4N39385861	
2026-04-29T07:43:33+00:00	404-7473085-8173959	1030300_EAN	B0FBMGT6V7	X002C88WLZ	Cubelelo Drift Explorer 3x3 Speed Cube | Best Starter Speedcube for Beginners | Perfect Brain Teaser for Kids Ages 4 to14 Years Old & Above Boys Girls Children | Smooth Turning Puzzle Toy for Adults	1	DEL2	SELLABLE	DEFECTIVE	LPNDEL2R81173961	
2026-04-29T07:11:45+00:00	408-5286049-5647520	1030400	B07XPNC385	X0012WM1NR	Cubelelo Drift 3x3 Black Speedcube | Beginner Cube for Kids & Adults | Magic Speed Stress Buster Brainstorming Puzzle (Multicolor) | Anti-Pop Technology | Smooth Turning | Durable	1	DEL2	SELLABLE	SWITCHEROO	LPNDEL2R83870784	
2026-04-29T06:39:31+00:00	405-3905520-5648305	1630202	B09B7PNSTV	X001ETHG47	Cubelelo Drift Infinity Cube (Blue) | Magic Puzzle Cool Mini Gadget for Stress and Anxiety Relief for Kids and Adults | Desk Finger Flip Toy for Fun and Game | for Ages 3 Years and Above	1	BLR5	SELLABLE	UNDELIVERABLE_UNKNOWN	LPNBLR5P1083708	
2026-04-29T06:36:53+00:00	402-4654715-6972316	1030604	B0DRVQVFJB	X0027JJHDB	Cubelelo Drift 3M v3 3x3 Magnetic Speedcube (Standard) | Latest Version with New & Improved Internal Structure for Smooth Turns & Stability | Cube Toy for 6-10 Years Old Boys Girls Adults	1	DEL2	SELLABLE	UNDELIVERABLE_REFUSED	LPNDEL2R83974492	
2026-04-29T06:05:48+00:00	402-9505056-4217116	1630201	B09QMNCWYG	X001I5SK8D	Cubelelo Drift Infinity Cube (Green) | Magic Puzzle Cool Mini Gadget for Stress and Anxiety Relief for Kids and Adults | Desk Finger Flip Toy for Fun and Game | for Ages 3 Years and Above	1	DEL2	SELLABLE	UNDELIVERABLE_REFUSED	LPNDEL2R82999550	
2026-04-29T06:05:48+00:00	402-9505056-4217116	1630201	B09QMNCWYG	X001I5SK8D	Cubelelo Drift Infinity Cube (Green) | Magic Puzzle Cool Mini Gadget for Stress and Anxiety Relief for Kids and Adults | Desk Finger Flip Toy for Fun and Game | for Ages 3 Years and Above	1	DEL2	SELLABLE	UNDELIVERABLE_REFUSED	LPNDEL2R82999551	
2026-04-29T05:57:49+00:00	404-0455485-5833966	1630222	B0GH18NXXG	X002HPDYRF	Cubelelo Drift Magnetic Tangram Puzzle | with Strong Magnets, Wooden Pieces & Bold Colors | Toys for 5-10 Years Old Boys Girls & Adults | Travel Friendly, Educational Toy for Return & Birthday Gifts	1	DEL2	SELLABLE	UNDELIVERABLE_REFUSED	LPNDEL2R76527901	
2026-04-29T05:24:17+00:00	407-1446832-1363518	1030604	B0DRVQVFJB	X0027JJHDB	Cubelelo Drift 3M v3 3x3 Magnetic Speedcube (Standard) | Latest Version with New & Improved Internal Structure for Smooth Turns & Stability | Cube Toy for 6-10 Years Old Boys Girls Adults	1	BLR5	SELLABLE	UNDELIVERABLE_UNKNOWN	LPNBLR5P3144178	
2026-04-29T05:08:36+00:00	404-9333153-3797154	4001001a	B0CJBLTM11	X001VD95XL	Cubelelo Drift Daily Calendar Puzzle | A-Puzzle-A-Day | Wooden Challenging Tangram Puzzle Toys for Adults and Kids | Compact, Travel Friendly Toy for Return & Birthday Gifts	1	BLR5	CUSTOMER_DAMAGED	DEFECTIVE	LPNBLR5P4480388	
2026-04-29T04:43:04+00:00	404-8441311-0773117	1030300_EAN	B0FBMGT6V7	X002C88WLZ	Cubelelo Drift Explorer 3x3 Speed Cube | Best Starter Speedcube for Beginners | Perfect Brain Teaser for Kids Ages 4 to14 Years Old & Above Boys Girls Children | Smooth Turning Puzzle Toy for Adults	1	BLR5	SELLABLE	UNDELIVERABLE_REFUSED	LPNBLR5P3144117	
2026-04-29T04:41:31+00:00	406-7416197-0073100	1030300_EAN	B0FBMGT6V7	X002C88WLZ	Cubelelo Drift Explorer 3x3 Speed Cube | Best Starter Speedcube for Beginners | Perfect Brain Teaser for Kids Ages 4 to14 Years Old & Above Boys Girls Children | Smooth Turning Puzzle Toy for Adults	1	BOM4	SELLABLE	UNDELIVERABLE_REFUSED	LPNBOM4N38036611	
2026-04-29T04:40:56+00:00	171-4907903-9177935	1310035_EAN	B0BV247KZ6	X001PWV6K3	Cubelelo Magic Snake Rainbow Puzzle Cube (24 Wedges) | Twist and Turn Shape Creation Fun Game for Kids Boys Girls and Adults | Multicolor Brain Teaser Stress Buster Toy | for Ages 3 Years and Above	1	DEL2	SELLABLE	UNDELIVERABLE_UNKNOWN	LPNDEL2R83003664	
2026-04-29T04:38:14+00:00	402-4475601-3205160	1030604	B0DRVQVFJB	X0027JJHDB	Cubelelo Drift 3M v3 3x3 Magnetic Speedcube (Standard) | Latest Version with New & Improved Internal Structure for Smooth Turns & Stability | Cube Toy for 6-10 Years Old Boys Girls Adults	1	DEL2	SELLABLE	UNDELIVERABLE_UNKNOWN	LPNDEL2R81379376	
2026-04-29T03:58:44+00:00	171-8668286-4677941	1030604	B0DRVQVFJB	X0027JJHDB	Cubelelo Drift 3M v3 3x3 Magnetic Speedcube (Standard) | Latest Version with New & Improved Internal Structure for Smooth Turns & Stability | Cube Toy for 6-10 Years Old Boys Girls Adults	1	DEL2	SELLABLE	UNDELIVERABLE_REFUSED	LPNDEL2R81327101	
2026-04-29T03:40:42+00:00	402-2141143-9302709	1060100	B09HH5R69B	X001G4MZFF	Cubelelo Drift 6x6 Stickerless Speed Cube Magic Puzzle for Kids & Adults | Advanced Level Speedcube | Speedy Stress Buster Brainstorming Cube	1	DEL2	SELLABLE	DEFECTIVE	LPNDEL2R82070325	
2026-04-29T03:26:11+00:00	171-7788070-6595509	1030300_EAN	B0FBMGT6V7	X002C88WLZ	Cubelelo Drift Explorer 3x3 Speed Cube | Best Starter Speedcube for Beginners | Perfect Brain Teaser for Kids Ages 4 to14 Years Old & Above Boys Girls Children | Smooth Turning Puzzle Toy for Adults	1	DEL2	SELLABLE	DEFECTIVE	LPNDEL2R83966607	
2026-04-29T03:25:23+00:00	408-6251610-1769150	1310035_EAN	B0BV247KZ6	X001PWV6K3	Cubelelo Magic Snake Rainbow Puzzle Cube (24 Wedges) | Twist and Turn Shape Creation Fun Game for Kids Boys Girls and Adults | Multicolor Brain Teaser Stress Buster Toy | for Ages 3 Years and Above	1	DEL2	SELLABLE	DEFECTIVE	LPNDEL2R82113785	This product is used
2026-04-28T22:22:11+00:00	404-7468014-5090743	1630210	B09HH8CC7Y	X00262W227	Cubelelo Drift Number Sliding Magnetic Puzzle 4x4 | Toys For 6-10 Years Old Boys & Girls | 15-Blocks Brain Teaser Puzzle Game for Kids | Educational, Learning, Activity Toy for Return & Birthday Gifts	1	BLR5	SELLABLE	UNDELIVERABLE_UNKNOWN	LPNBLR5P4202443	
2026-04-28T22:19:57+00:00	403-3477264-0329137	1630210	B09HH8CC7Y	X00262W227	Cubelelo Drift Number Sliding Magnetic Puzzle 4x4 | Toys For 6-10 Years Old Boys & Girls | 15-Blocks Brain Teaser Puzzle Game for Kids | Educational, Learning, Activity Toy for Return & Birthday Gifts	1	BOM4	SELLABLE	UNDELIVERABLE_REFUSED	LPNBOM4N39424670	
2026-04-28T22:19:45+00:00	406-3653097-9932320	1630210	B09HH8CC7Y	X00262W227	Cubelelo Drift Number Sliding Magnetic Puzzle 4x4 | Toys For 6-10 Years Old Boys & Girls | 15-Blocks Brain Teaser Puzzle Game for Kids | Educational, Learning, Activity Toy for Return & Birthday Gifts	1	BLR5	SELLABLE	UNDELIVERABLE_UNKNOWN	LPNBLR5P2746203	
2026-04-28T21:11:33+00:00	406-6913680-5177127	1030400	B07XPNC385	X0012WM1NR	Cubelelo Drift 3x3 Black Speedcube | Beginner Cube for Kids & Adults | Magic Speed Stress Buster Brainstorming Puzzle (Multicolor) | Anti-Pop Technology | Smooth Turning | Durable	1	BLR5	SELLABLE	UNDELIVERABLE_REFUSED	LPNBLR5P4583012	
2026-04-28T20:54:24+00:00	405-2507371-1261906	1060100	B09HH5R69B	X001G4MZFF	Cubelelo Drift 6x6 Stickerless Speed Cube Magic Puzzle for Kids & Adults | Advanced Level Speedcube | Speedy Stress Buster Brainstorming Cube	1	BLR5	SELLABLE	UNDELIVERABLE_UNKNOWN	LPNBLR5P3496025	
2026-04-28T20:50:13+00:00	402-9400276-2101911	1460510	B0BZL11XWC	X001VW450P	Cubelelo Drift 4x4, 5x5 Premium Gift Box | 2-in-1 Puzzle Game Set | Challenge, Thrice The Fun | Ultimate Value Saver Combo | Brainstoming Toy for Children Kids & Adults	1	BLR5	SELLABLE	UNDELIVERABLE_REFUSED	LPNBLR5P2023260	
2026-04-28T18:59:11+00:00	408-5101988-2997137	1030400	B07XPNC385	X0012WM1NR	Cubelelo Drift 3x3 Black Speedcube | Beginner Cube for Kids & Adults | Magic Speed Stress Buster Brainstorming Puzzle (Multicolor) | Anti-Pop Technology | Smooth Turning | Durable	1	BLR5	SELLABLE	NEVER_ARRIVED	LPNBLR5R0857088	
2026-04-28T18:36:03+00:00	407-2583938-8613155	1030400	B07XPNC385	X0012WM1NR	Cubelelo Drift 3x3 Black Speedcube | Beginner Cube for Kids & Adults | Magic Speed Stress Buster Brainstorming Puzzle (Multicolor) | Anti-Pop Technology | Smooth Turning | Durable	1	BLR5	SELLABLE	UNDELIVERABLE_REFUSED	LPNBLR5P2745968	
2026-04-28T18:09:50+00:00	402-6356987-2229941	1030604	B0DRVQVFJB	X0027JJHDB	Cubelelo Drift 3M v3 3x3 Magnetic Speedcube (Standard) | Latest Version with New & Improved Internal Structure for Smooth Turns & Stability | Cube Toy for 6-10 Years Old Boys Girls Adults	1	BLR5	SELLABLE	DEFECTIVE	LPNBLR5P2745918	
2026-04-28T14:14:14+00:00	406-9342521-4064309	1630210	B09HH8CC7Y	X00262W227	Cubelelo Drift Number Sliding Magnetic Puzzle 4x4 | Toys For 6-10 Years Old Boys & Girls | 15-Blocks Brain Teaser Puzzle Game for Kids | Educational, Learning, Activity Toy for Return & Birthday Gifts	1	BLR5	SELLABLE	UNDELIVERABLE_UNKNOWN	LPNBLR5P3351893	
2026-04-28T14:10:15+00:00	402-0239729-1100309	1030478	B09PYRTM4X	X001HYK0PL	Cubelelo Drift 3x3 Jelly Edition Speedcube Magic Cube Puzzle	1	BOM4	SELLABLE	UNDELIVERABLE_REFUSED	LPNBOM4N39361142	
2026-04-28T12:56:27+00:00	402-7526649-3952340	1030604	B0DRVQVFJB	X0027JJHDB	Cubelelo Drift 3M v3 3x3 Magnetic Speedcube (Standard) | Latest Version with New & Improved Internal Structure for Smooth Turns & Stability | Cube Toy for 6-10 Years Old Boys Girls Adults	1	DEL2	SELLABLE	UNDELIVERABLE_REFUSED	LPNDEL2R83003556	
2026-04-28T12:56:24+00:00	407-2344522-1635519	1280100a	B09QYW9DYC	X001LHLHUV	Cubelelo Drift Pyraminx Puzzle Speedcube | Beginner Starter Cube for Kids 3+ Year Old & Above | Triangle Pyramid Shape Stickerless 3x3 Cubes Toy | Ideal for Boys Girls Children 4 5 6+ Years & Adults	1	BOM4	SELLABLE	UNDELIVERABLE_REFUSED	LPNBOM4N39358706	
2026-04-28T12:36:35+00:00	404-1765726-0120306	1120100	B08LBGYZ51	X0019BU32H	Cubelelo Drift 3x3 Mirror (Silver) Magic Speed Cube | Shape Shifter Speedcube with Durable Stickers | Advanced 3x3x3 Puzzle Toy for Kids Ages 7-14 Boys Girls & Adults | Collector's Item	1	DEL2	SELLABLE	UNDELIVERABLE_REFUSED	LPNDEL2R83866158	
2026-04-28T12:33:02+00:00	402-3846498-3598749	1630202	B09B7PNSTV	X001ETHG47	Cubelelo Drift Infinity Cube (Blue) | Magic Puzzle Cool Mini Gadget for Stress and Anxiety Relief for Kids and Adults | Desk Finger Flip Toy for Fun and Game | for Ages 3 Years and Above	1	BOM4	SELLABLE	UNDELIVERABLE_UNKNOWN	LPNBOM4N38248885	
2026-04-28T12:17:49+00:00	404-5678881-3395534	1030500	B08H88N2N9	X0018CDFL3	Cubelelo Drift Warrior 3x3 Stickerless Cube | Beginner Speedcube for Kids Boys Girls Above 3 4 5 6 Years Old & Above | Magic Puzzle Toy | Durable & Smooth Cube with Anti-Pop Design 3 3	1	DEL4	SELLABLE	UNDELIVERABLE_REFUSED	LPNDEL4AA3891230	
2026-04-28T12:07:26+00:00	408-6792243-8452367	1040300	B09HH8XQ14	X001G4QY25	Cubelelo Drift 4x4 (Black) Speedcube | Challenging Brain Teaser Puzzle Toy for Kids 7-14 Years Old Boys Girls & Adults All Ages | Fast Speed Cube for Intermediate and Advanced Cubers	1	BLR5	SELLABLE	DEFECTIVE	LPNBLR5P4475036	
2026-04-28T12:02:48+00:00	405-7665821-9773930	1030300_EAN	B0FBMGT6V7	X002C88WLZ	Cubelelo Drift Explorer 3x3 Speed Cube | Best Starter Speedcube for Beginners | Perfect Brain Teaser for Kids Ages 4 to14 Years Old & Above Boys Girls Children | Smooth Turning Puzzle Toy for Adults	1	BLR5	SELLABLE	UNDELIVERABLE_REFUSED	LPNBLR5P3329151	
2026-04-28T11:24:47+00:00	407-5835384-9226703	1030300_EAN	B0FBMGT6V7	X002C88WLZ	Cubelelo Drift Explorer 3x3 Speed Cube | Best Starter Speedcube for Beginners | Perfect Brain Teaser for Kids Ages 4 to14 Years Old & Above Boys Girls Children | Smooth Turning Puzzle Toy for Adults	1	BOM4	SELLABLE	DEFECTIVE	LPNBOM4N38195405	
2026-04-28T11:15:11+00:00	404-0276815-9536347	1030400	B07XPNC385	X0012WM1NR	Cubelelo Drift 3x3 Black Speedcube | Beginner Cube for Kids & Adults | Magic Speed Stress Buster Brainstorming Puzzle (Multicolor) | Anti-Pop Technology | Smooth Turning | Durable	1	DEL4	SELLABLE	UNDELIVERABLE_UNKNOWN	LPNDEL4AA3891146	
2026-04-28T11:10:00+00:00	405-5790126-4513136	1630210	B09HH8CC7Y	X00262W227	Cubelelo Drift Number Sliding Magnetic Puzzle 4x4 | Toys For 6-10 Years Old Boys & Girls | 15-Blocks Brain Teaser Puzzle Game for Kids | Educational, Learning, Activity Toy for Return & Birthday Gifts	1	BLR5	SELLABLE	UNDELIVERABLE_UNKNOWN	LPNBLR5P3528302	
2026-04-28T10:28:37+00:00	171-4398828-6060337	1030604	B0DRVQVFJB	X0027JJHDB	Cubelelo Drift 3M v3 3x3 Magnetic Speedcube (Standard) | Latest Version with New & Improved Internal Structure for Smooth Turns & Stability | Cube Toy for 6-10 Years Old Boys Girls Adults	1	DEL2	SELLABLE	UNDELIVERABLE_REFUSED	LPNDEL2R83774496	
2026-04-28T10:08:47+00:00	402-3656959-0625955	1030604	B0DRVQVFJB	X0027JJHDB	Cubelelo Drift 3M v3 3x3 Magnetic Speedcube (Standard) | Latest Version with New & Improved Internal Structure for Smooth Turns & Stability | Cube Toy for 6-10 Years Old Boys Girls Adults	1	DEL4	SELLABLE	UNDELIVERABLE_UNKNOWN	LPNDEL4AA3742584	
2026-04-28T09:49:43+00:00	404-9073133-6608323	1630202	B09B7PNSTV	X001ETHG47	Cubelelo Drift Infinity Cube (Blue) | Magic Puzzle Cool Mini Gadget for Stress and Anxiety Relief for Kids and Adults | Desk Finger Flip Toy for Fun and Game | for Ages 3 Years and Above	1	BLR5	CUSTOMER_DAMAGED	NO_REASON_GIVEN	LPNBLR5P3936336	
2026-04-28T09:04:12+00:00	404-9669025-3022759	1030300_EAN	B0FBMGT6V7	X002C88WLZ	Cubelelo Drift Explorer 3x3 Speed Cube | Best Starter Speedcube for Beginners | Perfect Brain Teaser for Kids Ages 4 to14 Years Old & Above Boys Girls Children | Smooth Turning Puzzle Toy for Adults	1	BOM4	SELLABLE	UNDELIVERABLE_REFUSED	LPNBOM4N38195296	
2026-04-28T09:00:25+00:00	404-4451406-0939527	1630222	B0GH18NXXG	X002HPDYRF	Cubelelo Drift Magnetic Tangram Puzzle | with Strong Magnets, Wooden Pieces & Bold Colors | Toys for 5-10 Years Old Boys Girls & Adults | Travel Friendly, Educational Toy for Return & Birthday Gifts	1	BOM4	SELLABLE	UNDELIVERABLE_REFUSED	LPNBOM4N39266495	
2026-04-28T08:43:21+00:00	171-3075161-2321964	CLB0214	B0CW1R5ZBW	X001YQVCLD	Cubelelo Drift Infinity Cube Combo (Pack of 2 - Blue & Green) | Stress Relief Fidget Toy for Focus & Anxiety Reduction | Portable Pocket-Sized Desk Gadget for All Age	1	CCX1	SELLABLE	UNDELIVERABLE_REFUSED	LPNCCX1A8423704	
2026-04-28T08:27:35+00:00	407-5721069-0930702	1030400	B07XPNC385	X0012WM1NR	Cubelelo Drift 3x3 Black Speedcube | Beginner Cube for Kids & Adults | Magic Speed Stress Buster Brainstorming Puzzle (Multicolor) | Anti-Pop Technology | Smooth Turning | Durable	1	DEL2	SELLABLE	UNDELIVERABLE_REFUSED	LPNDEL2R81074615	
2026-04-28T08:20:13+00:00	404-6811649-4669940	1030300_EAN	B0FBMGT6V7	X002C88WLZ	Cubelelo Drift Explorer 3x3 Speed Cube | Best Starter Speedcube for Beginners | Perfect Brain Teaser for Kids Ages 4 to14 Years Old & Above Boys Girls Children | Smooth Turning Puzzle Toy for Adults	1	DEL2	CUSTOMER_DAMAGED	DEFECTIVE	LPNDEL2R84013271	
2026-04-28T08:18:04+00:00	405-1414993-8997930	1030300_EAN	B0FBMGT6V7	X002C88WLZ	Cubelelo Drift Explorer 3x3 Speed Cube | Best Starter Speedcube for Beginners | Perfect Brain Teaser for Kids Ages 4 to14 Years Old & Above Boys Girls Children | Smooth Turning Puzzle Toy for Adults	1	BLR5	SELLABLE	UNDELIVERABLE_REFUSED	LPNBLR5P4479994	
2026-04-28T08:09:44+00:00	403-5654813-1913144	1120100	B08LBGYZ51	X0019BU32H	Cubelelo Drift 3x3 Mirror (Silver) Magic Speed Cube | Shape Shifter Speedcube with Durable Stickers | Advanced 3x3x3 Puzzle Toy for Kids Ages 7-14 Boys Girls & Adults | Collector's Item	1	BLR5	SELLABLE	UNDELIVERABLE_REFUSED	LPNBLR5P4492428	
2026-04-28T08:04:42+00:00	403-4293883-0404363	1120100	B08LBGYZ51	X0019BU32H	Cubelelo Drift 3x3 Mirror (Silver) Magic Speed Cube | Shape Shifter Speedcube with Durable Stickers | Advanced 3x3x3 Puzzle Toy for Kids Ages 7-14 Boys Girls & Adults | Collector's Item	1	BOM4	SELLABLE	UNDELIVERABLE_REFUSED	LPNBOM4N38155456	
2026-04-28T07:58:31+00:00	407-8968115-4698708	1030300_EAN	B0FBMGT6V7	X002C88WLZ	Cubelelo Drift Explorer 3x3 Speed Cube | Best Starter Speedcube for Beginners | Perfect Brain Teaser for Kids Ages 4 to14 Years Old & Above Boys Girls Children | Smooth Turning Puzzle Toy for Adults	1	DEL2	SELLABLE	UNDELIVERABLE_REFUSED	LPNDEL2R83874275	
2026-04-28T07:40:36+00:00	408-1009812-8587500	1030300_EAN	B0FBMGT6V7	X002C88WLZ	Cubelelo Drift Explorer 3x3 Speed Cube | Best Starter Speedcube for Beginners | Perfect Brain Teaser for Kids Ages 4 to14 Years Old & Above Boys Girls Children | Smooth Turning Puzzle Toy for Adults	1	BOM4	SELLABLE	UNDELIVERABLE_REFUSED	LPNBOM4N38195210	
2026-04-28T07:17:45+00:00	404-4977405-1617136	1280100a	B09QYW9DYC	X001LHLHUV	Cubelelo Drift Pyraminx Puzzle Speedcube | Beginner Starter Cube for Kids 3+ Year Old & Above | Triangle Pyramid Shape Stickerless 3x3 Cubes Toy | Ideal for Boys Girls Children 4 5 6+ Years & Adults	1	BOM4	SELLABLE	UNDELIVERABLE_REFUSED	LPNBOM4N38169296	
2026-04-28T06:40:40+00:00	404-3853725-6915524	1030400	B07XPNC385	X0012WM1NR	Cubelelo Drift 3x3 Black Speedcube | Beginner Cube for Kids & Adults | Magic Speed Stress Buster Brainstorming Puzzle (Multicolor) | Anti-Pop Technology | Smooth Turning | Durable	1	BOM4	SELLABLE	SWITCHEROO	LPNBOM4N39385085	Wrong brand received
2026-04-28T06:36:23+00:00	408-0130553-5874720	1460553	B0BYVHGR5H	X001WPZI9N	Cubelelo Drift 2x2, 3x3 & Pyraminx Cube Combo (Stickerless) | Ideal for Kids Above 3 4 5 6 Years Old Boys Girls | 3 in 1 Speedcube Gift Set | High Speed Puzzle 3x3x3 2x2x2 Pyramid Triangle	1	BLR8	SELLABLE	UNDELIVERABLE_UNKNOWN	LPNBLR8Z4808692	
2026-04-28T06:13:20+00:00	171-5717898-0738700	1120100	B08LBGYZ51	X0019BU32H	Cubelelo Drift 3x3 Mirror (Silver) Magic Speed Cube | Shape Shifter Speedcube with Durable Stickers | Advanced 3x3x3 Puzzle Toy for Kids Ages 7-14 Boys Girls & Adults | Collector's Item	1	BOM4	CUSTOMER_DAMAGED	DEFECTIVE	LPNBOM4N38227930	
2026-04-28T06:06:59+00:00	403-1543620-5303560	1020200	B08LBJ3P8L	X0019BU39P	Cubelelo Drift 2x2 Stickerless Cube | Beginner Speedcube for Kids Boys Girls Above 3 4 5 6 Years Old & Above | Magic Puzzle Toy | Durable & Smooth Cube with Anti-Pop Design 2x2x2	1	BOM4	SELLABLE	UNDELIVERABLE_REFUSED	LPNBOM4N39403540	
2026-04-28T06:02:27+00:00	405-6187586-8069917	1030400	B07XPNC385	X0012WM1NR	Cubelelo Drift 3x3 Black Speedcube | Beginner Cube for Kids & Adults | Magic Speed Stress Buster Brainstorming Puzzle (Multicolor) | Anti-Pop Technology | Smooth Turning | Durable	1	BLR5	SELLABLE	UNDELIVERABLE_UNKNOWN	LPNBLR5P4575611	
2026-04-28T05:56:05+00:00	171-6088151-9931514	1630222	B0GH18NXXG	X002HPDYRF	Cubelelo Drift Magnetic Tangram Puzzle | with Strong Magnets, Wooden Pieces & Bold Colors | Toys for 5-10 Years Old Boys Girls & Adults | Travel Friendly, Educational Toy for Return & Birthday Gifts	1	DEL2	DEFECTIVE	MISSING_PARTS	LPNDEL2R81464858	Green is missing and also the magnetic strip is missing aligned
2026-04-28T05:48:59+00:00	407-6307840-0087534	1630202	B09B7PNSTV	X001ETHG47	Cubelelo Drift Infinity Cube (Blue) | Magic Puzzle Cool Mini Gadget for Stress and Anxiety Relief for Kids and Adults | Desk Finger Flip Toy for Fun and Game | for Ages 3 Years and Above	1	BLR5	SELLABLE	UNDELIVERABLE_UNKNOWN	LPNBLR5P3289312	
2026-04-28T05:09:56+00:00	405-6370215-2070743	1030604	B0DRVQVFJB	X0027JJHDB	Cubelelo Drift 3M v3 3x3 Magnetic Speedcube (Standard) | Latest Version with New & Improved Internal Structure for Smooth Turns & Stability | Cube Toy for 6-10 Years Old Boys Girls Adults	1	DEL2	SELLABLE	UNDELIVERABLE_REFUSED	LPNDEL2R81074463	
2026-04-28T05:00:58+00:00	408-1071381-5656358	1030604	B0DRVQVFJB	X0027JJHDB	Cubelelo Drift 3M v3 3x3 Magnetic Speedcube (Standard) | Latest Version with New & Improved Internal Structure for Smooth Turns & Stability | Cube Toy for 6-10 Years Old Boys Girls Adults	1	BLR5	SELLABLE	DAMAGED_BY_CARRIER	LPNBLR5P2745022	Damaged both gift box and product, please refund money
2026-04-28T04:51:51+00:00	402-2192734-1701968	4001001a	B0CJBLTM11	X001VD95XL	Cubelelo Drift Daily Calendar Puzzle | A-Puzzle-A-Day | Wooden Challenging Tangram Puzzle Toys for Adults and Kids | Compact, Travel Friendly Toy for Return & Birthday Gifts	1	BLR5	SELLABLE	MISSING_PARTS	LPNBLR5P3521023	Few pieces missing
2026-04-28T04:44:09+00:00	407-9653744-8250720	1030604	B0DRVQVFJB	X0027JJHDB	Cubelelo Drift 3M v3 3x3 Magnetic Speedcube (Standard) | Latest Version with New & Improved Internal Structure for Smooth Turns & Stability | Cube Toy for 6-10 Years Old Boys Girls Adults	1	BOM4	CUSTOMER_DAMAGED	DEFECTIVE	LPNBOM4N38067050	
2026-04-28T04:43:48+00:00	406-0173184-3336329	1630210	B09HH8CC7Y	X00262W227	Cubelelo Drift Number Sliding Magnetic Puzzle 4x4 | Toys For 6-10 Years Old Boys & Girls | 15-Blocks Brain Teaser Puzzle Game for Kids | Educational, Learning, Activity Toy for Return & Birthday Gifts	1	BOM4	SELLABLE	UNDELIVERABLE_REFUSED	LPNBOM4N38896539	
2026-04-28T04:29:25+00:00	408-9929942-9373111	1030300_EAN	B0FBMGT6V7	X002C88WLZ	Cubelelo Drift Explorer 3x3 Speed Cube | Best Starter Speedcube for Beginners | Perfect Brain Teaser for Kids Ages 4 to14 Years Old & Above Boys Girls Children | Smooth Turning Puzzle Toy for Adults	1	BLR5	SELLABLE	UNDELIVERABLE_REFUSED	LPNBLR5P4630749	
2026-04-28T04:25:00+00:00	171-8589803-9372306	1630202	B09B7PNSTV	X001ETHG47	Cubelelo Drift Infinity Cube (Blue) | Magic Puzzle Cool Mini Gadget for Stress and Anxiety Relief for Kids and Adults | Desk Finger Flip Toy for Fun and Game | for Ages 3 Years and Above	1	DEL2	SELLABLE	UNDELIVERABLE_REFUSED	LPNDEL2R81222627	
2026-04-28T04:20:38+00:00	407-7379581-3236338	1030604	B0DRVQVFJB	X0027JJHDB	Cubelelo Drift 3M v3 3x3 Magnetic Speedcube (Standard) | Latest Version with New & Improved Internal Structure for Smooth Turns & Stability | Cube Toy for 6-10 Years Old Boys Girls Adults	1	BLR5	SELLABLE	UNDELIVERABLE_UNKNOWN	LPNBLR5P4498202	
2026-04-28T04:03:12+00:00	406-2278968-4942750	1120038	B0DRVTQ6NM	X0027JP4VP	Cubelelo Drift 3x3 Mirror Color (Tiled) Speedcube | New Colored Version Looks Fantastic with Buttery Smooth Turns | Ideal for Kids Above 5 Years Old | Unique Shape-Shifting Design for Puzzle Toy	1	BOM4	DEFECTIVE	MISSING_PARTS	LPNBOM4N38231138	White and
2026-04-28T03:55:26+00:00	404-9595776-4073133	1030300_EAN	B0FBMGT6V7	X002C88WLZ	Cubelelo Drift Explorer 3x3 Speed Cube | Best Starter Speedcube for Beginners | Perfect Brain Teaser for Kids Ages 4 to14 Years Old & Above Boys Girls Children | Smooth Turning Puzzle Toy for Adults	1	DEL2	CUSTOMER_DAMAGED	DEFECTIVE	LPNDEL2R82169200	
2026-04-28T03:09:23+00:00	403-2639943-2251566	1150100	B09BZMB4RT	X001F0EEEF	Cubelelo Drift Square-1 Stickerless Cube Puzzle for Kids & Adults Speedy Stress Buster Brainstorming Cube	1	BLR5	SELLABLE	DAMAGED_BY_FC	LPNBLR5P4479673	Corner cube keeps coming off...
2026-04-27T21:47:14+00:00	407-3948578-8675504	1040400	B0FL7TDJLF	X002DFU80F	Cubelelo Drift 4x4 Stickerless Cube Puzzle Toy | Combines Smoothness, Stability & Durability | 4x4x4 Speedcube for Beginners| Suitable for Kids Ages 6 to 14 Years Old, Boys, Girls & Adults	1	BLR5	SELLABLE	UNDELIVERABLE_REFUSED	LPNBLR5P4622029	
2026-04-27T21:22:23+00:00	405-8908649-4473964	1630210	B09HH8CC7Y	X00262W227	Cubelelo Drift Number Sliding Magnetic Puzzle 4x4 | Toys For 6-10 Years Old Boys & Girls | 15-Blocks Brain Teaser Puzzle Game for Kids | Educational, Learning, Activity Toy for Return & Birthday Gifts	1	BLR5	SELLABLE	UNDELIVERABLE_UNKNOWN	LPNBLR5P2583239	
2026-04-27T20:29:19+00:00	406-9599655-9202729	1030400	B07XPNC385	X0012WM1NR	Cubelelo Drift 3x3 Black Speedcube | Beginner Cube for Kids & Adults | Magic Speed Stress Buster Brainstorming Puzzle (Multicolor) | Anti-Pop Technology | Smooth Turning | Durable	1	BLR5	SELLABLE	UNDELIVERABLE_UNKNOWN	LPNBLR5P4487119	
2026-04-27T18:54:17+00:00	406-3247899-7648357	1030604	B0DRVQVFJB	X0027JJHDB	Cubelelo Drift 3M v3 3x3 Magnetic Speedcube (Standard) | Latest Version with New & Improved Internal Structure for Smooth Turns & Stability | Cube Toy for 6-10 Years Old Boys Girls Adults	1	BLR5	SELLABLE	UNDELIVERABLE_REFUSED	LPNBLR5P3328675	
2026-04-27T15:46:38+00:00	406-6542531-2947547	1030604	B0DRVQVFJB	X0027JJHDB	Cubelelo Drift 3M v3 3x3 Magnetic Speedcube (Standard) | Latest Version with New & Improved Internal Structure for Smooth Turns & Stability | Cube Toy for 6-10 Years Old Boys Girls Adults	1	CCX1	SELLABLE	UNDELIVERABLE_UNKNOWN	LPNCCX1B1498039	
2026-04-27T13:17:26+00:00	407-5513892-9784341	1030651	B0DJQWJFSX	X0025EZ04D	Cubelelo Drift 3M Plus v2 3x3 (Magnetic) (New Upgraded Version) | Based on MoYu RS3M v5 | Dual-Adjustment System | Speedcube for Kids & Adults | Magic Speedy Stress Buster Brainstorming Puzzle	1	BLR5	SELLABLE	UNDELIVERABLE_REFUSED	LPNBLR5P4486649	
2026-04-27T12:59:05+00:00	405-0391173-4282751	1040400	B0FL7TDJLF	X002DFU80F	Cubelelo Drift 4x4 Stickerless Cube Puzzle Toy | Combines Smoothness, Stability & Durability | 4x4x4 Speedcube for Beginners| Suitable for Kids Ages 6 to 14 Years Old, Boys, Girls & Adults	1	DEL2	CARRIER_DAMAGED	UNDELIVERABLE_REFUSED	LPNDEL2R81280382	
2026-04-27T12:56:27+00:00	403-5577976-8869955	1030300_EAN	B0FBMGT6V7	X002C88WLZ	Cubelelo Drift Explorer 3x3 Speed Cube | Best Starter Speedcube for Beginners | Perfect Brain Teaser for Kids Ages 4 to14 Years Old & Above Boys Girls Children | Smooth Turning Puzzle Toy for Adults	1	BLR5	SELLABLE	UNDELIVERABLE_REFUSED	LPNBLR5P4482532	
2026-04-27T12:53:37+00:00	403-0058621-9175553	1630222	B0GH18NXXG	X002HPDYRF	Cubelelo Drift Magnetic Tangram Puzzle | with Strong Magnets, Wooden Pieces & Bold Colors | Toys for 5-10 Years Old Boys Girls & Adults | Travel Friendly, Educational Toy for Return & Birthday Gifts	1	DEL2	CUSTOMER_DAMAGED	NOT_AS_DESCRIBED	LPNDEL2R82607193	
2026-04-27T12:45:53+00:00	404-1262719-0733925	1460521	B0CGNW2MFJ	X001VZFQYB	Cubelelo Drift Square-1 & Skewb Gift Box | Explore the new Dimension of Uniquely Shaped Puzzles | 2 in 1 Combo Pack of Dual Challenge Delight | Brainstoming Game Toy for Children Kids & Adults	1	DEL2	SELLABLE	UNDELIVERABLE_REFUSED	LPNDEL2R83767017	
2026-04-27T12:39:13+00:00	402-4734929-5790724	1030300_EAN	B0FBMGT6V7	X002C88WLZ	Cubelelo Drift Explorer 3x3 Speed Cube | Best Starter Speedcube for Beginners | Perfect Brain Teaser for Kids Ages 4 to14 Years Old & Above Boys Girls Children | Smooth Turning Puzzle Toy for Adults	1	DEL5	SELLABLE	UNDELIVERABLE_UNKNOWN	LPNDEL5S13851379	
2026-04-27T12:37:46+00:00	171-5702193-4055566	CLB0525	B0DQ8XH4J5	X00271Q95N	Cubelelo Drift 3M Plus v2 MagLev 3x3 Speedcube with Premium Pouch & Cube Lubricant Combo | Advanced MagLev Technology for Superior Stability | Ultra-Smooth Turns | Ideal for Speedcubers, Kids & Adults	1	DEL2	SELLABLE	SWITCHEROO	LPNDEL2R81329244	
2026-04-27T12:29:54+00:00	404-1706184-5289902	1460503	B08XK4V59M	X001VFXJDV	Cubelelo Drift 2x2, 3x3 & 4x4 Premium Gift Box | 3-in-1 Puzzle Game Set | Triple the Challenge, Thrice the Fun | Ultimate Value Saver Combo | Brainstoming Toy for Children Kids & Adults	1	BLR5	SELLABLE	UNDELIVERABLE_REFUSED	LPNBLR5P4500382	
2026-04-27T12:15:55+00:00	407-7399125-0489126	1030300_EAN	B0FBMGT6V7	X002C88WLZ	Cubelelo Drift Explorer 3x3 Speed Cube | Best Starter Speedcube for Beginners | Perfect Brain Teaser for Kids Ages 4 to14 Years Old & Above Boys Girls Children | Smooth Turning Puzzle Toy for Adults	1	DEL5	SELLABLE	UNDELIVERABLE_REFUSED	LPNDEL5S13729053	
2026-04-27T12:13:38+00:00	408-7730816-6739553	1050200	B09K7QTCXP	X001GM0XER	Cubelelo Drift 5x5 Stickerless Speed Cube | AKA Professor's Cube Magic Puzzle for Kids & Adults | Smooth and Durable Speedy Brainstorming Puzzle| Ultimate Stress Buster and Mind Challenge	1	BOM4	SELLABLE	UNDELIVERABLE_REFUSED	LPNBOM4N38244513	
2026-04-27T12:13:04+00:00	404-1361453-5131504	1030300_EAN	B0FBMGT6V7	X002C88WLZ	Cubelelo Drift Explorer 3x3 Speed Cube | Best Starter Speedcube for Beginners | Perfect Brain Teaser for Kids Ages 4 to14 Years Old & Above Boys Girls Children | Smooth Turning Puzzle Toy for Adults	1	DEL2	SELLABLE	UNDELIVERABLE_UNKNOWN	LPNDEL2R81329210	
2026-04-27T11:28:50+00:00	402-5768288-9139559	1630210	B09HH8CC7Y	X00262W227	Cubelelo Drift Number Sliding Magnetic Puzzle 4x4 | Toys For 6-10 Years Old Boys & Girls | 15-Blocks Brain Teaser Puzzle Game for Kids | Educational, Learning, Activity Toy for Return & Birthday Gifts	1	BLR5	SELLABLE	UNDELIVERABLE_UNKNOWN	LPNBLR5P3364153	
2026-04-27T11:26:05+00:00	402-3718040-1426725	1630210	B09HH8CC7Y	X00262W227	Cubelelo Drift Number Sliding Magnetic Puzzle 4x4 | Toys For 6-10 Years Old Boys & Girls | 15-Blocks Brain Teaser Puzzle Game for Kids | Educational, Learning, Activity Toy for Return & Birthday Gifts	1	DEL2	SELLABLE	UNDELIVERABLE_UNKNOWN	LPNDEL2R82511762	
2026-04-27T10:57:11+00:00	408-3572536-5569113	1030604	B0DRVQVFJB	X0027JJHDB	Cubelelo Drift 3M v3 3x3 Magnetic Speedcube (Standard) | Latest Version with New & Improved Internal Structure for Smooth Turns & Stability | Cube Toy for 6-10 Years Old Boys Girls Adults	1	CCX1	SELLABLE	UNDELIVERABLE_REFUSED	LPNCCX1B1870707	
2026-04-27T10:49:34+00:00	171-6079357-6862716	1460583	B0D9QBDCQW	X00233HSFF	Cubelelo Drift 5x5 Stickerless with Cube Lubricant and Stand Combo | High-Performance Speed Cube | Adjustable Tension & Smooth Turning | Durable & Reliable | Ideal for All Ages	1	BLR5	SELLABLE	UNDELIVERABLE_REFUSED	LPNBLR5P4458358	
2026-04-27T10:31:00+00:00	171-3158841-3377129	1040400	B0FL7TDJLF	X002DFU80F	Cubelelo Drift 4x4 Stickerless Cube Puzzle Toy | Combines Smoothness, Stability & Durability | 4x4x4 Speedcube for Beginners| Suitable for Kids Ages 6 to 14 Years Old, Boys, Girls & Adults	1	CCX2	CUSTOMER_DAMAGED	SWITCHEROO	LPNCCX2B2619597	
2026-04-27T10:26:59+00:00	404-9776566-4817120	1040300	B09HH8XQ14	X001G4QY25	Cubelelo Drift 4x4 (Black) Speedcube | Challenging Brain Teaser Puzzle Toy for Kids 7-14 Years Old Boys Girls & Adults All Ages | Fast Speed Cube for Intermediate and Advanced Cubers	1	DEL2	SELLABLE	DEFECTIVE	LPNDEL2R81280173	
2026-04-27T10:26:30+00:00	406-5410284-7743526	TB00005	B0FJ21PMFM	X002CXONGD	TinkerBox Wooden Ball Tracker | 12+ Months | Montessori Rolling Ball Toy for Toddlers & Kids | STEM Learning Puzzle for Visual Tracking & Motor Skills Development | Safe & Durable Wooden Toy	1	DEL2	CARRIER_DAMAGED	DEFECTIVE	LPNDEL2R81586223	
2026-04-27T10:25:36+00:00	402-3407264-7549122	1630223	B0GN1TJ7F4	X002IIXAZ7	Cubelelo Drift Clang! | 2-4 Players Classic Magnetic Attraction Strategy Game | Features 24 Magnets & Adjustable Rope | Fun Gifting Toy for Family, Teens & Adults | Compact and Travel Friendly	1	BLR5	SELLABLE	UNDELIVERABLE_REFUSED	LPNBLR5R0856475	
2026-04-27T10:22:00+00:00	406-4219369-9713121	1030652	B0DJR1FJ3M	X0025FFJUH	Cubelelo Drift 3M Plus v2 3x3 (MagLev) Speedcube (New Upgraded Version) | Ultra-Smooth Magnetic Leviation for Fast Solves | Perfect Brain-Teasing Puzzle for Kids & Adults	1	DEL2	SELLABLE	QUALITY_UNACCEPTABLE	LPNDEL2R82649639	
2026-04-27T10:11:14+00:00	404-9812679-6953168	TB03001	B0FQVDNZ3K	X002EI0VUX	TinkerBox Object Permanence Box | 6+ Months | Montessori Wooden Toy for Babies & Toddlers | Early Learning Puzzle for Hand-Eye Coordination & Cause-and-Effect | Safe & Durable Baby Toy	1	DEL2	SELLABLE	UNDELIVERABLE_REFUSED	LPNDEL2R81315792	
2026-04-27T10:05:12+00:00	403-5597714-5438709	1460553	B0BYVHGR5H	X001WPZI9N	Cubelelo Drift 2x2, 3x3 & Pyraminx Cube Combo (Stickerless) | Ideal for Kids Above 3 4 5 6 Years Old Boys Girls | 3 in 1 Speedcube Gift Set | High Speed Puzzle 3x3x3 2x2x2 Pyramid Triangle	1	BLR5	SELLABLE	UNDELIVERABLE_UNKNOWN	LPNBLR5P3328187	
2026-04-27T10:00:01+00:00	405-6647232-5457145	1630210	B09HH8CC7Y	X00262W227	Cubelelo Drift Number Sliding Magnetic Puzzle 4x4 | Toys For 6-10 Years Old Boys & Girls | 15-Blocks Brain Teaser Puzzle Game for Kids | Educational, Learning, Activity Toy for Return & Birthday Gifts	1	BLR5	SELLABLE	UNDELIVERABLE_REFUSED	LPNBLR5P3511651	
2026-04-27T09:56:07+00:00	171-8333977-1466737	1030300_EAN	B0FBMGT6V7	X002C88WLZ	Cubelelo Drift Explorer 3x3 Speed Cube | Best Starter Speedcube for Beginners | Perfect Brain Teaser for Kids Ages 4 to14 Years Old & Above Boys Girls Children | Smooth Turning Puzzle Toy for Adults	1	DEL2	SELLABLE	UNDELIVERABLE_REFUSED	LPNDEL2R81280133	
2026-04-27T09:46:09+00:00	408-4550006-6963504	1030300_EAN	B0FBMGT6V7	X002C88WLZ	Cubelelo Drift Explorer 3x3 Speed Cube | Best Starter Speedcube for Beginners | Perfect Brain Teaser for Kids Ages 4 to14 Years Old & Above Boys Girls Children | Smooth Turning Puzzle Toy for Adults	1	BOM4	SELLABLE	UNDELIVERABLE_REFUSED	LPNBOM4N39249954	
2026-04-27T09:34:29+00:00	406-3563578-4002712	1030604	B0DRVQVFJB	X0027JJHDB	Cubelelo Drift 3M v3 3x3 Magnetic Speedcube (Standard) | Latest Version with New & Improved Internal Structure for Smooth Turns & Stability | Cube Toy for 6-10 Years Old Boys Girls Adults	1	CCX2	SELLABLE	UNDELIVERABLE_REFUSED	LPNCCX2B2615945	
2026-04-27T09:28:16+00:00	405-2993765-2418711	1030651	B0DJQWJFSX	X0025EZ04D	Cubelelo Drift 3M Plus v2 3x3 (Magnetic) (New Upgraded Version) | Based on MoYu RS3M v5 | Dual-Adjustment System | Speedcube for Kids & Adults | Magic Speedy Stress Buster Brainstorming Puzzle	1	DEL2	SELLABLE	UNDELIVERABLE_REFUSED	LPNDEL2R81278426	
2026-04-27T08:58:20+00:00	405-6643610-3645908	1630202	B09B7PNSTV	X001ETHG47	Cubelelo Drift Infinity Cube (Blue) | Magic Puzzle Cool Mini Gadget for Stress and Anxiety Relief for Kids and Adults | Desk Finger Flip Toy for Fun and Game | for Ages 3 Years and Above	1	BOM4	CUSTOMER_DAMAGED	NOT_COMPATIBLE	LPNBOM4N39249891	
2026-04-27T08:56:01+00:00	407-8207547-2639508	1030400	B07XPNC385	X0012WM1NR	Cubelelo Drift 3x3 Black Speedcube | Beginner Cube for Kids & Adults | Magic Speed Stress Buster Brainstorming Puzzle (Multicolor) | Anti-Pop Technology | Smooth Turning | Durable	1	BOM4	SELLABLE	UNDELIVERABLE_UNKNOWN	LPNBOM4N38241962	
2026-04-27T08:55:11+00:00	404-6829832-3133933	1150100	B09BZMB4RT	X001F0EEEF	Cubelelo Drift Square-1 Stickerless Cube Puzzle for Kids & Adults Speedy Stress Buster Brainstorming Cube	1	BOM4	SELLABLE	DEFECTIVE	LPNBOM4N38876483	The box was intact but there was no plastic packaging on the cube and it&#39;s turning is very bad 😞
2026-04-27T08:54:22+00:00	406-3552518-6547536	1460577	B0D9NW55MK	X00232KSTT	Cubelelo Drift 2x2 with Cube Lubricant and Stand Combo | High-Performance Speed Cube | Smooth Turning & Durable | Ideal for All Ages	1	BLR5	SELLABLE	UNDELIVERABLE_REFUSED	LPNBLR5P4470753	
2026-04-27T08:19:47+00:00	404-4727242-4397936	1030300_EAN	B0FBMGT6V7	X002C88WLZ	Cubelelo Drift Explorer 3x3 Speed Cube | Best Starter Speedcube for Beginners | Perfect Brain Teaser for Kids Ages 4 to14 Years Old & Above Boys Girls Children | Smooth Turning Puzzle Toy for Adults	1	BOM4	SELLABLE	UNDELIVERABLE_REFUSED	LPNBOM4N38938504	
2026-04-27T08:02:02+00:00	404-6542388-2559511	CLB0214	B0CW1R5ZBW	X001YQVCLD	Cubelelo Drift Infinity Cube Combo (Pack of 2 - Blue & Green) | Stress Relief Fidget Toy for Focus & Anxiety Reduction | Portable Pocket-Sized Desk Gadget for All Age	1	DEL2	SELLABLE	UNDELIVERABLE_REFUSED	LPNDEL2R81345894	
2026-04-27T07:55:09+00:00	407-7487062-5373163	1120100	B08LBGYZ51	X0019BU32H	Cubelelo Drift 3x3 Mirror (Silver) Magic Speed Cube | Shape Shifter Speedcube with Durable Stickers | Advanced 3x3x3 Puzzle Toy for Kids Ages 7-14 Boys Girls & Adults | Collector's Item	1	BLR5	CUSTOMER_DAMAGED	DAMAGED_BY_CARRIER	LPNBLR5P4567447	
2026-04-27T07:39:00+00:00	402-6220875-9670736	1630210	B09HH8CC7Y	X00262W227	Cubelelo Drift Number Sliding Magnetic Puzzle 4x4 | Toys For 6-10 Years Old Boys & Girls | 15-Blocks Brain Teaser Puzzle Game for Kids | Educational, Learning, Activity Toy for Return & Birthday Gifts	1	DEL2	SELLABLE	UNDELIVERABLE_UNKNOWN	LPNDEL2R82511659	
2026-04-27T06:38:07+00:00	403-0200332-0309918	1020200	B08LBJ3P8L	X0019BU39P	Cubelelo Drift 2x2 Stickerless Cube | Beginner Speedcube for Kids Boys Girls Above 3 4 5 6 Years Old & Above | Magic Puzzle Toy | Durable & Smooth Cube with Anti-Pop Design 2x2x2	1	CCX1	CUSTOMER_DAMAGED	DEFECTIVE	LPNCCX1B1300067	
2026-04-27T06:35:08+00:00	403-4663637-4389947	1460553	B0BYVHGR5H	X001WPZI9N	Cubelelo Drift 2x2, 3x3 & Pyraminx Cube Combo (Stickerless) | Ideal for Kids Above 3 4 5 6 Years Old Boys Girls | 3 in 1 Speedcube Gift Set | High Speed Puzzle 3x3x3 2x2x2 Pyramid Triangle	1	BLR5	SELLABLE	UNDELIVERABLE_UNKNOWN	LPNBLR5P3327984	
2026-04-27T06:31:53+00:00	171-8500820-1657157	1120100	B08LBGYZ51	X0019BU32H	Cubelelo Drift 3x3 Mirror (Silver) Magic Speed Cube | Shape Shifter Speedcube with Durable Stickers | Advanced 3x3x3 Puzzle Toy for Kids Ages 7-14 Boys Girls & Adults | Collector's Item	1	BLR5	SELLABLE	UNDELIVERABLE_REFUSED	LPNBLR5P3235881	
2026-04-27T06:22:20+00:00	405-8793140-7786701	1030500	B08H88N2N9	X0018CDFL3	Cubelelo Drift Warrior 3x3 Stickerless Cube | Beginner Speedcube for Kids Boys Girls Above 3 4 5 6 Years Old & Above | Magic Puzzle Toy | Durable & Smooth Cube with Anti-Pop Design 3 3	1	BOM4	SELLABLE	UNDELIVERABLE_UNKNOWN	LPNBOM4N38858163	
2026-04-27T06:17:49+00:00	171-4999528-4708303	1030300_EAN	B0FBMGT6V7	X002C88WLZ	Cubelelo Drift Explorer 3x3 Speed Cube | Best Starter Speedcube for Beginners | Perfect Brain Teaser for Kids Ages 4 to14 Years Old & Above Boys Girls Children | Smooth Turning Puzzle Toy for Adults	1	BOM4	CUSTOMER_DAMAGED	DEFECTIVE	LPNBOM4N37548756	
2026-04-27T06:11:11+00:00	403-9776340-3592352	1030604	B0DRVQVFJB	X0027JJHDB	Cubelelo Drift 3M v3 3x3 Magnetic Speedcube (Standard) | Latest Version with New & Improved Internal Structure for Smooth Turns & Stability | Cube Toy for 6-10 Years Old Boys Girls Adults	1	BLR5	SELLABLE	UNDELIVERABLE_REFUSED	LPNBLR5P3518261	
2026-04-27T05:58:49+00:00	403-6612401-4351517	1040300	B09HH8XQ14	X001G4QY25	Cubelelo Drift 4x4 (Black) Speedcube | Challenging Brain Teaser Puzzle Toy for Kids 7-14 Years Old Boys Girls & Adults All Ages | Fast Speed Cube for Intermediate and Advanced Cubers	1	DEL2	SELLABLE	UNDELIVERABLE_UNKNOWN	LPNDEL2R79005963	
2026-04-27T05:51:32+00:00	408-8111706-8545952	1460100_EAN	B0BVHL9JLB	X001Q0AFBZ	Cubelelo Drift 5-in-1 Cube Gift Box | 2x2, 3x3, 4x4, 5x5 and Secret Tutorial for Cubes Guide Book | Suitable for Kids & Adults | Magic Speedy Stress Buster Brainstorming Puzzle Multicolor Combo Set	1	DEL2	SELLABLE	UNDELIVERABLE_REFUSED	LPNDEL2R83063532	
2026-04-27T05:45:17+00:00	408-5444732-3746765	1040400	B0FL7TDJLF	X002DFU80F	Cubelelo Drift 4x4 Stickerless Cube Puzzle Toy | Combines Smoothness, Stability & Durability | 4x4x4 Speedcube for Beginners| Suitable for Kids Ages 6 to 14 Years Old, Boys, Girls & Adults	1	BLR5	SELLABLE	DEFECTIVE	LPNBLR5P3367880	
2026-04-27T05:37:39+00:00	406-8039012-2337161	CLB0214	B0CW1R5ZBW	X001YQVCLD	Cubelelo Drift Infinity Cube Combo (Pack of 2 - Blue & Green) | Stress Relief Fidget Toy for Focus & Anxiety Reduction | Portable Pocket-Sized Desk Gadget for All Age	1	HYD8	SELLABLE	UNDELIVERABLE_REFUSED	LPNHYD8EG88800	
2026-04-27T05:30:09+00:00	403-9702666-3755561	1030604	B0DRVQVFJB	X0027JJHDB	Cubelelo Drift 3M v3 3x3 Magnetic Speedcube (Standard) | Latest Version with New & Improved Internal Structure for Smooth Turns & Stability | Cube Toy for 6-10 Years Old Boys Girls Adults	1	CCX1	SELLABLE	SWITCHEROO	LPNCCX1B1317647	It is not magnetic cube and there is no brand name
2026-04-27T05:24:48+00:00	402-1309624-8412307	1120200	B08LKQHDBF	X001G4N1DP	Cubelelo Drift 3x3 Mirror (Golden) Speed Cube | Shape Shifter Magic Speedcube Puzzle Toys for 7-14 Year Old Boys Girls and Adults All Ages | Advanced 3x3 with Durable Stickers | Collector's Item	1	BLR5	SELLABLE	UNDELIVERABLE_REFUSED	LPNBLR5P4630248	
2026-04-27T05:20:14+00:00	408-3091840-0192365	1460553	B0BYVHGR5H	X001WPZI9N	Cubelelo Drift 2x2, 3x3 & Pyraminx Cube Combo (Stickerless) | Ideal for Kids Above 3 4 5 6 Years Old Boys Girls | 3 in 1 Speedcube Gift Set | High Speed Puzzle 3x3x3 2x2x2 Pyramid Triangle	1	BLR5	DEFECTIVE	DAMAGED_BY_FC	LPNBLR5P3802389	It’s broken
2026-04-27T04:59:36+00:00	403-7653392-5329913	1030300_EAN	B0FBMGT6V7	X002C88WLZ	Cubelelo Drift Explorer 3x3 Speed Cube | Best Starter Speedcube for Beginners | Perfect Brain Teaser for Kids Ages 4 to14 Years Old & Above Boys Girls Children | Smooth Turning Puzzle Toy for Adults	1	BLR5	DEFECTIVE	DAMAGED_BY_FC	LPNBLR5P4106037	One of the pieces was broken, which led to the collapse of the complete cube.
2026-04-27T04:38:48+00:00	171-4291866-8534739	1030300_EAN	B0FBMGT6V7	X002C88WLZ	Cubelelo Drift Explorer 3x3 Speed Cube | Best Starter Speedcube for Beginners | Perfect Brain Teaser for Kids Ages 4 to14 Years Old & Above Boys Girls Children | Smooth Turning Puzzle Toy for Adults	1	BLR5	SELLABLE	UNDELIVERABLE_REFUSED	LPNBLR5P3074883	
2026-04-27T04:27:35+00:00	405-2259509-2747526	1030604	B0DRVQVFJB	X0027JJHDB	Cubelelo Drift 3M v3 3x3 Magnetic Speedcube (Standard) | Latest Version with New & Improved Internal Structure for Smooth Turns & Stability | Cube Toy for 6-10 Years Old Boys Girls Adults	1	BLR5	SELLABLE	DEFECTIVE	LPNBLR5P3074868	
2026-04-27T04:09:06+00:00	402-8338258-9790748	1630222	B0GH18NXXG	X002HPDYRF	Cubelelo Drift Magnetic Tangram Puzzle | with Strong Magnets, Wooden Pieces & Bold Colors | Toys for 5-10 Years Old Boys Girls & Adults | Travel Friendly, Educational Toy for Return & Birthday Gifts	1	CCX1	SELLABLE	UNDELIVERABLE_UNKNOWN	LPNCCX1B2601255	
2026-04-27T03:59:36+00:00	404-2770173-1761958	1040400	B0FL7TDJLF	X002DFU80F	Cubelelo Drift 4x4 Stickerless Cube Puzzle Toy | Combines Smoothness, Stability & Durability | 4x4x4 Speedcube for Beginners| Suitable for Kids Ages 6 to 14 Years Old, Boys, Girls & Adults	1	BOM4	SELLABLE	UNDELIVERABLE_REFUSED	LPNBOM4N37548653	
2026-04-27T03:37:26+00:00	403-9484585-9864343	1460503	B08XK4V59M	X001VFXJDV	Cubelelo Drift 2x2, 3x3 & 4x4 Premium Gift Box | 3-in-1 Puzzle Game Set | Triple the Challenge, Thrice the Fun | Ultimate Value Saver Combo | Brainstoming Toy for Children Kids & Adults	1	DEL2	DEFECTIVE	DEFECTIVE	LPNDEL2R82561626	The box is all broken, cant gift, send me new packing, you have charged for new not for old
2026-04-26T20:03:16+00:00	406-7277595-0694768	1030300_EAN	B0FBMGT6V7	X002C88WLZ	Cubelelo Drift Explorer 3x3 Speed Cube | Best Starter Speedcube for Beginners | Perfect Brain Teaser for Kids Ages 4 to14 Years Old & Above Boys Girls Children | Smooth Turning Puzzle Toy for Adults	1	BLR5	SELLABLE	UNDELIVERABLE_UNKNOWN	LPNBLR5P2008944	
2026-04-26T19:07:33+00:00	407-1998837-6227543	CLB0214	B0CW1R5ZBW	X001YQVCLD	Cubelelo Drift Infinity Cube Combo (Pack of 2 - Blue & Green) | Stress Relief Fidget Toy for Focus & Anxiety Reduction | Portable Pocket-Sized Desk Gadget for All Age	1	CCX1	SELLABLE	UNDELIVERABLE_UNKNOWN	LPNCCX1B2469707	
2026-04-26T17:34:56+00:00	407-2395741-9885131	1030300_EAN	B0FBMGT6V7	X002C88WLZ	Cubelelo Drift Explorer 3x3 Speed Cube | Best Starter Speedcube for Beginners | Perfect Brain Teaser for Kids Ages 4 to14 Years Old & Above Boys Girls Children | Smooth Turning Puzzle Toy for Adults	1	BLR5	SELLABLE	UNDELIVERABLE_REFUSED	LPNBLR5P5243974	
2026-04-26T17:29:55+00:00	402-5482272-5415562	1030300_EAN	B0FBMGT6V7	X002C88WLZ	Cubelelo Drift Explorer 3x3 Speed Cube | Best Starter Speedcube for Beginners | Perfect Brain Teaser for Kids Ages 4 to14 Years Old & Above Boys Girls Children | Smooth Turning Puzzle Toy for Adults	1	BLR5	SELLABLE	UNDELIVERABLE_REFUSED	LPNBLR5P5246685	
2026-04-26T17:07:52+00:00	404-8327075-6519501	1030604	B0DRVQVFJB	X0027JJHDB	Cubelelo Drift 3M v3 3x3 Magnetic Speedcube (Standard) | Latest Version with New & Improved Internal Structure for Smooth Turns & Stability | Cube Toy for 6-10 Years Old Boys Girls Adults	1	BLR5	SELLABLE	UNDELIVERABLE_REFUSED	LPNBLR5P4620558	
2026-04-26T16:54:49+00:00	403-2981141-9796359	1460553	B0BYVHGR5H	X001WPZI9N	Cubelelo Drift 2x2, 3x3 & Pyraminx Cube Combo (Stickerless) | Ideal for Kids Above 3 4 5 6 Years Old Boys Girls | 3 in 1 Speedcube Gift Set | High Speed Puzzle 3x3x3 2x2x2 Pyramid Triangle	1	BLR5	SELLABLE	UNDELIVERABLE_REFUSED	LPNBLR5P4566806	
2026-04-26T16:54:49+00:00	403-9004001-1045140	1030604	B0DRVQVFJB	X0027JJHDB	Cubelelo Drift 3M v3 3x3 Magnetic Speedcube (Standard) | Latest Version with New & Improved Internal Structure for Smooth Turns & Stability | Cube Toy for 6-10 Years Old Boys Girls Adults	1	BLR5	SELLABLE	UNDELIVERABLE_REFUSED	LPNBLR5P4566807	
2026-04-26T15:23:48+00:00	402-5813768-6836309	1030300_EAN	B0FBMGT6V7	X002C88WLZ	Cubelelo Drift Explorer 3x3 Speed Cube | Best Starter Speedcube for Beginners | Perfect Brain Teaser for Kids Ages 4 to14 Years Old & Above Boys Girls Children | Smooth Turning Puzzle Toy for Adults	1	BLR5	SELLABLE	SWITCHEROO	LPNBLR5P3373355	Number sliding puzzle was sent instead of Rubiks cube
2026-04-26T13:51:27+00:00	406-7645289-0968313	1460553	B0BYVHGR5H	X001WPZI9N	Cubelelo Drift 2x2, 3x3 & Pyraminx Cube Combo (Stickerless) | Ideal for Kids Above 3 4 5 6 Years Old Boys Girls | 3 in 1 Speedcube Gift Set | High Speed Puzzle 3x3x3 2x2x2 Pyramid Triangle	1	BLR5	SELLABLE	DEFECTIVE	LPNBLR5P5243744	
2026-04-26T13:28:47+00:00	406-4586211-1287541	1030300_EAN	B0FBMGT6V7	X002C88WLZ	Cubelelo Drift Explorer 3x3 Speed Cube | Best Starter Speedcube for Beginners | Perfect Brain Teaser for Kids Ages 4 to14 Years Old & Above Boys Girls Children | Smooth Turning Puzzle Toy for Adults	1	BLR5	SELLABLE	UNDELIVERABLE_REFUSED	LPNBLR5P4473010	
2026-04-26T12:29:22+00:00	402-5324494-7994742	1120038	B0DRVTQ6NM	X0027JP4VP	Cubelelo Drift 3x3 Mirror Color (Tiled) Speedcube | New Colored Version Looks Fantastic with Buttery Smooth Turns | Ideal for Kids Above 5 Years Old | Unique Shape-Shifting Design for Puzzle Toy	1	CCX2	CARRIER_DAMAGED	UNDELIVERABLE_REFUSED	LPNCCX2A9608648	
2026-04-26T12:29:08+00:00	407-0765755-3698702	1030604	B0DRVQVFJB	X0027JJHDB	Cubelelo Drift 3M v3 3x3 Magnetic Speedcube (Standard) | Latest Version with New & Improved Internal Structure for Smooth Turns & Stability | Cube Toy for 6-10 Years Old Boys Girls Adults	1	BLR5	CUSTOMER_DAMAGED	DAMAGED_BY_FC	LPNBLR5P3029248	
2026-04-26T12:27:21+00:00	171-6659693-5726751	1120100	B08LBGYZ51	X0019BU32H	Cubelelo Drift 3x3 Mirror (Silver) Magic Speed Cube | Shape Shifter Speedcube with Durable Stickers | Advanced 3x3x3 Puzzle Toy for Kids Ages 7-14 Boys Girls & Adults | Collector's Item	1	BOM4	SELLABLE	UNDELIVERABLE_REFUSED	LPNBOM4N38925422	
2026-04-26T12:23:59+00:00	402-3878629-0785109	1030400	B07XPNC385	X0012WM1NR	Cubelelo Drift 3x3 Black Speedcube | Beginner Cube for Kids & Adults | Magic Speed Stress Buster Brainstorming Puzzle (Multicolor) | Anti-Pop Technology | Smooth Turning | Durable	1	BOM4	SELLABLE	SWITCHEROO	LPNBOM4N38938058	Wrong brand received
2026-04-26T12:20:22+00:00	408-1044303-8369955	1030604	B0DRVQVFJB	X0027JJHDB	Cubelelo Drift 3M v3 3x3 Magnetic Speedcube (Standard) | Latest Version with New & Improved Internal Structure for Smooth Turns & Stability | Cube Toy for 6-10 Years Old Boys Girls Adults	1	CCX1	SELLABLE	UNDELIVERABLE_REFUSED	LPNCCX1B3409123	
2026-04-26T12:12:10+00:00	408-0601428-7771511	1030300_EAN	B0FBMGT6V7	X002C88WLZ	Cubelelo Drift Explorer 3x3 Speed Cube | Best Starter Speedcube for Beginners | Perfect Brain Teaser for Kids Ages 4 to14 Years Old & Above Boys Girls Children | Smooth Turning Puzzle Toy for Adults	1	BOM4	SELLABLE	UNDELIVERABLE_REFUSED	LPNBOM4N38929751	
2026-04-26T12:11:05+00:00	407-0815646-8675505	1630210	B09HH8CC7Y	X00262W227	Cubelelo Drift Number Sliding Magnetic Puzzle 4x4 | Toys For 6-10 Years Old Boys & Girls | 15-Blocks Brain Teaser Puzzle Game for Kids | Educational, Learning, Activity Toy for Return & Birthday Gifts	1	BLR5	SELLABLE	UNDELIVERABLE_REFUSED	LPNBLR5P3054788	
2026-04-26T11:40:19+00:00	406-6336427-2713933	1030604	B0DRVQVFJB	X0027JJHDB	Cubelelo Drift 3M v3 3x3 Magnetic Speedcube (Standard) | Latest Version with New & Improved Internal Structure for Smooth Turns & Stability | Cube Toy for 6-10 Years Old Boys Girls Adults	1	BLR5	SELLABLE	UNDELIVERABLE_REFUSED	LPNBLR5P4193372	
2026-04-26T11:24:40+00:00	402-8152424-3023501	1030400	B07XPNC385	X0012WM1NR	Cubelelo Drift 3x3 Black Speedcube | Beginner Cube for Kids & Adults | Magic Speed Stress Buster Brainstorming Puzzle (Multicolor) | Anti-Pop Technology | Smooth Turning | Durable	1	CJB1	SELLABLE	UNDELIVERABLE_REFUSED	LPNCJB1X036412	
2026-04-26T11:09:22+00:00	403-8506018-3022735	1630210	B09HH8CC7Y	X00262W227	Cubelelo Drift Number Sliding Magnetic Puzzle 4x4 | Toys For 6-10 Years Old Boys & Girls | 15-Blocks Brain Teaser Puzzle Game for Kids | Educational, Learning, Activity Toy for Return & Birthday Gifts	1	CCX1	SELLABLE	UNDELIVERABLE_REFUSED	LPNCCX1B1891907	
2026-04-26T11:04:47+00:00	404-1390246-0698708	1030478	B09PYRTM4X	X001HYK0PL	Cubelelo Drift 3x3 Jelly Edition Speedcube Magic Cube Puzzle	1	BLR5	SELLABLE	UNDELIVERABLE_REFUSED	LPNBLR5P3288330	
2026-04-26T11:00:55+00:00	404-4898856-2488361	1030604	B0DRVQVFJB	X0027JJHDB	Cubelelo Drift 3M v3 3x3 Magnetic Speedcube (Standard) | Latest Version with New & Improved Internal Structure for Smooth Turns & Stability | Cube Toy for 6-10 Years Old Boys Girls Adults	1	BLR5	SELLABLE	UNDELIVERABLE_UNKNOWN	LPNBLR5P3517329	
2026-04-26T10:56:26+00:00	406-1150877-7458749	1460501	B08XK25RRF	X001VLOAKL	Cubelelo Drift 2x2 & 3x3 Cube Gift Box Combo | 2-in-1 Puzzle Toy Game Set for Children Kids & Adults Ages 4 5 6 & Above | Double the Challenge, Twice the Fun | Ultimate Value Saver Combo	1	BLR5	SELLABLE	UNDELIVERABLE_REFUSED	LPNBLR5P3361510	
2026-04-26T10:50:21+00:00	402-3243116-3485914	1120034	B08998HB2Y	X0016NVO3P	Cubelelo Drift Mirror Blue Magic Cube Brainstorming Stressbuster Speedcube Puzzle	1	BOM4	CUSTOMER_DAMAGED	DAMAGED_BY_FC	LPNBOM4N38164759	
2026-04-26T10:44:06+00:00	406-4302621-8955542	1630210	B09HH8CC7Y	X00262W227	Cubelelo Drift Number Sliding Magnetic Puzzle 4x4 | Toys For 6-10 Years Old Boys & Girls | 15-Blocks Brain Teaser Puzzle Game for Kids | Educational, Learning, Activity Toy for Return & Birthday Gifts	1	BOM4	SELLABLE	UNDELIVERABLE_REFUSED	LPNBOM4N38948236	
2026-04-26T10:32:36+00:00	406-1079044-7901113	1030300_EAN	B0FBMGT6V7	X002C88WLZ	Cubelelo Drift Explorer 3x3 Speed Cube | Best Starter Speedcube for Beginners | Perfect Brain Teaser for Kids Ages 4 to14 Years Old & Above Boys Girls Children | Smooth Turning Puzzle Toy for Adults	1	DEL2	SELLABLE	UNDELIVERABLE_REFUSED	LPNDEL2R82511246	
2026-04-26T10:30:07+00:00	171-9159093-8969918	1030300_EAN	B0FBMGT6V7	X002C88WLZ	Cubelelo Drift Explorer 3x3 Speed Cube | Best Starter Speedcube for Beginners | Perfect Brain Teaser for Kids Ages 4 to14 Years Old & Above Boys Girls Children | Smooth Turning Puzzle Toy for Adults	1	CCX1	SELLABLE	UNDELIVERABLE_UNKNOWN	LPNCCX1B1856601	
2026-04-26T10:27:07+00:00	404-7137325-9925164	1630222	B0GH18NXXG	X002HPDYRF	Cubelelo Drift Magnetic Tangram Puzzle | with Strong Magnets, Wooden Pieces & Bold Colors | Toys for 5-10 Years Old Boys Girls & Adults | Travel Friendly, Educational Toy for Return & Birthday Gifts	1	DEL2	SELLABLE	UNDELIVERABLE_UNKNOWN	LPNDEL2R81605916	
2026-04-26T09:43:34+00:00	171-3878076-8849939	1030478	B09PYRTM4X	X001HYK0PL	Cubelelo Drift 3x3 Jelly Edition Speedcube Magic Cube Puzzle	1	DEL2	SELLABLE	SWITCHEROO	LPNDEL2R81272156	
2026-04-26T09:37:34+00:00	405-9603767-3860328	1030300_EAN	B0FBMGT6V7	X002C88WLZ	Cubelelo Drift Explorer 3x3 Speed Cube | Best Starter Speedcube for Beginners | Perfect Brain Teaser for Kids Ages 4 to14 Years Old & Above Boys Girls Children | Smooth Turning Puzzle Toy for Adults	1	BOM4	CUSTOMER_DAMAGED	DEFECTIVE	LPNBOM4N38151698	
2026-04-26T09:35:44+00:00	404-6936501-9185110	1630210	B09HH8CC7Y	X00262W227	Cubelelo Drift Number Sliding Magnetic Puzzle 4x4 | Toys For 6-10 Years Old Boys & Girls | 15-Blocks Brain Teaser Puzzle Game for Kids | Educational, Learning, Activity Toy for Return & Birthday Gifts	1	DEL2	SELLABLE	UNDELIVERABLE_REFUSED	LPNDEL2R82661232	
2026-04-26T09:29:54+00:00	406-8624810-6389146	1030300_EAN	B0FBMGT6V7	X002C88WLZ	Cubelelo Drift Explorer 3x3 Speed Cube | Best Starter Speedcube for Beginners | Perfect Brain Teaser for Kids Ages 4 to14 Years Old & Above Boys Girls Children | Smooth Turning Puzzle Toy for Adults	1	BLR5	CUSTOMER_DAMAGED	SWITCHEROO	LPNBLR5P4491330	
2026-04-26T09:21:15+00:00	402-0405779-5818754	1030604	B0DRVQVFJB	X0027JJHDB	Cubelelo Drift 3M v3 3x3 Magnetic Speedcube (Standard) | Latest Version with New & Improved Internal Structure for Smooth Turns & Stability | Cube Toy for 6-10 Years Old Boys Girls Adults	1	DEL2	SELLABLE	SWITCHEROO	LPNDEL2R81948429	Receive wrong product
2026-04-26T09:17:26+00:00	407-5898489-7073931	1630210	B09HH8CC7Y	X00262W227	Cubelelo Drift Number Sliding Magnetic Puzzle 4x4 | Toys For 6-10 Years Old Boys & Girls | 15-Blocks Brain Teaser Puzzle Game for Kids | Educational, Learning, Activity Toy for Return & Birthday Gifts	1	BLR5	CUSTOMER_DAMAGED	DAMAGED_BY_FC	LPNBLR5P3372985	
2026-04-26T09:10:08+00:00	405-2303574-9575516	1120200	B08LKQHDBF	X001G4N1DP	Cubelelo Drift 3x3 Mirror (Golden) Speed Cube | Shape Shifter Magic Speedcube Puzzle Toys for 7-14 Year Old Boys Girls and Adults All Ages | Advanced 3x3 with Durable Stickers | Collector's Item	1	BOM4	SELLABLE	UNDELIVERABLE_REFUSED	LPNBOM4N39090859	
2026-04-26T08:55:10+00:00	402-3644110-8089113	1630222	B0GH18NXXG	X002HPDYRF	Cubelelo Drift Magnetic Tangram Puzzle | with Strong Magnets, Wooden Pieces & Bold Colors | Toys for 5-10 Years Old Boys Girls & Adults | Travel Friendly, Educational Toy for Return & Birthday Gifts	1	BOM4	SELLABLE	UNDELIVERABLE_REFUSED	LPNBOM4N39344008	
2026-04-26T08:52:35+00:00	404-1382005-9167537	1460501	B08XK25RRF	X001VLOAKL	Cubelelo Drift 2x2 & 3x3 Cube Gift Box Combo | 2-in-1 Puzzle Toy Game Set for Children Kids & Adults Ages 4 5 6 & Above | Double the Challenge, Twice the Fun | Ultimate Value Saver Combo	1	BLR5	CUSTOMER_DAMAGED	SWITCHEROO	LPNBLR5P3015687	
2026-04-26T08:36:01+00:00	402-2941588-3652323	1030500	B08H88N2N9	X0018CDFL3	Cubelelo Drift Warrior 3x3 Stickerless Cube | Beginner Speedcube for Kids Boys Girls Above 3 4 5 6 Years Old & Above | Magic Puzzle Toy | Durable & Smooth Cube with Anti-Pop Design 3 3	1	CCX1	SELLABLE	UNDELIVERABLE_REFUSED	LPNCCX1B3087257	
2026-04-26T06:43:39+00:00	406-1136033-5989106	1180200	B0CZ9JH3F5	X001ZUQ2D1	Cubelelo Drift Axis (Tiled) 3x3 Magic Cube Puzzle | Unique Shape Mod with Premium Design, Smooth Finish Toy for Intermediate & Advanced Solvers | Toys for Adults & Kids Girls Boys Ages 7-14 Years Old	1	BLR5	CUSTOMER_DAMAGED	DEFECTIVE	LPNBLR5P3519824	
2026-04-26T06:23:39+00:00	171-9356602-0890750	1030300_EAN	B0FBMGT6V7	X002C88WLZ	Cubelelo Drift Explorer 3x3 Speed Cube | Best Starter Speedcube for Beginners | Perfect Brain Teaser for Kids Ages 4 to14 Years Old & Above Boys Girls Children | Smooth Turning Puzzle Toy for Adults	1	BOM4	SELLABLE	DAMAGED_BY_FC	LPNBOM4N39136493	One piece is brocken
2026-04-26T06:23:22+00:00	404-6214077-1632310	1030300_EAN	B0FBMGT6V7	X002C88WLZ	Cubelelo Drift Explorer 3x3 Speed Cube | Best Starter Speedcube for Beginners | Perfect Brain Teaser for Kids Ages 4 to14 Years Old & Above Boys Girls Children | Smooth Turning Puzzle Toy for Adults	1	BLR5	SELLABLE	UNDELIVERABLE_REFUSED	LPNBLR5P3372817	
2026-04-26T06:14:49+00:00	406-6120994-4499528	1030300_EAN	B0FBMGT6V7	X002C88WLZ	Cubelelo Drift Explorer 3x3 Speed Cube | Best Starter Speedcube for Beginners | Perfect Brain Teaser for Kids Ages 4 to14 Years Old & Above Boys Girls Children | Smooth Turning Puzzle Toy for Adults	1	BOM4	SELLABLE	DAMAGED_BY_FC	LPNBOM4N39104250	Came jumbled, is very loose
2026-04-26T06:04:20+00:00	407-5208808-2777927	1120100	B08LBGYZ51	X0019BU32H	Cubelelo Drift 3x3 Mirror (Silver) Magic Speed Cube | Shape Shifter Speedcube with Durable Stickers | Advanced 3x3x3 Puzzle Toy for Kids Ages 7-14 Boys Girls & Adults | Collector's Item	1	BOM4	SELLABLE	UNDELIVERABLE_REFUSED	LPNBOM4N38883517	
2026-04-26T05:57:55+00:00	404-0473262-5102737	1120600	B0DRVRHR6G	X0027JGNCT	Cubelelo Drift 3x3 Mirror Blue (Magnetic) (Tiled) Speedcube | Premium New Version Shape-Shifting Puzzle with Stunning Looks, Buttery Smooth Turns & Durability | Ideal for Kids Boys Girls Ages 6 & up	1	BLR5	SELLABLE	UNDELIVERABLE_UNKNOWN	LPNBLR5P3028869	
2026-04-26T05:33:11+00:00	405-2873477-6631539	1630202	B09B7PNSTV	X001ETHG47	Cubelelo Drift Infinity Cube (Blue) | Magic Puzzle Cool Mini Gadget for Stress and Anxiety Relief for Kids and Adults | Desk Finger Flip Toy for Fun and Game | for Ages 3 Years and Above	1	BOM5	SELLABLE	UNDELIVERABLE_UNKNOWN	LPNBOM5F4807507	
2026-04-26T05:25:16+00:00	171-5467220-6431566	1630210	B09HH8CC7Y	X00262W227	Cubelelo Drift Number Sliding Magnetic Puzzle 4x4 | Toys For 6-10 Years Old Boys & Girls | 15-Blocks Brain Teaser Puzzle Game for Kids | Educational, Learning, Activity Toy for Return & Birthday Gifts	1	BLR5	DEFECTIVE	DEFECTIVE	LPNBLR5R2558266	Product looks like it was used. It is also broken
2026-04-26T05:21:42+00:00	404-3372128-3009967	1030300_EAN	B0FBMGT6V7	X002C88WLZ	Cubelelo Drift Explorer 3x3 Speed Cube | Best Starter Speedcube for Beginners | Perfect Brain Teaser for Kids Ages 4 to14 Years Old & Above Boys Girls Children | Smooth Turning Puzzle Toy for Adults	1	BOM4	SELLABLE	SWITCHEROO	LPNBOM4N39074949	It was supposed to be a rubik cube.
2026-04-26T05:09:01+00:00	408-5305960-9801103	1120100	B08LBGYZ51	X0019BU32H	Cubelelo Drift 3x3 Mirror (Silver) Magic Speed Cube | Shape Shifter Speedcube with Durable Stickers | Advanced 3x3x3 Puzzle Toy for Kids Ages 7-14 Boys Girls & Adults | Collector's Item	1	BOM4	SELLABLE	UNDELIVERABLE_UNKNOWN	LPNBOM4N39319180	
2026-04-26T05:07:24+00:00	405-1628662-9913118	1040400	B0FL7TDJLF	X002DFU80F	Cubelelo Drift 4x4 Stickerless Cube Puzzle Toy | Combines Smoothness, Stability & Durability | 4x4x4 Speedcube for Beginners| Suitable for Kids Ages 6 to 14 Years Old, Boys, Girls & Adults	1	BOM4	SELLABLE	UNDELIVERABLE_REFUSED	LPNBOM4N38937106	
2026-04-26T05:01:25+00:00	403-6780774-2400335	1030604	B0DRVQVFJB	X0027JJHDB	Cubelelo Drift 3M v3 3x3 Magnetic Speedcube (Standard) | Latest Version with New & Improved Internal Structure for Smooth Turns & Stability | Cube Toy for 6-10 Years Old Boys Girls Adults	1	DEL2	DEFECTIVE	MISSING_PARTS	LPNDEL2R82563854	Cube ko adjust karne wala scrue driver nahi he
2026-04-26T04:55:10+00:00	406-5582958-9368305	1040400	B0FL7TDJLF	X002DFU80F	Cubelelo Drift 4x4 Stickerless Cube Puzzle Toy | Combines Smoothness, Stability & Durability | 4x4x4 Speedcube for Beginners| Suitable for Kids Ages 6 to 14 Years Old, Boys, Girls & Adults	1	CCX1	SELLABLE	DEFECTIVE	LPNCCX1B1805536	
2026-04-26T04:49:05+00:00	402-7157332-4196341	1020200	B08LBJ3P8L	X0019BU39P	Cubelelo Drift 2x2 Stickerless Cube | Beginner Speedcube for Kids Boys Girls Above 3 4 5 6 Years Old & Above | Magic Puzzle Toy | Durable & Smooth Cube with Anti-Pop Design 2x2x2	1	BLR5	CUSTOMER_DAMAGED	DEFECTIVE	LPNBLR5P3124694	
2026-04-26T04:47:25+00:00	406-0038140-9850724	1120400_EAN	B0C55QR5BN	X001S3KHY5	Cubelelo Drift Mirror 2X2 (Silver) Stickerless Speed Cube|Comes with Mirror Finished Sticker for A Premium Look&Feel|Collective Item|Speedy Stress Buster Brainstorming Puzzle for Kids & Adults |	1	BLR5	SELLABLE	UNDELIVERABLE_UNKNOWN	LPNBLR5P4629160	
2026-04-26T04:17:12+00:00	408-9095909-6862748	1030500	B08H88N2N9	X0018CDFL3	Cubelelo Drift Warrior 3x3 Stickerless Cube | Beginner Speedcube for Kids Boys Girls Above 3 4 5 6 Years Old & Above | Magic Puzzle Toy | Durable & Smooth Cube with Anti-Pop Design 3 3	1	BOM4	SELLABLE	DEFECTIVE	LPNBOM4N38943614	
2026-04-26T04:11:17+00:00	408-5659465-4081941	1030400	B07XPNC385	X0012WM1NR	Cubelelo Drift 3x3 Black Speedcube | Beginner Cube for Kids & Adults | Magic Speed Stress Buster Brainstorming Puzzle (Multicolor) | Anti-Pop Technology | Smooth Turning | Durable	1	BOM4	CUSTOMER_DAMAGED	SWITCHEROO	LPNBOM4N38891403	
2026-04-26T04:05:27+00:00	408-4002908-0360345	1030300_EAN	B0FBMGT6V7	X002C88WLZ	Cubelelo Drift Explorer 3x3 Speed Cube | Best Starter Speedcube for Beginners | Perfect Brain Teaser for Kids Ages 4 to14 Years Old & Above Boys Girls Children | Smooth Turning Puzzle Toy for Adults	1	CCX2	SELLABLE	UNDELIVERABLE_REFUSED	LPNCCX2A9608974	
2026-04-26T04:05:27+00:00	171-1396658-9669105	1030300_EAN	B0FBMGT6V7	X002C88WLZ	Cubelelo Drift Explorer 3x3 Speed Cube | Best Starter Speedcube for Beginners | Perfect Brain Teaser for Kids Ages 4 to14 Years Old & Above Boys Girls Children | Smooth Turning Puzzle Toy for Adults	1	CCX2	SELLABLE	UNDELIVERABLE_REFUSED	LPNCCX2A9608972	
2026-04-26T03:32:21+00:00	171-7636410-9880322	1030300_EAN	B0FBMGT6V7	X002C88WLZ	Cubelelo Drift Explorer 3x3 Speed Cube | Best Starter Speedcube for Beginners | Perfect Brain Teaser for Kids Ages 4 to14 Years Old & Above Boys Girls Children | Smooth Turning Puzzle Toy for Adults	1	BLR5	SELLABLE	UNDELIVERABLE_REFUSED	LPNBLR5P3516884	
2026-04-26T03:29:17+00:00	402-5246735-6641917	1120100	B08LBGYZ51	X0019BU32H	Cubelelo Drift 3x3 Mirror (Silver) Magic Speed Cube | Shape Shifter Speedcube with Durable Stickers | Advanced 3x3x3 Puzzle Toy for Kids Ages 7-14 Boys Girls & Adults | Collector's Item	1	BOM4	SELLABLE	UNDELIVERABLE_REFUSED	LPNBOM4N37874899	
2026-04-26T03:28:55+00:00	403-9054263-9517166	1460577	B0D9NW55MK	X00232KSTT	Cubelelo Drift 2x2 with Cube Lubricant and Stand Combo | High-Performance Speed Cube | Smooth Turning & Durable | Ideal for All Ages	1	BOM4	SELLABLE	DEFECTIVE	LPNBOM4N39007872	
2026-04-26T03:27:40+00:00	408-4888034-5015544	1030604	B0DRVQVFJB	X0027JJHDB	Cubelelo Drift 3M v3 3x3 Magnetic Speedcube (Standard) | Latest Version with New & Improved Internal Structure for Smooth Turns & Stability | Cube Toy for 6-10 Years Old Boys Girls Adults	1	BLR5	SELLABLE	UNDELIVERABLE_REFUSED	LPNBLR5P4016737	
2026-04-26T03:27:14+00:00	171-2620170-5483516	1030400	B07XPNC385	X0012WM1NR	Cubelelo Drift 3x3 Black Speedcube | Beginner Cube for Kids & Adults | Magic Speed Stress Buster Brainstorming Puzzle (Multicolor) | Anti-Pop Technology | Smooth Turning | Durable	1	AMD2	SELLABLE	UNDELIVERABLE_UNKNOWN	LPNAMD2M3711656	
2026-04-26T03:25:21+00:00	405-8068431-0134730	1030604	B0DRVQVFJB	X0027JJHDB	Cubelelo Drift 3M v3 3x3 Magnetic Speedcube (Standard) | Latest Version with New & Improved Internal Structure for Smooth Turns & Stability | Cube Toy for 6-10 Years Old Boys Girls Adults	1	DEL2	CUSTOMER_DAMAGED	DEFECTIVE	LPNDEL2R82660869	
2026-04-26T03:05:35+00:00	404-6452990-1081958	1120100	B08LBGYZ51	X0019BU32H	Cubelelo Drift 3x3 Mirror (Silver) Magic Speed Cube | Shape Shifter Speedcube with Durable Stickers | Advanced 3x3x3 Puzzle Toy for Kids Ages 7-14 Boys Girls & Adults | Collector's Item	1	DEL2	SELLABLE	UNDELIVERABLE_UNKNOWN	LPNDEL2R82660845	
2026-04-25T18:49:49+00:00	403-9257250-5217111	1040400	B0FL7TDJLF	X002DFU80F	Cubelelo Drift 4x4 Stickerless Cube Puzzle Toy | Combines Smoothness, Stability & Durability | 4x4x4 Speedcube for Beginners| Suitable for Kids Ages 6 to 14 Years Old, Boys, Girls & Adults	1	BLR5	SELLABLE	UNDELIVERABLE_REFUSED	LPNBLR5P2998489	
2026-04-25T17:25:49+00:00	405-8220000-6260362	1630210	B09HH8CC7Y	X00262W227	Cubelelo Drift Number Sliding Magnetic Puzzle 4x4 | Toys For 6-10 Years Old Boys & Girls | 15-Blocks Brain Teaser Puzzle Game for Kids | Educational, Learning, Activity Toy for Return & Birthday Gifts	1	CCX1	SELLABLE	UNDELIVERABLE_REFUSED	LPNCCX1B3113341	
2026-04-25T13:39:18+00:00	403-2683880-7187559	1460553	B0BYVHGR5H	X001WPZI9N	Cubelelo Drift 2x2, 3x3 & Pyraminx Cube Combo (Stickerless) | Ideal for Kids Above 3 4 5 6 Years Old Boys Girls | 3 in 1 Speedcube Gift Set | High Speed Puzzle 3x3x3 2x2x2 Pyramid Triangle	1	BLR5	SELLABLE	UNDELIVERABLE_UNKNOWN	LPNBLR5P3360358	
2026-04-25T12:25:11+00:00	407-5551627-4001110	1460510	B0BZL11XWC	X001VW450P	Cubelelo Drift 4x4, 5x5 Premium Gift Box | 2-in-1 Puzzle Game Set | Challenge, Thrice The Fun | Ultimate Value Saver Combo | Brainstoming Toy for Children Kids & Adults	1	DEL2	SELLABLE	UNDELIVERABLE_REFUSED	LPNDEL2R82943883	
2026-04-25T11:45:36+00:00	406-0194689-8065921	1030604	B0DRVQVFJB	X0027JJHDB	Cubelelo Drift 3M v3 3x3 Magnetic Speedcube (Standard) | Latest Version with New & Improved Internal Structure for Smooth Turns & Stability | Cube Toy for 6-10 Years Old Boys Girls Adults	1	LKO1	SELLABLE	UNDELIVERABLE_REFUSED	LPNDEL2R81835493	
2026-04-25T11:34:52+00:00	405-2922120-7405910	1030500	B08H88N2N9	X0018CDFL3	Cubelelo Drift Warrior 3x3 Stickerless Cube | Beginner Speedcube for Kids Boys Girls Above 3 4 5 6 Years Old & Above | Magic Puzzle Toy | Durable & Smooth Cube with Anti-Pop Design 3 3	1	BLR5	SELLABLE	UNDELIVERABLE_REFUSED	LPNBLR5P5440262	
2026-04-25T11:34:16+00:00	404-8870110-9993153	1040400	B0FL7TDJLF	X002DFU80F	Cubelelo Drift 4x4 Stickerless Cube Puzzle Toy | Combines Smoothness, Stability & Durability | 4x4x4 Speedcube for Beginners| Suitable for Kids Ages 6 to 14 Years Old, Boys, Girls & Adults	1	BLR5	SELLABLE	DEFECTIVE	LPNBLR5P4015985	
2026-04-25T11:18:53+00:00	404-2381833-0493919	1030300_EAN	B0FBMGT6V7	X002C88WLZ	Cubelelo Drift Explorer 3x3 Speed Cube | Best Starter Speedcube for Beginners | Perfect Brain Teaser for Kids Ages 4 to14 Years Old & Above Boys Girls Children | Smooth Turning Puzzle Toy for Adults	1	BOM4	SELLABLE	UNDELIVERABLE_UNKNOWN	LPNBOM4N39243860	
2026-04-25T11:06:04+00:00	407-5029381-2269163	1120100	B08LBGYZ51	X0019BU32H	Cubelelo Drift 3x3 Mirror (Silver) Magic Speed Cube | Shape Shifter Speedcube with Durable Stickers | Advanced 3x3x3 Puzzle Toy for Kids Ages 7-14 Boys Girls & Adults | Collector's Item	1	DEL2	SELLABLE	UNDELIVERABLE_REFUSED	LPNDEL2R82611596	
2026-04-25T10:59:53+00:00	406-0649372-6921148	1290300	B0DB6311DK	X00239RFKR	Cubelelo Drift Megaminx v2 Cube (New Improved Version) | 12-Sided Fun and Challenging Puzzle with Ridge Design | Smooth Turning Dodecahedron | Perfect for Speed-Cubing | Ideal for Kids & Adults	1	CCX2	CARRIER_DAMAGED	UNDELIVERABLE_UNKNOWN	LPNCCX2B0634509	
2026-04-25T10:33:52+00:00	403-6791494-7826740	1030800_EAN	B0BRXKFQWS	X001P8BZA3	Cubelelo Drift 3M Plus v2 3x3 (MagLev) Magnetic Speedcube (New Version) | Cube for Kids Boys Girls Children Ages 4 5 6 7 8 & Above | Premium 3x3x3 for Speedcubing with Excellent Performance	1	AMD2	SELLABLE	UNDELIVERABLE_REFUSED	LPNAMD2M3740865	
2026-04-25T10:31:26+00:00	404-2978898-7215526	1030300_EAN	B0FBMGT6V7	X002C88WLZ	Cubelelo Drift Explorer 3x3 Speed Cube | Best Starter Speedcube for Beginners | Perfect Brain Teaser for Kids Ages 4 to14 Years Old & Above Boys Girls Children | Smooth Turning Puzzle Toy for Adults	1	CCX1	SELLABLE	UNDELIVERABLE_REFUSED	LPNCCX1B1812836	
2026-04-25T10:31:26+00:00	404-4166852-4164309	1030300_EAN	B0FBMGT6V7	X002C88WLZ	Cubelelo Drift Explorer 3x3 Speed Cube | Best Starter Speedcube for Beginners | Perfect Brain Teaser for Kids Ages 4 to14 Years Old & Above Boys Girls Children | Smooth Turning Puzzle Toy for Adults	1	CCX1	SELLABLE	UNDELIVERABLE_REFUSED	LPNCCX1B1812837	
2026-04-25T10:24:42+00:00	406-7324344-2870760	1140022	B08169YZPG	X001602BQR	Cubelelo Drift Gear 3x3 Stickerless Cube Speed Cube | Toy for Kids & Adults | Magic Speedy Stress Buster Brainstorming Puzzle 3x3x3 (Multicolor)	1	DEL2	SELLABLE	UNDELIVERABLE_UNKNOWN	LPNDEL2R82563595	
2026-04-25T10:07:32+00:00	404-3520080-5018717	1120039	B0DRVW5BNS	X0027ISPWL	Cubelelo Drift 3x3 Mirror Blue (Tiled) Speed Cube | New Blue Version Looks Stunning with Buttery Smooth Turns | Ideal for Kids Above 5 6 Years Old Boys Girls | 3x3x3 Shape-Shifting Design Puzzle Toy	1	BLR5	SELLABLE	UNDELIVERABLE_REFUSED	LPNBLR5P3327487	
2026-04-25T10:05:35+00:00	403-5837503-5917919	1030300_EAN	B0FBMGT6V7	X002C88WLZ	Cubelelo Drift Explorer 3x3 Speed Cube | Best Starter Speedcube for Beginners | Perfect Brain Teaser for Kids Ages 4 to14 Years Old & Above Boys Girls Children | Smooth Turning Puzzle Toy for Adults	1	BLR5	SELLABLE	UNDELIVERABLE_REFUSED	LPNBLR5P3028422	
2026-04-25T09:59:55+00:00	404-3149448-7666716	4001044	B0CVDDHZMR	X001YJP3KB	Cubelelo Drift Weekday Calendar Puzzle | Fun & Educational 7-Day Calendar Puzzle for All Ages | Enhance Cognitive Skills & Time Management Kids, Adults	1	CCX2	SELLABLE	UNDELIVERABLE_REFUSED	LPNCCX2B0080263	
2026-04-25T09:24:20+00:00	171-5822877-1004360	1630210	B09HH8CC7Y	X00262W227	Cubelelo Drift Number Sliding Magnetic Puzzle 4x4 | Toys For 6-10 Years Old Boys & Girls | 15-Blocks Brain Teaser Puzzle Game for Kids | Educational, Learning, Activity Toy for Return & Birthday Gifts	1	BLR5	SELLABLE	UNDELIVERABLE_UNKNOWN	LPNBLR5P3953078	
2026-04-25T09:24:20+00:00	171-0450135-0565149	1030604	B0DRVQVFJB	X0027JJHDB	Cubelelo Drift 3M v3 3x3 Magnetic Speedcube (Standard) | Latest Version with New & Improved Internal Structure for Smooth Turns & Stability | Cube Toy for 6-10 Years Old Boys Girls Adults	1	BLR5	SELLABLE	UNDELIVERABLE_UNKNOWN	LPNBLR5P3953079	
2026-04-25T09:05:43+00:00	404-3448446-1065140	1120039	B0DRVW5BNS	X0027ISPWL	Cubelelo Drift 3x3 Mirror Blue (Tiled) Speed Cube | New Blue Version Looks Stunning with Buttery Smooth Turns | Ideal for Kids Above 5 6 Years Old Boys Girls | 3x3x3 Shape-Shifting Design Puzzle Toy	1	BLR5	SELLABLE	UNDELIVERABLE_REFUSED	LPNBLR5P3519352	
2026-04-25T08:54:19+00:00	407-1532168-7165109	1040400	B0FL7TDJLF	X002DFU80F	Cubelelo Drift 4x4 Stickerless Cube Puzzle Toy | Combines Smoothness, Stability & Durability | 4x4x4 Speedcube for Beginners| Suitable for Kids Ages 6 to 14 Years Old, Boys, Girls & Adults	1	BLR5	SELLABLE	DEFECTIVE	LPNBLR5P3025686	
2026-04-25T08:44:29+00:00	405-9623648-7986728	1460553	B0BYVHGR5H	X001WPZI9N	Cubelelo Drift 2x2, 3x3 & Pyraminx Cube Combo (Stickerless) | Ideal for Kids Above 3 4 5 6 Years Old Boys Girls | 3 in 1 Speedcube Gift Set | High Speed Puzzle 3x3x3 2x2x2 Pyramid Triangle	1	DEL2	SELLABLE	UNDELIVERABLE_REFUSED	LPNDEL2R81419992	
2026-04-25T08:43:28+00:00	171-1466773-7356308	1170200	B0CZDV68CM	X001ZUSZ4F	Cubelelo Drift Windmill (Tiled) Magic Cube Puzzle | Unique Shape Mod with Premium Design, Smooth Finish Toy for Intermediate and Advanced Solvers | Suitable for Adults and Kids Ages 3 & Above	1	BOM4	SELLABLE	UNDELIVERABLE_REFUSED	LPNBOM4N39115311	
2026-04-25T08:41:08+00:00	408-7380089-7629146	1030604	B0DRVQVFJB	X0027JJHDB	Cubelelo Drift 3M v3 3x3 Magnetic Speedcube (Standard) | Latest Version with New & Improved Internal Structure for Smooth Turns & Stability | Cube Toy for 6-10 Years Old Boys Girls Adults	1	CCX1	SELLABLE	UNDELIVERABLE_REFUSED	LPNCCX1B3044195	
2026-04-25T07:56:07+00:00	402-5813678-0457146	1120100	B08LBGYZ51	X0019BU32H	Cubelelo Drift 3x3 Mirror (Silver) Magic Speed Cube | Shape Shifter Speedcube with Durable Stickers | Advanced 3x3x3 Puzzle Toy for Kids Ages 7-14 Boys Girls & Adults | Collector's Item	1	DEL2	SELLABLE	UNDELIVERABLE_REFUSED	LPNDEL2R82347395	
2026-04-25T07:36:48+00:00	171-6862439-9681960	1030604	B0DRVQVFJB	X0027JJHDB	Cubelelo Drift 3M v3 3x3 Magnetic Speedcube (Standard) | Latest Version with New & Improved Internal Structure for Smooth Turns & Stability | Cube Toy for 6-10 Years Old Boys Girls Adults	1	DEL2	SELLABLE	DEFECTIVE	LPNDEL2R83983276	
2026-04-25T07:30:23+00:00	408-5386885-7605159	1030604	B0DRVQVFJB	X0027JJHDB	Cubelelo Drift 3M v3 3x3 Magnetic Speedcube (Standard) | Latest Version with New & Improved Internal Structure for Smooth Turns & Stability | Cube Toy for 6-10 Years Old Boys Girls Adults	1	DEL2	CUSTOMER_DAMAGED	DEFECTIVE	LPNDEL2R82895026	
2026-04-25T06:44:44+00:00	402-3828213-6749930	1030400	B07XPNC385	X0012WM1NR	Cubelelo Drift 3x3 Black Speedcube | Beginner Cube for Kids & Adults | Magic Speed Stress Buster Brainstorming Puzzle (Multicolor) | Anti-Pop Technology | Smooth Turning | Durable	1	DEL2	SELLABLE	UNDELIVERABLE_REFUSED	LPNDEL2R82347309	
2026-04-25T06:29:18+00:00	405-4550858-9672327	1030500	B08H88N2N9	X0018CDFL3	Cubelelo Drift Warrior 3x3 Stickerless Cube | Beginner Speedcube for Kids Boys Girls Above 3 4 5 6 Years Old & Above | Magic Puzzle Toy | Durable & Smooth Cube with Anti-Pop Design 3 3	1	BOM4	SELLABLE	UNDELIVERABLE_REFUSED	LPNBOM4N38533833	
2026-04-25T06:26:22+00:00	408-5097417-8136359	1460501	B08XK25RRF	X001VLOAKL	Cubelelo Drift 2x2 & 3x3 Cube Gift Box Combo | 2-in-1 Puzzle Toy Game Set for Children Kids & Adults Ages 4 5 6 & Above | Double the Challenge, Twice the Fun | Ultimate Value Saver Combo	1	DEL2	SELLABLE	UNDELIVERABLE_REFUSED	LPNDEL2R82613435	
2026-04-25T06:15:58+00:00	407-8623136-2531557	1630202	B09B7PNSTV	X001ETHG47	Cubelelo Drift Infinity Cube (Blue) | Magic Puzzle Cool Mini Gadget for Stress and Anxiety Relief for Kids and Adults | Desk Finger Flip Toy for Fun and Game | for Ages 3 Years and Above	1	BOM5	SELLABLE	UNDELIVERABLE_UNKNOWN	LPNBOM5F4837258	
2026-04-25T06:15:43+00:00	405-6774684-2661111	1120100	B08LBGYZ51	X0019BU32H	Cubelelo Drift 3x3 Mirror (Silver) Magic Speed Cube | Shape Shifter Speedcube with Durable Stickers | Advanced 3x3x3 Puzzle Toy for Kids Ages 7-14 Boys Girls & Adults | Collector's Item	1	CCX2	SELLABLE	UNDELIVERABLE_REFUSED	LPNCCX2B2583106	
2026-04-25T06:07:45+00:00	405-5790932-2736346	1030300_EAN	B0FBMGT6V7	X002C88WLZ	Cubelelo Drift Explorer 3x3 Speed Cube | Best Starter Speedcube for Beginners | Perfect Brain Teaser for Kids Ages 4 to14 Years Old & Above Boys Girls Children | Smooth Turning Puzzle Toy for Adults	1	DEL2	SELLABLE	UNDELIVERABLE_REFUSED	LPNDEL2R82943643	
2026-04-25T06:07:02+00:00	403-9312615-4469965	1460553	B0BYVHGR5H	X001WPZI9N	Cubelelo Drift 2x2, 3x3 & Pyraminx Cube Combo (Stickerless) | Ideal for Kids Above 3 4 5 6 Years Old Boys Girls | 3 in 1 Speedcube Gift Set | High Speed Puzzle 3x3x3 2x2x2 Pyramid Triangle	1	BLR5	SELLABLE	UNDELIVERABLE_REFUSED	LPNBLR5P5213644	
2026-04-25T05:51:00+00:00	171-7328521-6654756	1120100	B08LBGYZ51	X0019BU32H	Cubelelo Drift 3x3 Mirror (Silver) Magic Speed Cube | Shape Shifter Speedcube with Durable Stickers | Advanced 3x3x3 Puzzle Toy for Kids Ages 7-14 Boys Girls & Adults | Collector's Item	1	DEL2	SELLABLE	UNDELIVERABLE_REFUSED	LPNDEL2R82512562	
2026-04-25T05:49:39+00:00	403-3985164-1740341	1630201	B09QMNCWYG	X001I5SK8D	Cubelelo Drift Infinity Cube (Green) | Magic Puzzle Cool Mini Gadget for Stress and Anxiety Relief for Kids and Adults | Desk Finger Flip Toy for Fun and Game | for Ages 3 Years and Above	1	BLR5	CUSTOMER_DAMAGED	DAMAGED_BY_FC	LPNBLR5P2867667	
2026-04-25T05:47:07+00:00	408-9426922-7157954	1460501	B08XK25RRF	X001VLOAKL	Cubelelo Drift 2x2 & 3x3 Cube Gift Box Combo | 2-in-1 Puzzle Toy Game Set for Children Kids & Adults Ages 4 5 6 & Above | Double the Challenge, Twice the Fun | Ultimate Value Saver Combo	1	BLR5	SELLABLE	DEFECTIVE	LPNBLR5P2833717	
2026-04-25T05:09:31+00:00	404-4007376-8854747	1350100	B0BM63N44W	X001O3K2YJ	Cubelelo Drift 2x2x3 Cuboid Stickerless Puzzle | Unique Twist | Smooth Rotations for Stress Relief & Brain Teasers | Ideal Puzzle for Kids & Adults	1	CCX1	SELLABLE	DEFECTIVE	LPNCCX1B4058056	
2026-04-25T04:45:46+00:00	404-3407300-8924324	1460553	B0BYVHGR5H	X001WPZI9N	Cubelelo Drift 2x2, 3x3 & Pyraminx Cube Combo (Stickerless) | Ideal for Kids Above 3 4 5 6 Years Old Boys Girls | 3 in 1 Speedcube Gift Set | High Speed Puzzle 3x3x3 2x2x2 Pyramid Triangle	1	DEL2	SELLABLE	UNDELIVERABLE_REFUSED	LPNDEL2R82648237	
2026-04-25T04:30:44+00:00	404-3485722-4057941	1120100	B08LBGYZ51	X0019BU32H	Cubelelo Drift 3x3 Mirror (Silver) Magic Speed Cube | Shape Shifter Speedcube with Durable Stickers | Advanced 3x3x3 Puzzle Toy for Kids Ages 7-14 Boys Girls & Adults | Collector's Item	1	DEL2	SELLABLE	UNDELIVERABLE_REFUSED	LPNDEL2R82845218	
2026-04-25T04:26:50+00:00	171-6495225-4486721	1630202	B09B7PNSTV	X001ETHG47	Cubelelo Drift Infinity Cube (Blue) | Magic Puzzle Cool Mini Gadget for Stress and Anxiety Relief for Kids and Adults | Desk Finger Flip Toy for Fun and Game | for Ages 3 Years and Above	1	BLR5	SELLABLE	UNDELIVERABLE_UNKNOWN	LPNBLR5P5383401	
2026-04-25T04:26:14+00:00	402-6902050-1539504	1030651	B0DJQWJFSX	X0025EZ04D	Cubelelo Drift 3M Plus v2 3x3 (Magnetic) (New Upgraded Version) | Based on MoYu RS3M v5 | Dual-Adjustment System | Speedcube for Kids & Adults | Magic Speedy Stress Buster Brainstorming Puzzle	1	CCX2	SELLABLE	UNDELIVERABLE_REFUSED	LPNCCX2B0634960	
2026-04-25T04:25:52+00:00	407-7430705-8025962	1630210	B09HH8CC7Y	X00262W227	Cubelelo Drift Number Sliding Magnetic Puzzle 4x4 | Toys For 6-10 Years Old Boys & Girls | 15-Blocks Brain Teaser Puzzle Game for Kids | Educational, Learning, Activity Toy for Return & Birthday Gifts	1	BLR5	SELLABLE	UNDELIVERABLE_UNKNOWN	LPNBLR5P4096407	
2026-04-25T04:15:35+00:00	405-3663770-3926762	1030604	B0DRVQVFJB	X0027JJHDB	Cubelelo Drift 3M v3 3x3 Magnetic Speedcube (Standard) | Latest Version with New & Improved Internal Structure for Smooth Turns & Stability | Cube Toy for 6-10 Years Old Boys Girls Adults	1	BLR5	SELLABLE	MISSING_PARTS	LPNBLR5P2590855	
2026-04-25T04:13:52+00:00	406-7340803-7081900	1030300_EAN	B0FBMGT6V7	X002C88WLZ	Cubelelo Drift Explorer 3x3 Speed Cube | Best Starter Speedcube for Beginners | Perfect Brain Teaser for Kids Ages 4 to14 Years Old & Above Boys Girls Children | Smooth Turning Puzzle Toy for Adults	1	BLR5	SELLABLE	UNDELIVERABLE_REFUSED	LPNBLR5P3057849	
2026-04-25T03:52:46+00:00	407-6957777-4020330	1030300_EAN	B0FBMGT6V7	X002C88WLZ	Cubelelo Drift Explorer 3x3 Speed Cube | Best Starter Speedcube for Beginners | Perfect Brain Teaser for Kids Ages 4 to14 Years Old & Above Boys Girls Children | Smooth Turning Puzzle Toy for Adults	1	BLR5	SELLABLE	UNDELIVERABLE_UNKNOWN	LPNBLR5P1525917	
2026-04-25T03:50:30+00:00	403-5344274-9107501	1020200	B08LBJ3P8L	X0019BU39P	Cubelelo Drift 2x2 Stickerless Cube | Beginner Speedcube for Kids Boys Girls Above 3 4 5 6 Years Old & Above | Magic Puzzle Toy | Durable & Smooth Cube with Anti-Pop Design 2x2x2	1	CJB1	SELLABLE	UNDELIVERABLE_UNKNOWN	LPNCJB1Y947824	
2026-04-25T03:48:16+00:00	403-9477248-7005931	1030300_EAN	B0FBMGT6V7	X002C88WLZ	Cubelelo Drift Explorer 3x3 Speed Cube | Best Starter Speedcube for Beginners | Perfect Brain Teaser for Kids Ages 4 to14 Years Old & Above Boys Girls Children | Smooth Turning Puzzle Toy for Adults	1	DEL2	SELLABLE	UNDELIVERABLE_REFUSED	LPNDEL2R82560973	
2026-04-25T03:41:06+00:00	405-6619270-2113123	PLUXO01	B0DTP72KH3	X002C88X2D	Pluxo Neoprene Posture Corrector For Unisex Adjustable Posture Corrector Belt For Back Support, Spine Alignment & Pain Relief Comfortable & Lightweight For Relaxed use | Waist size 28-42 Inches	1	BLR5	SELLABLE	UNDELIVERABLE_UNKNOWN	LPNBLR5P3354504	
2026-04-25T03:28:09+00:00	402-5749551-9476357	1120039	B0DRVW5BNS	X0027ISPWL	Cubelelo Drift 3x3 Mirror Blue (Tiled) Speed Cube | New Blue Version Looks Stunning with Buttery Smooth Turns | Ideal for Kids Above 5 6 Years Old Boys Girls | 3x3x3 Shape-Shifting Design Puzzle Toy	1	BLR5	SELLABLE	UNDELIVERABLE_REFUSED	LPNBLR5P0766728	
2026-04-25T03:13:53+00:00	403-7479417-7213152	1120100	B08LBGYZ51	X0019BU32H	Cubelelo Drift 3x3 Mirror (Silver) Magic Speed Cube | Shape Shifter Speedcube with Durable Stickers | Advanced 3x3x3 Puzzle Toy for Kids Ages 7-14 Boys Girls & Adults | Collector's Item	1	BLR5	SELLABLE	UNDELIVERABLE_UNKNOWN	LPNBLR5P5224488	
2026-04-25T03:07:26+00:00	404-0323416-9219515	1030604	B0DRVQVFJB	X0027JJHDB	Cubelelo Drift 3M v3 3x3 Magnetic Speedcube (Standard) | Latest Version with New & Improved Internal Structure for Smooth Turns & Stability | Cube Toy for 6-10 Years Old Boys Girls Adults	1	BOM4	SELLABLE	UNDELIVERABLE_REFUSED	LPNBOM4N39317254	
2026-04-24T19:33:41+00:00	405-6498559-4713946	1030604	B0DRVQVFJB	X0027JJHDB	Cubelelo Drift 3M v3 3x3 Magnetic Speedcube (Standard) | Latest Version with New & Improved Internal Structure for Smooth Turns & Stability | Cube Toy for 6-10 Years Old Boys Girls Adults	1	CCX2	SELLABLE	UNDELIVERABLE_REFUSED	LPNCCX2A9123088	
2026-04-24T19:10:53+00:00	402-7475248-7522767	1310036_EAN	B0BV276B7T	X001PWQJFP	Cubelelo Magic Snake Rainbow Puzzle Cube (72 Wedges) | Twist and Turn Shape Creation Fun Game for Kids Boys Girls and Adults | Multicolor Brain Teaser Stress Buster Toy | for Ages 3 Years and Above	1	CCX1	CUSTOMER_DAMAGED	DEFECTIVE	LPNCCX1B3088300	
2026-04-24T18:33:57+00:00	405-4992508-4041902	1630210	B09HH8CC7Y	X00262W227	Cubelelo Drift Number Sliding Magnetic Puzzle 4x4 | Toys For 6-10 Years Old Boys & Girls | 15-Blocks Brain Teaser Puzzle Game for Kids | Educational, Learning, Activity Toy for Return & Birthday Gifts	1	BLR5	SELLABLE	UNDELIVERABLE_REFUSED	LPNBLR5R2605858	
2026-04-24T16:39:16+00:00	404-3750840-1080331	1630222	B0GH18NXXG	X002HPDYRF	Cubelelo Drift Magnetic Tangram Puzzle | with Strong Magnets, Wooden Pieces & Bold Colors | Toys for 5-10 Years Old Boys Girls & Adults | Travel Friendly, Educational Toy for Return & Birthday Gifts	1	BLR5	SELLABLE	UNDELIVERABLE_UNKNOWN	LPNBLR5R0833086	
2026-04-24T16:02:51+00:00	408-9701399-7776308	1460553	B0BYVHGR5H	X001WPZI9N	Cubelelo Drift 2x2, 3x3 & Pyraminx Cube Combo (Stickerless) | Ideal for Kids Above 3 4 5 6 Years Old Boys Girls | 3 in 1 Speedcube Gift Set | High Speed Puzzle 3x3x3 2x2x2 Pyramid Triangle	1	BLR5	SELLABLE	UNDELIVERABLE_UNKNOWN	LPNBLR5R2617391	
2026-04-24T14:36:49+00:00	404-0122856-0553102	1290300	B0DB6311DK	X00239RFKR	Cubelelo Drift Megaminx v2 Cube (New Improved Version) | 12-Sided Fun and Challenging Puzzle with Ridge Design | Smooth Turning Dodecahedron | Perfect for Speed-Cubing | Ideal for Kids & Adults	1	CCX1	CUSTOMER_DAMAGED	DEFECTIVE	LPNCCX1B3100643	
2026-04-24T12:41:13+00:00	402-2768759-4547516	1630202	B09B7PNSTV	X001ETHG47	Cubelelo Drift Infinity Cube (Blue) | Magic Puzzle Cool Mini Gadget for Stress and Anxiety Relief for Kids and Adults | Desk Finger Flip Toy for Fun and Game | for Ages 3 Years and Above	1	BLR8	SELLABLE	UNDELIVERABLE_UNKNOWN	LPNBLR8Z4812371	
2026-04-24T12:29:57+00:00	404-4106141-6582741	1630210	B09HH8CC7Y	X00262W227	Cubelelo Drift Number Sliding Magnetic Puzzle 4x4 | Toys For 6-10 Years Old Boys & Girls | 15-Blocks Brain Teaser Puzzle Game for Kids | Educational, Learning, Activity Toy for Return & Birthday Gifts	1	BLR5	SELLABLE	UNDELIVERABLE_UNKNOWN	LPNBLR5P3967955	
2026-04-24T12:19:45+00:00	402-2723944-0457164	1630210	B09HH8CC7Y	X00262W227	Cubelelo Drift Number Sliding Magnetic Puzzle 4x4 | Toys For 6-10 Years Old Boys & Girls | 15-Blocks Brain Teaser Puzzle Game for Kids | Educational, Learning, Activity Toy for Return & Birthday Gifts	1	DEL2	SELLABLE	UNDELIVERABLE_UNKNOWN	LPNDEL2R82611085	
2026-04-24T12:16:55+00:00	403-2639943-2251566	1060100	B09HH5R69B	X001G4MZFF	Cubelelo Drift 6x6 Stickerless Speed Cube Magic Puzzle for Kids & Adults | Advanced Level Speedcube | Speedy Stress Buster Brainstorming Cube	1	BLR5	SELLABLE	DAMAGED_BY_FC	LPNBLR5R2557406	The corner cube seems to have some problem.
2026-04-24T12:16:13+00:00	171-6271007-1984300	1180200	B0CZ9JH3F5	X001ZUQ2D1	Cubelelo Drift Axis (Tiled) 3x3 Magic Cube Puzzle | Unique Shape Mod with Premium Design, Smooth Finish Toy for Intermediate & Advanced Solvers | Toys for Adults & Kids Girls Boys Ages 7-14 Years Old	1	BLR5	CUSTOMER_DAMAGED	DAMAGED_BY_FC	LPNBLR5R2557407	
2026-04-24T12:14:27+00:00	408-7805341-5669121	1630210	B09HH8CC7Y	X00262W227	Cubelelo Drift Number Sliding Magnetic Puzzle 4x4 | Toys For 6-10 Years Old Boys & Girls | 15-Blocks Brain Teaser Puzzle Game for Kids | Educational, Learning, Activity Toy for Return & Birthday Gifts	1	DEL2	SELLABLE	UNDELIVERABLE_REFUSED	LPNDEL2R81975450	
2026-04-24T11:59:33+00:00	171-7706090-4542732	1030604	B0DRVQVFJB	X0027JJHDB	Cubelelo Drift 3M v3 3x3 Magnetic Speedcube (Standard) | Latest Version with New & Improved Internal Structure for Smooth Turns & Stability | Cube Toy for 6-10 Years Old Boys Girls Adults	1	BOM4	SELLABLE	UNDELIVERABLE_REFUSED	LPNBOM4N38854009	
2026-04-24T11:39:19+00:00	407-6908885-2962739	1030603	B0DRVMTFN1	X0027JJ8K3	Cubelelo Drift 3M v3 3x3 (Magnetic UV Coated) Speedcube - New Version | Premium Glossy Finish, Ultra Fast & Smooth Turns, Enhanced Auto-Alignment with 48 Magnets | Puzzle Cube for Kids & Adults	1	BLR5	SELLABLE	SWITCHEROO	LPNBLR5P4963686	
2026-04-24T11:37:18+00:00	402-0719829-5403513	1630210	B09HH8CC7Y	X00262W227	Cubelelo Drift Number Sliding Magnetic Puzzle 4x4 | Toys For 6-10 Years Old Boys & Girls | 15-Blocks Brain Teaser Puzzle Game for Kids | Educational, Learning, Activity Toy for Return & Birthday Gifts	1	BLR5	SELLABLE	UNDELIVERABLE_UNKNOWN	LPNBLR5P2030384	
2026-04-24T11:30:42+00:00	408-4741978-8257934	1030300_EAN	B0FBMGT6V7	X002C88WLZ	Cubelelo Drift Explorer 3x3 Speed Cube | Best Starter Speedcube for Beginners | Perfect Brain Teaser for Kids Ages 4 to14 Years Old & Above Boys Girls Children | Smooth Turning Puzzle Toy for Adults	1	BOM5	SELLABLE	UNDELIVERABLE_UNKNOWN	LPNBOM5F4876211	
2026-04-24T11:16:39+00:00	406-0096317-8113901	1030300_EAN	B0FBMGT6V7	X002C88WLZ	Cubelelo Drift Explorer 3x3 Speed Cube | Best Starter Speedcube for Beginners | Perfect Brain Teaser for Kids Ages 4 to14 Years Old & Above Boys Girls Children | Smooth Turning Puzzle Toy for Adults	1	CCX1	SELLABLE	UNDELIVERABLE_UNKNOWN	LPNCCX1B1376067	
2026-04-24T11:01:45+00:00	407-1304319-1937122	1030300_EAN	B0FBMGT6V7	X002C88WLZ	Cubelelo Drift Explorer 3x3 Speed Cube | Best Starter Speedcube for Beginners | Perfect Brain Teaser for Kids Ages 4 to14 Years Old & Above Boys Girls Children | Smooth Turning Puzzle Toy for Adults	1	DEL2	SELLABLE	UNDELIVERABLE_REFUSED	LPNDEL2R82761424	
2026-04-24T10:47:03+00:00	171-0199896-7178718	1630300_EAN	B0C55MW9WL	X001S3KHTZ	Cubelelo Drift Column 3x3 Stickerless Speedcube Puzzle | Unique Cylindrical Speed Cube | Ultimate Stress Buster & Brainstorming Challenge for Kids & Adults | Smooth, Fast Puzzle for All Skill Levels	1	BLR5	SELLABLE	UNDELIVERABLE_REFUSED	LPNBLR5P2849595	
2026-04-24T10:16:11+00:00	403-6146746-3717136	1630202	B09B7PNSTV	X001ETHG47	Cubelelo Drift Infinity Cube (Blue) | Magic Puzzle Cool Mini Gadget for Stress and Anxiety Relief for Kids and Adults | Desk Finger Flip Toy for Fun and Game | for Ages 3 Years and Above	1	BLR5	SELLABLE	UNDELIVERABLE_UNKNOWN	LPNBLR5P5039518	
2026-04-24T09:04:36+00:00	171-0199896-7178718	1460552	B0BZKZ8212	X001WQ5O6J	Cubelelo Drift Gear, Mirror (Silver) & Pyraminx Combo Stickerless | Unique Speedcube Set for Kids & Adults | Smooth & Durable Puzzles | Challenging Gift for Cubers	1	BLR5	SELLABLE	UNDELIVERABLE_REFUSED	LPNBLR5P1433660	
2026-04-24T08:57:24+00:00	408-0552686-1388313	1030604	B0DRVQVFJB	X0027JJHDB	Cubelelo Drift 3M v3 3x3 Magnetic Speedcube (Standard) | Latest Version with New & Improved Internal Structure for Smooth Turns & Stability | Cube Toy for 6-10 Years Old Boys Girls Adults	1	BLR5	SELLABLE	UNDELIVERABLE_REFUSED	LPNBLR5P4703080	
2026-04-24T08:57:24+00:00	408-0552686-1388313	1030604	B0DRVQVFJB	X0027JJHDB	Cubelelo Drift 3M v3 3x3 Magnetic Speedcube (Standard) | Latest Version with New & Improved Internal Structure for Smooth Turns & Stability | Cube Toy for 6-10 Years Old Boys Girls Adults	1	BLR5	SELLABLE	UNDELIVERABLE_REFUSED	LPNBLR5P4703079	
2026-04-24T08:40:28+00:00	403-1566116-3222746	1030604	B0DRVQVFJB	X0027JJHDB	Cubelelo Drift 3M v3 3x3 Magnetic Speedcube (Standard) | Latest Version with New & Improved Internal Structure for Smooth Turns & Stability | Cube Toy for 6-10 Years Old Boys Girls Adults	1	CCX1	SELLABLE	UNDELIVERABLE_REFUSED	LPNCCX1B1308134	
2026-04-24T08:33:18+00:00	171-3177310-4373124	1630202	B09B7PNSTV	X001ETHG47	Cubelelo Drift Infinity Cube (Blue) | Magic Puzzle Cool Mini Gadget for Stress and Anxiety Relief for Kids and Adults | Desk Finger Flip Toy for Fun and Game | for Ages 3 Years and Above	1	BLR5	SELLABLE	DEFECTIVE	LPNBLR5P5212573	
2026-04-24T08:26:49+00:00	402-2618865-1769930	1120200	B08LKQHDBF	X001G4N1DP	Cubelelo Drift 3x3 Mirror (Golden) Speed Cube | Shape Shifter Magic Speedcube Puzzle Toys for 7-14 Year Old Boys Girls and Adults All Ages | Advanced 3x3 with Durable Stickers | Collector's Item	1	BLR5	CUSTOMER_DAMAGED	DAMAGED_BY_FC	LPNBLR5P4014485	
2026-04-24T08:26:24+00:00	406-0655065-9525911	1030300_EAN	B0FBMGT6V7	X002C88WLZ	Cubelelo Drift Explorer 3x3 Speed Cube | Best Starter Speedcube for Beginners | Perfect Brain Teaser for Kids Ages 4 to14 Years Old & Above Boys Girls Children | Smooth Turning Puzzle Toy for Adults	1	DEL5	SELLABLE	UNDELIVERABLE_REFUSED	LPNDEL5S13672329	
2026-04-24T08:12:49+00:00	171-3341284-6522765	1630202	B09B7PNSTV	X001ETHG47	Cubelelo Drift Infinity Cube (Blue) | Magic Puzzle Cool Mini Gadget for Stress and Anxiety Relief for Kids and Adults | Desk Finger Flip Toy for Fun and Game | for Ages 3 Years and Above	1	BLR5	SELLABLE	UNDELIVERABLE_UNKNOWN	LPNBLR5P4000492	
2026-04-24T08:12:06+00:00	405-0423275-7977929	1630201	B09QMNCWYG	X001I5SK8D	Cubelelo Drift Infinity Cube (Green) | Magic Puzzle Cool Mini Gadget for Stress and Anxiety Relief for Kids and Adults | Desk Finger Flip Toy for Fun and Game | for Ages 3 Years and Above	1	BOM4	SELLABLE	UNDELIVERABLE_REFUSED	LPNBOM4N38976991	
2026-04-24T07:47:58+00:00	404-7873850-3853967	1630222	B0GH18NXXG	X002HPDYRF	Cubelelo Drift Magnetic Tangram Puzzle | with Strong Magnets, Wooden Pieces & Bold Colors | Toys for 5-10 Years Old Boys Girls & Adults | Travel Friendly, Educational Toy for Return & Birthday Gifts	1	DEL5	SELLABLE	UNDELIVERABLE_UNKNOWN	LPNDEL5S13672289	
2026-04-24T07:22:37+00:00	403-1243189-3017945	1630202	B09B7PNSTV	X001ETHG47	Cubelelo Drift Infinity Cube (Blue) | Magic Puzzle Cool Mini Gadget for Stress and Anxiety Relief for Kids and Adults | Desk Finger Flip Toy for Fun and Game | for Ages 3 Years and Above	1	BOM4	SELLABLE	UNDELIVERABLE_REFUSED	LPNBOM4N39306315	
2026-04-24T07:09:02+00:00	407-5811622-6124318	1030300_EAN	B0FBMGT6V7	X002C88WLZ	Cubelelo Drift Explorer 3x3 Speed Cube | Best Starter Speedcube for Beginners | Perfect Brain Teaser for Kids Ages 4 to14 Years Old & Above Boys Girls Children | Smooth Turning Puzzle Toy for Adults	1	BOM4	SELLABLE	UNDELIVERABLE_REFUSED	LPNBOM4N39348097	
2026-04-24T06:55:40+00:00	405-1160060-5841964	1040400	B0FL7TDJLF	X002DFU80F	Cubelelo Drift 4x4 Stickerless Cube Puzzle Toy | Combines Smoothness, Stability & Durability | 4x4x4 Speedcube for Beginners| Suitable for Kids Ages 6 to 14 Years Old, Boys, Girls & Adults	1	BLR5	SELLABLE	SWITCHEROO	LPNBLR5P4095880	I haven&#39;t touched this product . I no more want this product which is nothing the same brand I ordered.I want to return this product ,seeling of the product is as the way it is.So I request for refund
2026-04-24T06:55:20+00:00	404-0395037-4309151	1460503	B08XK4V59M	X001VFXJDV	Cubelelo Drift 2x2, 3x3 & 4x4 Premium Gift Box | 3-in-1 Puzzle Game Set | Triple the Challenge, Thrice the Fun | Ultimate Value Saver Combo | Brainstoming Toy for Children Kids & Adults	1	BOM4	CUSTOMER_DAMAGED	SWITCHEROO	LPNBOM4N38189318	
2026-04-24T06:45:04+00:00	404-1310702-5088325	1460501	B08XK25RRF	X001VLOAKL	Cubelelo Drift 2x2 & 3x3 Cube Gift Box Combo | 2-in-1 Puzzle Toy Game Set for Children Kids & Adults Ages 4 5 6 & Above | Double the Challenge, Twice the Fun | Ultimate Value Saver Combo	1	HYD8	SELLABLE	UNDELIVERABLE_REFUSED	LPNHYD8EG90488	
2026-04-24T06:29:13+00:00	171-2403854-5985950	1030300_EAN	B0FBMGT6V7	X002C88WLZ	Cubelelo Drift Explorer 3x3 Speed Cube | Best Starter Speedcube for Beginners | Perfect Brain Teaser for Kids Ages 4 to14 Years Old & Above Boys Girls Children | Smooth Turning Puzzle Toy for Adults	1	BLR5	SELLABLE	UNDELIVERABLE_REFUSED	LPNBLR5P5238803	
2026-04-24T06:24:17+00:00	407-1769093-1038768	1030300_EAN	B0FBMGT6V7	X002C88WLZ	Cubelelo Drift Explorer 3x3 Speed Cube | Best Starter Speedcube for Beginners | Perfect Brain Teaser for Kids Ages 4 to14 Years Old & Above Boys Girls Children | Smooth Turning Puzzle Toy for Adults	1	DEL2	SELLABLE	UNDELIVERABLE_REFUSED	LPNDEL2R82751129	
2026-04-24T06:23:46+00:00	408-8778049-8187543	1140022	B08169YZPG	X001602BQR	Cubelelo Drift Gear 3x3 Stickerless Cube Speed Cube | Toy for Kids & Adults | Magic Speedy Stress Buster Brainstorming Puzzle 3x3x3 (Multicolor)	1	BOM4	SELLABLE	UNDELIVERABLE_REFUSED	LPNBOM4N39297577	
2026-04-24T05:53:29+00:00	405-4852302-9625154	1030652	B0DJR1FJ3M	X0025FFJUH	Cubelelo Drift 3M Plus v2 3x3 (MagLev) Speedcube (New Upgraded Version) | Ultra-Smooth Magnetic Leviation for Fast Solves | Perfect Brain-Teasing Puzzle for Kids & Adults	1	DEL2	SELLABLE	UNDELIVERABLE_REFUSED	LPNDEL2R82560480	
2026-04-24T05:25:29+00:00	404-1973640-9952305	1030603	B0DRVMTFN1	X0027JJ8K3	Cubelelo Drift 3M v3 3x3 (Magnetic UV Coated) Speedcube - New Version | Premium Glossy Finish, Ultra Fast & Smooth Turns, Enhanced Auto-Alignment with 48 Magnets | Puzzle Cube for Kids & Adults	1	BLR5	SELLABLE	UNDELIVERABLE_REFUSED	LPNBLR5P2566929	
2026-04-24T05:25:29+00:00	404-1973640-9952305	1030603	B0DRVMTFN1	X0027JJ8K3	Cubelelo Drift 3M v3 3x3 (Magnetic UV Coated) Speedcube - New Version | Premium Glossy Finish, Ultra Fast & Smooth Turns, Enhanced Auto-Alignment with 48 Magnets | Puzzle Cube for Kids & Adults	1	BLR5	SELLABLE	UNDELIVERABLE_REFUSED	LPNBLR5P2566927	
2026-04-24T05:18:14+00:00	171-4699845-5452306	1030400	B07XPNC385	X0012WM1NR	Cubelelo Drift 3x3 Black Speedcube | Beginner Cube for Kids & Adults | Magic Speed Stress Buster Brainstorming Puzzle (Multicolor) | Anti-Pop Technology | Smooth Turning | Durable	1	BLR5	SELLABLE	UNDELIVERABLE_REFUSED	LPNBLR5P3306038	
2026-04-24T05:01:40+00:00	406-5717134-1841931	1120100	B08LBGYZ51	X0019BU32H	Cubelelo Drift 3x3 Mirror (Silver) Magic Speed Cube | Shape Shifter Speedcube with Durable Stickers | Advanced 3x3x3 Puzzle Toy for Kids Ages 7-14 Boys Girls & Adults | Collector's Item	1	BOM4	SELLABLE	DAMAGED_BY_FC	LPNBOM4N39336591	The one box have damaged
2026-04-24T04:59:07+00:00	402-3483444-8817919	1290300	B0DB6311DK	X00239RFKR	Cubelelo Drift Megaminx v2 Cube (New Improved Version) | 12-Sided Fun and Challenging Puzzle with Ridge Design | Smooth Turning Dodecahedron | Perfect for Speed-Cubing | Ideal for Kids & Adults	1	DEL2	CARRIER_DAMAGED	DEFECTIVE	LPNDEL2R82560449	
2026-04-24T04:51:05+00:00	408-5616491-9825967	1630222	B0GH18NXXG	X002HPDYRF	Cubelelo Drift Magnetic Tangram Puzzle | with Strong Magnets, Wooden Pieces & Bold Colors | Toys for 5-10 Years Old Boys Girls & Adults | Travel Friendly, Educational Toy for Return & Birthday Gifts	1	BOM4	SELLABLE	NO_REASON_GIVEN	LPNBOM4N38699658	
2026-04-24T04:43:19+00:00	405-1343227-1969954	1460553	B0BYVHGR5H	X001WPZI9N	Cubelelo Drift 2x2, 3x3 & Pyraminx Cube Combo (Stickerless) | Ideal for Kids Above 3 4 5 6 Years Old Boys Girls | 3 in 1 Speedcube Gift Set | High Speed Puzzle 3x3x3 2x2x2 Pyramid Triangle	1	BOM4	SELLABLE	UNDELIVERABLE_REFUSED	LPNBOM4N39331095	
2026-04-24T04:17:34+00:00	407-7861955-0583524	1030300_EAN	B0FBMGT6V7	X002C88WLZ	Cubelelo Drift Explorer 3x3 Speed Cube | Best Starter Speedcube for Beginners | Perfect Brain Teaser for Kids Ages 4 to14 Years Old & Above Boys Girls Children | Smooth Turning Puzzle Toy for Adults	1	DEL2	SELLABLE	UNDELIVERABLE_REFUSED	LPNDEL2R81171777	
2026-04-24T03:48:21+00:00	408-8136978-1571523	1030604	B0DRVQVFJB	X0027JJHDB	Cubelelo Drift 3M v3 3x3 Magnetic Speedcube (Standard) | Latest Version with New & Improved Internal Structure for Smooth Turns & Stability | Cube Toy for 6-10 Years Old Boys Girls Adults	1	BOM4	SELLABLE	NO_REASON_GIVEN	LPNBOM4N39324116	
2026-04-24T03:31:33+00:00	404-1913205-7188358	1280100a	B09QYW9DYC	X001LHLHUV	Cubelelo Drift Pyraminx Puzzle Speedcube | Beginner Starter Cube for Kids 3+ Year Old & Above | Triangle Pyramid Shape Stickerless 3x3 Cubes Toy | Ideal for Boys Girls Children 4 5 6+ Years & Adults	1	BLR5	SELLABLE	DEFECTIVE	LPNBLR5P5247685	
2026-04-24T03:21:50+00:00	407-4496685-3690762	1030400	B07XPNC385	X0012WM1NR	Cubelelo Drift 3x3 Black Speedcube | Beginner Cube for Kids & Adults | Magic Speed Stress Buster Brainstorming Puzzle (Multicolor) | Anti-Pop Technology | Smooth Turning | Durable	1	DEL2	SELLABLE	UNDELIVERABLE_REFUSED	LPNDEL2R81419137	
2026-04-24T03:10:23+00:00	403-8701961-1457152	1460501	B08XK25RRF	X001VLOAKL	Cubelelo Drift 2x2 & 3x3 Cube Gift Box Combo | 2-in-1 Puzzle Toy Game Set for Children Kids & Adults Ages 4 5 6 & Above | Double the Challenge, Twice the Fun | Ultimate Value Saver Combo	1	BLR5	CUSTOMER_DAMAGED	DEFECTIVE	LPNBLR5P2561358	
2026-04-23T18:27:03+00:00	408-1532463-5034712	1630210	B09HH8CC7Y	X00262W227	Cubelelo Drift Number Sliding Magnetic Puzzle 4x4 | Toys For 6-10 Years Old Boys & Girls | 15-Blocks Brain Teaser Puzzle Game for Kids | Educational, Learning, Activity Toy for Return & Birthday Gifts	1	BLR5	SELLABLE	UNDELIVERABLE_UNKNOWN	LPNBLR5P4026626	
2026-04-23T12:56:30+00:00	403-8445202-9913962	1030300_EAN	B0FBMGT6V7	X002C88WLZ	Cubelelo Drift Explorer 3x3 Speed Cube | Best Starter Speedcube for Beginners | Perfect Brain Teaser for Kids Ages 4 to14 Years Old & Above Boys Girls Children | Smooth Turning Puzzle Toy for Adults	1	DEL2	SELLABLE	UNDELIVERABLE_REFUSED	LPNDEL2R81974853	
2026-04-23T12:54:57+00:00	405-4727808-7293156	1630223	B0GN1TJ7F4	X002IIXAZ7	Cubelelo Drift Clang! | 2-4 Players Classic Magnetic Attraction Strategy Game | Features 24 Magnets & Adjustable Rope | Fun Gifting Toy for Family, Teens & Adults | Compact and Travel Friendly	1	DEL2	SELLABLE	UNDELIVERABLE_UNKNOWN	LPNDEL2R82447276	
2026-04-23T12:41:01+00:00	408-4462780-4441911	1120100	B08LBGYZ51	X0019BU32H	Cubelelo Drift 3x3 Mirror (Silver) Magic Speed Cube | Shape Shifter Speedcube with Durable Stickers | Advanced 3x3x3 Puzzle Toy for Kids Ages 7-14 Boys Girls & Adults | Collector's Item	1	DEL2	CUSTOMER_DAMAGED	SWITCHEROO	LPNDEL2R82562622	
2026-04-23T12:01:04+00:00	405-9620237-6281920	1030300_EAN	B0FBMGT6V7	X002C88WLZ	Cubelelo Drift Explorer 3x3 Speed Cube | Best Starter Speedcube for Beginners | Perfect Brain Teaser for Kids Ages 4 to14 Years Old & Above Boys Girls Children | Smooth Turning Puzzle Toy for Adults	1	DEL5	SELLABLE	UNDELIVERABLE_UNKNOWN	LPNDEL5S11612886	
2026-04-23T12:00:55+00:00	404-8622465-3786737	1630210	B09HH8CC7Y	X00262W227	Cubelelo Drift Number Sliding Magnetic Puzzle 4x4 | Toys For 6-10 Years Old Boys & Girls | 15-Blocks Brain Teaser Puzzle Game for Kids | Educational, Learning, Activity Toy for Return & Birthday Gifts	1	BLR5	SELLABLE	UNDELIVERABLE_REFUSED	LPNBLR5P5211515	
2026-04-23T11:58:26+00:00	402-2050308-2434735	1030400	B07XPNC385	X0012WM1NR	Cubelelo Drift 3x3 Black Speedcube | Beginner Cube for Kids & Adults | Magic Speed Stress Buster Brainstorming Puzzle (Multicolor) | Anti-Pop Technology | Smooth Turning | Durable	1	BLR5	SELLABLE	UNDELIVERABLE_REFUSED	LPNBLR5R2897018	
2026-04-23T11:46:01+00:00	405-9254146-9877163	1030604	B0DRVQVFJB	X0027JJHDB	Cubelelo Drift 3M v3 3x3 Magnetic Speedcube (Standard) | Latest Version with New & Improved Internal Structure for Smooth Turns & Stability | Cube Toy for 6-10 Years Old Boys Girls Adults	1	BOM4	SELLABLE	UNDELIVERABLE_REFUSED	LPNBOM4N38995136	
2026-04-23T11:12:12+00:00	171-4356276-1352365	1030300_EAN	B0FBMGT6V7	X002C88WLZ	Cubelelo Drift Explorer 3x3 Speed Cube | Best Starter Speedcube for Beginners | Perfect Brain Teaser for Kids Ages 4 to14 Years Old & Above Boys Girls Children | Smooth Turning Puzzle Toy for Adults	1	BLR5	SELLABLE	UNDELIVERABLE_REFUSED	LPNBLR5P5026829	
2026-04-23T11:12:12+00:00	171-8291036-4077129	1030300_EAN	B0FBMGT6V7	X002C88WLZ	Cubelelo Drift Explorer 3x3 Speed Cube | Best Starter Speedcube for Beginners | Perfect Brain Teaser for Kids Ages 4 to14 Years Old & Above Boys Girls Children | Smooth Turning Puzzle Toy for Adults	1	BLR5	SELLABLE	UNDELIVERABLE_REFUSED	LPNBLR5P5026855	
2026-04-23T11:03:01+00:00	405-6075887-0917132	1030604	B0DRVQVFJB	X0027JJHDB	Cubelelo Drift 3M v3 3x3 Magnetic Speedcube (Standard) | Latest Version with New & Improved Internal Structure for Smooth Turns & Stability | Cube Toy for 6-10 Years Old Boys Girls Adults	1	CCX2	SELLABLE	UNDELIVERABLE_REFUSED	LPNCCX2A9123659	
2026-04-23T10:53:45+00:00	404-9178238-3481137	1030603	B0DRVMTFN1	X0027JJ8K3	Cubelelo Drift 3M v3 3x3 (Magnetic UV Coated) Speedcube - New Version | Premium Glossy Finish, Ultra Fast & Smooth Turns, Enhanced Auto-Alignment with 48 Magnets | Puzzle Cube for Kids & Adults	1	BLR5	SELLABLE	UNDELIVERABLE_REFUSED	LPNBLR5P2828148	
2026-04-23T10:53:45+00:00	404-9178238-3481137	1030603	B0DRVMTFN1	X0027JJ8K3	Cubelelo Drift 3M v3 3x3 (Magnetic UV Coated) Speedcube - New Version | Premium Glossy Finish, Ultra Fast & Smooth Turns, Enhanced Auto-Alignment with 48 Magnets | Puzzle Cube for Kids & Adults	1	BLR5	SELLABLE	UNDELIVERABLE_REFUSED	LPNBLR5P2828149	
2026-04-23T10:51:36+00:00	405-1986371-1981121	1030500	B08H88N2N9	X0018CDFL3	Cubelelo Drift Warrior 3x3 Stickerless Cube | Beginner Speedcube for Kids Boys Girls Above 3 4 5 6 Years Old & Above | Magic Puzzle Toy | Durable & Smooth Cube with Anti-Pop Design 3 3	1	DEL2	SELLABLE	UNDELIVERABLE_REFUSED	LPNDEL2R82560210	
2026-04-23T10:48:15+00:00	406-9493004-7246768	1290300	B0DB6311DK	X00239RFKR	Cubelelo Drift Megaminx v2 Cube (New Improved Version) | 12-Sided Fun and Challenging Puzzle with Ridge Design | Smooth Turning Dodecahedron | Perfect for Speed-Cubing | Ideal for Kids & Adults	1	CCX2	DAMAGED	UNDELIVERABLE_REFUSED	LPNCCX2A9123668	
2026-04-23T10:26:56+00:00	408-9294382-9997962	1630222	B0GH18NXXG	X002HPDYRF	Cubelelo Drift Magnetic Tangram Puzzle | with Strong Magnets, Wooden Pieces & Bold Colors | Toys for 5-10 Years Old Boys Girls & Adults | Travel Friendly, Educational Toy for Return & Birthday Gifts	1	DEL2	SELLABLE	UNDELIVERABLE_UNKNOWN	LPNDEL2R81768976	
2026-04-23T10:16:23+00:00	406-2980286-0732306	1630210	B09HH8CC7Y	X00262W227	Cubelelo Drift Number Sliding Magnetic Puzzle 4x4 | Toys For 6-10 Years Old Boys & Girls | 15-Blocks Brain Teaser Puzzle Game for Kids | Educational, Learning, Activity Toy for Return & Birthday Gifts	1	CCX1	SELLABLE	UNDELIVERABLE_REFUSED	LPNCCX1B2830818	
2026-04-23T10:07:56+00:00	406-2186613-4415512	1460553	B0BYVHGR5H	X001WPZI9N	Cubelelo Drift 2x2, 3x3 & Pyraminx Cube Combo (Stickerless) | Ideal for Kids Above 3 4 5 6 Years Old Boys Girls | 3 in 1 Speedcube Gift Set | High Speed Puzzle 3x3x3 2x2x2 Pyramid Triangle	1	CCX1	SELLABLE	UNDELIVERABLE_REFUSED	LPNCCX1B1292227	
2026-04-23T09:46:19+00:00	407-9392903-3643534	1460565	B089LJBSPQ	X0023ASIV1	Cubelelo Drift 2x2 Stickerless with Stand | High-Performance Speed Cube | Smooth Turning & Adjustable Tension | Durable & Reliable | Ideal for All Ages	1	BOM4	CUSTOMER_DAMAGED	SWITCHEROO	LPNBOM4N38995048	
2026-04-23T09:39:54+00:00	171-5012647-1267505	1280100a	B09QYW9DYC	X001LHLHUV	Cubelelo Drift Pyraminx Puzzle Speedcube | Beginner Starter Cube for Kids 3+ Year Old & Above | Triangle Pyramid Shape Stickerless 3x3 Cubes Toy | Ideal for Boys Girls Children 4 5 6+ Years & Adults	1	BLR5	SELLABLE	UNDELIVERABLE_REFUSED	LPNBLR5P5238372	
2026-04-23T09:39:54+00:00	171-5012647-1267505	1180200	B0CZ9JH3F5	X001ZUQ2D1	Cubelelo Drift Axis (Tiled) 3x3 Magic Cube Puzzle | Unique Shape Mod with Premium Design, Smooth Finish Toy for Intermediate & Advanced Solvers | Toys for Adults & Kids Girls Boys Ages 7-14 Years Old	1	BLR5	SELLABLE	UNDELIVERABLE_REFUSED	LPNBLR5P5238371	
2026-04-23T09:08:43+00:00	405-6893319-4203523	1120400_EAN	B0C55QR5BN	X001S3KHY5	Cubelelo Drift Mirror 2X2 (Silver) Stickerless Speed Cube|Comes with Mirror Finished Sticker for A Premium Look&Feel|Collective Item|Speedy Stress Buster Brainstorming Puzzle for Kids & Adults |	1	BLR5	SELLABLE	UNDELIVERABLE_REFUSED	LPNBLR5P4968374	
2026-04-23T09:04:05+00:00	404-5276392-1457967	1040300	B09HH8XQ14	X001G4QY25	Cubelelo Drift 4x4 (Black) Speedcube | Challenging Brain Teaser Puzzle Toy for Kids 7-14 Years Old Boys Girls & Adults All Ages | Fast Speed Cube for Intermediate and Advanced Cubers	1	BOM4	SELLABLE	NOT_AS_DESCRIBED	LPNBOM4N39292876	It has stickers pasted, want to change it with another. Looking as per enclosed pic.
2026-04-23T09:01:11+00:00	405-5495132-1684334	1630222	B0GH18NXXG	X002HPDYRF	Cubelelo Drift Magnetic Tangram Puzzle | with Strong Magnets, Wooden Pieces & Bold Colors | Toys for 5-10 Years Old Boys Girls & Adults | Travel Friendly, Educational Toy for Return & Birthday Gifts	1	DEL5	SELLABLE	UNDELIVERABLE_UNKNOWN	LPNDEL5S13810944	
2026-04-23T07:58:57+00:00	405-8967754-3395552	1030300_EAN	B0FBMGT6V7	X002C88WLZ	Cubelelo Drift Explorer 3x3 Speed Cube | Best Starter Speedcube for Beginners | Perfect Brain Teaser for Kids Ages 4 to14 Years Old & Above Boys Girls Children | Smooth Turning Puzzle Toy for Adults	1	DEL2	SELLABLE	UNDELIVERABLE_REFUSED	LPNDEL2R83043654	
2026-04-23T07:50:18+00:00	408-7743850-9283567	1030604	B0DRVQVFJB	X0027JJHDB	Cubelelo Drift 3M v3 3x3 Magnetic Speedcube (Standard) | Latest Version with New & Improved Internal Structure for Smooth Turns & Stability | Cube Toy for 6-10 Years Old Boys Girls Adults	1	BLR5	SELLABLE	UNDELIVERABLE_UNKNOWN	LPNBLR5P2007258	
2026-04-23T07:50:11+00:00	404-7248438-8545135	1030300_EAN	B0FBMGT6V7	X002C88WLZ	Cubelelo Drift Explorer 3x3 Speed Cube | Best Starter Speedcube for Beginners | Perfect Brain Teaser for Kids Ages 4 to14 Years Old & Above Boys Girls Children | Smooth Turning Puzzle Toy for Adults	1	BLR5	CUSTOMER_DAMAGED	DEFECTIVE	LPNBLR5P4958030	
2026-04-23T07:45:27+00:00	404-5822550-0961121	1460510	B0BZL11XWC	X001VW450P	Cubelelo Drift 4x4, 5x5 Premium Gift Box | 2-in-1 Puzzle Game Set | Challenge, Thrice The Fun | Ultimate Value Saver Combo | Brainstoming Toy for Children Kids & Adults	1	CCX1	SELLABLE	DEFECTIVE	LPNCCX1B3114713	
2026-04-23T07:33:18+00:00	404-4814853-6097961	1060100	B09HH5R69B	X001G4MZFF	Cubelelo Drift 6x6 Stickerless Speed Cube Magic Puzzle for Kids & Adults | Advanced Level Speedcube | Speedy Stress Buster Brainstorming Cube	1	BOM4	SELLABLE	NOT_AS_DESCRIBED	LPNBOM4N39334686	Ordered 7x7
2026-04-23T07:13:27+00:00	407-2157606-3781159	1960100	B09B75WYR2	X001ESH40T	Cubelelo Drift Mini 3x3 Keychain | Magic Speed Cube Toy | Puzzle for Kids and Adults | Compact and Handy Multi Purpose Brain Teaser Game for Fun and Joy | for Ages 3 Years and Above	1	BOM4	SELLABLE	UNDELIVERABLE_REFUSED	LPNBOM4N39276191	
2026-04-23T06:34:22+00:00	407-7418026-8465141	1290300	B0DB6311DK	X00239RFKR	Cubelelo Drift Megaminx v2 Cube (New Improved Version) | 12-Sided Fun and Challenging Puzzle with Ridge Design | Smooth Turning Dodecahedron | Perfect for Speed-Cubing | Ideal for Kids & Adults	1	BLR5	SELLABLE	DEFECTIVE	LPNBLR5P4095228	
2026-04-23T06:21:04+00:00	407-0798765-4801944	1630202	B09B7PNSTV	X001ETHG47	Cubelelo Drift Infinity Cube (Blue) | Magic Puzzle Cool Mini Gadget for Stress and Anxiety Relief for Kids and Adults | Desk Finger Flip Toy for Fun and Game | for Ages 3 Years and Above	1	BOM4	SELLABLE	UNDELIVERABLE_REFUSED	LPNBOM4N39329245	
2026-04-23T06:15:13+00:00	406-0304645-8312348	1630222	B0GH18NXXG	X002HPDYRF	Cubelelo Drift Magnetic Tangram Puzzle | with Strong Magnets, Wooden Pieces & Bold Colors | Toys for 5-10 Years Old Boys Girls & Adults | Travel Friendly, Educational Toy for Return & Birthday Gifts	1	DEL2	SELLABLE	UNDELIVERABLE_REFUSED	LPNDEL2R82197930	
2026-04-23T06:13:16+00:00	402-4830551-4433955	1030300_EAN	B0FBMGT6V7	X002C88WLZ	Cubelelo Drift Explorer 3x3 Speed Cube | Best Starter Speedcube for Beginners | Perfect Brain Teaser for Kids Ages 4 to14 Years Old & Above Boys Girls Children | Smooth Turning Puzzle Toy for Adults	1	BLR5	SELLABLE	UNDELIVERABLE_REFUSED	LPNBLR5R2944348	
2026-04-23T05:54:04+00:00	403-4227414-6185927	1460553	B0BYVHGR5H	X001WPZI9N	Cubelelo Drift 2x2, 3x3 & Pyraminx Cube Combo (Stickerless) | Ideal for Kids Above 3 4 5 6 Years Old Boys Girls | 3 in 1 Speedcube Gift Set | High Speed Puzzle 3x3x3 2x2x2 Pyramid Triangle	1	BLR5	SELLABLE	UNDELIVERABLE_REFUSED	LPNBLR5P5026517	
2026-04-23T05:53:17+00:00	408-2531349-5241949	1630210	B09HH8CC7Y	X00262W227	Cubelelo Drift Number Sliding Magnetic Puzzle 4x4 | Toys For 6-10 Years Old Boys & Girls | 15-Blocks Brain Teaser Puzzle Game for Kids | Educational, Learning, Activity Toy for Return & Birthday Gifts	1	BLR5	SELLABLE	UNDELIVERABLE_REFUSED	LPNBLR5P5232154	
2026-04-23T05:48:36+00:00	171-0046661-2671544	1290300	B0DB6311DK	X00239RFKR	Cubelelo Drift Megaminx v2 Cube (New Improved Version) | 12-Sided Fun and Challenging Puzzle with Ridge Design | Smooth Turning Dodecahedron | Perfect for Speed-Cubing | Ideal for Kids & Adults	1	CCX1	SELLABLE	DEFECTIVE	LPNCCX1B1327465	
2026-04-23T05:47:34+00:00	403-1024584-5491501	1630210	B09HH8CC7Y	X00262W227	Cubelelo Drift Number Sliding Magnetic Puzzle 4x4 | Toys For 6-10 Years Old Boys & Girls | 15-Blocks Brain Teaser Puzzle Game for Kids | Educational, Learning, Activity Toy for Return & Birthday Gifts	1	BLR5	SELLABLE	UNDELIVERABLE_REFUSED	LPNBLR5R2556145	
2026-04-23T05:34:45+00:00	404-6441004-6736337	1030651	B0DJQWJFSX	X0025EZ04D	Cubelelo Drift 3M Plus v2 3x3 (Magnetic) (New Upgraded Version) | Based on MoYu RS3M v5 | Dual-Adjustment System | Speedcube for Kids & Adults | Magic Speedy Stress Buster Brainstorming Puzzle	1	CCX1	SELLABLE	UNDELIVERABLE_REFUSED	LPNCCX1B1510572	
2026-04-23T04:57:50+00:00	405-7873421-7518718	1180200	B0CZ9JH3F5	X001ZUQ2D1	Cubelelo Drift Axis (Tiled) 3x3 Magic Cube Puzzle | Unique Shape Mod with Premium Design, Smooth Finish Toy for Intermediate & Advanced Solvers | Toys for Adults & Kids Girls Boys Ages 7-14 Years Old	1	BLR5	DAMAGED	UNDELIVERABLE_REFUSED	LPNBLR5P2872948	
2026-04-23T04:54:02+00:00	402-1701978-1870707	1630210	B09HH8CC7Y	X00262W227	Cubelelo Drift Number Sliding Magnetic Puzzle 4x4 | Toys For 6-10 Years Old Boys & Girls | 15-Blocks Brain Teaser Puzzle Game for Kids | Educational, Learning, Activity Toy for Return & Birthday Gifts	1	DEL4	SELLABLE	UNDELIVERABLE_REFUSED	LPNDEL4AA2253116	
2026-04-23T04:53:36+00:00	405-1777004-8945153	1030300_EAN	B0FBMGT6V7	X002C88WLZ	Cubelelo Drift Explorer 3x3 Speed Cube | Best Starter Speedcube for Beginners | Perfect Brain Teaser for Kids Ages 4 to14 Years Old & Above Boys Girls Children | Smooth Turning Puzzle Toy for Adults	1	BLR5	SELLABLE	UNDELIVERABLE_UNKNOWN	LPNBLR5P2083456	
2026-04-23T04:49:08+00:00	407-4204765-0038727	1120400_EAN	B0C55QR5BN	X001S3KHY5	Cubelelo Drift Mirror 2X2 (Silver) Stickerless Speed Cube|Comes with Mirror Finished Sticker for A Premium Look&Feel|Collective Item|Speedy Stress Buster Brainstorming Puzzle for Kids & Adults |	1	BLR5	SELLABLE	NOT_AS_DESCRIBED	LPNBLR5P2554894	Plz refund back,
2026-04-23T04:48:23+00:00	407-8488032-5481135	1030604	B0DRVQVFJB	X0027JJHDB	Cubelelo Drift 3M v3 3x3 Magnetic Speedcube (Standard) | Latest Version with New & Improved Internal Structure for Smooth Turns & Stability | Cube Toy for 6-10 Years Old Boys Girls Adults	1	DEL2	SELLABLE	UNDELIVERABLE_REFUSED	LPNDEL2R81418625	
2026-04-23T04:37:39+00:00	405-4942828-1331541	1030400	B07XPNC385	X0012WM1NR	Cubelelo Drift 3x3 Black Speedcube | Beginner Cube for Kids & Adults | Magic Speed Stress Buster Brainstorming Puzzle (Multicolor) | Anti-Pop Technology | Smooth Turning | Durable	1	CCX1	SELLABLE	UNDELIVERABLE_REFUSED	LPNCCX1B1301425	
2026-04-23T04:28:20+00:00	403-1878802-5605956	1290300	B0DB6311DK	X00239RFKR	Cubelelo Drift Megaminx v2 Cube (New Improved Version) | 12-Sided Fun and Challenging Puzzle with Ridge Design | Smooth Turning Dodecahedron | Perfect for Speed-Cubing | Ideal for Kids & Adults	1	DEL2	CUSTOMER_DAMAGED	DAMAGED_BY_CARRIER	LPNDEL2R82069073	
2026-04-23T04:19:46+00:00	408-4681226-0419565	1040400	B0FL7TDJLF	X002DFU80F	Cubelelo Drift 4x4 Stickerless Cube Puzzle Toy | Combines Smoothness, Stability & Durability | 4x4x4 Speedcube for Beginners| Suitable for Kids Ages 6 to 14 Years Old, Boys, Girls & Adults	1	DEL2	CUSTOMER_DAMAGED	DAMAGED_BY_FC	LPNDEL2R82280445	
2026-04-23T03:41:58+00:00	406-0224971-6394717	1030478	B09PYRTM4X	X001HYK0PL	Cubelelo Drift 3x3 Jelly Edition Speedcube Magic Cube Puzzle	1	DEL2	SELLABLE	UNDELIVERABLE_REFUSED	LPNDEL2R81321023	
2026-04-23T03:22:27+00:00	171-9577319-9592317	1270100	B09BZPFCZ8	X001F0AT1H	Cubelelo Drift Mastermorphix Stickerless Cube Puzzle for Kids & Adults Speedy Stress Buster Brainstorming Cube	1	BOM4	SELLABLE	UNDELIVERABLE_REFUSED	LPNBOM4N39124483	
2026-04-23T03:21:26+00:00	405-3429474-2453154	1030400	B07XPNC385	X0012WM1NR	Cubelelo Drift 3x3 Black Speedcube | Beginner Cube for Kids & Adults | Magic Speed Stress Buster Brainstorming Puzzle (Multicolor) | Anti-Pop Technology | Smooth Turning | Durable	1	BOM4	SELLABLE	UNDELIVERABLE_REFUSED	LPNBOM4N39102821	
2026-04-23T03:18:44+00:00	404-9214183-0487500	1060600	B09WHY3DPP	X001JJ1BL1	Cubelelo Drift 6M 6x6 (Magnetic) Stickerless Speedcube Magic Puzzle Toy for Kids & Adults Speedy Stress Buster Brainstorming Cube	1	BLR5	SELLABLE	DEFECTIVE	LPNBLR5P2872861	
2026-04-22T22:39:54+00:00	407-0435016-6199547	1630202	B09B7PNSTV	X001ETHG47	Cubelelo Drift Infinity Cube (Blue) | Magic Puzzle Cool Mini Gadget for Stress and Anxiety Relief for Kids and Adults | Desk Finger Flip Toy for Fun and Game | for Ages 3 Years and Above	1	BLR5	SELLABLE	UNDELIVERABLE_UNKNOWN	LPNBLR5P1340546	
2026-04-22T18:01:10+00:00	406-0445845-1281162	1630210	B09HH8CC7Y	X00262W227	Cubelelo Drift Number Sliding Magnetic Puzzle 4x4 | Toys For 6-10 Years Old Boys & Girls | 15-Blocks Brain Teaser Puzzle Game for Kids | Educational, Learning, Activity Toy for Return & Birthday Gifts	1	BLR5	SELLABLE	UNDELIVERABLE_UNKNOWN	LPNBLR5P1712492	
2026-04-22T16:14:22+00:00	403-9946089-3037965	1030300_EAN	B0FBMGT6V7	X002C88WLZ	Cubelelo Drift Explorer 3x3 Speed Cube | Best Starter Speedcube for Beginners | Perfect Brain Teaser for Kids Ages 4 to14 Years Old & Above Boys Girls Children | Smooth Turning Puzzle Toy for Adults	1	BLR5	SELLABLE	UNDELIVERABLE_REFUSED	LPNBLR5R2950995	
2026-04-22T15:36:28+00:00	403-7451785-6773934	1030651	B0DJQWJFSX	X0025EZ04D	Cubelelo Drift 3M Plus v2 3x3 (Magnetic) (New Upgraded Version) | Based on MoYu RS3M v5 | Dual-Adjustment System | Speedcube for Kids & Adults | Magic Speedy Stress Buster Brainstorming Puzzle	1	CCX2	SELLABLE	UNDELIVERABLE_UNKNOWN	LPNCCX2B1069126	
2026-04-22T12:56:55+00:00	403-0007543-0239502	1030604	B0DRVQVFJB	X0027JJHDB	Cubelelo Drift 3M v3 3x3 Magnetic Speedcube (Standard) | Latest Version with New & Improved Internal Structure for Smooth Turns & Stability | Cube Toy for 6-10 Years Old Boys Girls Adults	1	DEL2	SELLABLE	UNDELIVERABLE_UNKNOWN	LPNDEL2R82199029	
2026-04-22T12:21:29+00:00	403-8285969-5473139	1280100a	B09QYW9DYC	X001LHLHUV	Cubelelo Drift Pyraminx Puzzle Speedcube | Beginner Starter Cube for Kids 3+ Year Old & Above | Triangle Pyramid Shape Stickerless 3x3 Cubes Toy | Ideal for Boys Girls Children 4 5 6+ Years & Adults	1	BLR5	SELLABLE	UNDELIVERABLE_REFUSED	LPNBLR5P2593937	
2026-04-22T12:13:17+00:00	404-7473314-8207511	1030300_EAN	B0FBMGT6V7	X002C88WLZ	Cubelelo Drift Explorer 3x3 Speed Cube | Best Starter Speedcube for Beginners | Perfect Brain Teaser for Kids Ages 4 to14 Years Old & Above Boys Girls Children | Smooth Turning Puzzle Toy for Adults	1	DEL2	SELLABLE	MISSING_PARTS	LPNDEL2R81405333	Different item received me, and quality is very bad , broken item , not moving cube
2026-04-22T12:01:27+00:00	408-5100065-3613126	1130100	B09K7QWDT5	X001GMABSF	Cubelelo Drift Skewb Stickerless Speedcube Puzzle for Kids & Adults | Fast & Smooth Stress Buster | Brain-Boosting Challenge for Kids and Adults (Multicolour)	1	BLR5	SELLABLE	UNDELIVERABLE_REFUSED	LPNBLR5P4957660	
2026-04-22T12:01:07+00:00	408-1233364-2030710	1050200	B09K7QTCXP	X001GM0XER	Cubelelo Drift 5x5 Stickerless Speed Cube | AKA Professor's Cube Magic Puzzle for Kids & Adults | Smooth and Durable Speedy Brainstorming Puzzle| Ultimate Stress Buster and Mind Challenge	1	BLR5	SELLABLE	DEFECTIVE	LPNBLR5P2885917	
2026-04-22T11:47:22+00:00	406-3576416-4929140	1460553	B0BYVHGR5H	X001WPZI9N	Cubelelo Drift 2x2, 3x3 & Pyraminx Cube Combo (Stickerless) | Ideal for Kids Above 3 4 5 6 Years Old Boys Girls | 3 in 1 Speedcube Gift Set | High Speed Puzzle 3x3x3 2x2x2 Pyramid Triangle	1	DEL2	SELLABLE	UNDELIVERABLE_REFUSED	LPNDEL2R83043307	
2026-04-22T11:42:52+00:00	404-8120292-8696310	1030603	B0DRVMTFN1	X0027JJ8K3	Cubelelo Drift 3M v3 3x3 (Magnetic UV Coated) Speedcube - New Version | Premium Glossy Finish, Ultra Fast & Smooth Turns, Enhanced Auto-Alignment with 48 Magnets | Puzzle Cube for Kids & Adults	1	BLR5	SELLABLE	UNDELIVERABLE_UNKNOWN	LPNBLR5P3004374	
2026-04-22T11:40:25+00:00	406-5403960-7368361	1040300	B09HH8XQ14	X001G4QY25	Cubelelo Drift 4x4 (Black) Speedcube | Challenging Brain Teaser Puzzle Toy for Kids 7-14 Years Old Boys Girls & Adults All Ages | Fast Speed Cube for Intermediate and Advanced Cubers	1	DEL2	CUSTOMER_DAMAGED	DAMAGED_BY_FC	LPNDEL2R83043343	
2026-04-22T11:35:28+00:00	404-2717956-9803519	1030603	B0DRVMTFN1	X0027JJ8K3	Cubelelo Drift 3M v3 3x3 (Magnetic UV Coated) Speedcube - New Version | Premium Glossy Finish, Ultra Fast & Smooth Turns, Enhanced Auto-Alignment with 48 Magnets | Puzzle Cube for Kids & Adults	1	BLR8	SELLABLE	UNDELIVERABLE_REFUSED	LPNBLR8Z3571226	
2026-04-22T11:27:13+00:00	405-1531315-8410710	1030300_EAN	B0FBMGT6V7	X002C88WLZ	Cubelelo Drift Explorer 3x3 Speed Cube | Best Starter Speedcube for Beginners | Perfect Brain Teaser for Kids Ages 4 to14 Years Old & Above Boys Girls Children | Smooth Turning Puzzle Toy for Adults	1	DEL2	SELLABLE	UNDELIVERABLE_REFUSED	LPNDEL2R82937887	
2026-04-22T11:25:16+00:00	403-0338905-5838701	1120100	B08LBGYZ51	X0019BU32H	Cubelelo Drift 3x3 Mirror (Silver) Magic Speed Cube | Shape Shifter Speedcube with Durable Stickers | Advanced 3x3x3 Puzzle Toy for Kids Ages 7-14 Boys Girls & Adults | Collector's Item	1	BLR5	SELLABLE	UNDELIVERABLE_REFUSED	LPNBLR5P4957610	
2026-04-22T10:48:47+00:00	407-2743713-8467509	1030400	B07XPNC385	X0012WM1NR	Cubelelo Drift 3x3 Black Speedcube | Beginner Cube for Kids & Adults | Magic Speed Stress Buster Brainstorming Puzzle (Multicolor) | Anti-Pop Technology | Smooth Turning | Durable	1	BOM4	SELLABLE	UNDELIVERABLE_REFUSED	LPNBOM4N37949242	
2026-04-22T10:42:08+00:00	407-8440840-1202760	1120034	B08998HB2Y	X0016NVO3P	Cubelelo Drift Mirror Blue Magic Cube Brainstorming Stressbuster Speedcube Puzzle	1	DEL2	CUSTOMER_DAMAGED	DEFECTIVE	LPNDEL2R82180953	
2026-04-22T10:25:47+00:00	403-0425715-4153158	1630202	B09B7PNSTV	X001ETHG47	Cubelelo Drift Infinity Cube (Blue) | Magic Puzzle Cool Mini Gadget for Stress and Anxiety Relief for Kids and Adults | Desk Finger Flip Toy for Fun and Game | for Ages 3 Years and Above	1	CCX1	SELLABLE	UNDELIVERABLE_REFUSED	LPNCCX1B1296377	
2026-04-22T09:32:15+00:00	402-5035838-2110716	1030604	B0DRVQVFJB	X0027JJHDB	Cubelelo Drift 3M v3 3x3 Magnetic Speedcube (Standard) | Latest Version with New & Improved Internal Structure for Smooth Turns & Stability | Cube Toy for 6-10 Years Old Boys Girls Adults	1	DEL2	SELLABLE	UNDELIVERABLE_REFUSED	LPNDEL2R82428924	
2026-04-22T09:20:58+00:00	406-9901518-0169932	TB03001	B0FQVDNZ3K	X002EI0VUX	TinkerBox Object Permanence Box | 6+ Months | Montessori Wooden Toy for Babies & Toddlers | Early Learning Puzzle for Hand-Eye Coordination & Cause-and-Effect | Safe & Durable Baby Toy	1	DEL2	SELLABLE	DEFECTIVE	LPNBLR5P1566325	
2026-04-22T09:20:41+00:00	404-0569105-8793956	1630222	B0GH18NXXG	X002HPDYRF	Cubelelo Drift Magnetic Tangram Puzzle | with Strong Magnets, Wooden Pieces & Bold Colors | Toys for 5-10 Years Old Boys Girls & Adults | Travel Friendly, Educational Toy for Return & Birthday Gifts	1	BLR5	SELLABLE	UNDELIVERABLE_UNKNOWN	LPNBLR5R2896146	
2026-04-22T08:44:57+00:00	405-8661487-3821919	1030700_EAN	B0BRXJ9Q4G	X001P8LWWT	Cubelelo Drift 3M Plus v2 3x3 (Magnetic) Cube | New Upgraded Version Based on MoYu RS3M v5 | Dual-Adjustment System | Premium Speedcube for Kids Boys Girls Ages 4+ Year Old & Adults	1	CCX1	SELLABLE	UNDELIVERABLE_REFUSED	LPNCCX1B1308726	
2026-04-22T08:37:46+00:00	408-7537377-0781907	1030300_EAN	B0FBMGT6V7	X002C88WLZ	Cubelelo Drift Explorer 3x3 Speed Cube | Best Starter Speedcube for Beginners | Perfect Brain Teaser for Kids Ages 4 to14 Years Old & Above Boys Girls Children | Smooth Turning Puzzle Toy for Adults	1	DEL2	SELLABLE	DEFECTIVE	LPNDEL2R81320753	
2026-04-22T08:36:55+00:00	406-8997440-5902731	1630202	B09B7PNSTV	X001ETHG47	Cubelelo Drift Infinity Cube (Blue) | Magic Puzzle Cool Mini Gadget for Stress and Anxiety Relief for Kids and Adults | Desk Finger Flip Toy for Fun and Game | for Ages 3 Years and Above	1	DEL2	SELLABLE	UNDELIVERABLE_REFUSED	LPNDEL2R82612179	
2026-04-22T08:36:50+00:00	171-8099211-0069161	1460553	B0BYVHGR5H	X001WPZI9N	Cubelelo Drift 2x2, 3x3 & Pyraminx Cube Combo (Stickerless) | Ideal for Kids Above 3 4 5 6 Years Old Boys Girls | 3 in 1 Speedcube Gift Set | High Speed Puzzle 3x3x3 2x2x2 Pyramid Triangle	1	CCX2	SELLABLE	UNDELIVERABLE_REFUSED	LPNCCX1A8678443	
2026-04-22T08:31:42+00:00	404-5554798-7667538	1280100a	B09QYW9DYC	X001LHLHUV	Cubelelo Drift Pyraminx Puzzle Speedcube | Beginner Starter Cube for Kids 3+ Year Old & Above | Triangle Pyramid Shape Stickerless 3x3 Cubes Toy | Ideal for Boys Girls Children 4 5 6+ Years & Adults	1	DEL2	CARRIER_DAMAGED	DEFECTIVE	LPNDEL2R82180823	
2026-04-22T08:21:06+00:00	408-3407469-6009132	1030300_EAN	B0FBMGT6V7	X002C88WLZ	Cubelelo Drift Explorer 3x3 Speed Cube | Best Starter Speedcube for Beginners | Perfect Brain Teaser for Kids Ages 4 to14 Years Old & Above Boys Girls Children | Smooth Turning Puzzle Toy for Adults	1	DEL2	SELLABLE	UNDELIVERABLE_REFUSED	LPNDEL2R82330789	
2026-04-22T08:10:00+00:00	403-6433086-1920337	1630222	B0GH18NXXG	X002HPDYRF	Cubelelo Drift Magnetic Tangram Puzzle | with Strong Magnets, Wooden Pieces & Bold Colors | Toys for 5-10 Years Old Boys Girls & Adults | Travel Friendly, Educational Toy for Return & Birthday Gifts	1	DEL2	SELLABLE	UNDELIVERABLE_REFUSED	LPNDEL2R81784607	
2026-04-22T08:08:11+00:00	403-8940353-6568332	1630202	B09B7PNSTV	X001ETHG47	Cubelelo Drift Infinity Cube (Blue) | Magic Puzzle Cool Mini Gadget for Stress and Anxiety Relief for Kids and Adults | Desk Finger Flip Toy for Fun and Game | for Ages 3 Years and Above	1	BLR5	SELLABLE	UNDELIVERABLE_REFUSED	LPNBLR5P4962260	
2026-04-22T07:57:09+00:00	171-0434636-2333124	1460553	B0BYVHGR5H	X001WPZI9N	Cubelelo Drift 2x2, 3x3 & Pyraminx Cube Combo (Stickerless) | Ideal for Kids Above 3 4 5 6 Years Old Boys Girls | 3 in 1 Speedcube Gift Set | High Speed Puzzle 3x3x3 2x2x2 Pyramid Triangle	1	BLR5	SELLABLE	UNDELIVERABLE_REFUSED	LPNBLR5P5029265	
2026-04-22T07:47:02+00:00	408-8880628-5975529	1030300_EAN	B0FBMGT6V7	X002C88WLZ	Cubelelo Drift Explorer 3x3 Speed Cube | Best Starter Speedcube for Beginners | Perfect Brain Teaser for Kids Ages 4 to14 Years Old & Above Boys Girls Children | Smooth Turning Puzzle Toy for Adults	1	BOM4	CUSTOMER_DAMAGED	MISSING_PARTS	LPNBOM4N39334114	
2026-04-22T07:31:05+00:00	403-1217498-1893962	1030651	B0DJQWJFSX	X0025EZ04D	Cubelelo Drift 3M Plus v2 3x3 (Magnetic) (New Upgraded Version) | Based on MoYu RS3M v5 | Dual-Adjustment System | Speedcube for Kids & Adults | Magic Speedy Stress Buster Brainstorming Puzzle	1	BOM4	SELLABLE	UNDELIVERABLE_REFUSED	LPNBOM4N37949039	
2026-04-22T07:15:13+00:00	403-4882215-1326700	1030603	B0DRVMTFN1	X0027JJ8K3	Cubelelo Drift 3M v3 3x3 (Magnetic UV Coated) Speedcube - New Version | Premium Glossy Finish, Ultra Fast & Smooth Turns, Enhanced Auto-Alignment with 48 Magnets | Puzzle Cube for Kids & Adults	1	CCX2	SELLABLE	DEFECTIVE	LPNCCX2B2606788	
2026-04-22T06:59:29+00:00	406-4171796-3235565	1030604	B0DRVQVFJB	X0027JJHDB	Cubelelo Drift 3M v3 3x3 Magnetic Speedcube (Standard) | Latest Version with New & Improved Internal Structure for Smooth Turns & Stability | Cube Toy for 6-10 Years Old Boys Girls Adults	1	CCX2	SELLABLE	UNDELIVERABLE_REFUSED	LPNCCX2B1078252	
2026-04-22T06:55:03+00:00	407-9590543-3739500	1030300_EAN	B0FBMGT6V7	X002C88WLZ	Cubelelo Drift Explorer 3x3 Speed Cube | Best Starter Speedcube for Beginners | Perfect Brain Teaser for Kids Ages 4 to14 Years Old & Above Boys Girls Children | Smooth Turning Puzzle Toy for Adults	1	BOM4	SELLABLE	UNDELIVERABLE_REFUSED	LPNBOM4N39277202	
2026-04-22T06:41:27+00:00	171-0032896-2679525	1460510	B0BZL11XWC	X001VW450P	Cubelelo Drift 4x4, 5x5 Premium Gift Box | 2-in-1 Puzzle Game Set | Challenge, Thrice The Fun | Ultimate Value Saver Combo | Brainstoming Toy for Children Kids & Adults	1	CCX1	SELLABLE	DEFECTIVE	LPNCCX1B1509792	
2026-04-22T06:22:30+00:00	406-2171091-7365150	1030500	B08H88N2N9	X0018CDFL3	Cubelelo Drift Warrior 3x3 Stickerless Cube | Beginner Speedcube for Kids Boys Girls Above 3 4 5 6 Years Old & Above | Magic Puzzle Toy | Durable & Smooth Cube with Anti-Pop Design 3 3	1	DEL5	SELLABLE	UNDELIVERABLE_REFUSED	LPNDEL5S13829565	
2026-04-22T05:20:40+00:00	404-9564837-3809115	1030500	B08H88N2N9	X0018CDFL3	Cubelelo Drift Warrior 3x3 Stickerless Cube | Beginner Speedcube for Kids Boys Girls Above 3 4 5 6 Years Old & Above | Magic Puzzle Toy | Durable & Smooth Cube with Anti-Pop Design 3 3	1	CCX1	SELLABLE	UNDELIVERABLE_REFUSED	LPNCCX1B4059084	
2026-04-22T05:12:57+00:00	408-3220903-2465939	1030604	B0DRVQVFJB	X0027JJHDB	Cubelelo Drift 3M v3 3x3 Magnetic Speedcube (Standard) | Latest Version with New & Improved Internal Structure for Smooth Turns & Stability | Cube Toy for 6-10 Years Old Boys Girls Adults	1	BLR5	SELLABLE	UNDELIVERABLE_REFUSED	LPNBLR5R2599318	
2026-04-22T05:11:58+00:00	408-4574725-3916348	1030400	B07XPNC385	X0012WM1NR	Cubelelo Drift 3x3 Black Speedcube | Beginner Cube for Kids & Adults | Magic Speed Stress Buster Brainstorming Puzzle (Multicolor) | Anti-Pop Technology | Smooth Turning | Durable	1	DEL2	DEFECTIVE	DAMAGED_BY_FC	LPNDEL2R81839992	It&#39;s torn from side
2026-04-22T05:04:55+00:00	405-2539337-1783536	1030400	B07XPNC385	X0012WM1NR	Cubelelo Drift 3x3 Black Speedcube | Beginner Cube for Kids & Adults | Magic Speed Stress Buster Brainstorming Puzzle (Multicolor) | Anti-Pop Technology | Smooth Turning | Durable	1	DEL2	SELLABLE	UNDELIVERABLE_REFUSED	LPNDEL2R81316312	
2026-04-22T04:55:35+00:00	407-1168887-9264364	1060600	B09WHY3DPP	X001JJ1BL1	Cubelelo Drift 6M 6x6 (Magnetic) Stickerless Speedcube Magic Puzzle Toy for Kids & Adults Speedy Stress Buster Brainstorming Cube	1	BLR5	SELLABLE	DEFECTIVE	LPNBLR5P2071436	
2026-04-22T04:40:38+00:00	405-1679825-5372368	TB01004	B0FQP635YZ	X002EGWVQH	TinkerBox Mobile Hanging | 0+ Months | Montessori Wooden Crib Toy for Newborns & Babies | Early Visual Stimulation & Sensory Development | Safe & Durable Hanging Room Decoration Toy	1	BLR5	CARRIER_DAMAGED	UNWANTED_ITEM	LPNBLR5P1400448	
2026-04-22T04:36:08+00:00	403-7299952-7138705	1030500	B08H88N2N9	X0018CDFL3	Cubelelo Drift Warrior 3x3 Stickerless Cube | Beginner Speedcube for Kids Boys Girls Above 3 4 5 6 Years Old & Above | Magic Puzzle Toy | Durable & Smooth Cube with Anti-Pop Design 3 3	1	BOM5	SELLABLE	UNDELIVERABLE_UNKNOWN	LPNBOM5F5088887	
2026-04-22T04:35:08+00:00	406-3558320-4911563	1030604	B0DRVQVFJB	X0027JJHDB	Cubelelo Drift 3M v3 3x3 Magnetic Speedcube (Standard) | Latest Version with New & Improved Internal Structure for Smooth Turns & Stability | Cube Toy for 6-10 Years Old Boys Girls Adults	1	DEL2	SELLABLE	UNDELIVERABLE_REFUSED	LPNDEL2R82939429	
2026-04-22T04:33:02+00:00	408-1293439-9576357	1280100a	B09QYW9DYC	X001LHLHUV	Cubelelo Drift Pyraminx Puzzle Speedcube | Beginner Starter Cube for Kids 3+ Year Old & Above | Triangle Pyramid Shape Stickerless 3x3 Cubes Toy | Ideal for Boys Girls Children 4 5 6+ Years & Adults	1	DEL2	CARRIER_DAMAGED	DEFECTIVE	LPNDEL2R78671879	
2026-04-22T04:17:28+00:00	406-1513993-0454754	1460503	B08XK4V59M	X001VFXJDV	Cubelelo Drift 2x2, 3x3 & 4x4 Premium Gift Box | 3-in-1 Puzzle Game Set | Triple the Challenge, Thrice the Fun | Ultimate Value Saver Combo | Brainstoming Toy for Children Kids & Adults	1	BOM4	SELLABLE	UNDELIVERABLE_REFUSED	LPNBOM4N39102667	
2026-04-22T04:17:28+00:00	406-6927470-4996346	1460503	B08XK4V59M	X001VFXJDV	Cubelelo Drift 2x2, 3x3 & 4x4 Premium Gift Box | 3-in-1 Puzzle Game Set | Triple the Challenge, Thrice the Fun | Ultimate Value Saver Combo | Brainstoming Toy for Children Kids & Adults	1	BOM4	SELLABLE	UNDELIVERABLE_REFUSED	LPNBOM4N39102668	
2026-04-22T04:15:56+00:00	402-8342647-0813169	1030604	B0DRVQVFJB	X0027JJHDB	Cubelelo Drift 3M v3 3x3 Magnetic Speedcube (Standard) | Latest Version with New & Improved Internal Structure for Smooth Turns & Stability | Cube Toy for 6-10 Years Old Boys Girls Adults	1	DEL2	SELLABLE	UNDELIVERABLE_REFUSED	LPNDEL2R82015717	
2026-04-22T04:13:39+00:00	171-3080190-7855512	1630210	B09HH8CC7Y	X00262W227	Cubelelo Drift Number Sliding Magnetic Puzzle 4x4 | Toys For 6-10 Years Old Boys & Girls | 15-Blocks Brain Teaser Puzzle Game for Kids | Educational, Learning, Activity Toy for Return & Birthday Gifts	1	BLR5	DEFECTIVE	DAMAGED_BY_FC	LPNBLR5P3041140	Product has a crack at he bottom, possibly damaged during shipping
2026-04-22T04:08:39+00:00	404-3682945-1353916	1030604	B0DRVQVFJB	X0027JJHDB	Cubelelo Drift 3M v3 3x3 Magnetic Speedcube (Standard) | Latest Version with New & Improved Internal Structure for Smooth Turns & Stability | Cube Toy for 6-10 Years Old Boys Girls Adults	1	DEL2	SELLABLE	DEFECTIVE	LPNDEL2R82942216	
2026-04-22T04:03:37+00:00	408-4523596-1513919	1630210	B09HH8CC7Y	X00262W227	Cubelelo Drift Number Sliding Magnetic Puzzle 4x4 | Toys For 6-10 Years Old Boys & Girls | 15-Blocks Brain Teaser Puzzle Game for Kids | Educational, Learning, Activity Toy for Return & Birthday Gifts	1	BLR5	CUSTOMER_DAMAGED	DEFECTIVE	LPNBLR5P4716171	
2026-04-22T03:50:26+00:00	171-0508460-3597957	1030400	B07XPNC385	X0012WM1NR	Cubelelo Drift 3x3 Black Speedcube | Beginner Cube for Kids & Adults | Magic Speed Stress Buster Brainstorming Puzzle (Multicolor) | Anti-Pop Technology | Smooth Turning | Durable	1	BLR5	SELLABLE	UNDELIVERABLE_REFUSED	LPNBLR5R2955700	
2026-04-22T03:44:17+00:00	406-3262179-4246709	1030300_EAN	B0FBMGT6V7	X002C88WLZ	Cubelelo Drift Explorer 3x3 Speed Cube | Best Starter Speedcube for Beginners | Perfect Brain Teaser for Kids Ages 4 to14 Years Old & Above Boys Girls Children | Smooth Turning Puzzle Toy for Adults	1	BLR5	SELLABLE	DEFECTIVE	LPNBLR5P1377499	
2026-04-22T03:41:51+00:00	403-1848649-6863556	1030651	B0DJQWJFSX	X0025EZ04D	Cubelelo Drift 3M Plus v2 3x3 (Magnetic) (New Upgraded Version) | Based on MoYu RS3M v5 | Dual-Adjustment System | Speedcube for Kids & Adults | Magic Speedy Stress Buster Brainstorming Puzzle	1	DEL2	SELLABLE	UNDELIVERABLE_REFUSED	LPNDEL2R83977448	
2026-04-22T03:26:50+00:00	403-3753706-0383511	1630210	B09HH8CC7Y	X00262W227	Cubelelo Drift Number Sliding Magnetic Puzzle 4x4 | Toys For 6-10 Years Old Boys & Girls | 15-Blocks Brain Teaser Puzzle Game for Kids | Educational, Learning, Activity Toy for Return & Birthday Gifts	1	BLR5	SELLABLE	UNDELIVERABLE_UNKNOWN	LPNBLR5P4957120	
2026-04-22T03:12:57+00:00	407-9301150-0836344	1030322	B07F1M6KCP	X000WRSIMB	Cubelelo Drift 3x3 Carbon Fiber Speed Cube Puzzle | Premium Multicolor Magic Cube for Kids & Adults | Stress Relief Brain Teaser with Smooth Turns & Durable Carbon Fiber Stickers	1	BOM7	SELLABLE	UNDELIVERABLE_REFUSED	LPNBOM7D19398682	
2026-04-22T03:12:28+00:00	408-3724336-6873940	1460553	B0BYVHGR5H	X001WPZI9N	Cubelelo Drift 2x2, 3x3 & Pyraminx Cube Combo (Stickerless) | Ideal for Kids Above 3 4 5 6 Years Old Boys Girls | 3 in 1 Speedcube Gift Set | High Speed Puzzle 3x3x3 2x2x2 Pyramid Triangle	1	BOM4	SELLABLE	UNDELIVERABLE_REFUSED	LPNBOM4N37472674	
2026-04-22T03:12:28+00:00	408-1734881-7661108	1460510	B0BZL11XWC	X001VW450P	Cubelelo Drift 4x4, 5x5 Premium Gift Box | 2-in-1 Puzzle Game Set | Challenge, Thrice The Fun | Ultimate Value Saver Combo | Brainstoming Toy for Children Kids & Adults	1	BOM4	SELLABLE	UNDELIVERABLE_REFUSED	LPNBOM4N37472673	
2026-04-21T21:28:38+00:00	407-2492726-1069945	1960100	B09B75WYR2	X001ESH40T	Cubelelo Drift Mini 3x3 Keychain | Magic Speed Cube Toy | Puzzle for Kids and Adults | Compact and Handy Multi Purpose Brain Teaser Game for Fun and Joy | for Ages 3 Years and Above	1	BLR5	SELLABLE	UNDELIVERABLE_REFUSED	LPNBLR5P1382801	
2026-04-21T19:21:49+00:00	408-6454225-7450722	1460501	B08XK25RRF	X001VLOAKL	Cubelelo Drift 2x2 & 3x3 Cube Gift Box Combo | 2-in-1 Puzzle Toy Game Set for Children Kids & Adults Ages 4 5 6 & Above | Double the Challenge, Twice the Fun | Ultimate Value Saver Combo	1	BLR5	SELLABLE	UNDELIVERABLE_UNKNOWN	LPNBLR5P4956926	
2026-04-21T17:48:09+00:00	404-8132915-0601135	1030604	B0DRVQVFJB	X0027JJHDB	Cubelelo Drift 3M v3 3x3 Magnetic Speedcube (Standard) | Latest Version with New & Improved Internal Structure for Smooth Turns & Stability | Cube Toy for 6-10 Years Old Boys Girls Adults	1	CCX1	SELLABLE	DEFECTIVE	LPNCCX1B4026586	
2026-04-21T17:44:48+00:00	408-0024508-8087553	1460553	B0BYVHGR5H	X001WPZI9N	Cubelelo Drift 2x2, 3x3 & Pyraminx Cube Combo (Stickerless) | Ideal for Kids Above 3 4 5 6 Years Old Boys Girls | 3 in 1 Speedcube Gift Set | High Speed Puzzle 3x3x3 2x2x2 Pyramid Triangle	1	BLR5	SELLABLE	UNDELIVERABLE_REFUSED	LPNBLR5P5386158	
2026-04-21T17:37:47+00:00	406-3803640-5673121	1030300_EAN	B0FBMGT6V7	X002C88WLZ	Cubelelo Drift Explorer 3x3 Speed Cube | Best Starter Speedcube for Beginners | Perfect Brain Teaser for Kids Ages 4 to14 Years Old & Above Boys Girls Children | Smooth Turning Puzzle Toy for Adults	1	BLR5	SELLABLE	UNDELIVERABLE_REFUSED	LPNBLR5R2926009	
2026-04-21T15:03:36+00:00	408-2509967-4322710	1030300_EAN	B0FBMGT6V7	X002C88WLZ	Cubelelo Drift Explorer 3x3 Speed Cube | Best Starter Speedcube for Beginners | Perfect Brain Teaser for Kids Ages 4 to14 Years Old & Above Boys Girls Children | Smooth Turning Puzzle Toy for Adults	1	CCX1	CUSTOMER_DAMAGED	SWITCHEROO	LPNCCX1B1293657	
2026-04-21T13:22:21+00:00	408-3810077-0745947	1120038a	B0FHW9DQ29	X002CWQDK3	Cubelelo Drift Mirror 3x3 (Tiled - Colored) Speed Cube | No Stickers, Premium Finish with Smooth Turning Speedcube for Kids and Adults	1	BLR5	SELLABLE	NO_REASON_GIVEN	LPNBLR5R2925688	
2026-04-21T12:55:17+00:00	406-1626225-3417941	1030604	B0DRVQVFJB	X0027JJHDB	Cubelelo Drift 3M v3 3x3 Magnetic Speedcube (Standard) | Latest Version with New & Improved Internal Structure for Smooth Turns & Stability | Cube Toy for 6-10 Years Old Boys Girls Adults	1	BLR5	SELLABLE	UNDELIVERABLE_REFUSED	LPNBLR5R2950162	
2026-04-21T12:33:17+00:00	171-0788920-5274731	CLB0214	B0CW1R5ZBW	X001YQVCLD	Cubelelo Drift Infinity Cube Combo (Pack of 2 - Blue & Green) | Stress Relief Fidget Toy for Focus & Anxiety Reduction | Portable Pocket-Sized Desk Gadget for All Age	1	DEL2	SELLABLE	UNDELIVERABLE_REFUSED	LPNDEL2R81345894	
2026-04-21T11:37:14+00:00	408-2331275-9769121	1460521	B0CGNW2MFJ	X001VZFQYB	Cubelelo Drift Square-1 & Skewb Gift Box | Explore the new Dimension of Uniquely Shaped Puzzles | 2 in 1 Combo Pack of Dual Challenge Delight | Brainstoming Game Toy for Children Kids & Adults	1	DEL2	SELLABLE	MISSING_PARTS	LPNDEL2R81959599	Tutorials not found
2026-04-21T11:14:21+00:00	171-4270398-8129909	1030300_EAN	B0FBMGT6V7	X002C88WLZ	Cubelelo Drift Explorer 3x3 Speed Cube | Best Starter Speedcube for Beginners | Perfect Brain Teaser for Kids Ages 4 to14 Years Old & Above Boys Girls Children | Smooth Turning Puzzle Toy for Adults	1	DEL2	SELLABLE	UNWANTED_ITEM	LPNDEL2R82430431	
2026-04-21T10:49:57+00:00	171-3661061-5120317	1030604	B0DRVQVFJB	X0027JJHDB	Cubelelo Drift 3M v3 3x3 Magnetic Speedcube (Standard) | Latest Version with New & Improved Internal Structure for Smooth Turns & Stability | Cube Toy for 6-10 Years Old Boys Girls Adults	1	BLR5	SELLABLE	UNDELIVERABLE_REFUSED	LPNBLR5P5028590	
2026-04-21T09:52:09+00:00	407-5631345-2865941	1040300	B09HH8XQ14	X001G4QY25	Cubelelo Drift 4x4 (Black) Speedcube | Challenging Brain Teaser Puzzle Toy for Kids 7-14 Years Old Boys Girls & Adults All Ages | Fast Speed Cube for Intermediate and Advanced Cubers	1	BLR8	SELLABLE	UNDELIVERABLE_UNKNOWN	LPNBLR8Z5266313	
2026-04-21T09:43:31+00:00	408-1293439-9576357	1040300	B09HH8XQ14	X001G4QY25	Cubelelo Drift 4x4 (Black) Speedcube | Challenging Brain Teaser Puzzle Toy for Kids 7-14 Years Old Boys Girls & Adults All Ages | Fast Speed Cube for Intermediate and Advanced Cubers	1	DEL2	CUSTOMER_DAMAGED	DEFECTIVE	LPNDEL2R81971990	
2026-04-21T09:40:19+00:00	402-6669359-0602764	1630222	B0GH18NXXG	X002HPDYRF	Cubelelo Drift Magnetic Tangram Puzzle | with Strong Magnets, Wooden Pieces & Bold Colors | Toys for 5-10 Years Old Boys Girls & Adults | Travel Friendly, Educational Toy for Return & Birthday Gifts	1	BLR8	SELLABLE	UNDELIVERABLE_UNKNOWN	LPNBLR8Z3506240	
2026-04-21T09:18:05+00:00	403-2840876-1065162	1120100	B08LBGYZ51	X0019BU32H	Cubelelo Drift 3x3 Mirror (Silver) Magic Speed Cube | Shape Shifter Speedcube with Durable Stickers | Advanced 3x3x3 Puzzle Toy for Kids Ages 7-14 Boys Girls & Adults | Collector's Item	1	CCX1	SELLABLE	UNDELIVERABLE_REFUSED	LPNCCX1B1303245	
2026-04-21T09:16:23+00:00	405-8491369-5858740	1030604	B0DRVQVFJB	X0027JJHDB	Cubelelo Drift 3M v3 3x3 Magnetic Speedcube (Standard) | Latest Version with New & Improved Internal Structure for Smooth Turns & Stability | Cube Toy for 6-10 Years Old Boys Girls Adults	1	CCX1	SELLABLE	UNDELIVERABLE_UNKNOWN	LPNCCX1B1293802	
2026-04-21T09:08:53+00:00	407-4621275-9957906	1280100a	B09QYW9DYC	X001LHLHUV	Cubelelo Drift Pyraminx Puzzle Speedcube | Beginner Starter Cube for Kids 3+ Year Old & Above | Triangle Pyramid Shape Stickerless 3x3 Cubes Toy | Ideal for Boys Girls Children 4 5 6+ Years & Adults	1	BLR5	CARRIER_DAMAGED	DEFECTIVE	LPNBLR5P2845287	
2026-04-21T08:42:24+00:00	408-9281053-4668311	1630222	B0GH18NXXG	X002HPDYRF	Cubelelo Drift Magnetic Tangram Puzzle | with Strong Magnets, Wooden Pieces & Bold Colors | Toys for 5-10 Years Old Boys Girls & Adults | Travel Friendly, Educational Toy for Return & Birthday Gifts	1	BLR5	SELLABLE	NO_REASON_GIVEN	LPNBLR5P1711825	
2026-04-21T08:38:07+00:00	404-3970370-1095501	1030651	B0DJQWJFSX	X0025EZ04D	Cubelelo Drift 3M Plus v2 3x3 (Magnetic) (New Upgraded Version) | Based on MoYu RS3M v5 | Dual-Adjustment System | Speedcube for Kids & Adults | Magic Speedy Stress Buster Brainstorming Puzzle	1	DEL2	SELLABLE	DEFECTIVE	LPNDEL2R82068701	
2026-04-21T08:28:04+00:00	404-7596404-0966731	1030400	B07XPNC385	X0012WM1NR	Cubelelo Drift 3x3 Black Speedcube | Beginner Cube for Kids & Adults | Magic Speed Stress Buster Brainstorming Puzzle (Multicolor) | Anti-Pop Technology | Smooth Turning | Durable	1	BLR5	SELLABLE	UNDELIVERABLE_REFUSED	LPNBLR5P2082818	
2026-04-21T08:02:25+00:00	406-0156960-9146729	1030604	B0DRVQVFJB	X0027JJHDB	Cubelelo Drift 3M v3 3x3 Magnetic Speedcube (Standard) | Latest Version with New & Improved Internal Structure for Smooth Turns & Stability | Cube Toy for 6-10 Years Old Boys Girls Adults	1	DEL2	SELLABLE	UNDELIVERABLE_REFUSED	LPNDEL2R82200433	
2026-04-21T07:58:31+00:00	405-1172611-3294709	1630210	B09HH8CC7Y	X00262W227	Cubelelo Drift Number Sliding Magnetic Puzzle 4x4 | Toys For 6-10 Years Old Boys & Girls | 15-Blocks Brain Teaser Puzzle Game for Kids | Educational, Learning, Activity Toy for Return & Birthday Gifts	1	BOM4	SELLABLE	UNDELIVERABLE_REFUSED	LPNBOM4N39206777	
2026-04-21T07:50:34+00:00	404-9011086-2788313	1030603	B0DRVMTFN1	X0027JJ8K3	Cubelelo Drift 3M v3 3x3 (Magnetic UV Coated) Speedcube - New Version | Premium Glossy Finish, Ultra Fast & Smooth Turns, Enhanced Auto-Alignment with 48 Magnets | Puzzle Cube for Kids & Adults	1	BOM4	SELLABLE	UNDELIVERABLE_REFUSED	LPNBOM4N39126020	
2026-04-21T07:12:35+00:00	171-2984875-8061932	1030300_EAN	B0FBMGT6V7	X002C88WLZ	Cubelelo Drift Explorer 3x3 Speed Cube | Best Starter Speedcube for Beginners | Perfect Brain Teaser for Kids Ages 4 to14 Years Old & Above Boys Girls Children | Smooth Turning Puzzle Toy for Adults	1	BOM4	SELLABLE	DEFECTIVE	LPNBOM4N39145512	
2026-04-21T07:08:46+00:00	405-2352296-5861154	1630202	B09B7PNSTV	X001ETHG47	Cubelelo Drift Infinity Cube (Blue) | Magic Puzzle Cool Mini Gadget for Stress and Anxiety Relief for Kids and Adults | Desk Finger Flip Toy for Fun and Game | for Ages 3 Years and Above	1	CCX1	SELLABLE	UNDELIVERABLE_UNKNOWN	LPNCCX1B1521644	
2026-04-21T07:07:35+00:00	407-6608961-3916330	1630202	B09B7PNSTV	X001ETHG47	Cubelelo Drift Infinity Cube (Blue) | Magic Puzzle Cool Mini Gadget for Stress and Anxiety Relief for Kids and Adults | Desk Finger Flip Toy for Fun and Game | for Ages 3 Years and Above	1	CCX1	SELLABLE	UNDELIVERABLE_UNKNOWN	LPNCCX1B1521642	
2026-04-21T06:46:41+00:00	404-1845189-0146724	4001001a	B0CJBLTM11	X001VD95XL	Cubelelo Drift Daily Calendar Puzzle | A-Puzzle-A-Day | Wooden Challenging Tangram Puzzle Toys for Adults and Kids | Compact, Travel Friendly Toy for Return & Birthday Gifts	1	BOM4	CUSTOMER_DAMAGED	QUALITY_UNACCEPTABLE	LPNBOM4N39054368	
2026-04-21T06:40:59+00:00	407-3884411-5561943	1630210	B09HH8CC7Y	X00262W227	Cubelelo Drift Number Sliding Magnetic Puzzle 4x4 | Toys For 6-10 Years Old Boys & Girls | 15-Blocks Brain Teaser Puzzle Game for Kids | Educational, Learning, Activity Toy for Return & Birthday Gifts	1	BOM7	SELLABLE	UNDELIVERABLE_UNKNOWN	LPNBOM7D19651109	
2026-04-21T06:40:31+00:00	407-2750320-6094708	1630202	B09B7PNSTV	X001ETHG47	Cubelelo Drift Infinity Cube (Blue) | Magic Puzzle Cool Mini Gadget for Stress and Anxiety Relief for Kids and Adults | Desk Finger Flip Toy for Fun and Game | for Ages 3 Years and Above	1	CCX1	SELLABLE	UNDELIVERABLE_UNKNOWN	LPNCCX1B1521736	
2026-04-21T06:21:48+00:00	407-3408850-4029140	1030604	B0DRVQVFJB	X0027JJHDB	Cubelelo Drift 3M v3 3x3 Magnetic Speedcube (Standard) | Latest Version with New & Improved Internal Structure for Smooth Turns & Stability | Cube Toy for 6-10 Years Old Boys Girls Adults	1	BOM4	SELLABLE	SWITCHEROO	LPNBOM4N38507796	So I have ordered the magnetic cube but in this cube  don’t see any magnet, so please check and sent the right product
2026-04-21T06:19:40+00:00	402-5515626-3182750	1630202	B09B7PNSTV	X001ETHG47	Cubelelo Drift Infinity Cube (Blue) | Magic Puzzle Cool Mini Gadget for Stress and Anxiety Relief for Kids and Adults | Desk Finger Flip Toy for Fun and Game | for Ages 3 Years and Above	1	CCX1	SELLABLE	UNDELIVERABLE_UNKNOWN	LPNCCX1B1505796	
2026-04-21T06:18:16+00:00	405-5502681-4186729	1460501	B08XK25RRF	X001VLOAKL	Cubelelo Drift 2x2 & 3x3 Cube Gift Box Combo | 2-in-1 Puzzle Toy Game Set for Children Kids & Adults Ages 4 5 6 & Above | Double the Challenge, Twice the Fun | Ultimate Value Saver Combo	1	CCX1	SELLABLE	UNDELIVERABLE_UNKNOWN	LPNCCX1B1337031	
2026-04-21T06:00:45+00:00	403-8305490-8060331	1030300_EAN	B0FBMGT6V7	X002C88WLZ	Cubelelo Drift Explorer 3x3 Speed Cube | Best Starter Speedcube for Beginners | Perfect Brain Teaser for Kids Ages 4 to14 Years Old & Above Boys Girls Children | Smooth Turning Puzzle Toy for Adults	1	DEL2	SELLABLE	UNDELIVERABLE_REFUSED	LPNDEL2R82163797	
2026-04-21T05:42:44+00:00	407-1743936-2176346	1030604	B0DRVQVFJB	X0027JJHDB	Cubelelo Drift 3M v3 3x3 Magnetic Speedcube (Standard) | Latest Version with New & Improved Internal Structure for Smooth Turns & Stability | Cube Toy for 6-10 Years Old Boys Girls Adults	1	BLR5	SELLABLE	UNDELIVERABLE_REFUSED	LPNBLR5R2598709	
2026-04-21T05:30:16+00:00	405-0985409-0362757	1030300_EAN	B0FBMGT6V7	X002C88WLZ	Cubelelo Drift Explorer 3x3 Speed Cube | Best Starter Speedcube for Beginners | Perfect Brain Teaser for Kids Ages 4 to14 Years Old & Above Boys Girls Children | Smooth Turning Puzzle Toy for Adults	1	BLR5	SELLABLE	UNDELIVERABLE_UNKNOWN	LPNBLR5R2949703	
2026-04-21T05:12:32+00:00	408-9790842-9461131	1030604	B0DRVQVFJB	X0027JJHDB	Cubelelo Drift 3M v3 3x3 Magnetic Speedcube (Standard) | Latest Version with New & Improved Internal Structure for Smooth Turns & Stability | Cube Toy for 6-10 Years Old Boys Girls Adults	1	BOM4	CUSTOMER_DAMAGED	DEFECTIVE	LPNBOM4N39054307	
2026-04-21T04:38:22+00:00	408-9459284-4824336	1120100	B08LBGYZ51	X0019BU32H	Cubelelo Drift 3x3 Mirror (Silver) Magic Speed Cube | Shape Shifter Speedcube with Durable Stickers | Advanced 3x3x3 Puzzle Toy for Kids Ages 7-14 Boys Girls & Adults | Collector's Item	1	BOM4	SELLABLE	UNDELIVERABLE_REFUSED	LPNBOM4N39106350	
2026-04-21T04:15:10+00:00	408-5015173-3082731	1030604	B0DRVQVFJB	X0027JJHDB	Cubelelo Drift 3M v3 3x3 Magnetic Speedcube (Standard) | Latest Version with New & Improved Internal Structure for Smooth Turns & Stability | Cube Toy for 6-10 Years Old Boys Girls Adults	1	CCX1	SELLABLE	UNDELIVERABLE_REFUSED	LPNCCX1B1297275	
2026-04-21T04:11:07+00:00	408-2816064-7479503	1630222	B0GH18NXXG	X002HPDYRF	Cubelelo Drift Magnetic Tangram Puzzle | with Strong Magnets, Wooden Pieces & Bold Colors | Toys for 5-10 Years Old Boys Girls & Adults | Travel Friendly, Educational Toy for Return & Birthday Gifts	1	CCX1	SELLABLE	UNDELIVERABLE_REFUSED	LPNCCX1B1297271	
2026-04-21T03:37:01+00:00	404-4292195-8328354	1120039a	B0FHW6PLFC	X002CWQW2H	Cubelelo Drift Mirror 3x3 (Tiled-Blue) Speed Cube | No Stickers, Premium Finish with Smooth Turning Speedcube for Kids and Adults	1	BLR5	SELLABLE	UNDELIVERABLE_REFUSED	LPNBLR5R2602191	
2026-04-21T03:22:51+00:00	408-6629737-4374706	1030400	B07XPNC385	X0012WM1NR	Cubelelo Drift 3x3 Black Speedcube | Beginner Cube for Kids & Adults | Magic Speed Stress Buster Brainstorming Puzzle (Multicolor) | Anti-Pop Technology | Smooth Turning | Durable	1	DEL2	SELLABLE	UNDELIVERABLE_REFUSED	LPNDEL2R82328464	
2026-04-20T22:54:36+00:00	403-4452346-1066737	1030300_EAN	B0FBMGT6V7	X002C88WLZ	Cubelelo Drift Explorer 3x3 Speed Cube | Best Starter Speedcube for Beginners | Perfect Brain Teaser for Kids Ages 4 to14 Years Old & Above Boys Girls Children | Smooth Turning Puzzle Toy for Adults	1	BLR5	SELLABLE	UNDELIVERABLE_UNKNOWN	LPNBLR5P2848952	
2026-04-20T22:44:18+00:00	404-3960948-6547567	1030604	B0DRVQVFJB	X0027JJHDB	Cubelelo Drift 3M v3 3x3 Magnetic Speedcube (Standard) | Latest Version with New & Improved Internal Structure for Smooth Turns & Stability | Cube Toy for 6-10 Years Old Boys Girls Adults	1	BLR5	SELLABLE	UNDELIVERABLE_REFUSED	LPNBLR5P2561170	
2026-04-20T21:27:08+00:00	408-3492890-2498768	1030300_EAN	B0FBMGT6V7	X002C88WLZ	Cubelelo Drift Explorer 3x3 Speed Cube | Best Starter Speedcube for Beginners | Perfect Brain Teaser for Kids Ages 4 to14 Years Old & Above Boys Girls Children | Smooth Turning Puzzle Toy for Adults	1	BLR5	SELLABLE	UNDELIVERABLE_REFUSED	LPNBLR5P0430103	
2026-04-20T20:44:54+00:00	171-8707520-3825109	1030300_EAN	B0FBMGT6V7	X002C88WLZ	Cubelelo Drift Explorer 3x3 Speed Cube | Best Starter Speedcube for Beginners | Perfect Brain Teaser for Kids Ages 4 to14 Years Old & Above Boys Girls Children | Smooth Turning Puzzle Toy for Adults	1	CCX1	SELLABLE	UNDELIVERABLE_UNKNOWN	LPNCCX1b2797709	
2026-04-20T20:20:35+00:00	408-9017534-0005167	1120039	B0DRVW5BNS	X0027ISPWL	Cubelelo Drift 3x3 Mirror Blue (Tiled) Speed Cube | New Blue Version Looks Stunning with Buttery Smooth Turns | Ideal for Kids Above 5 6 Years Old Boys Girls | 3x3x3 Shape-Shifting Design Puzzle Toy	1	BLR5	SELLABLE	UNDELIVERABLE_REFUSED	LPNBLR5P2561006	
2026-04-20T18:13:41+00:00	408-3629607-4626758	1030300_EAN	B0FBMGT6V7	X002C88WLZ	Cubelelo Drift Explorer 3x3 Speed Cube | Best Starter Speedcube for Beginners | Perfect Brain Teaser for Kids Ages 4 to14 Years Old & Above Boys Girls Children | Smooth Turning Puzzle Toy for Adults	1	BLR5	SELLABLE	UNDELIVERABLE_REFUSED	LPNBLR5Q9622713	
2026-04-20T16:14:04+00:00	407-3999309-8842765	1630210	B09HH8CC7Y	X00262W227	Cubelelo Drift Number Sliding Magnetic Puzzle 4x4 | Toys For 6-10 Years Old Boys & Girls | 15-Blocks Brain Teaser Puzzle Game for Kids | Educational, Learning, Activity Toy for Return & Birthday Gifts	1	CCX1	SELLABLE	UNDELIVERABLE_REFUSED	LPNCCX1B4026867	
2026-04-20T12:27:01+00:00	407-2439522-3764315	1120200	B08LKQHDBF	X001G4N1DP	Cubelelo Drift 3x3 Mirror (Golden) Speed Cube | Shape Shifter Magic Speedcube Puzzle Toys for 7-14 Year Old Boys Girls and Adults All Ages | Advanced 3x3 with Durable Stickers | Collector's Item	1	BOM7	SELLABLE	UNDELIVERABLE_UNKNOWN	LPNBOM7D19456957	
2026-04-20T12:22:30+00:00	403-8893934-4740305	1030300_EAN	B0FBMGT6V7	X002C88WLZ	Cubelelo Drift Explorer 3x3 Speed Cube | Best Starter Speedcube for Beginners | Perfect Brain Teaser for Kids Ages 4 to14 Years Old & Above Boys Girls Children | Smooth Turning Puzzle Toy for Adults	1	BOM4	SELLABLE	UNDELIVERABLE_UNKNOWN	LPNBOM4N39178833	
2026-04-20T12:16:59+00:00	402-8918915-3683521	1030604	B0DRVQVFJB	X0027JJHDB	Cubelelo Drift 3M v3 3x3 Magnetic Speedcube (Standard) | Latest Version with New & Improved Internal Structure for Smooth Turns & Stability | Cube Toy for 6-10 Years Old Boys Girls Adults	1	BOM4	SELLABLE	UNDELIVERABLE_REFUSED	LPNBOM4N39178820	
2026-04-20T12:14:44+00:00	402-5073588-3283522	1030300_EAN	B0FBMGT6V7	X002C88WLZ	Cubelelo Drift Explorer 3x3 Speed Cube | Best Starter Speedcube for Beginners | Perfect Brain Teaser for Kids Ages 4 to14 Years Old & Above Boys Girls Children | Smooth Turning Puzzle Toy for Adults	1	BLR8	SELLABLE	UNDELIVERABLE_UNKNOWN	LPNBLR8Z3539050	
2026-04-20T11:46:18+00:00	406-4113420-7446742	TB03001	B0FQVDNZ3K	X002EI0VUX	TinkerBox Object Permanence Box | 6+ Months | Montessori Wooden Toy for Babies & Toddlers | Early Learning Puzzle for Hand-Eye Coordination & Cause-and-Effect | Safe & Durable Baby Toy	1	BOM4	SELLABLE	UNDELIVERABLE_REFUSED	LPNBOM4N39234740	
2026-04-20T11:45:16+00:00	402-2362309-5919539	1030300_EAN	B0FBMGT6V7	X002C88WLZ	Cubelelo Drift Explorer 3x3 Speed Cube | Best Starter Speedcube for Beginners | Perfect Brain Teaser for Kids Ages 4 to14 Years Old & Above Boys Girls Children | Smooth Turning Puzzle Toy for Adults	1	DEL2	SELLABLE	UNDELIVERABLE_REFUSED	LPNDEL2R82117614	
2026-04-20T11:29:24+00:00	405-4945237-6620353	1630210	B09HH8CC7Y	X00262W227	Cubelelo Drift Number Sliding Magnetic Puzzle 4x4 | Toys For 6-10 Years Old Boys & Girls | 15-Blocks Brain Teaser Puzzle Game for Kids | Educational, Learning, Activity Toy for Return & Birthday Gifts	1	BLR5	SELLABLE	MISSING_PARTS	LPNBLR5P2866145	Return
2026-04-20T11:06:08+00:00	408-2658992-1538737	1630210	B09HH8CC7Y	X00262W227	Cubelelo Drift Number Sliding Magnetic Puzzle 4x4 | Toys For 6-10 Years Old Boys & Girls | 15-Blocks Brain Teaser Puzzle Game for Kids | Educational, Learning, Activity Toy for Return & Birthday Gifts	1	BLR5	SELLABLE	DEFECTIVE	LPNBLR5P2844764	
2026-04-20T10:58:52+00:00	406-8453863-7997952	1630210	B09HH8CC7Y	X00262W227	Cubelelo Drift Number Sliding Magnetic Puzzle 4x4 | Toys For 6-10 Years Old Boys & Girls | 15-Blocks Brain Teaser Puzzle Game for Kids | Educational, Learning, Activity Toy for Return & Birthday Gifts	1	BLR5	SELLABLE	DEFECTIVE	LPNBLR5P1706079	
2026-04-20T10:08:45+00:00	404-9150306-4829131	1030651	B0DJQWJFSX	X0025EZ04D	Cubelelo Drift 3M Plus v2 3x3 (Magnetic) (New Upgraded Version) | Based on MoYu RS3M v5 | Dual-Adjustment System | Speedcube for Kids & Adults | Magic Speedy Stress Buster Brainstorming Puzzle	1	CCX1	SELLABLE	UNDELIVERABLE_REFUSED	LPNCCX1B1315730	
2026-04-20T10:03:58+00:00	403-8865790-3489119	1030604	B0DRVQVFJB	X0027JJHDB	Cubelelo Drift 3M v3 3x3 Magnetic Speedcube (Standard) | Latest Version with New & Improved Internal Structure for Smooth Turns & Stability | Cube Toy for 6-10 Years Old Boys Girls Adults	1	BLR5	SELLABLE	UNDELIVERABLE_UNKNOWN	LPNBLR5P3614552	
2026-04-20T10:02:05+00:00	404-1558168-5940322	1460501	B08XK25RRF	X001VLOAKL	Cubelelo Drift 2x2 & 3x3 Cube Gift Box Combo | 2-in-1 Puzzle Toy Game Set for Children Kids & Adults Ages 4 5 6 & Above | Double the Challenge, Twice the Fun | Ultimate Value Saver Combo	1	CCX1	SELLABLE	UNDELIVERABLE_REFUSED	LPNCCX1B1307035	
2026-04-20T09:50:42+00:00	402-6123664-4177938	1030603	B0DRVMTFN1	X0027JJ8K3	Cubelelo Drift 3M v3 3x3 (Magnetic UV Coated) Speedcube - New Version | Premium Glossy Finish, Ultra Fast & Smooth Turns, Enhanced Auto-Alignment with 48 Magnets | Puzzle Cube for Kids & Adults	1	DEL2	CUSTOMER_DAMAGED	DEFECTIVE	LPNDEL2R81661249	
2026-04-20T09:33:50+00:00	404-7970006-2608339	1030500	B08H88N2N9	X0018CDFL3	Cubelelo Drift Warrior 3x3 Stickerless Cube | Beginner Speedcube for Kids Boys Girls Above 3 4 5 6 Years Old & Above | Magic Puzzle Toy | Durable & Smooth Cube with Anti-Pop Design 3 3	1	DEL2	SELLABLE	UNDELIVERABLE_REFUSED	LPNDEL2R81787668	
2026-04-20T09:26:42+00:00	405-0510750-9329135	1460541	B0CVL1VSNM	X001YLRGGN	Cubelelo Drift Megaminx Speed Cube + Lube Combo | Stickerless High-Speed Megaminx Puzzle with Professional Lubrication | Ideal for Speedcubing Enthusiasts, Kids & Adults	1	BOM4	DEFECTIVE	MISSING_PARTS	LPNBOM4N39211294	The lubricant is missing.
2026-04-20T09:09:48+00:00	403-9158254-5057161	1630222	B0GH18NXXG	X002HPDYRF	Cubelelo Drift Magnetic Tangram Puzzle | with Strong Magnets, Wooden Pieces & Bold Colors | Toys for 5-10 Years Old Boys Girls & Adults | Travel Friendly, Educational Toy for Return & Birthday Gifts	1	BOM4	SELLABLE	UNDELIVERABLE_REFUSED	LPNBOM4N39153352	
2026-04-20T09:02:51+00:00	403-8078259-0114759	1630202	B09B7PNSTV	X001ETHG47	Cubelelo Drift Infinity Cube (Blue) | Magic Puzzle Cool Mini Gadget for Stress and Anxiety Relief for Kids and Adults | Desk Finger Flip Toy for Fun and Game | for Ages 3 Years and Above	1	BOM4	SELLABLE	UNDELIVERABLE_UNKNOWN	LPNBOM4N39054033	
2026-04-20T09:01:15+00:00	171-8960080-8570736	1150100	B09BZMB4RT	X001F0EEEF	Cubelelo Drift Square-1 Stickerless Cube Puzzle for Kids & Adults Speedy Stress Buster Brainstorming Cube	1	CCX1	SELLABLE	UNDELIVERABLE_REFUSED	LPNCCX1B1394717	
2026-04-20T08:55:31+00:00	408-1665325-3965931	1630210	B09HH8CC7Y	X00262W227	Cubelelo Drift Number Sliding Magnetic Puzzle 4x4 | Toys For 6-10 Years Old Boys & Girls | 15-Blocks Brain Teaser Puzzle Game for Kids | Educational, Learning, Activity Toy for Return & Birthday Gifts	1	BOM4	SELLABLE	NO_REASON_GIVEN	LPNBOM4N39141129	
2026-04-20T08:45:59+00:00	405-0423846-4764322	1030604	B0DRVQVFJB	X0027JJHDB	Cubelelo Drift 3M v3 3x3 Magnetic Speedcube (Standard) | Latest Version with New & Improved Internal Structure for Smooth Turns & Stability | Cube Toy for 6-10 Years Old Boys Girls Adults	1	CCX1	SELLABLE	DEFECTIVE	LPNCCX1B1317647	
2026-04-20T08:43:18+00:00	171-9127567-3628357	1630202	B09B7PNSTV	X001ETHG47	Cubelelo Drift Infinity Cube (Blue) | Magic Puzzle Cool Mini Gadget for Stress and Anxiety Relief for Kids and Adults | Desk Finger Flip Toy for Fun and Game | for Ages 3 Years and Above	1	BLR5	SELLABLE	UNDELIVERABLE_UNKNOWN	LPNBLR5P2070359	
2026-04-20T08:43:18+00:00	171-3954438-1699563	1630210	B09HH8CC7Y	X00262W227	Cubelelo Drift Number Sliding Magnetic Puzzle 4x4 | Toys For 6-10 Years Old Boys & Girls | 15-Blocks Brain Teaser Puzzle Game for Kids | Educational, Learning, Activity Toy for Return & Birthday Gifts	1	BLR5	SELLABLE	UNDELIVERABLE_UNKNOWN	LPNBLR5P2070356	
2026-04-20T08:28:20+00:00	406-2798342-8170739	PLUXO01	B0DTP72KH3	X002C88X2D	Pluxo Neoprene Posture Corrector For Unisex Adjustable Posture Corrector Belt For Back Support, Spine Alignment & Pain Relief Comfortable & Lightweight For Relaxed use | Waist size 28-42 Inches	1	BLR5	SELLABLE	UNDELIVERABLE_UNKNOWN	LPNBLR5R2622370	
2026-04-20T07:52:51+00:00	406-8520793-0937143	1120100	B08LBGYZ51	X0019BU32H	Cubelelo Drift 3x3 Mirror (Silver) Magic Speed Cube | Shape Shifter Speedcube with Durable Stickers | Advanced 3x3x3 Puzzle Toy for Kids Ages 7-14 Boys Girls & Adults | Collector's Item	1	BOM4	CUSTOMER_DAMAGED	DEFECTIVE	LPNBOM4N37924331	
2026-04-20T07:43:37+00:00	404-5765792-2325108	1030604	B0DRVQVFJB	X0027JJHDB	Cubelelo Drift 3M v3 3x3 Magnetic Speedcube (Standard) | Latest Version with New & Improved Internal Structure for Smooth Turns & Stability | Cube Toy for 6-10 Years Old Boys Girls Adults	1	BLR5	SELLABLE	UNDELIVERABLE_REFUSED	LPNBLR5R0854261	
2026-04-20T07:33:09+00:00	408-6531979-3098719	1630222	B0GH18NXXG	X002HPDYRF	Cubelelo Drift Magnetic Tangram Puzzle | with Strong Magnets, Wooden Pieces & Bold Colors | Toys for 5-10 Years Old Boys Girls & Adults | Travel Friendly, Educational Toy for Return & Birthday Gifts	1	CCX1	SELLABLE	UNDELIVERABLE_REFUSED	LPNCCX1B1499314	
2026-04-20T07:21:27+00:00	171-0847223-8882712	1630222	B0GH18NXXG	X002HPDYRF	Cubelelo Drift Magnetic Tangram Puzzle | with Strong Magnets, Wooden Pieces & Bold Colors | Toys for 5-10 Years Old Boys Girls & Adults | Travel Friendly, Educational Toy for Return & Birthday Gifts	1	DEL2	SELLABLE	UNDELIVERABLE_REFUSED	LPNDEL2R81613599	
2026-04-20T06:54:21+00:00	405-0002130-8533151	1030604	B0DRVQVFJB	X0027JJHDB	Cubelelo Drift 3M v3 3x3 Magnetic Speedcube (Standard) | Latest Version with New & Improved Internal Structure for Smooth Turns & Stability | Cube Toy for 6-10 Years Old Boys Girls Adults	1	BOM4	SELLABLE	UNDELIVERABLE_UNKNOWN	LPNBOM4N39202488	
2026-04-20T06:47:54+00:00	402-1445759-6401118	1630210	B09HH8CC7Y	X00262W227	Cubelelo Drift Number Sliding Magnetic Puzzle 4x4 | Toys For 6-10 Years Old Boys & Girls | 15-Blocks Brain Teaser Puzzle Game for Kids | Educational, Learning, Activity Toy for Return & Birthday Gifts	1	DEL2	SELLABLE	UNDELIVERABLE_UNKNOWN	LPNDEL2R81667025	
2026-04-20T06:02:07+00:00	408-8156821-4208360	1030604	B0DRVQVFJB	X0027JJHDB	Cubelelo Drift 3M v3 3x3 Magnetic Speedcube (Standard) | Latest Version with New & Improved Internal Structure for Smooth Turns & Stability | Cube Toy for 6-10 Years Old Boys Girls Adults	1	BLR5	SELLABLE	UNDELIVERABLE_REFUSED	LPNBLR5P2590060	
2026-04-20T05:56:08+00:00	171-9776112-3433913	1460501	B08XK25RRF	X001VLOAKL	Cubelelo Drift 2x2 & 3x3 Cube Gift Box Combo | 2-in-1 Puzzle Toy Game Set for Children Kids & Adults Ages 4 5 6 & Above | Double the Challenge, Twice the Fun | Ultimate Value Saver Combo	1	DEL2	SELLABLE	UNDELIVERABLE_REFUSED	LPNDEL4AA2057550	
2026-04-20T05:53:37+00:00	405-1839464-2534715	1030300_EAN	B0FBMGT6V7	X002C88WLZ	Cubelelo Drift Explorer 3x3 Speed Cube | Best Starter Speedcube for Beginners | Perfect Brain Teaser for Kids Ages 4 to14 Years Old & Above Boys Girls Children | Smooth Turning Puzzle Toy for Adults	1	DEL2	SELLABLE	UNDELIVERABLE_REFUSED	LPNDEL2R82230170	
2026-04-20T05:48:11+00:00	405-7782793-1356349	1630210	B09HH8CC7Y	X00262W227	Cubelelo Drift Number Sliding Magnetic Puzzle 4x4 | Toys For 6-10 Years Old Boys & Girls | 15-Blocks Brain Teaser Puzzle Game for Kids | Educational, Learning, Activity Toy for Return & Birthday Gifts	1	DEL2	SELLABLE	SWITCHEROO	LPNDEL2R81965258	
2026-04-20T05:37:45+00:00	406-4715804-6159527	1630222	B0GH18NXXG	X002HPDYRF	Cubelelo Drift Magnetic Tangram Puzzle | with Strong Magnets, Wooden Pieces & Bold Colors | Toys for 5-10 Years Old Boys Girls & Adults | Travel Friendly, Educational Toy for Return & Birthday Gifts	1	MAA4	SELLABLE	UNDELIVERABLE_UNKNOWN	LPNMAA4Z0298049	
2026-04-20T05:26:09+00:00	404-2697136-7919512	1030300_EAN	B0FBMGT6V7	X002C88WLZ	Cubelelo Drift Explorer 3x3 Speed Cube | Best Starter Speedcube for Beginners | Perfect Brain Teaser for Kids Ages 4 to14 Years Old & Above Boys Girls Children | Smooth Turning Puzzle Toy for Adults	1	BLR5	SELLABLE	UNDELIVERABLE_REFUSED	LPNBLR5P1447485	
2026-04-20T05:10:29+00:00	404-5791959-1013935	1630210	B09HH8CC7Y	X00262W227	Cubelelo Drift Number Sliding Magnetic Puzzle 4x4 | Toys For 6-10 Years Old Boys & Girls | 15-Blocks Brain Teaser Puzzle Game for Kids | Educational, Learning, Activity Toy for Return & Birthday Gifts	1	DEL2	CUSTOMER_DAMAGED	DEFECTIVE	LPNDEL2R81625375	
2026-04-20T05:04:53+00:00	408-5237621-2293966	1630210	B09HH8CC7Y	X00262W227	Cubelelo Drift Number Sliding Magnetic Puzzle 4x4 | Toys For 6-10 Years Old Boys & Girls | 15-Blocks Brain Teaser Puzzle Game for Kids | Educational, Learning, Activity Toy for Return & Birthday Gifts	1	BLR5	SELLABLE	UNDELIVERABLE_UNKNOWN	LPNBLR5P0110675	
2026-04-20T04:47:59+00:00	407-4366122-1010755	1030604	B0DRVQVFJB	X0027JJHDB	Cubelelo Drift 3M v3 3x3 Magnetic Speedcube (Standard) | Latest Version with New & Improved Internal Structure for Smooth Turns & Stability | Cube Toy for 6-10 Years Old Boys Girls Adults	1	DEL2	SELLABLE	UNDELIVERABLE_REFUSED	LPNDEL2R82992121	
2026-04-20T04:11:16+00:00	403-0015689-8513930	1030300_EAN	B0FBMGT6V7	X002C88WLZ	Cubelelo Drift Explorer 3x3 Speed Cube | Best Starter Speedcube for Beginners | Perfect Brain Teaser for Kids Ages 4 to14 Years Old & Above Boys Girls Children | Smooth Turning Puzzle Toy for Adults	1	BOM4	SELLABLE	DEFECTIVE	LPNBOM4N39042844	One peice is like it is twisted many times
2026-04-20T04:05:29+00:00	402-9382145-5393146	1030651	B0DJQWJFSX	X0025EZ04D	Cubelelo Drift 3M Plus v2 3x3 (Magnetic) (New Upgraded Version) | Based on MoYu RS3M v5 | Dual-Adjustment System | Speedcube for Kids & Adults | Magic Speedy Stress Buster Brainstorming Puzzle	1	DEL2	SELLABLE	DEFECTIVE	LPNDEL2R81625317	
2026-04-20T03:59:18+00:00	408-8609085-2917167	1460521	B0CGNW2MFJ	X001VZFQYB	Cubelelo Drift Square-1 & Skewb Gift Box | Explore the new Dimension of Uniquely Shaped Puzzles | 2 in 1 Combo Pack of Dual Challenge Delight | Brainstoming Game Toy for Children Kids & Adults	1	DEL2	SELLABLE	DEFECTIVE	LPNDEL2R82992067	
2026-04-20T03:57:24+00:00	408-3500986-9549168	1630210	B09HH8CC7Y	X00262W227	Cubelelo Drift Number Sliding Magnetic Puzzle 4x4 | Toys For 6-10 Years Old Boys & Girls | 15-Blocks Brain Teaser Puzzle Game for Kids | Educational, Learning, Activity Toy for Return & Birthday Gifts	1	BLR5	SELLABLE	UNDELIVERABLE_UNKNOWN	LPNBLR5P1383121	
2026-04-20T03:50:48+00:00	403-7364807-0903511	1630202	B09B7PNSTV	X001ETHG47	Cubelelo Drift Infinity Cube (Blue) | Magic Puzzle Cool Mini Gadget for Stress and Anxiety Relief for Kids and Adults | Desk Finger Flip Toy for Fun and Game | for Ages 3 Years and Above	1	DEL2	CUSTOMER_DAMAGED	DEFECTIVE	LPNDEL2R82063322	
2026-04-20T03:48:57+00:00	171-8340913-6089923	1030300_EAN	B0FBMGT6V7	X002C88WLZ	Cubelelo Drift Explorer 3x3 Speed Cube | Best Starter Speedcube for Beginners | Perfect Brain Teaser for Kids Ages 4 to14 Years Old & Above Boys Girls Children | Smooth Turning Puzzle Toy for Adults	1	BLR5	SELLABLE	UNDELIVERABLE_REFUSED	LPNBLR5R2946044	
2026-04-20T03:42:00+00:00	405-1539869-2529111	1030300_EAN	B0FBMGT6V7	X002C88WLZ	Cubelelo Drift Explorer 3x3 Speed Cube | Best Starter Speedcube for Beginners | Perfect Brain Teaser for Kids Ages 4 to14 Years Old & Above Boys Girls Children | Smooth Turning Puzzle Toy for Adults	1	DEL2	SELLABLE	UNDELIVERABLE_UNKNOWN	LPNDEL2R83976583	
2026-04-20T03:33:05+00:00	403-3129252-5794747	1630210	B09HH8CC7Y	X00262W227	Cubelelo Drift Number Sliding Magnetic Puzzle 4x4 | Toys For 6-10 Years Old Boys & Girls | 15-Blocks Brain Teaser Puzzle Game for Kids | Educational, Learning, Activity Toy for Return & Birthday Gifts	1	CCX2	SELLABLE	UNDELIVERABLE_UNKNOWN	LPNCCX2B2603000	
2026-04-20T03:21:27+00:00	407-5308016-8450713	1030300_EAN	B0FBMGT6V7	X002C88WLZ	Cubelelo Drift Explorer 3x3 Speed Cube | Best Starter Speedcube for Beginners | Perfect Brain Teaser for Kids Ages 4 to14 Years Old & Above Boys Girls Children | Smooth Turning Puzzle Toy for Adults	1	DEL2	CUSTOMER_DAMAGED	DAMAGED_BY_FC	LPNDEL2R80688902	
2026-04-19T21:17:58+00:00	404-1998021-5441941	1630202	B09B7PNSTV	X001ETHG47	Cubelelo Drift Infinity Cube (Blue) | Magic Puzzle Cool Mini Gadget for Stress and Anxiety Relief for Kids and Adults | Desk Finger Flip Toy for Fun and Game | for Ages 3 Years and Above	1	BLR5	SELLABLE	UNDELIVERABLE_UNKNOWN	LPNBLR5P1367228	
2026-04-19T17:46:07+00:00	408-9904847-2969924	1030604	B0DRVQVFJB	X0027JJHDB	Cubelelo Drift 3M v3 3x3 Magnetic Speedcube (Standard) | Latest Version with New & Improved Internal Structure for Smooth Turns & Stability | Cube Toy for 6-10 Years Old Boys Girls Adults	1	BLR5	SELLABLE	UNDELIVERABLE_REFUSED	LPNBLR5P1367094	
2026-04-19T17:24:46+00:00	405-7175901-2949910	1630210	B09HH8CC7Y	X00262W227	Cubelelo Drift Number Sliding Magnetic Puzzle 4x4 | Toys For 6-10 Years Old Boys & Girls | 15-Blocks Brain Teaser Puzzle Game for Kids | Educational, Learning, Activity Toy for Return & Birthday Gifts	1	BLR5	SELLABLE	UNDELIVERABLE_UNKNOWN	LPNBLR5P0059758	
2026-04-19T17:19:01+00:00	404-0416461-3737924	1460570	B08M5C5XSY	X0022KW403	Cubelelo Drift 4x4 Stickerless with Stand | High-Performance Speed Cube | Smooth Turning & Durable | Ideal for Beginners & Pros for Kids & Adults	1	CCX1	SELLABLE	UNDELIVERABLE_UNKNOWN	LPNCCX1B1404852	
2026-04-19T14:28:37+00:00	403-2251405-0265937	1460544	B0CVL6X9KS	X001YLMGDB	Cubelelo Drift Pyraminx and Cube Lube Combo | Pyramid Triangle Speedcube & Premium Lubricant Set	1	BLR5	SELLABLE	UNDELIVERABLE_UNKNOWN	LPNBLR5P2559467	
2026-04-19T13:54:48+00:00	408-6487743-1316345	1040400	B0FL7TDJLF	X002DFU80F	Cubelelo Drift 4x4 Stickerless Cube Puzzle Toy | Combines Smoothness, Stability & Durability | 4x4x4 Speedcube for Beginners| Suitable for Kids Ages 6 to 14 Years Old, Boys, Girls & Adults	1	BLR5	SELLABLE	UNDELIVERABLE_REFUSED	LPNBLR5R0853388	
2026-04-19T12:36:28+00:00	408-7225088-0560357	1120100	B08LBGYZ51	X0019BU32H	Cubelelo Drift 3x3 Mirror (Silver) Magic Speed Cube | Shape Shifter Speedcube with Durable Stickers | Advanced 3x3x3 Puzzle Toy for Kids Ages 7-14 Boys Girls & Adults | Collector's Item	1	BOM4	SELLABLE	UNDELIVERABLE_REFUSED	LPNBOM4N39229729	
2026-04-19T12:33:53+00:00	408-2584253-2101964	1020200	B08LBJ3P8L	X0019BU39P	Cubelelo Drift 2x2 Stickerless Cube | Beginner Speedcube for Kids Boys Girls Above 3 4 5 6 Years Old & Above | Magic Puzzle Toy | Durable & Smooth Cube with Anti-Pop Design 2x2x2	1	BOM4	SELLABLE	UNDELIVERABLE_REFUSED	LPNBOM4N39504771	
2026-04-19T12:24:41+00:00	404-0102941-0185925	1040400	B0FL7TDJLF	X002DFU80F	Cubelelo Drift 4x4 Stickerless Cube Puzzle Toy | Combines Smoothness, Stability & Durability | 4x4x4 Speedcube for Beginners| Suitable for Kids Ages 6 to 14 Years Old, Boys, Girls & Adults	1	BLR5	DEFECTIVE	DAMAGED_BY_FC	LPNBLR5P2865597	Cube is broken, sent defective item.
2026-04-19T12:08:13+00:00	171-6137089-8321115	1630210	B09HH8CC7Y	X00262W227	Cubelelo Drift Number Sliding Magnetic Puzzle 4x4 | Toys For 6-10 Years Old Boys & Girls | 15-Blocks Brain Teaser Puzzle Game for Kids | Educational, Learning, Activity Toy for Return & Birthday Gifts	1	BOM4	SELLABLE	UNDELIVERABLE_UNKNOWN	LPNBOM4N38546986	
2026-04-19T11:43:05+00:00	402-2984726-8729957	1030300_EAN	B0FBMGT6V7	X002C88WLZ	Cubelelo Drift Explorer 3x3 Speed Cube | Best Starter Speedcube for Beginners | Perfect Brain Teaser for Kids Ages 4 to14 Years Old & Above Boys Girls Children | Smooth Turning Puzzle Toy for Adults	1	BLR5	SELLABLE	UNDELIVERABLE_UNKNOWN	LPNBLR5P2960242	
2026-04-19T11:25:36+00:00	406-7036062-7700358	1630202	B09B7PNSTV	X001ETHG47	Cubelelo Drift Infinity Cube (Blue) | Magic Puzzle Cool Mini Gadget for Stress and Anxiety Relief for Kids and Adults | Desk Finger Flip Toy for Fun and Game | for Ages 3 Years and Above	1	DEL2	CUSTOMER_DAMAGED	DEFECTIVE	LPNDEL2R81713095	
2026-04-19T11:21:24+00:00	406-7885617-0028306	1060100	B09HH5R69B	X001G4MZFF	Cubelelo Drift 6x6 Stickerless Speed Cube Magic Puzzle for Kids & Adults | Advanced Level Speedcube | Speedy Stress Buster Brainstorming Cube	1	DEL2	SELLABLE	DEFECTIVE	LPNDEL2R81405032	I received a used product instead of a new one. The packaging was not properly sealed in plastic like the previous cube I ordered. It looked opened/used.  When I tried to use the Rubik’s cube, all of
2026-04-19T11:20:48+00:00	402-6199884-3956319	1630201	B09QMNCWYG	X001I5SK8D	Cubelelo Drift Infinity Cube (Green) | Magic Puzzle Cool Mini Gadget for Stress and Anxiety Relief for Kids and Adults | Desk Finger Flip Toy for Fun and Game | for Ages 3 Years and Above	1	BLR5	SELLABLE	UNDELIVERABLE_REFUSED	LPNBLR5P2589659	
2026-04-19T11:19:53+00:00	408-1611445-6106738	1630201	B09QMNCWYG	X001I5SK8D	Cubelelo Drift Infinity Cube (Green) | Magic Puzzle Cool Mini Gadget for Stress and Anxiety Relief for Kids and Adults | Desk Finger Flip Toy for Fun and Game | for Ages 3 Years and Above	1	CCX1	SELLABLE	UNDELIVERABLE_UNKNOWN	LPNCCX1B1462883	
2026-04-19T11:15:56+00:00	171-0083749-4124308	1460553	B0BYVHGR5H	X001WPZI9N	Cubelelo Drift 2x2, 3x3 & Pyraminx Cube Combo (Stickerless) | Ideal for Kids Above 3 4 5 6 Years Old Boys Girls | 3 in 1 Speedcube Gift Set | High Speed Puzzle 3x3x3 2x2x2 Pyramid Triangle	1	DEL2	SELLABLE	UNDELIVERABLE_REFUSED	LPNDEL2R81964967	
2026-04-19T11:13:56+00:00	407-2065304-2808300	1460501	B08XK25RRF	X001VLOAKL	Cubelelo Drift 2x2 & 3x3 Cube Gift Box Combo | 2-in-1 Puzzle Toy Game Set for Children Kids & Adults Ages 4 5 6 & Above | Double the Challenge, Twice the Fun | Ultimate Value Saver Combo	1	DEL2	SELLABLE	DEFECTIVE	LPNDEL2R82936213	
2026-04-19T11:09:28+00:00	402-5492456-6037126	1030300_EAN	B0FBMGT6V7	X002C88WLZ	Cubelelo Drift Explorer 3x3 Speed Cube | Best Starter Speedcube for Beginners | Perfect Brain Teaser for Kids Ages 4 to14 Years Old & Above Boys Girls Children | Smooth Turning Puzzle Toy for Adults	1	DEL2	SELLABLE	UNDELIVERABLE_REFUSED	LPNDEL2R81674172	
2026-04-19T11:08:13+00:00	404-5352270-6877907	1630222	B0GH18NXXG	X002HPDYRF	Cubelelo Drift Magnetic Tangram Puzzle | with Strong Magnets, Wooden Pieces & Bold Colors | Toys for 5-10 Years Old Boys Girls & Adults | Travel Friendly, Educational Toy for Return & Birthday Gifts	1	BLR5	SELLABLE	UNDELIVERABLE_REFUSED	LPNBLR5P3044061	
2026-04-19T10:40:53+00:00	408-5830875-6727539	1630202	B09B7PNSTV	X001ETHG47	Cubelelo Drift Infinity Cube (Blue) | Magic Puzzle Cool Mini Gadget for Stress and Anxiety Relief for Kids and Adults | Desk Finger Flip Toy for Fun and Game | for Ages 3 Years and Above	1	BLR5	SELLABLE	UNDELIVERABLE_REFUSED	LPNBLR5P1628824	
2026-04-19T10:35:27+00:00	408-5586655-1563556	1030500	B08H88N2N9	X0018CDFL3	Cubelelo Drift Warrior 3x3 Stickerless Cube | Beginner Speedcube for Kids Boys Girls Above 3 4 5 6 Years Old & Above | Magic Puzzle Toy | Durable & Smooth Cube with Anti-Pop Design 3 3	1	DEL2	SELLABLE	UNDELIVERABLE_REFUSED	LPNDEL2R81789826	
2026-04-19T09:48:36+00:00	403-3427579-0705911	1030300_EAN	B0FBMGT6V7	X002C88WLZ	Cubelelo Drift Explorer 3x3 Speed Cube | Best Starter Speedcube for Beginners | Perfect Brain Teaser for Kids Ages 4 to14 Years Old & Above Boys Girls Children | Smooth Turning Puzzle Toy for Adults	1	DEL2	SELLABLE	DEFECTIVE	LPNDEL2R81495235	
2026-04-19T09:41:47+00:00	408-0672687-4053138	1960100	B09B75WYR2	X001ESH40T	Cubelelo Drift Mini 3x3 Keychain | Magic Speed Cube Toy | Puzzle for Kids and Adults | Compact and Handy Multi Purpose Brain Teaser Game for Fun and Joy | for Ages 3 Years and Above	1	DEL2	SELLABLE	UNDELIVERABLE_REFUSED	LPNDEL2R82118774	
2026-04-19T08:34:22+00:00	408-2074518-4853156	1280100a	B09QYW9DYC	X001LHLHUV	Cubelelo Drift Pyraminx Puzzle Speedcube | Beginner Starter Cube for Kids 3+ Year Old & Above | Triangle Pyramid Shape Stickerless 3x3 Cubes Toy | Ideal for Boys Girls Children 4 5 6+ Years & Adults	1	DEL2	SELLABLE	UNDELIVERABLE_REFUSED	LPNDEL2R81789722	
2026-04-19T08:23:41+00:00	404-0243014-8023513	1030604	B0DRVQVFJB	X0027JJHDB	Cubelelo Drift 3M v3 3x3 Magnetic Speedcube (Standard) | Latest Version with New & Improved Internal Structure for Smooth Turns & Stability | Cube Toy for 6-10 Years Old Boys Girls Adults	1	DEL5	SELLABLE	UNDELIVERABLE_REFUSED	LPNDEL5S13603258	
2026-04-19T08:20:26+00:00	402-8865427-9925106	1630210	B09HH8CC7Y	X00262W227	Cubelelo Drift Number Sliding Magnetic Puzzle 4x4 | Toys For 6-10 Years Old Boys & Girls | 15-Blocks Brain Teaser Puzzle Game for Kids | Educational, Learning, Activity Toy for Return & Birthday Gifts	1	HYD8	SELLABLE	UNDELIVERABLE_UNKNOWN	LPNHYD8EF61200	
2026-04-19T08:17:59+00:00	404-7373453-3621955	1030604	B0DRVQVFJB	X0027JJHDB	Cubelelo Drift 3M v3 3x3 Magnetic Speedcube (Standard) | Latest Version with New & Improved Internal Structure for Smooth Turns & Stability | Cube Toy for 6-10 Years Old Boys Girls Adults	1	BLR5	CUSTOMER_DAMAGED	NOT_AS_DESCRIBED	LPNBLR5P2249606	
2026-04-19T08:17:47+00:00	402-7972611-7829922	1040300	B09HH8XQ14	X001G4QY25	Cubelelo Drift 4x4 (Black) Speedcube | Challenging Brain Teaser Puzzle Toy for Kids 7-14 Years Old Boys Girls & Adults All Ages | Fast Speed Cube for Intermediate and Advanced Cubers	1	BLR5	SELLABLE	MISSING_PARTS	LPNBLR5P1432508	
2026-04-19T08:12:06+00:00	402-6888035-9439550	1120100	B08LBGYZ51	X0019BU32H	Cubelelo Drift 3x3 Mirror (Silver) Magic Speed Cube | Shape Shifter Speedcube with Durable Stickers | Advanced 3x3x3 Puzzle Toy for Kids Ages 7-14 Boys Girls & Adults | Collector's Item	1	PAX1	SELLABLE	UNDELIVERABLE_REFUSED	LPNPAX1A1068292	
2026-04-19T08:01:21+00:00	406-7845225-8292313	1630202	B09B7PNSTV	X001ETHG47	Cubelelo Drift Infinity Cube (Blue) | Magic Puzzle Cool Mini Gadget for Stress and Anxiety Relief for Kids and Adults | Desk Finger Flip Toy for Fun and Game | for Ages 3 Years and Above	1	BLR5	SELLABLE	UNDELIVERABLE_REFUSED	LPNBLR5P2498738	
2026-04-19T07:59:19+00:00	402-7141022-0553957	1030604	B0DRVQVFJB	X0027JJHDB	Cubelelo Drift 3M v3 3x3 Magnetic Speedcube (Standard) | Latest Version with New & Improved Internal Structure for Smooth Turns & Stability | Cube Toy for 6-10 Years Old Boys Girls Adults	1	DEL5	SELLABLE	UNDELIVERABLE_UNKNOWN	LPNDEL5S13601581	
2026-04-19T07:44:07+00:00	402-2556897-2583509	TB00001	B0FF2FSJ7P	X002C7B5I3	TinkerBox Wooden My First Tool Kit with Storage Box | Toys for Kids 6-10 Year Old Boys and Girls | Premium 34-Piece Pretend Play Set | Realistic Tools for Learning, Education & Skill Develpoment	1	DEL2	SELLABLE	UNDELIVERABLE_REFUSED	LPNDEL2R81606596	
2026-04-19T07:34:57+00:00	408-7268715-8845921	1030300_EAN	B0FBMGT6V7	X002C88WLZ	Cubelelo Drift Explorer 3x3 Speed Cube | Best Starter Speedcube for Beginners | Perfect Brain Teaser for Kids Ages 4 to14 Years Old & Above Boys Girls Children | Smooth Turning Puzzle Toy for Adults	1	DEL2	SELLABLE	UNDELIVERABLE_REFUSED	LPNDEL2R78013526	
2026-04-19T07:09:00+00:00	408-4036202-7340344	1030300_EAN	B0FBMGT6V7	X002C88WLZ	Cubelelo Drift Explorer 3x3 Speed Cube | Best Starter Speedcube for Beginners | Perfect Brain Teaser for Kids Ages 4 to14 Years Old & Above Boys Girls Children | Smooth Turning Puzzle Toy for Adults	1	BLR5	SELLABLE	UNDELIVERABLE_UNKNOWN	LPNBLR8Z6027022	
2026-04-19T07:00:23+00:00	406-7040493-6071506	1030651	B0DJQWJFSX	X0025EZ04D	Cubelelo Drift 3M Plus v2 3x3 (Magnetic) (New Upgraded Version) | Based on MoYu RS3M v5 | Dual-Adjustment System | Speedcube for Kids & Adults | Magic Speedy Stress Buster Brainstorming Puzzle	1	BLR8	SELLABLE	UNDELIVERABLE_REFUSED	LPNBLR8Z3551277	
2026-04-19T06:53:40+00:00	408-8627352-8529942	1460501	B08XK25RRF	X001VLOAKL	Cubelelo Drift 2x2 & 3x3 Cube Gift Box Combo | 2-in-1 Puzzle Toy Game Set for Children Kids & Adults Ages 4 5 6 & Above | Double the Challenge, Twice the Fun | Ultimate Value Saver Combo	1	CCX1	SELLABLE	UNDELIVERABLE_UNKNOWN	LPNCCX1B3527652	
2026-04-19T06:50:38+00:00	408-7197491-2355536	1290600	B09WHYXJRH	X001JIZ4KL	Cubelelo Drift Megaminx M (Magnetic) Stickerless Puzzle - Precision Puzzle for Competitive Solvers, Kids & Adults | Smooth Turning, Durable Design, Ideal for Brain Teasers and Speedcubing Challenges	1	BLR5	SELLABLE	DEFECTIVE	LPNBLR5P3410952	
2026-04-19T06:49:47+00:00	404-1379733-3494700	1030300_EAN	B0FBMGT6V7	X002C88WLZ	Cubelelo Drift Explorer 3x3 Speed Cube | Best Starter Speedcube for Beginners | Perfect Brain Teaser for Kids Ages 4 to14 Years Old & Above Boys Girls Children | Smooth Turning Puzzle Toy for Adults	1	BLR5	SELLABLE	DEFECTIVE	LPNBLR5P0932078	
2026-04-19T06:45:02+00:00	408-5922806-5037945	1040400	B0FL7TDJLF	X002DFU80F	Cubelelo Drift 4x4 Stickerless Cube Puzzle Toy | Combines Smoothness, Stability & Durability | 4x4x4 Speedcube for Beginners| Suitable for Kids Ages 6 to 14 Years Old, Boys, Girls & Adults	1	DEL2	SELLABLE	DAMAGED_BY_FC	LPNDEL2R81622392	
2026-04-19T06:44:16+00:00	171-8223499-3590724	1630222	B0GH18NXXG	X002HPDYRF	Cubelelo Drift Magnetic Tangram Puzzle | with Strong Magnets, Wooden Pieces & Bold Colors | Toys for 5-10 Years Old Boys Girls & Adults | Travel Friendly, Educational Toy for Return & Birthday Gifts	1	DEL5	SELLABLE	UNDELIVERABLE_UNKNOWN	LPNDEL5S13796663	
2026-04-19T06:37:39+00:00	404-6868354-8759563	1030500	B08H88N2N9	X0018CDFL3	Cubelelo Drift Warrior 3x3 Stickerless Cube | Beginner Speedcube for Kids Boys Girls Above 3 4 5 6 Years Old & Above | Magic Puzzle Toy | Durable & Smooth Cube with Anti-Pop Design 3 3	1	CCX1	SELLABLE	UNDELIVERABLE_REFUSED	LPNCCX1B1311581	
2026-04-19T06:37:39+00:00	404-6868354-8759563	1120039	B0DRVW5BNS	X0027ISPWL	Cubelelo Drift 3x3 Mirror Blue (Tiled) Speed Cube | New Blue Version Looks Stunning with Buttery Smooth Turns | Ideal for Kids Above 5 6 Years Old Boys Girls | 3x3x3 Shape-Shifting Design Puzzle Toy	1	CCX1	SELLABLE	UNDELIVERABLE_REFUSED	LPNCCX1B1311583	
2026-04-19T06:18:36+00:00	408-9001438-1111554	1040400	B0FL7TDJLF	X002DFU80F	Cubelelo Drift 4x4 Stickerless Cube Puzzle Toy | Combines Smoothness, Stability & Durability | 4x4x4 Speedcube for Beginners| Suitable for Kids Ages 6 to 14 Years Old, Boys, Girls & Adults	1	BLR5	SELLABLE	UNDELIVERABLE_UNKNOWN	LPNBLR5P0857644	
2026-04-19T05:59:29+00:00	408-0133572-6833107	1630222	B0GH18NXXG	X002HPDYRF	Cubelelo Drift Magnetic Tangram Puzzle | with Strong Magnets, Wooden Pieces & Bold Colors | Toys for 5-10 Years Old Boys Girls & Adults | Travel Friendly, Educational Toy for Return & Birthday Gifts	1	BLR5	SELLABLE	UNDELIVERABLE_REFUSED	LPNBLR5P0952446	
2026-04-19T05:14:22+00:00	405-2963217-1871528	1030604	B0DRVQVFJB	X0027JJHDB	Cubelelo Drift 3M v3 3x3 Magnetic Speedcube (Standard) | Latest Version with New & Improved Internal Structure for Smooth Turns & Stability | Cube Toy for 6-10 Years Old Boys Girls Adults	1	BLR5	SELLABLE	UNDELIVERABLE_REFUSED	LPNBLR5P2589215	
2026-04-19T04:59:51+00:00	406-2659856-4344355	1630300_EAN	B0C55MW9WL	X001S3KHTZ	Cubelelo Drift Column 3x3 Stickerless Speedcube Puzzle | Unique Cylindrical Speed Cube | Ultimate Stress Buster & Brainstorming Challenge for Kids & Adults | Smooth, Fast Puzzle for All Skill Levels	1	BOM4	SELLABLE	DEFECTIVE	LPNBOM4N39235091	
2026-04-19T04:37:16+00:00	408-6389986-1516362	1120039	B0DRVW5BNS	X0027ISPWL	Cubelelo Drift 3x3 Mirror Blue (Tiled) Speed Cube | New Blue Version Looks Stunning with Buttery Smooth Turns | Ideal for Kids Above 5 6 Years Old Boys Girls | 3x3x3 Shape-Shifting Design Puzzle Toy	1	BLR5	CUSTOMER_DAMAGED	SWITCHEROO	LPNBLR5P1628473	
2026-04-19T04:33:40+00:00	402-1213204-1221141	1270100	B09BZPFCZ8	X001F0AT1H	Cubelelo Drift Mastermorphix Stickerless Cube Puzzle for Kids & Adults Speedy Stress Buster Brainstorming Cube	1	BLR5	SELLABLE	UNDELIVERABLE_UNKNOWN	LPNBLR5R0831587	
2026-04-19T04:29:40+00:00	404-9124189-8969113	1260100	B0CJFVM7VR	X001VFDNDR	Cubelelo Drift Puppet I Speed Cube | Brain Teaser Puzzle Toys | Limited Rotation | Creative New Cube for Kids and Adults	1	BLR5	DEFECTIVE	DAMAGED_BY_CARRIER	LPNBLR5P2933669	Both the product and box damaged. And also pieces are missing.
2026-04-19T04:19:32+00:00	406-0667054-5367537	1630210	B09HH8CC7Y	X00262W227	Cubelelo Drift Number Sliding Magnetic Puzzle 4x4 | Toys For 6-10 Years Old Boys & Girls | 15-Blocks Brain Teaser Puzzle Game for Kids | Educational, Learning, Activity Toy for Return & Birthday Gifts	1	BOM4	SELLABLE	UNDELIVERABLE_UNKNOWN	LPNBOM4N38681601	
2026-04-19T04:18:19+00:00	408-2269749-9511509	1630210	B09HH8CC7Y	X00262W227	Cubelelo Drift Number Sliding Magnetic Puzzle 4x4 | Toys For 6-10 Years Old Boys & Girls | 15-Blocks Brain Teaser Puzzle Game for Kids | Educational, Learning, Activity Toy for Return & Birthday Gifts	1	BOM4	SELLABLE	UNDELIVERABLE_UNKNOWN	LPNBOM4N38681598	
2026-04-19T04:18:07+00:00	402-8203633-3603558	1280100a	B09QYW9DYC	X001LHLHUV	Cubelelo Drift Pyraminx Puzzle Speedcube | Beginner Starter Cube for Kids 3+ Year Old & Above | Triangle Pyramid Shape Stickerless 3x3 Cubes Toy | Ideal for Boys Girls Children 4 5 6+ Years & Adults	1	BOM4	SELLABLE	UNDELIVERABLE_REFUSED	LPNBOM4N39504399	
2026-04-19T04:12:57+00:00	408-8218771-8210728	1460501	B08XK25RRF	X001VLOAKL	Cubelelo Drift 2x2 & 3x3 Cube Gift Box Combo | 2-in-1 Puzzle Toy Game Set for Children Kids & Adults Ages 4 5 6 & Above | Double the Challenge, Twice the Fun | Ultimate Value Saver Combo	1	DEL2	SELLABLE	UNDELIVERABLE_REFUSED	LPNDEL2R82116689	
2026-04-19T03:57:04+00:00	171-2904833-9852340	1030400	B07XPNC385	X0012WM1NR	Cubelelo Drift 3x3 Black Speedcube | Beginner Cube for Kids & Adults | Magic Speed Stress Buster Brainstorming Puzzle (Multicolor) | Anti-Pop Technology | Smooth Turning | Durable	1	BOM7	SELLABLE	UNDELIVERABLE_REFUSED	LPNBOM7D19390135	
2026-04-19T03:41:01+00:00	403-1728636-4462731	1030400	B07XPNC385	X0012WM1NR	Cubelelo Drift 3x3 Black Speedcube | Beginner Cube for Kids & Adults | Magic Speed Stress Buster Brainstorming Puzzle (Multicolor) | Anti-Pop Technology | Smooth Turning | Durable	1	BLR5	SELLABLE	DEFECTIVE	LPNBLR5P3116458	
2026-04-19T03:40:28+00:00	402-9872663-3957122	1120400_EAN	B0C55QR5BN	X001S3KHY5	Cubelelo Drift Mirror 2X2 (Silver) Stickerless Speed Cube|Comes with Mirror Finished Sticker for A Premium Look&Feel|Collective Item|Speedy Stress Buster Brainstorming Puzzle for Kids & Adults |	1	BOM7	SELLABLE	UNDELIVERABLE_UNKNOWN	LPNBOM7D19442630	
2026-04-19T03:40:14+00:00	402-7956138-4074764	1030300_EAN	B0FBMGT6V7	X002C88WLZ	Cubelelo Drift Explorer 3x3 Speed Cube | Best Starter Speedcube for Beginners | Perfect Brain Teaser for Kids Ages 4 to14 Years Old & Above Boys Girls Children | Smooth Turning Puzzle Toy for Adults	1	BOM4	SELLABLE	DEFECTIVE	LPNBOM4N38546532	
2026-04-19T03:10:49+00:00	408-5234860-6177149	1630202	B09B7PNSTV	X001ETHG47	Cubelelo Drift Infinity Cube (Blue) | Magic Puzzle Cool Mini Gadget for Stress and Anxiety Relief for Kids and Adults | Desk Finger Flip Toy for Fun and Game | for Ages 3 Years and Above	1	BLR5	SELLABLE	SWITCHEROO	LPNBLR5P0794603	Very small in size compared to the image promoted
2026-04-18T17:55:59+00:00	408-9226800-0167550	1030400	B07XPNC385	X0012WM1NR	Cubelelo Drift 3x3 Black Speedcube | Beginner Cube for Kids & Adults | Magic Speed Stress Buster Brainstorming Puzzle (Multicolor) | Anti-Pop Technology | Smooth Turning | Durable	1	BLR5	SELLABLE	UNDELIVERABLE_REFUSED	LPNBLR5P1907182	
2026-04-18T17:44:30+00:00	171-5137552-4991562	1030300_EAN	B0FBMGT6V7	X002C88WLZ	Cubelelo Drift Explorer 3x3 Speed Cube | Best Starter Speedcube for Beginners | Perfect Brain Teaser for Kids Ages 4 to14 Years Old & Above Boys Girls Children | Smooth Turning Puzzle Toy for Adults	1	BLR5	SELLABLE	UNDELIVERABLE_REFUSED	LPNBLR5P1438741	
2026-04-18T14:28:58+00:00	405-7933263-3637106	1030300_EAN	B0FBMGT6V7	X002C88WLZ	Cubelelo Drift Explorer 3x3 Speed Cube | Best Starter Speedcube for Beginners | Perfect Brain Teaser for Kids Ages 4 to14 Years Old & Above Boys Girls Children | Smooth Turning Puzzle Toy for Adults	1	BLR5	SELLABLE	DEFECTIVE	LPNBLR5P1726662	
2026-04-18T14:17:17+00:00	402-7197486-3607513	1630210	B09HH8CC7Y	X00262W227	Cubelelo Drift Number Sliding Magnetic Puzzle 4x4 | Toys For 6-10 Years Old Boys & Girls | 15-Blocks Brain Teaser Puzzle Game for Kids | Educational, Learning, Activity Toy for Return & Birthday Gifts	1	BLR5	SELLABLE	UNDELIVERABLE_UNKNOWN	LPNBLR5P3101693	
2026-04-18T12:55:15+00:00	403-3790595-8790724	1030300_EAN	B0FBMGT6V7	X002C88WLZ	Cubelelo Drift Explorer 3x3 Speed Cube | Best Starter Speedcube for Beginners | Perfect Brain Teaser for Kids Ages 4 to14 Years Old & Above Boys Girls Children | Smooth Turning Puzzle Toy for Adults	1	CCX1	SELLABLE	UNDELIVERABLE_UNKNOWN	LPNCCX1B4062500	
2026-04-18T12:34:51+00:00	404-6410820-0771569	1630210	B09HH8CC7Y	X00262W227	Cubelelo Drift Number Sliding Magnetic Puzzle 4x4 | Toys For 6-10 Years Old Boys & Girls | 15-Blocks Brain Teaser Puzzle Game for Kids | Educational, Learning, Activity Toy for Return & Birthday Gifts	1	BLR5	SELLABLE	UNDELIVERABLE_REFUSED	LPNBLR5P1504588	
2026-04-18T12:18:33+00:00	405-6801665-9621110	1030300_EAN	B0FBMGT6V7	X002C88WLZ	Cubelelo Drift Explorer 3x3 Speed Cube | Best Starter Speedcube for Beginners | Perfect Brain Teaser for Kids Ages 4 to14 Years Old & Above Boys Girls Children | Smooth Turning Puzzle Toy for Adults	1	CCX2	SELLABLE	UNDELIVERABLE_UNKNOWN	LPNCCX2B1043271	
2026-04-18T12:17:46+00:00	403-5620088-1259544	1030400	B07XPNC385	X0012WM1NR	Cubelelo Drift 3x3 Black Speedcube | Beginner Cube for Kids & Adults | Magic Speed Stress Buster Brainstorming Puzzle (Multicolor) | Anti-Pop Technology | Smooth Turning | Durable	1	DEL2	SELLABLE	UNDELIVERABLE_REFUSED	LPNDEL2R81641957	
2026-04-18T12:17:28+00:00	404-2526006-7257959	1630210	B09HH8CC7Y	X00262W227	Cubelelo Drift Number Sliding Magnetic Puzzle 4x4 | Toys For 6-10 Years Old Boys & Girls | 15-Blocks Brain Teaser Puzzle Game for Kids | Educational, Learning, Activity Toy for Return & Birthday Gifts	1	BOM4	SELLABLE	UNDELIVERABLE_UNKNOWN	LPNBOM4N38521170	
2026-04-18T12:10:51+00:00	405-1171196-7417921	1030604	B0DRVQVFJB	X0027JJHDB	Cubelelo Drift 3M v3 3x3 Magnetic Speedcube (Standard) | Latest Version with New & Improved Internal Structure for Smooth Turns & Stability | Cube Toy for 6-10 Years Old Boys Girls Adults	1	BLR5	SELLABLE	UNDELIVERABLE_UNKNOWN	LPNBLR5P1906878	
2026-04-18T12:07:28+00:00	403-9072815-0921905	1630202	B09B7PNSTV	X001ETHG47	Cubelelo Drift Infinity Cube (Blue) | Magic Puzzle Cool Mini Gadget for Stress and Anxiety Relief for Kids and Adults | Desk Finger Flip Toy for Fun and Game | for Ages 3 Years and Above	1	BOM4	SELLABLE	UNDELIVERABLE_UNKNOWN	LPNBOM4N39495398	
2026-04-18T11:46:52+00:00	405-3607789-3496330	1030400	B07XPNC385	X0012WM1NR	Cubelelo Drift 3x3 Black Speedcube | Beginner Cube for Kids & Adults | Magic Speed Stress Buster Brainstorming Puzzle (Multicolor) | Anti-Pop Technology | Smooth Turning | Durable	1	BLR5	SELLABLE	UNDELIVERABLE_REFUSED	LPNBLR5P1729948	
2026-04-18T11:41:16+00:00	407-7516229-7621113	1630210	B09HH8CC7Y	X00262W227	Cubelelo Drift Number Sliding Magnetic Puzzle 4x4 | Toys For 6-10 Years Old Boys & Girls | 15-Blocks Brain Teaser Puzzle Game for Kids | Educational, Learning, Activity Toy for Return & Birthday Gifts	1	BOM7	SELLABLE	UNDELIVERABLE_UNKNOWN	LPNBOM7D19451967	
2026-04-18T11:33:57+00:00	402-9813253-8294761	1040400	B0FL7TDJLF	X002DFU80F	Cubelelo Drift 4x4 Stickerless Cube Puzzle Toy | Combines Smoothness, Stability & Durability | 4x4x4 Speedcube for Beginners| Suitable for Kids Ages 6 to 14 Years Old, Boys, Girls & Adults	1	BOM4	SELLABLE	UNDELIVERABLE_REFUSED	LPNBOM4N38533866	
2026-04-18T11:27:40+00:00	403-2756900-0898711	1630210	B09HH8CC7Y	X00262W227	Cubelelo Drift Number Sliding Magnetic Puzzle 4x4 | Toys For 6-10 Years Old Boys & Girls | 15-Blocks Brain Teaser Puzzle Game for Kids | Educational, Learning, Activity Toy for Return & Birthday Gifts	1	DEL2	SELLABLE	UNDELIVERABLE_UNKNOWN	LPNDEL2R81737587	
2026-04-18T11:10:31+00:00	403-9974728-5038756	1630202	B09B7PNSTV	X001ETHG47	Cubelelo Drift Infinity Cube (Blue) | Magic Puzzle Cool Mini Gadget for Stress and Anxiety Relief for Kids and Adults | Desk Finger Flip Toy for Fun and Game | for Ages 3 Years and Above	1	BLR5	SELLABLE	DEFECTIVE	LPNBLR5P0794496	
2026-04-18T10:54:28+00:00	171-8719673-5889160	1030500	B08H88N2N9	X0018CDFL3	Cubelelo Drift Warrior 3x3 Stickerless Cube | Beginner Speedcube for Kids Boys Girls Above 3 4 5 6 Years Old & Above | Magic Puzzle Toy | Durable & Smooth Cube with Anti-Pop Design 3 3	1	BOM4	SELLABLE	UNDELIVERABLE_UNKNOWN	LPNBOM4N38533833	
2026-04-18T10:52:14+00:00	404-0696149-7993116	1460501	B08XK25RRF	X001VLOAKL	Cubelelo Drift 2x2 & 3x3 Cube Gift Box Combo | 2-in-1 Puzzle Toy Game Set for Children Kids & Adults Ages 4 5 6 & Above | Double the Challenge, Twice the Fun | Ultimate Value Saver Combo	1	BOM4	CUSTOMER_DAMAGED	DEFECTIVE	LPNBOM4N38494831	
2026-04-18T10:49:43+00:00	402-5303324-2509933	TB03001	B0FQVDNZ3K	X002EI0VUX	TinkerBox Object Permanence Box | 6+ Months | Montessori Wooden Toy for Babies & Toddlers | Early Learning Puzzle for Hand-Eye Coordination & Cause-and-Effect | Safe & Durable Baby Toy	1	BOM4	SELLABLE	UNDELIVERABLE_REFUSED	LPNBOM4N38684817	
2026-04-18T10:45:28+00:00	405-8479023-8040368	1030300_EAN	B0FBMGT6V7	X002C88WLZ	Cubelelo Drift Explorer 3x3 Speed Cube | Best Starter Speedcube for Beginners | Perfect Brain Teaser for Kids Ages 4 to14 Years Old & Above Boys Girls Children | Smooth Turning Puzzle Toy for Adults	1	BLR8	SELLABLE	UNDELIVERABLE_UNKNOWN	LPNBLR8Z5719565	
2026-04-18T10:45:24+00:00	406-9336813-8546717	1630202	B09B7PNSTV	X001ETHG47	Cubelelo Drift Infinity Cube (Blue) | Magic Puzzle Cool Mini Gadget for Stress and Anxiety Relief for Kids and Adults | Desk Finger Flip Toy for Fun and Game | for Ages 3 Years and Above	1	BLR5	SELLABLE	UNDELIVERABLE_REFUSED	LPNBLR5P3424586	
2026-04-18T10:20:16+00:00	404-0357058-4517931	1030300_EAN	B0FBMGT6V7	X002C88WLZ	Cubelelo Drift Explorer 3x3 Speed Cube | Best Starter Speedcube for Beginners | Perfect Brain Teaser for Kids Ages 4 to14 Years Old & Above Boys Girls Children | Smooth Turning Puzzle Toy for Adults	1	DEL2	SELLABLE	UNDELIVERABLE_REFUSED	LPNDEL2R82014688	
2026-04-18T10:14:51+00:00	405-0863539-2134701	1020200	B08LBJ3P8L	X0019BU39P	Cubelelo Drift 2x2 Stickerless Cube | Beginner Speedcube for Kids Boys Girls Above 3 4 5 6 Years Old & Above | Magic Puzzle Toy | Durable & Smooth Cube with Anti-Pop Design 2x2x2	1	BLR5	SELLABLE	UNDELIVERABLE_REFUSED	LPNBLR5R2619153	
2026-04-18T09:52:00+00:00	402-8622077-3065114	1630223	B0GN1TJ7F4	X002IIXAZ7	Cubelelo Drift Clang! | 2-4 Players Classic Magnetic Attraction Strategy Game | Features 24 Magnets & Adjustable Rope | Fun Gifting Toy for Family, Teens & Adults | Compact and Travel Friendly	1	CCX1	SELLABLE	UNDELIVERABLE_UNKNOWN	LPNCCX1B4024209	
2026-04-18T09:13:29+00:00	408-6414830-7727535	1630222	B0GH18NXXG	X002HPDYRF	Cubelelo Drift Magnetic Tangram Puzzle | with Strong Magnets, Wooden Pieces & Bold Colors | Toys for 5-10 Years Old Boys Girls & Adults | Travel Friendly, Educational Toy for Return & Birthday Gifts	1	BLR5	SELLABLE	UNDELIVERABLE_REFUSED	LPNBLR5P3476510	
2026-04-18T08:56:33+00:00	408-7964832-1710757	1050200	B09K7QTCXP	X001GM0XER	Cubelelo Drift 5x5 Stickerless Speed Cube | AKA Professor's Cube Magic Puzzle for Kids & Adults | Smooth and Durable Speedy Brainstorming Puzzle| Ultimate Stress Buster and Mind Challenge	1	BLR5	SELLABLE	DEFECTIVE	LPNBLR5P0950305	
2026-04-18T08:12:25+00:00	408-3101460-4613141	1030604	B0DRVQVFJB	X0027JJHDB	Cubelelo Drift 3M v3 3x3 Magnetic Speedcube (Standard) | Latest Version with New & Improved Internal Structure for Smooth Turns & Stability | Cube Toy for 6-10 Years Old Boys Girls Adults	1	BOM4	SELLABLE	UNDELIVERABLE_REFUSED	LPNBOM4N38696947	
2026-04-18T07:41:26+00:00	407-7534547-4961932	1030604	B0DRVQVFJB	X0027JJHDB	Cubelelo Drift 3M v3 3x3 Magnetic Speedcube (Standard) | Latest Version with New & Improved Internal Structure for Smooth Turns & Stability | Cube Toy for 6-10 Years Old Boys Girls Adults	1	DEL2	CUSTOMER_DAMAGED	DEFECTIVE	LPNDEL2R81494443	
2026-04-18T07:11:25+00:00	402-0158552-6761946	1030300_EAN	B0FBMGT6V7	X002C88WLZ	Cubelelo Drift Explorer 3x3 Speed Cube | Best Starter Speedcube for Beginners | Perfect Brain Teaser for Kids Ages 4 to14 Years Old & Above Boys Girls Children | Smooth Turning Puzzle Toy for Adults	1	DEL2	SELLABLE	UNDELIVERABLE_UNKNOWN	LPNDEL2R81685634	
2026-04-18T07:06:01+00:00	407-0911753-0001149	1030300_EAN	B0FBMGT6V7	X002C88WLZ	Cubelelo Drift Explorer 3x3 Speed Cube | Best Starter Speedcube for Beginners | Perfect Brain Teaser for Kids Ages 4 to14 Years Old & Above Boys Girls Children | Smooth Turning Puzzle Toy for Adults	1	BLR5	SELLABLE	UNDELIVERABLE_REFUSED	LPNBLR5P1316264	
2026-04-18T07:03:03+00:00	405-1415966-2541900	1030300_EAN	B0FBMGT6V7	X002C88WLZ	Cubelelo Drift Explorer 3x3 Speed Cube | Best Starter Speedcube for Beginners | Perfect Brain Teaser for Kids Ages 4 to14 Years Old & Above Boys Girls Children | Smooth Turning Puzzle Toy for Adults	1	DEL2	SELLABLE	UNDELIVERABLE_REFUSED	LPNDEL2R81835582	
2026-04-18T07:00:36+00:00	402-0682120-0704337	1460502	B08XJVBV15	X001VLPA4L	Cubelelo Drift 3x3 & 4x4 Stickerless Combo Set - Premium Dual Speed Cube Bundle for All Skill Levels - Smooth Turning, Durable, and Vibrant Stickerless Design	1	BLR5	SELLABLE	DEFECTIVE	LPNBLR5P0857109	
2026-04-18T06:55:18+00:00	402-4796600-8993148	1030478	B09PYRTM4X	X001HYK0PL	Cubelelo Drift 3x3 Jelly Edition Speedcube Magic Cube Puzzle	1	CCX1	SELLABLE	UNDELIVERABLE_UNKNOWN	LPNCCX1B1359522	
2026-04-18T06:45:21+00:00	407-8727202-1763511	1030700_EAN	B0BRXJ9Q4G	X001P8LWWT	Cubelelo Drift 3M Plus v2 3x3 (Magnetic) Cube | New Upgraded Version Based on MoYu RS3M v5 | Dual-Adjustment System | Premium Speedcube for Kids Boys Girls Ages 4+ Year Old & Adults	1	BLR5	SELLABLE	UNDELIVERABLE_REFUSED	LPNBLR5P0320532	
2026-04-18T06:16:31+00:00	171-2148014-5329121	1030500	B08H88N2N9	X0018CDFL3	Cubelelo Drift Warrior 3x3 Stickerless Cube | Beginner Speedcube for Kids Boys Girls Above 3 4 5 6 Years Old & Above | Magic Puzzle Toy | Durable & Smooth Cube with Anti-Pop Design 3 3	1	BLR5	SELLABLE	UNDELIVERABLE_REFUSED	LPNBLR5P1365252	
2026-04-18T06:16:17+00:00	406-4961995-2041159	1030604	B0DRVQVFJB	X0027JJHDB	Cubelelo Drift 3M v3 3x3 Magnetic Speedcube (Standard) | Latest Version with New & Improved Internal Structure for Smooth Turns & Stability | Cube Toy for 6-10 Years Old Boys Girls Adults	1	BLR5	SELLABLE	UNDELIVERABLE_UNKNOWN	LPNBLR5P1438018	
2026-04-18T06:10:20+00:00	408-0248495-4253177	1030300_EAN	B0FBMGT6V7	X002C88WLZ	Cubelelo Drift Explorer 3x3 Speed Cube | Best Starter Speedcube for Beginners | Perfect Brain Teaser for Kids Ages 4 to14 Years Old & Above Boys Girls Children | Smooth Turning Puzzle Toy for Adults	1	BOM4	SELLABLE	DEFECTIVE	LPNBOM4N39495045	
2026-04-18T06:06:11+00:00	404-4679448-6448304	1030300_EAN	B0FBMGT6V7	X002C88WLZ	Cubelelo Drift Explorer 3x3 Speed Cube | Best Starter Speedcube for Beginners | Perfect Brain Teaser for Kids Ages 4 to14 Years Old & Above Boys Girls Children | Smooth Turning Puzzle Toy for Adults	1	BLR5	SELLABLE	UNDELIVERABLE_UNKNOWN	LPNBLR5P1906533	
2026-04-18T05:34:41+00:00	408-9560453-9368367	1030400	B07XPNC385	X0012WM1NR	Cubelelo Drift 3x3 Black Speedcube | Beginner Cube for Kids & Adults | Magic Speed Stress Buster Brainstorming Puzzle (Multicolor) | Anti-Pop Technology | Smooth Turning | Durable	1	DEL2	SELLABLE	DEFECTIVE	LPNDEL2R81881593	
2026-04-18T05:21:46+00:00	404-4504970-7965148	1030500	B08H88N2N9	X0018CDFL3	Cubelelo Drift Warrior 3x3 Stickerless Cube | Beginner Speedcube for Kids Boys Girls Above 3 4 5 6 Years Old & Above | Magic Puzzle Toy | Durable & Smooth Cube with Anti-Pop Design 3 3	1	BOM4	SELLABLE	UNDELIVERABLE_REFUSED	LPNBOM4N39495028	
2026-04-18T05:07:26+00:00	408-1688867-8885149	1030604	B0DRVQVFJB	X0027JJHDB	Cubelelo Drift 3M v3 3x3 Magnetic Speedcube (Standard) | Latest Version with New & Improved Internal Structure for Smooth Turns & Stability | Cube Toy for 6-10 Years Old Boys Girls Adults	1	DEL2	SELLABLE	UNDELIVERABLE_REFUSED	LPNDEL2R81835493	
2026-04-18T05:05:12+00:00	406-5023156-1240311	1030300_EAN	B0FBMGT6V7	X002C88WLZ	Cubelelo Drift Explorer 3x3 Speed Cube | Best Starter Speedcube for Beginners | Perfect Brain Teaser for Kids Ages 4 to14 Years Old & Above Boys Girls Children | Smooth Turning Puzzle Toy for Adults	1	DEL2	SELLABLE	UNDELIVERABLE_UNKNOWN	LPNDEL2R81835487	
2026-04-18T04:44:33+00:00	403-8279411-2150762	1030604	B0DRVQVFJB	X0027JJHDB	Cubelelo Drift 3M v3 3x3 Magnetic Speedcube (Standard) | Latest Version with New & Improved Internal Structure for Smooth Turns & Stability | Cube Toy for 6-10 Years Old Boys Girls Adults	1	BLR5	SELLABLE	UNDELIVERABLE_REFUSED	LPNBLR5P1332373	
2026-04-18T04:29:27+00:00	405-4856671-5185158	1030400	B07XPNC385	X0012WM1NR	Cubelelo Drift 3x3 Black Speedcube | Beginner Cube for Kids & Adults | Magic Speed Stress Buster Brainstorming Puzzle (Multicolor) | Anti-Pop Technology | Smooth Turning | Durable	1	DEL2	SELLABLE	UNDELIVERABLE_UNKNOWN	LPNDEL2R81688812	
2026-04-18T04:27:55+00:00	171-3560623-1544310	1030300_EAN	B0FBMGT6V7	X002C88WLZ	Cubelelo Drift Explorer 3x3 Speed Cube | Best Starter Speedcube for Beginners | Perfect Brain Teaser for Kids Ages 4 to14 Years Old & Above Boys Girls Children | Smooth Turning Puzzle Toy for Adults	1	BOM4	SELLABLE	DEFECTIVE	LPNBOM4N38451989	
2026-04-18T03:41:15+00:00	408-8338700-4731517	1460501	B08XK25RRF	X001VLOAKL	Cubelelo Drift 2x2 & 3x3 Cube Gift Box Combo | 2-in-1 Puzzle Toy Game Set for Children Kids & Adults Ages 4 5 6 & Above | Double the Challenge, Twice the Fun | Ultimate Value Saver Combo	1	DEL2	SELLABLE	DEFECTIVE	LPNDEL2R81638889	I am returning this product because it has visible marks and scratches. At first I did not notice, but after checking carefully I found several defects. The condition is not acceptable for a new produ
2026-04-18T03:38:19+00:00	408-6352571-3934753	1030478	B09PYRTM4X	X001HYK0PL	Cubelelo Drift 3x3 Jelly Edition Speedcube Magic Cube Puzzle	1	BLR5	SELLABLE	UNDELIVERABLE_UNKNOWN	LPNBLR5P1676668	
2026-04-18T03:38:19+00:00	405-9346815-0958745	1030478	B09PYRTM4X	X001HYK0PL	Cubelelo Drift 3x3 Jelly Edition Speedcube Magic Cube Puzzle	1	BLR5	SELLABLE	NEVER_ARRIVED	LPNBLR5P1676685	
2026-04-18T03:37:08+00:00	405-5571370-5768306	1030600_EAN	B0BQ73MK6H	X001ORNFU3	Cubelelo Drift 3M 3x3 (Magnetic) Stickerless Speed Cube | Enhances Auto-Alignment & Fast Turning with 48 NDM Magnets | Brainteaser Stress Buster Brainstorming Puzzle for Kids & Adults	1	DEL2	CUSTOMER_DAMAGED	DEFECTIVE	LPNDEL2R81881475	
2026-04-18T03:25:07+00:00	403-4586969-2218724	1120038	B0DRVTQ6NM	X0027JP4VP	Cubelelo Drift 3x3 Mirror Color (Tiled) Speedcube | New Colored Version Looks Fantastic with Buttery Smooth Turns | Ideal for Kids Above 5 Years Old | Unique Shape-Shifting Design for Puzzle Toy	1	BOM4	SELLABLE	UNDELIVERABLE_REFUSED	LPNBOM4N39543529	
2026-04-18T03:25:07+00:00	403-4586969-2218724	1140022	B08169YZPG	X001602BQR	Cubelelo Drift Gear 3x3 Stickerless Cube Speed Cube | Toy for Kids & Adults | Magic Speedy Stress Buster Brainstorming Puzzle 3x3x3 (Multicolor)	1	BOM4	SELLABLE	UNDELIVERABLE_REFUSED	LPNBOM4N39543528	
2026-04-18T03:20:19+00:00	408-7891741-7233113	1460553	B0BYVHGR5H	X001WPZI9N	Cubelelo Drift 2x2, 3x3 & Pyraminx Cube Combo (Stickerless) | Ideal for Kids Above 3 4 5 6 Years Old Boys Girls | 3 in 1 Speedcube Gift Set | High Speed Puzzle 3x3x3 2x2x2 Pyramid Triangle	1	BOM4	SELLABLE	SWITCHEROO	LPNBOM4N39450834	I ordered only one of them
2026-04-18T03:18:13+00:00	171-4958052-3426725	1630210	B09HH8CC7Y	X00262W227	Cubelelo Drift Number Sliding Magnetic Puzzle 4x4 | Toys For 6-10 Years Old Boys & Girls | 15-Blocks Brain Teaser Puzzle Game for Kids | Educational, Learning, Activity Toy for Return & Birthday Gifts	1	DEL2	DEFECTIVE	MISSING_PARTS	LPNDEL2R81686806	In product the parts is missing i am returning this product kindly accept request as soon as possible
2026-04-18T03:12:16+00:00	408-0484917-7535541	1030604	B0DRVQVFJB	X0027JJHDB	Cubelelo Drift 3M v3 3x3 Magnetic Speedcube (Standard) | Latest Version with New & Improved Internal Structure for Smooth Turns & Stability | Cube Toy for 6-10 Years Old Boys Girls Adults	1	BLR5	SELLABLE	DEFECTIVE	LPNBLR5P0949932	
2026-04-17T22:44:20+00:00	405-7597203-3554763	1030300_EAN	B0FBMGT6V7	X002C88WLZ	Cubelelo Drift Explorer 3x3 Speed Cube | Best Starter Speedcube for Beginners | Perfect Brain Teaser for Kids Ages 4 to14 Years Old & Above Boys Girls Children | Smooth Turning Puzzle Toy for Adults	1	CCX1	SELLABLE	UNDELIVERABLE_REFUSED	LPNCCX1B2307081	
2026-04-17T22:09:18+00:00	407-6669637-2298738	1030400	B07XPNC385	X0012WM1NR	Cubelelo Drift 3x3 Black Speedcube | Beginner Cube for Kids & Adults | Magic Speed Stress Buster Brainstorming Puzzle (Multicolor) | Anti-Pop Technology | Smooth Turning | Durable	1	BLR5	SELLABLE	UNDELIVERABLE_REFUSED	LPNBLR5R0861479	
2026-04-17T20:03:31+00:00	402-9529100-4445169	1120100	B08LBGYZ51	X0019BU32H	Cubelelo Drift 3x3 Mirror (Silver) Magic Speed Cube | Shape Shifter Speedcube with Durable Stickers | Advanced 3x3x3 Puzzle Toy for Kids Ages 7-14 Boys Girls & Adults | Collector's Item	1	BLR5	SELLABLE	UNDELIVERABLE_REFUSED	LPNBLR5P1693092	
2026-04-17T16:33:05+00:00	406-5816312-0179522	1630210	B09HH8CC7Y	X00262W227	Cubelelo Drift Number Sliding Magnetic Puzzle 4x4 | Toys For 6-10 Years Old Boys & Girls | 15-Blocks Brain Teaser Puzzle Game for Kids | Educational, Learning, Activity Toy for Return & Birthday Gifts	1	BLR5	SELLABLE	UNDELIVERABLE_REFUSED	LPNBLR5P1729031	
2026-04-17T16:15:09+00:00	406-5098681-2389129	1630202	B09B7PNSTV	X001ETHG47	Cubelelo Drift Infinity Cube (Blue) | Magic Puzzle Cool Mini Gadget for Stress and Anxiety Relief for Kids and Adults | Desk Finger Flip Toy for Fun and Game | for Ages 3 Years and Above	1	CCX1	SELLABLE	UNDELIVERABLE_REFUSED	LPNCCX1B4028798	
2026-04-17T12:55:08+00:00	402-1346600-8381950	1030300_EAN	B0FBMGT6V7	X002C88WLZ	Cubelelo Drift Explorer 3x3 Speed Cube | Best Starter Speedcube for Beginners | Perfect Brain Teaser for Kids Ages 4 to14 Years Old & Above Boys Girls Children | Smooth Turning Puzzle Toy for Adults	1	BOM4	SELLABLE	UNDELIVERABLE_UNKNOWN	LPNBOM4N38540850	
2026-04-17T12:52:46+00:00	403-7666097-3129122	1630202	B09B7PNSTV	X001ETHG47	Cubelelo Drift Infinity Cube (Blue) | Magic Puzzle Cool Mini Gadget for Stress and Anxiety Relief for Kids and Adults | Desk Finger Flip Toy for Fun and Game | for Ages 3 Years and Above	1	CCX1	SELLABLE	UNDELIVERABLE_UNKNOWN	LPNCCX1B3508447	
2026-04-17T12:46:19+00:00	405-7656376-7774747	1030300_EAN	B0FBMGT6V7	X002C88WLZ	Cubelelo Drift Explorer 3x3 Speed Cube | Best Starter Speedcube for Beginners | Perfect Brain Teaser for Kids Ages 4 to14 Years Old & Above Boys Girls Children | Smooth Turning Puzzle Toy for Adults	1	CCX1	SELLABLE	UNDELIVERABLE_REFUSED	LPNCCX1B4050292	
2026-04-17T12:25:35+00:00	403-6087026-5237954	1030300_EAN	B0FBMGT6V7	X002C88WLZ	Cubelelo Drift Explorer 3x3 Speed Cube | Best Starter Speedcube for Beginners | Perfect Brain Teaser for Kids Ages 4 to14 Years Old & Above Boys Girls Children | Smooth Turning Puzzle Toy for Adults	1	BOM4	SELLABLE	UNDELIVERABLE_REFUSED	LPNBOM4N38696632	
2026-04-17T12:20:41+00:00	406-6686375-2065901	1630202	B09B7PNSTV	X001ETHG47	Cubelelo Drift Infinity Cube (Blue) | Magic Puzzle Cool Mini Gadget for Stress and Anxiety Relief for Kids and Adults | Desk Finger Flip Toy for Fun and Game | for Ages 3 Years and Above	1	CCX1	SELLABLE	UNDELIVERABLE_REFUSED	LPNCCX1B1409278	
2026-04-17T12:12:49+00:00	407-3237238-0022738	1030400	B07XPNC385	X0012WM1NR	Cubelelo Drift 3x3 Black Speedcube | Beginner Cube for Kids & Adults | Magic Speed Stress Buster Brainstorming Puzzle (Multicolor) | Anti-Pop Technology | Smooth Turning | Durable	1	BLR5	SELLABLE	UNDELIVERABLE_REFUSED	LPNBLR5P2858574	
2026-04-17T12:03:31+00:00	171-5138552-7333955	1030500	B08H88N2N9	X0018CDFL3	Cubelelo Drift Warrior 3x3 Stickerless Cube | Beginner Speedcube for Kids Boys Girls Above 3 4 5 6 Years Old & Above | Magic Puzzle Toy | Durable & Smooth Cube with Anti-Pop Design 3 3	1	BLR5	SELLABLE	UNDELIVERABLE_REFUSED	LPNBLR5P3115767	
2026-04-17T11:29:56+00:00	408-0108231-6165973	1120039a	B0FHW6PLFC	X002CWQW2H	Cubelelo Drift Mirror 3x3 (Tiled-Blue) Speed Cube | No Stickers, Premium Finish with Smooth Turning Speedcube for Kids and Adults	1	BLR5	SELLABLE	UNDELIVERABLE_REFUSED	LPNBLR5P1616575	
2026-04-17T11:04:17+00:00	404-7111434-3740364	1030604	B0DRVQVFJB	X0027JJHDB	Cubelelo Drift 3M v3 3x3 Magnetic Speedcube (Standard) | Latest Version with New & Improved Internal Structure for Smooth Turns & Stability | Cube Toy for 6-10 Years Old Boys Girls Adults	1	DEL4	SELLABLE	UNDELIVERABLE_REFUSED	LPNDEL4AA2349926	
2026-04-17T11:01:13+00:00	402-4617812-8503500	1460552	B0BZKZ8212	X001WQ5O6J	Cubelelo Drift Gear, Mirror (Silver) & Pyraminx Combo Stickerless | Unique Speedcube Set for Kids & Adults | Smooth & Durable Puzzles | Challenging Gift for Cubers	1	DEL2	DEFECTIVE	MISSING_PARTS	LPNDEL2R81688616	We have ordered combo of three Rubik cubes, one item is missing
2026-04-17T10:39:59+00:00	406-3777836-2414769	1030500	B08H88N2N9	X0018CDFL3	Cubelelo Drift Warrior 3x3 Stickerless Cube | Beginner Speedcube for Kids Boys Girls Above 3 4 5 6 Years Old & Above | Magic Puzzle Toy | Durable & Smooth Cube with Anti-Pop Design 3 3	1	DEL2	SELLABLE	DEFECTIVE	LPNDEL2R81641290	Not proper lubricated as my old one.
2026-04-17T10:34:48+00:00	406-3778625-3160353	1630210	B09HH8CC7Y	X00262W227	Cubelelo Drift Number Sliding Magnetic Puzzle 4x4 | Toys For 6-10 Years Old Boys & Girls | 15-Blocks Brain Teaser Puzzle Game for Kids | Educational, Learning, Activity Toy for Return & Birthday Gifts	1	BLR5	SELLABLE	UNDELIVERABLE_REFUSED	LPNBLR5P2565203	
2026-04-17T10:08:29+00:00	406-8091399-9685900	1630210	B09HH8CC7Y	X00262W227	Cubelelo Drift Number Sliding Magnetic Puzzle 4x4 | Toys For 6-10 Years Old Boys & Girls | 15-Blocks Brain Teaser Puzzle Game for Kids | Educational, Learning, Activity Toy for Return & Birthday Gifts	1	CCX1	SELLABLE	UNDELIVERABLE_REFUSED	LPNCCX1B1399787	
2026-04-17T09:45:59+00:00	408-2855505-4944330	1630202	B09B7PNSTV	X001ETHG47	Cubelelo Drift Infinity Cube (Blue) | Magic Puzzle Cool Mini Gadget for Stress and Anxiety Relief for Kids and Adults | Desk Finger Flip Toy for Fun and Game | for Ages 3 Years and Above	1	CCX1	SELLABLE	UNDELIVERABLE_REFUSED	LPNCCX1B4043020	
2026-04-17T09:24:39+00:00	171-4756506-0857913	1030300_EAN	B0FBMGT6V7	X002C88WLZ	Cubelelo Drift Explorer 3x3 Speed Cube | Best Starter Speedcube for Beginners | Perfect Brain Teaser for Kids Ages 4 to14 Years Old & Above Boys Girls Children | Smooth Turning Puzzle Toy for Adults	1	BOM4	SELLABLE	SWITCHEROO	LPNBOM4N37946122	Product&#39;s size is very small . I thaught that this is big but not .
2026-04-17T09:24:29+00:00	408-9608243-3189952	1460501	B08XK25RRF	X001VLOAKL	Cubelelo Drift 2x2 & 3x3 Cube Gift Box Combo | 2-in-1 Puzzle Toy Game Set for Children Kids & Adults Ages 4 5 6 & Above | Double the Challenge, Twice the Fun | Ultimate Value Saver Combo	1	BLR5	SELLABLE	SWITCHEROO	LPNBLR5P1681684	I ordered 2x2 and 3x3 set but I have received 4x4 and 5x5 set
2026-04-17T09:22:31+00:00	402-4735415-2501147	1040400	B0FL7TDJLF	X002DFU80F	Cubelelo Drift 4x4 Stickerless Cube Puzzle Toy | Combines Smoothness, Stability & Durability | 4x4x4 Speedcube for Beginners| Suitable for Kids Ages 6 to 14 Years Old, Boys, Girls & Adults	1	DEL2	SELLABLE	SWITCHEROO	LPNDEL2R81835100	Return my item
2026-04-17T09:16:58+00:00	405-5546107-9330761	1030604	B0DRVQVFJB	X0027JJHDB	Cubelelo Drift 3M v3 3x3 Magnetic Speedcube (Standard) | Latest Version with New & Improved Internal Structure for Smooth Turns & Stability | Cube Toy for 6-10 Years Old Boys Girls Adults	1	BOM5	SELLABLE	UNDELIVERABLE_UNKNOWN	LPNBOM5F4825226	
2026-04-17T09:04:02+00:00	405-4501147-4341107	PLUXO01	B0DTP72KH3	X002C88X2D	Pluxo Neoprene Posture Corrector For Unisex Adjustable Posture Corrector Belt For Back Support, Spine Alignment & Pain Relief Comfortable & Lightweight For Relaxed use | Waist size 28-42 Inches	1	BOM4	SELLABLE	UNDELIVERABLE_REFUSED	LPNBOM4N38454515	
2026-04-17T08:38:45+00:00	407-0788807-2032332	1030300_EAN	B0FBMGT6V7	X002C88WLZ	Cubelelo Drift Explorer 3x3 Speed Cube | Best Starter Speedcube for Beginners | Perfect Brain Teaser for Kids Ages 4 to14 Years Old & Above Boys Girls Children | Smooth Turning Puzzle Toy for Adults	1	BLR5	SELLABLE	UNDELIVERABLE_UNKNOWN	LPNBLR5P1646627	
2026-04-17T08:28:23+00:00	407-6998699-5283503	1030300_EAN	B0FBMGT6V7	X002C88WLZ	Cubelelo Drift Explorer 3x3 Speed Cube | Best Starter Speedcube for Beginners | Perfect Brain Teaser for Kids Ages 4 to14 Years Old & Above Boys Girls Children | Smooth Turning Puzzle Toy for Adults	1	BLR5	SELLABLE	UNDELIVERABLE_REFUSED	LPNBLR5P3115525	
2026-04-17T08:20:31+00:00	405-2691713-5437121	1630300_EAN	B0C55MW9WL	X001S3KHTZ	Cubelelo Drift Column 3x3 Stickerless Speedcube Puzzle | Unique Cylindrical Speed Cube | Ultimate Stress Buster & Brainstorming Challenge for Kids & Adults | Smooth, Fast Puzzle for All Skill Levels	1	BLR5	DEFECTIVE	DAMAGED_BY_CARRIER	LPNBLR5P0856568	It is used product and damaged
2026-04-17T07:56:12+00:00	406-6027053-0657115	1630210	B09HH8CC7Y	X00262W227	Cubelelo Drift Number Sliding Magnetic Puzzle 4x4 | Toys For 6-10 Years Old Boys & Girls | 15-Blocks Brain Teaser Puzzle Game for Kids | Educational, Learning, Activity Toy for Return & Birthday Gifts	1	DEL2	SELLABLE	UNDELIVERABLE_REFUSED	LPNDEL2R81624256	
2026-04-17T07:41:55+00:00	406-0329795-5777158	1030478	B09PYRTM4X	X001HYK0PL	Cubelelo Drift 3x3 Jelly Edition Speedcube Magic Cube Puzzle	1	BLR5	SELLABLE	NOT_AS_DESCRIBED	LPNBLR5P1540371	The discription says it is speed/drift cube, but it doesn&#39;t move or turn smoothly compared normal cube.
2026-04-17T07:37:04+00:00	406-8528571-2322718	1030400	B07XPNC385	X0012WM1NR	Cubelelo Drift 3x3 Black Speedcube | Beginner Cube for Kids & Adults | Magic Speed Stress Buster Brainstorming Puzzle (Multicolor) | Anti-Pop Technology | Smooth Turning | Durable	1	DEL5	SELLABLE	UNDELIVERABLE_REFUSED	LPNDEL5S13751376	
2026-04-17T07:33:06+00:00	404-9900801-0336331	1280100a	B09QYW9DYC	X001LHLHUV	Cubelelo Drift Pyraminx Puzzle Speedcube | Beginner Starter Cube for Kids 3+ Year Old & Above | Triangle Pyramid Shape Stickerless 3x3 Cubes Toy | Ideal for Boys Girls Children 4 5 6+ Years & Adults	1	BLR5	CARRIER_DAMAGED	DAMAGED_BY_CARRIER	LPNBLR5P1618495	
2026-04-17T07:18:46+00:00	408-7376427-4991556	TB00005	B0FJ21PMFM	X002CXONGD	TinkerBox Wooden Ball Tracker | 12+ Months | Montessori Rolling Ball Toy for Toddlers & Kids | STEM Learning Puzzle for Visual Tracking & Motor Skills Development | Safe & Durable Wooden Toy	1	DEL2	SELLABLE	DAMAGED_BY_CARRIER	LPNDEL2R81586223	
2026-04-17T07:01:33+00:00	406-5216343-9535531	1030604	B0DRVQVFJB	X0027JJHDB	Cubelelo Drift 3M v3 3x3 Magnetic Speedcube (Standard) | Latest Version with New & Improved Internal Structure for Smooth Turns & Stability | Cube Toy for 6-10 Years Old Boys Girls Adults	1	BOM4	SELLABLE	NO_REASON_GIVEN	LPNBOM4N38696337	
2026-04-17T06:55:58+00:00	408-5782286-0700319	1030400	B07XPNC385	X0012WM1NR	Cubelelo Drift 3x3 Black Speedcube | Beginner Cube for Kids & Adults | Magic Speed Stress Buster Brainstorming Puzzle (Multicolor) | Anti-Pop Technology | Smooth Turning | Durable	1	BLR5	SELLABLE	UNDELIVERABLE_REFUSED	LPNBLR5P1740363	
2026-04-17T06:28:53+00:00	405-7175539-4440331	1460501	B08XK25RRF	X001VLOAKL	Cubelelo Drift 2x2 & 3x3 Cube Gift Box Combo | 2-in-1 Puzzle Toy Game Set for Children Kids & Adults Ages 4 5 6 & Above | Double the Challenge, Twice the Fun | Ultimate Value Saver Combo	1	DEL2	SELLABLE	UNDELIVERABLE_REFUSED	LPNDEL2R81914045	
2026-04-17T06:24:25+00:00	404-8108226-5924300	1120400_EAN	B0C55QR5BN	X001S3KHY5	Cubelelo Drift Mirror 2X2 (Silver) Stickerless Speed Cube|Comes with Mirror Finished Sticker for A Premium Look&Feel|Collective Item|Speedy Stress Buster Brainstorming Puzzle for Kids & Adults |	1	BOM4	SELLABLE	UNDELIVERABLE_REFUSED	LPNBOM4N38481646	
2026-04-17T06:24:01+00:00	406-9216777-5355534	TB03001	B0FQVDNZ3K	X002EI0VUX	TinkerBox Object Permanence Box | 6+ Months | Montessori Wooden Toy for Babies & Toddlers | Early Learning Puzzle for Hand-Eye Coordination & Cause-and-Effect | Safe & Durable Baby Toy	1	DEL2	SELLABLE	UNDELIVERABLE_REFUSED	LPNDEL2R81712108	
2026-04-17T06:00:21+00:00	407-9649608-7264325	1030322	B07F1M6KCP	X000WRSIMB	Cubelelo Drift 3x3 Carbon Fiber Speed Cube Puzzle | Premium Multicolor Magic Cube for Kids & Adults | Stress Relief Brain Teaser with Smooth Turns & Durable Carbon Fiber Stickers	1	DEL2	SELLABLE	UNDELIVERABLE_REFUSED	LPNDEL2R82062019	
2026-04-17T05:50:51+00:00	404-8230839-9750755	1040300	B09HH8XQ14	X001G4QY25	Cubelelo Drift 4x4 (Black) Speedcube | Challenging Brain Teaser Puzzle Toy for Kids 7-14 Years Old Boys Girls & Adults All Ages | Fast Speed Cube for Intermediate and Advanced Cubers	1	BLR5	SELLABLE	UNDELIVERABLE_REFUSED	LPNBLR5P0751462	
2026-04-17T05:46:41+00:00	408-7935936-7645929	1630222	B0GH18NXXG	X002HPDYRF	Cubelelo Drift Magnetic Tangram Puzzle | with Strong Magnets, Wooden Pieces & Bold Colors | Toys for 5-10 Years Old Boys Girls & Adults | Travel Friendly, Educational Toy for Return & Birthday Gifts	1	BLR5	DEFECTIVE	DEFECTIVE	LPNBLR5P1001093	The book is torn
2026-04-17T05:34:15+00:00	408-9396178-7278749	1460553	B0BYVHGR5H	X001WPZI9N	Cubelelo Drift 2x2, 3x3 & Pyraminx Cube Combo (Stickerless) | Ideal for Kids Above 3 4 5 6 Years Old Boys Girls | 3 in 1 Speedcube Gift Set | High Speed Puzzle 3x3x3 2x2x2 Pyramid Triangle	1	BLR5	SELLABLE	DEFECTIVE	LPNBLR5P3394776	
2026-04-17T05:26:20+00:00	171-9208355-0999551	1630210	B09HH8CC7Y	X00262W227	Cubelelo Drift Number Sliding Magnetic Puzzle 4x4 | Toys For 6-10 Years Old Boys & Girls | 15-Blocks Brain Teaser Puzzle Game for Kids | Educational, Learning, Activity Toy for Return & Birthday Gifts	1	BLR5	SELLABLE	UNDELIVERABLE_UNKNOWN	LPNBLR5P0856381	
2026-04-17T05:22:43+00:00	403-1719001-0480349	1120100	B08LBGYZ51	X0019BU32H	Cubelelo Drift 3x3 Mirror (Silver) Magic Speed Cube | Shape Shifter Speedcube with Durable Stickers | Advanced 3x3x3 Puzzle Toy for Kids Ages 7-14 Boys Girls & Adults | Collector's Item	1	BLR5	SELLABLE	UNDELIVERABLE_REFUSED	LPNBLR5P0865509	
2026-04-17T05:07:15+00:00	405-5550491-6736341	1030300_EAN	B0FBMGT6V7	X002C88WLZ	Cubelelo Drift Explorer 3x3 Speed Cube | Best Starter Speedcube for Beginners | Perfect Brain Teaser for Kids Ages 4 to14 Years Old & Above Boys Girls Children | Smooth Turning Puzzle Toy for Adults	1	BLR5	SELLABLE	UNDELIVERABLE_REFUSED	LPNBLR5P0856409	
2026-04-17T04:58:28+00:00	407-1277655-9495569	1630202	B09B7PNSTV	X001ETHG47	Cubelelo Drift Infinity Cube (Blue) | Magic Puzzle Cool Mini Gadget for Stress and Anxiety Relief for Kids and Adults | Desk Finger Flip Toy for Fun and Game | for Ages 3 Years and Above	1	CJB1	SELLABLE	UNDELIVERABLE_UNKNOWN	LPNCJB1X142875	
2026-04-17T03:44:43+00:00	406-3441070-5425912	1030300_EAN	B0FBMGT6V7	X002C88WLZ	Cubelelo Drift Explorer 3x3 Speed Cube | Best Starter Speedcube for Beginners | Perfect Brain Teaser for Kids Ages 4 to14 Years Old & Above Boys Girls Children | Smooth Turning Puzzle Toy for Adults	1	DEL2	SELLABLE	UNDELIVERABLE_REFUSED	LPNDEL2R81584530	
2026-04-17T03:43:21+00:00	402-6472107-1211528	1030603	B0DRVMTFN1	X0027JJ8K3	Cubelelo Drift 3M v3 3x3 (Magnetic UV Coated) Speedcube - New Version | Premium Glossy Finish, Ultra Fast & Smooth Turns, Enhanced Auto-Alignment with 48 Magnets | Puzzle Cube for Kids & Adults	1	BLR5	SELLABLE	UNDELIVERABLE_REFUSED	LPNBLR5P3115291	
2026-04-17T03:40:36+00:00	407-8761466-8488330	1140034	B0CP1XHDTC	X001WWIYG5	Cubelelo Drift Gear 3x3 Tiled Black Puzzle - Unique Gear Mechanism Speedcube for Enthusiasts & Beginners | Durable, Smooth-Turning, and Visually Striking 3x3 Magic Cube for Kid	1	DEL2	SELLABLE	MISSING_PARTS	LPNDEL2R81740993	Paper for guidance to solve the puzzle is absent in the  box.so it is difficult to solve the cube.kindly provide the paper or replace the item and provide new and fresh products.
2026-04-17T03:33:13+00:00	408-8594761-2659500	1460501	B08XK25RRF	X001VLOAKL	Cubelelo Drift 2x2 & 3x3 Cube Gift Box Combo | 2-in-1 Puzzle Toy Game Set for Children Kids & Adults Ages 4 5 6 & Above | Double the Challenge, Twice the Fun | Ultimate Value Saver Combo	1	BOM4	SELLABLE	UNDELIVERABLE_UNKNOWN	LPNBOM4N37544751	
2026-04-17T03:22:49+00:00	402-2415929-4572328	1030604	B0DRVQVFJB	X0027JJHDB	Cubelelo Drift 3M v3 3x3 Magnetic Speedcube (Standard) | Latest Version with New & Improved Internal Structure for Smooth Turns & Stability | Cube Toy for 6-10 Years Old Boys Girls Adults	1	BOM4	SELLABLE	UNDELIVERABLE_REFUSED	LPNBOM4N38696113	
2026-04-17T03:21:52+00:00	405-4574452-3800310	1030604	B0DRVQVFJB	X0027JJHDB	Cubelelo Drift 3M v3 3x3 Magnetic Speedcube (Standard) | Latest Version with New & Improved Internal Structure for Smooth Turns & Stability | Cube Toy for 6-10 Years Old Boys Girls Adults	1	BLR5	DEFECTIVE	MISSING_PARTS	LPNBLR5P0851500	Stand is missing,manual not there.also magnet not working.
2026-04-17T03:17:20+00:00	404-6010373-0085948	1030604	B0DRVQVFJB	X0027JJHDB	Cubelelo Drift 3M v3 3x3 Magnetic Speedcube (Standard) | Latest Version with New & Improved Internal Structure for Smooth Turns & Stability | Cube Toy for 6-10 Years Old Boys Girls Adults	1	DEL2	SELLABLE	UNDELIVERABLE_UNKNOWN	LPNDEL2R81690803	
2026-04-17T03:11:59+00:00	402-1923085-8914736	1030300_EAN	B0FBMGT6V7	X002C88WLZ	Cubelelo Drift Explorer 3x3 Speed Cube | Best Starter Speedcube for Beginners | Perfect Brain Teaser for Kids Ages 4 to14 Years Old & Above Boys Girls Children | Smooth Turning Puzzle Toy for Adults	1	DEL2	SELLABLE	UNDELIVERABLE_REFUSED	LPNDEL2R81686599	
2026-04-17T03:08:39+00:00	407-9654662-1912306	1630202	B09B7PNSTV	X001ETHG47	Cubelelo Drift Infinity Cube (Blue) | Magic Puzzle Cool Mini Gadget for Stress and Anxiety Relief for Kids and Adults | Desk Finger Flip Toy for Fun and Game | for Ages 3 Years and Above	1	BLR5	SELLABLE	UNDELIVERABLE_REFUSED	LPNBLR5P0846638	
2026-04-16T21:16:40+00:00	402-6514767-2039525	1030300_EAN	B0FBMGT6V7	X002C88WLZ	Cubelelo Drift Explorer 3x3 Speed Cube | Best Starter Speedcube for Beginners | Perfect Brain Teaser for Kids Ages 4 to14 Years Old & Above Boys Girls Children | Smooth Turning Puzzle Toy for Adults	1	BLR5	SELLABLE	UNDELIVERABLE_REFUSED	LPNBLR5P1510004	
2026-04-16T20:02:06+00:00	408-8531124-5997967	1030300_EAN	B0FBMGT6V7	X002C88WLZ	Cubelelo Drift Explorer 3x3 Speed Cube | Best Starter Speedcube for Beginners | Perfect Brain Teaser for Kids Ages 4 to14 Years Old & Above Boys Girls Children | Smooth Turning Puzzle Toy for Adults	1	CCX1	SELLABLE	UNDELIVERABLE_REFUSED	LPNCCX1B4050889	
2026-04-16T18:46:22+00:00	408-9149025-1794708	1030604	B0DRVQVFJB	X0027JJHDB	Cubelelo Drift 3M v3 3x3 Magnetic Speedcube (Standard) | Latest Version with New & Improved Internal Structure for Smooth Turns & Stability | Cube Toy for 6-10 Years Old Boys Girls Adults	1	BLR5	SELLABLE	UNDELIVERABLE_REFUSED	LPNBLR5P1743888	
2026-04-16T18:19:41+00:00	404-8014924-9892307	1030700_EAN	B0BRXJ9Q4G	X001P8LWWT	Cubelelo Drift 3M Plus v2 3x3 (Magnetic) Cube | New Upgraded Version Based on MoYu RS3M v5 | Dual-Adjustment System | Premium Speedcube for Kids Boys Girls Ages 4+ Year Old & Adults	1	BLR5	SELLABLE	UNDELIVERABLE_REFUSED	LPNBLR5P3080388	
2026-04-16T17:55:18+00:00	407-1591522-1818737	1020200	B08LBJ3P8L	X0019BU39P	Cubelelo Drift 2x2 Stickerless Cube | Beginner Speedcube for Kids Boys Girls Above 3 4 5 6 Years Old & Above | Magic Puzzle Toy | Durable & Smooth Cube with Anti-Pop Design 2x2x2	1	BLR5	SELLABLE	UNDELIVERABLE_REFUSED	LPNBLR5P1655616	
2026-04-16T17:47:06+00:00	407-0449003-8249108	1030604	B0DRVQVFJB	X0027JJHDB	Cubelelo Drift 3M v3 3x3 Magnetic Speedcube (Standard) | Latest Version with New & Improved Internal Structure for Smooth Turns & Stability | Cube Toy for 6-10 Years Old Boys Girls Adults	1	BLR5	SELLABLE	UNDELIVERABLE_UNKNOWN	LPNBLR5P2944018	
2026-04-16T17:47:06+00:00	407-0449003-8249108	1030300_EAN	B0FBMGT6V7	X002C88WLZ	Cubelelo Drift Explorer 3x3 Speed Cube | Best Starter Speedcube for Beginners | Perfect Brain Teaser for Kids Ages 4 to14 Years Old & Above Boys Girls Children | Smooth Turning Puzzle Toy for Adults	1	BLR5	SELLABLE	UNDELIVERABLE_UNKNOWN	LPNBLR5P1655598	
2026-04-16T17:06:54+00:00	403-0041661-6953910	1030300_EAN	B0FBMGT6V7	X002C88WLZ	Cubelelo Drift Explorer 3x3 Speed Cube | Best Starter Speedcube for Beginners | Perfect Brain Teaser for Kids Ages 4 to14 Years Old & Above Boys Girls Children | Smooth Turning Puzzle Toy for Adults	1	BLR5	SELLABLE	UNDELIVERABLE_UNKNOWN	LPNBLR5P3082795	
2026-04-16T13:46:02+00:00	404-4746200-0367507	1630210	B09HH8CC7Y	X00262W227	Cubelelo Drift Number Sliding Magnetic Puzzle 4x4 | Toys For 6-10 Years Old Boys & Girls | 15-Blocks Brain Teaser Puzzle Game for Kids | Educational, Learning, Activity Toy for Return & Birthday Gifts	1	BLR5	SELLABLE	UNDELIVERABLE_REFUSED	LPNBLR5P2615873	
2026-04-16T13:30:03+00:00	171-4341139-5025169	1460553	B0BYVHGR5H	X001WPZI9N	Cubelelo Drift 2x2, 3x3 & Pyraminx Cube Combo (Stickerless) | Ideal for Kids Above 3 4 5 6 Years Old Boys Girls | 3 in 1 Speedcube Gift Set | High Speed Puzzle 3x3x3 2x2x2 Pyramid Triangle	1	BLR5	SELLABLE	UNDELIVERABLE_UNKNOWN	LPNBLR5P0319353	
2026-04-16T12:56:17+00:00	402-3195045-2393910	1460501	B08XK25RRF	X001VLOAKL	Cubelelo Drift 2x2 & 3x3 Cube Gift Box Combo | 2-in-1 Puzzle Toy Game Set for Children Kids & Adults Ages 4 5 6 & Above | Double the Challenge, Twice the Fun | Ultimate Value Saver Combo	1	CCX1	SELLABLE	UNDELIVERABLE_REFUSED	LPNCCX1B4036537	
2026-04-16T12:56:17+00:00	402-2628178-1665165	1030400	B07XPNC385	X0012WM1NR	Cubelelo Drift 3x3 Black Speedcube | Beginner Cube for Kids & Adults | Magic Speed Stress Buster Brainstorming Puzzle (Multicolor) | Anti-Pop Technology | Smooth Turning | Durable	1	CCX1	SELLABLE	UNDELIVERABLE_REFUSED	LPNCCX1B4036536	
2026-04-16T12:43:01+00:00	404-8067318-1696339	1630222	B0GH18NXXG	X002HPDYRF	Cubelelo Drift Magnetic Tangram Puzzle | with Strong Magnets, Wooden Pieces & Bold Colors | Toys for 5-10 Years Old Boys Girls & Adults | Travel Friendly, Educational Toy for Return & Birthday Gifts	1	CCX1	SELLABLE	UNDELIVERABLE_REFUSED	LPNCCX1B4024525	
2026-04-16T12:33:46+00:00	405-1990759-2675535	1040300	B09HH8XQ14	X001G4QY25	Cubelelo Drift 4x4 (Black) Speedcube | Challenging Brain Teaser Puzzle Toy for Kids 7-14 Years Old Boys Girls & Adults All Ages | Fast Speed Cube for Intermediate and Advanced Cubers	1	CCX2	SELLABLE	UNDELIVERABLE_UNKNOWN	LPNCCX2B2623986	
2026-04-16T12:30:34+00:00	408-3964855-0830721	1170200	B0CZDV68CM	X001ZUSZ4F	Cubelelo Drift Windmill (Tiled) Magic Cube Puzzle | Unique Shape Mod with Premium Design, Smooth Finish Toy for Intermediate and Advanced Solvers | Suitable for Adults and Kids Ages 3 & Above	1	BOM4	SELLABLE	UNDELIVERABLE_UNKNOWN	LPNBOM4N38696071	
2026-04-16T12:27:55+00:00	408-3964855-0830721	1180200	B0CZ9JH3F5	X001ZUQ2D1	Cubelelo Drift Axis (Tiled) 3x3 Magic Cube Puzzle | Unique Shape Mod with Premium Design, Smooth Finish Toy for Intermediate & Advanced Solvers | Toys for Adults & Kids Girls Boys Ages 7-14 Years Old	1	BOM4	SELLABLE	UNDELIVERABLE_UNKNOWN	LPNBOM4N38696067	
2026-04-16T12:27:07+00:00	404-2213868-7827520	1030400	B07XPNC385	X0012WM1NR	Cubelelo Drift 3x3 Black Speedcube | Beginner Cube for Kids & Adults | Magic Speed Stress Buster Brainstorming Puzzle (Multicolor) | Anti-Pop Technology | Smooth Turning | Durable	1	CCX1	SELLABLE	UNDELIVERABLE_REFUSED	LPNCCX1B4041382	
2026-04-16T12:27:07+00:00	404-1838742-3265107	1460501	B08XK25RRF	X001VLOAKL	Cubelelo Drift 2x2 & 3x3 Cube Gift Box Combo | 2-in-1 Puzzle Toy Game Set for Children Kids & Adults Ages 4 5 6 & Above | Double the Challenge, Twice the Fun | Ultimate Value Saver Combo	1	CCX1	SELLABLE	UNDELIVERABLE_REFUSED	LPNCCX1B4041379	
2026-04-16T12:25:36+00:00	405-3086786-2456305	1630210	B09HH8CC7Y	X00262W227	Cubelelo Drift Number Sliding Magnetic Puzzle 4x4 | Toys For 6-10 Years Old Boys & Girls | 15-Blocks Brain Teaser Puzzle Game for Kids | Educational, Learning, Activity Toy for Return & Birthday Gifts	1	CCX1	SELLABLE	UNDELIVERABLE_UNKNOWN	LPNCCX1B4043481	
2026-04-16T12:19:30+00:00	408-2618901-7640313	1630222	B0GH18NXXG	X002HPDYRF	Cubelelo Drift Magnetic Tangram Puzzle | with Strong Magnets, Wooden Pieces & Bold Colors | Toys for 5-10 Years Old Boys Girls & Adults | Travel Friendly, Educational Toy for Return & Birthday Gifts	1	BOM4	SELLABLE	MISSING_PARTS	LPNBOM4N38068954	Puzzle guide is missing
2026-04-16T12:16:08+00:00	406-5411257-5357125	1030300_EAN	B0FBMGT6V7	X002C88WLZ	Cubelelo Drift Explorer 3x3 Speed Cube | Best Starter Speedcube for Beginners | Perfect Brain Teaser for Kids Ages 4 to14 Years Old & Above Boys Girls Children | Smooth Turning Puzzle Toy for Adults	1	CCX2	SELLABLE	UNDELIVERABLE_REFUSED	LPNCCX2B0040287	
2026-04-16T11:54:35+00:00	408-8921537-8461903	1630222	B0GH18NXXG	X002HPDYRF	Cubelelo Drift Magnetic Tangram Puzzle | with Strong Magnets, Wooden Pieces & Bold Colors | Toys for 5-10 Years Old Boys Girls & Adults | Travel Friendly, Educational Toy for Return & Birthday Gifts	1	DEL2	SELLABLE	UNDELIVERABLE_UNKNOWN	LPNDEL2R81836709	
2026-04-16T11:33:08+00:00	402-6384105-5173957	1030604	B0DRVQVFJB	X0027JJHDB	Cubelelo Drift 3M v3 3x3 Magnetic Speedcube (Standard) | Latest Version with New & Improved Internal Structure for Smooth Turns & Stability | Cube Toy for 6-10 Years Old Boys Girls Adults	1	DEL2	SELLABLE	UNDELIVERABLE_REFUSED	LPNDEL2R81525449	
2026-04-16T11:25:36+00:00	404-8919658-7873115	1030604	B0DRVQVFJB	X0027JJHDB	Cubelelo Drift 3M v3 3x3 Magnetic Speedcube (Standard) | Latest Version with New & Improved Internal Structure for Smooth Turns & Stability | Cube Toy for 6-10 Years Old Boys Girls Adults	1	BOM7	SELLABLE	UNDELIVERABLE_UNKNOWN	LPNBOM7D19430836	
2026-04-16T11:07:40+00:00	403-5870884-5299533	1030604	B0DRVQVFJB	X0027JJHDB	Cubelelo Drift 3M v3 3x3 Magnetic Speedcube (Standard) | Latest Version with New & Improved Internal Structure for Smooth Turns & Stability | Cube Toy for 6-10 Years Old Boys Girls Adults	1	DEL2	SELLABLE	UNDELIVERABLE_REFUSED	LPNDEL2R81786639	
2026-04-16T10:46:36+00:00	404-1711065-0049137	1630210	B09HH8CC7Y	X00262W227	Cubelelo Drift Number Sliding Magnetic Puzzle 4x4 | Toys For 6-10 Years Old Boys & Girls | 15-Blocks Brain Teaser Puzzle Game for Kids | Educational, Learning, Activity Toy for Return & Birthday Gifts	1	CCX1	SELLABLE	UNDELIVERABLE_UNKNOWN	LPNCCX1B4041474	
2026-04-16T10:42:09+00:00	171-4054055-3426719	1460553	B0BYVHGR5H	X001WPZI9N	Cubelelo Drift 2x2, 3x3 & Pyraminx Cube Combo (Stickerless) | Ideal for Kids Above 3 4 5 6 Years Old Boys Girls | 3 in 1 Speedcube Gift Set | High Speed Puzzle 3x3x3 2x2x2 Pyramid Triangle	1	DEL2	SELLABLE	UNDELIVERABLE_REFUSED	LPNDEL2R81690624	
2026-04-16T10:10:49+00:00	404-6640350-3661158	1030400	B07XPNC385	X0012WM1NR	Cubelelo Drift 3x3 Black Speedcube | Beginner Cube for Kids & Adults | Magic Speed Stress Buster Brainstorming Puzzle (Multicolor) | Anti-Pop Technology | Smooth Turning | Durable	1	DEL2	DEFECTIVE	DEFECTIVE	LPNDEL2R81021954	The screw is really tight it is not even smooth
2026-04-16T10:06:29+00:00	404-0511644-0991529	1630222	B0GH18NXXG	X002HPDYRF	Cubelelo Drift Magnetic Tangram Puzzle | with Strong Magnets, Wooden Pieces & Bold Colors | Toys for 5-10 Years Old Boys Girls & Adults | Travel Friendly, Educational Toy for Return & Birthday Gifts	1	BLR5	SELLABLE	UNDELIVERABLE_UNKNOWN	LPNBLR5P2894172	
2026-04-16T09:40:53+00:00	408-1788415-1013904	1630210	B09HH8CC7Y	X00262W227	Cubelelo Drift Number Sliding Magnetic Puzzle 4x4 | Toys For 6-10 Years Old Boys & Girls | 15-Blocks Brain Teaser Puzzle Game for Kids | Educational, Learning, Activity Toy for Return & Birthday Gifts	1	DEL2	SELLABLE	UNDELIVERABLE_UNKNOWN	LPNDEL2R81786502	
2026-04-16T09:38:01+00:00	408-5728263-9192304	1460511	B08JTJSCBP	X001VZFQL9	Cubelelo Drift 3x3 Black & 3x3 Stickerless Gift Box	1	DEL2	SELLABLE	DEFECTIVE	LPNDEL2R81395422	
2026-04-16T09:37:21+00:00	403-5965164-7789903	1030300_EAN	B0FBMGT6V7	X002C88WLZ	Cubelelo Drift Explorer 3x3 Speed Cube | Best Starter Speedcube for Beginners | Perfect Brain Teaser for Kids Ages 4 to14 Years Old & Above Boys Girls Children | Smooth Turning Puzzle Toy for Adults	1	HYD8	SELLABLE	UNDELIVERABLE_UNKNOWN	LPNHYD8EE48706	
2026-04-16T09:24:22+00:00	407-1724664-7096330	1030300_EAN	B0FBMGT6V7	X002C88WLZ	Cubelelo Drift Explorer 3x3 Speed Cube | Best Starter Speedcube for Beginners | Perfect Brain Teaser for Kids Ages 4 to14 Years Old & Above Boys Girls Children | Smooth Turning Puzzle Toy for Adults	1	CCX2	SELLABLE	UNDELIVERABLE_REFUSED	LPNCCX2B2681159	
2026-04-16T08:58:38+00:00	404-1481997-7364334	1630210	B09HH8CC7Y	X00262W227	Cubelelo Drift Number Sliding Magnetic Puzzle 4x4 | Toys For 6-10 Years Old Boys & Girls | 15-Blocks Brain Teaser Puzzle Game for Kids | Educational, Learning, Activity Toy for Return & Birthday Gifts	1	BOM4	SELLABLE	DEFECTIVE	LPNBOM4N37228459	
2026-04-16T08:30:49+00:00	403-8231642-1497901	1460511	B08JTJSCBP	X001VZFQL9	Cubelelo Drift 3x3 Black & 3x3 Stickerless Gift Box	1	DEL2	SELLABLE	DEFECTIVE	LPNDEL2R81525308	
2026-04-16T08:26:38+00:00	404-0093401-5621943	1030500	B08H88N2N9	X0018CDFL3	Cubelelo Drift Warrior 3x3 Stickerless Cube | Beginner Speedcube for Kids Boys Girls Above 3 4 5 6 Years Old & Above | Magic Puzzle Toy | Durable & Smooth Cube with Anti-Pop Design 3 3	1	CCX1	SELLABLE	UNDELIVERABLE_REFUSED	LPNCCX1B4021672	
2026-04-16T08:26:38+00:00	404-0093401-5621943	1120039	B0DRVW5BNS	X0027ISPWL	Cubelelo Drift 3x3 Mirror Blue (Tiled) Speed Cube | New Blue Version Looks Stunning with Buttery Smooth Turns | Ideal for Kids Above 5 6 Years Old Boys Girls | 3x3x3 Shape-Shifting Design Puzzle Toy	1	CCX1	SELLABLE	UNDELIVERABLE_REFUSED	LPNCCX1B4021673	
2026-04-16T08:19:43+00:00	402-1576856-6106745	1030300_EAN	B0FBMGT6V7	X002C88WLZ	Cubelelo Drift Explorer 3x3 Speed Cube | Best Starter Speedcube for Beginners | Perfect Brain Teaser for Kids Ages 4 to14 Years Old & Above Boys Girls Children | Smooth Turning Puzzle Toy for Adults	1	BLR5	SELLABLE	UNDELIVERABLE_REFUSED	LPNBLR5P0792433	
2026-04-16T08:05:37+00:00	408-0119245-0178720	1170200	B0CZDV68CM	X001ZUSZ4F	Cubelelo Drift Windmill (Tiled) Magic Cube Puzzle | Unique Shape Mod with Premium Design, Smooth Finish Toy for Intermediate and Advanced Solvers | Suitable for Adults and Kids Ages 3 & Above	1	BOM4	SELLABLE	UNDELIVERABLE_REFUSED	LPNBOM4N38465217	
2026-04-16T07:42:09+00:00	406-1561301-3581103	1460580	B079WVQD89	X002345VBR	Cubelelo Drift 4x4 with Cube Lubricant and Stand Combo | High-Performance Speed Cube | Adjustable Tension & Smooth Turning | Durable & Reliable | Ideal for All Ages	1	DEL2	CARRIER_DAMAGED	UNDELIVERABLE_REFUSED	LPNDEL2R82079957	
2026-04-16T07:24:58+00:00	405-2781904-8723530	1630202	B09B7PNSTV	X001ETHG47	Cubelelo Drift Infinity Cube (Blue) | Magic Puzzle Cool Mini Gadget for Stress and Anxiety Relief for Kids and Adults | Desk Finger Flip Toy for Fun and Game | for Ages 3 Years and Above	1	BOM4	CUSTOMER_DAMAGED	DEFECTIVE	LPNBOM4N38705747	
2026-04-16T07:15:44+00:00	408-8575316-7238756	1460510	B0BZL11XWC	X001VW450P	Cubelelo Drift 4x4, 5x5 Premium Gift Box | 2-in-1 Puzzle Game Set | Challenge, Thrice The Fun | Ultimate Value Saver Combo | Brainstoming Toy for Children Kids & Adults	1	CCX1	SELLABLE	UNDELIVERABLE_REFUSED	LPNCCX1A8714355	
2026-04-16T07:15:25+00:00	408-5748496-5651549	1160200	B0CZ9M5VBG	X001ZUU6DD	Cubelelo Drift Fisher (Tiled) Magic Cube Puzzle for Kids & Adults | Unique Shape Mod with Premium Design, Smooth Finish Toy for Intermediate and Advanced Solvers | for Ages 3 and Above	1	DEL2	CUSTOMER_DAMAGED	SWITCHEROO	LPNDEL2R81853394	
2026-04-16T07:06:02+00:00	171-6989717-6369958	1120100	B08LBGYZ51	X0019BU32H	Cubelelo Drift 3x3 Mirror (Silver) Magic Speed Cube | Shape Shifter Speedcube with Durable Stickers | Advanced 3x3x3 Puzzle Toy for Kids Ages 7-14 Boys Girls & Adults | Collector's Item	1	BOM4	CUSTOMER_DAMAGED	DEFECTIVE	LPNBOM4N39480804	
2026-04-16T06:58:51+00:00	404-7376468-9988357	1030400	B07XPNC385	X0012WM1NR	Cubelelo Drift 3x3 Black Speedcube | Beginner Cube for Kids & Adults | Magic Speed Stress Buster Brainstorming Puzzle (Multicolor) | Anti-Pop Technology | Smooth Turning | Durable	1	CCX2	SELLABLE	UNDELIVERABLE_REFUSED	LPNCCX2B0040494	
2026-04-16T06:40:06+00:00	406-1953545-0424349	1460521	B0CGNW2MFJ	X001VZFQYB	Cubelelo Drift Square-1 & Skewb Gift Box | Explore the new Dimension of Uniquely Shaped Puzzles | 2 in 1 Combo Pack of Dual Challenge Delight | Brainstoming Game Toy for Children Kids & Adults	1	DEL2	SELLABLE	DAMAGED_BY_FC	LPNDEL2R81658762	The cubes are little scratched.
2026-04-16T06:32:11+00:00	408-5602095-2850733	1030400	B07XPNC385	X0012WM1NR	Cubelelo Drift 3x3 Black Speedcube | Beginner Cube for Kids & Adults | Magic Speed Stress Buster Brainstorming Puzzle (Multicolor) | Anti-Pop Technology | Smooth Turning | Durable	1	CCX2	SELLABLE	UNDELIVERABLE_REFUSED	LPNCCX2B2562092	
2026-04-16T06:04:23+00:00	408-8181232-0237948	1290600	B09WHYXJRH	X001JIZ4KL	Cubelelo Drift Megaminx M (Magnetic) Stickerless Puzzle - Precision Puzzle for Competitive Solvers, Kids & Adults | Smooth Turning, Durable Design, Ideal for Brain Teasers and Speedcubing Challenges	1	BLR5	SELLABLE	DEFECTIVE	LPNBLR5P1826250	
2026-04-16T05:09:47+00:00	405-0083479-4467523	1630210	B09HH8CC7Y	X00262W227	Cubelelo Drift Number Sliding Magnetic Puzzle 4x4 | Toys For 6-10 Years Old Boys & Girls | 15-Blocks Brain Teaser Puzzle Game for Kids | Educational, Learning, Activity Toy for Return & Birthday Gifts	1	CCX1	SELLABLE	UNDELIVERABLE_UNKNOWN	LPNCCX1B1598470	
2026-04-16T05:01:59+00:00	402-1656616-9836358	1020200	B08LBJ3P8L	X0019BU39P	Cubelelo Drift 2x2 Stickerless Cube | Beginner Speedcube for Kids Boys Girls Above 3 4 5 6 Years Old & Above | Magic Puzzle Toy | Durable & Smooth Cube with Anti-Pop Design 2x2x2	1	DEL2	SELLABLE	UNDELIVERABLE_REFUSED	LPNDEL2R81345043	
2026-04-16T05:01:59+00:00	402-1656616-9836358	1120100	B08LBGYZ51	X0019BU32H	Cubelelo Drift 3x3 Mirror (Silver) Magic Speed Cube | Shape Shifter Speedcube with Durable Stickers | Advanced 3x3x3 Puzzle Toy for Kids Ages 7-14 Boys Girls & Adults | Collector's Item	1	DEL2	SELLABLE	UNDELIVERABLE_REFUSED	LPNDEL2R81345044	
2026-04-16T05:01:24+00:00	171-6910842-0172349	1460501	B08XK25RRF	X001VLOAKL	Cubelelo Drift 2x2 & 3x3 Cube Gift Box Combo | 2-in-1 Puzzle Toy Game Set for Children Kids & Adults Ages 4 5 6 & Above | Double the Challenge, Twice the Fun | Ultimate Value Saver Combo	1	BOM5	SELLABLE	UNDELIVERABLE_REFUSED	LPNBOM5F4998609	
2026-04-16T04:51:23+00:00	408-7497065-6509144	1630201	B09QMNCWYG	X001I5SK8D	Cubelelo Drift Infinity Cube (Green) | Magic Puzzle Cool Mini Gadget for Stress and Anxiety Relief for Kids and Adults | Desk Finger Flip Toy for Fun and Game | for Ages 3 Years and Above	1	DEL2	CUSTOMER_DAMAGED	DEFECTIVE	LPNDEL2R81686319	
2026-04-16T04:41:03+00:00	171-9946815-8653969	1030604	B0DRVQVFJB	X0027JJHDB	Cubelelo Drift 3M v3 3x3 Magnetic Speedcube (Standard) | Latest Version with New & Improved Internal Structure for Smooth Turns & Stability | Cube Toy for 6-10 Years Old Boys Girls Adults	1	BOM4	SELLABLE	QUALITY_UNACCEPTABLE	LPNBOM4N38740675	
2026-04-16T04:39:50+00:00	405-7535768-6802769	1030300_EAN	B0FBMGT6V7	X002C88WLZ	Cubelelo Drift Explorer 3x3 Speed Cube | Best Starter Speedcube for Beginners | Perfect Brain Teaser for Kids Ages 4 to14 Years Old & Above Boys Girls Children | Smooth Turning Puzzle Toy for Adults	1	BLR5	SELLABLE	UNDELIVERABLE_REFUSED	LPNBLR5P3069895	
2026-04-16T04:36:48+00:00	403-1720997-4102762	1630222	B0GH18NXXG	X002HPDYRF	Cubelelo Drift Magnetic Tangram Puzzle | with Strong Magnets, Wooden Pieces & Bold Colors | Toys for 5-10 Years Old Boys Girls & Adults | Travel Friendly, Educational Toy for Return & Birthday Gifts	1	HYD8	SELLABLE	UNDELIVERABLE_UNKNOWN	LPNHYD8ED32729	
2026-04-16T03:59:49+00:00	171-0178622-3052318	1630210	B09HH8CC7Y	X00262W227	Cubelelo Drift Number Sliding Magnetic Puzzle 4x4 | Toys For 6-10 Years Old Boys & Girls | 15-Blocks Brain Teaser Puzzle Game for Kids | Educational, Learning, Activity Toy for Return & Birthday Gifts	1	DEL2	SELLABLE	UNDELIVERABLE_REFUSED	LPNDEL2R82079730	
2026-04-16T03:50:21+00:00	405-1966070-5708369	1030500	B08H88N2N9	X0018CDFL3	Cubelelo Drift Warrior 3x3 Stickerless Cube | Beginner Speedcube for Kids Boys Girls Above 3 4 5 6 Years Old & Above | Magic Puzzle Toy | Durable & Smooth Cube with Anti-Pop Design 3 3	1	DEL2	SELLABLE	UNDELIVERABLE_REFUSED	LPNDEL2R81640435	
2026-04-16T03:24:39+00:00	407-6488392-9233924	1630201	B09QMNCWYG	X001I5SK8D	Cubelelo Drift Infinity Cube (Green) | Magic Puzzle Cool Mini Gadget for Stress and Anxiety Relief for Kids and Adults | Desk Finger Flip Toy for Fun and Game | for Ages 3 Years and Above	1	DEL2	SELLABLE	UNDELIVERABLE_UNKNOWN	LPNDEL2R81067659	
2026-04-15T18:53:20+00:00	405-0609708-0822753	1030300_EAN	B0FBMGT6V7	X002C88WLZ	Cubelelo Drift Explorer 3x3 Speed Cube | Best Starter Speedcube for Beginners | Perfect Brain Teaser for Kids Ages 4 to14 Years Old & Above Boys Girls Children | Smooth Turning Puzzle Toy for Adults	1	BLR5	SELLABLE	UNDELIVERABLE_REFUSED	LPNBLR5P3475373	
2026-04-15T18:26:20+00:00	408-0061050-7048314	1030300_EAN	B0FBMGT6V7	X002C88WLZ	Cubelelo Drift Explorer 3x3 Speed Cube | Best Starter Speedcube for Beginners | Perfect Brain Teaser for Kids Ages 4 to14 Years Old & Above Boys Girls Children | Smooth Turning Puzzle Toy for Adults	1	BLR5	CUSTOMER_DAMAGED	DAMAGED_BY_FC	LPNBLR5P2905275	
2026-04-15T16:31:17+00:00	402-5752414-1759519	1460501	B08XK25RRF	X001VLOAKL	Cubelelo Drift 2x2 & 3x3 Cube Gift Box Combo | 2-in-1 Puzzle Toy Game Set for Children Kids & Adults Ages 4 5 6 & Above | Double the Challenge, Twice the Fun | Ultimate Value Saver Combo	1	BLR5	SELLABLE	UNDELIVERABLE_REFUSED	LPNBLR5P1718467	
2026-04-15T14:17:09+00:00	171-0392046-4033905	1030300_EAN	B0FBMGT6V7	X002C88WLZ	Cubelelo Drift Explorer 3x3 Speed Cube | Best Starter Speedcube for Beginners | Perfect Brain Teaser for Kids Ages 4 to14 Years Old & Above Boys Girls Children | Smooth Turning Puzzle Toy for Adults	1	BLR5	SELLABLE	UNDELIVERABLE_REFUSED	LPNBLR5P3584362	
2026-04-15T12:46:30+00:00	406-2773053-2628329	1030400	B07XPNC385	X0012WM1NR	Cubelelo Drift 3x3 Black Speedcube | Beginner Cube for Kids & Adults | Magic Speed Stress Buster Brainstorming Puzzle (Multicolor) | Anti-Pop Technology | Smooth Turning | Durable	1	BLR5	SELLABLE	UNDELIVERABLE_REFUSED	LPNBLR5P3078703	
2026-04-15T12:33:30+00:00	408-0473602-5722732	1280600_EAN	B0BSFD6XY8	X001PEDWDF	Cubelelo Drift Pyraminx M (Magnetic) Puzzle | Toys for Kids 4 5 6 7 8 to 14 Years Old & Above Boys Girls All Ages | Stickerless Pyramid Triangle High Speed Gift Cube Toy | Travel Friendly	1	BLR5	SELLABLE	UNDELIVERABLE_REFUSED	LPNBLR5P0948526	
2026-04-15T12:32:04+00:00	407-3258490-6403531	1030300_EAN	B0FBMGT6V7	X002C88WLZ	Cubelelo Drift Explorer 3x3 Speed Cube | Best Starter Speedcube for Beginners | Perfect Brain Teaser for Kids Ages 4 to14 Years Old & Above Boys Girls Children | Smooth Turning Puzzle Toy for Adults	1	CCX1	SELLABLE	UNDELIVERABLE_UNKNOWN	LPNCCX1B3536039	
2026-04-15T12:29:37+00:00	407-8062793-1576354	1030300_EAN	B0FBMGT6V7	X002C88WLZ	Cubelelo Drift Explorer 3x3 Speed Cube | Best Starter Speedcube for Beginners | Perfect Brain Teaser for Kids Ages 4 to14 Years Old & Above Boys Girls Children | Smooth Turning Puzzle Toy for Adults	1	CCX1	SELLABLE	UNDELIVERABLE_UNKNOWN	LPNCCX1B3347875	
2026-04-15T12:14:26+00:00	407-9074996-7856338	1630210	B09HH8CC7Y	X00262W227	Cubelelo Drift Number Sliding Magnetic Puzzle 4x4 | Toys For 6-10 Years Old Boys & Girls | 15-Blocks Brain Teaser Puzzle Game for Kids | Educational, Learning, Activity Toy for Return & Birthday Gifts	1	BOM4	SELLABLE	UNDELIVERABLE_REFUSED	LPNBOM4N38735401	
2026-04-15T12:13:35+00:00	403-9703860-2927558	1460553	B0BYVHGR5H	X001WPZI9N	Cubelelo Drift 2x2, 3x3 & Pyraminx Cube Combo (Stickerless) | Ideal for Kids Above 3 4 5 6 Years Old Boys Girls | 3 in 1 Speedcube Gift Set | High Speed Puzzle 3x3x3 2x2x2 Pyramid Triangle	1	CCX1	SELLABLE	UNDELIVERABLE_UNKNOWN	LPNCCX1B2679610	
2026-04-15T11:49:30+00:00	408-7089160-6255513	1460502	B08XJVBV15	X001VLPA4L	Cubelelo Drift 3x3 & 4x4 Stickerless Combo Set - Premium Dual Speed Cube Bundle for All Skill Levels - Smooth Turning, Durable, and Vibrant Stickerless Design	1	BOM4	SELLABLE	UNDELIVERABLE_REFUSED	LPNBOM4N38460120	
2026-04-15T11:46:53+00:00	408-9795188-3357955	1030300_EAN	B0FBMGT6V7	X002C88WLZ	Cubelelo Drift Explorer 3x3 Speed Cube | Best Starter Speedcube for Beginners | Perfect Brain Teaser for Kids Ages 4 to14 Years Old & Above Boys Girls Children | Smooth Turning Puzzle Toy for Adults	1	HYD8	SELLABLE	UNDELIVERABLE_REFUSED	LPNHYD8EE36438	
2026-04-15T11:31:27+00:00	403-1450958-4615569	1460501	B08XK25RRF	X001VLOAKL	Cubelelo Drift 2x2 & 3x3 Cube Gift Box Combo | 2-in-1 Puzzle Toy Game Set for Children Kids & Adults Ages 4 5 6 & Above | Double the Challenge, Twice the Fun | Ultimate Value Saver Combo	1	DEL2	SELLABLE	UNDELIVERABLE_REFUSED	LPNDEL2R80461576	
2026-04-15T11:27:32+00:00	404-9128396-5911555	1460501	B08XK25RRF	X001VLOAKL	Cubelelo Drift 2x2 & 3x3 Cube Gift Box Combo | 2-in-1 Puzzle Toy Game Set for Children Kids & Adults Ages 4 5 6 & Above | Double the Challenge, Twice the Fun | Ultimate Value Saver Combo	1	DEL4	SELLABLE	UNDELIVERABLE_UNKNOWN	LPNDEL4AA2057550	
2026-04-15T11:23:47+00:00	171-0568205-0764335	1460501	B08XK25RRF	X001VLOAKL	Cubelelo Drift 2x2 & 3x3 Cube Gift Box Combo | 2-in-1 Puzzle Toy Game Set for Children Kids & Adults Ages 4 5 6 & Above | Double the Challenge, Twice the Fun | Ultimate Value Saver Combo	1	BLR5	SELLABLE	UNDELIVERABLE_REFUSED	LPNBLR5P3114469	
2026-04-15T11:16:28+00:00	408-0219028-8178760	1030604	B0DRVQVFJB	X0027JJHDB	Cubelelo Drift 3M v3 3x3 Magnetic Speedcube (Standard) | Latest Version with New & Improved Internal Structure for Smooth Turns & Stability | Cube Toy for 6-10 Years Old Boys Girls Adults	1	BOM4	SELLABLE	UNDELIVERABLE_REFUSED	LPNBOM4N39544912	
2026-04-15T11:04:37+00:00	405-9702594-5597909	1030604	B0DRVQVFJB	X0027JJHDB	Cubelelo Drift 3M v3 3x3 Magnetic Speedcube (Standard) | Latest Version with New & Improved Internal Structure for Smooth Turns & Stability | Cube Toy for 6-10 Years Old Boys Girls Adults	1	BOM4	SELLABLE	UNDELIVERABLE_REFUSED	LPNBOM4N38477241	
2026-04-15T10:56:51+00:00	405-7056016-3391515	1030604	B0DRVQVFJB	X0027JJHDB	Cubelelo Drift 3M v3 3x3 Magnetic Speedcube (Standard) | Latest Version with New & Improved Internal Structure for Smooth Turns & Stability | Cube Toy for 6-10 Years Old Boys Girls Adults	1	BLR5	SELLABLE	UNDELIVERABLE_REFUSED	LPNBLR5P3627568	
2026-04-15T10:28:12+00:00	404-0805378-4162745	1030300_EAN	B0FBMGT6V7	X002C88WLZ	Cubelelo Drift Explorer 3x3 Speed Cube | Best Starter Speedcube for Beginners | Perfect Brain Teaser for Kids Ages 4 to14 Years Old & Above Boys Girls Children | Smooth Turning Puzzle Toy for Adults	1	BOM5	SELLABLE	UNDELIVERABLE_UNKNOWN	LPNBOM5F4871710	
2026-04-15T10:12:50+00:00	404-1622902-6909917	1460503	B08XK4V59M	X001VFXJDV	Cubelelo Drift 2x2, 3x3 & 4x4 Premium Gift Box | 3-in-1 Puzzle Game Set | Triple the Challenge, Thrice the Fun | Ultimate Value Saver Combo | Brainstoming Toy for Children Kids & Adults	1	DEL2	SELLABLE	MISSING_PARTS	LPNDEL2R81834260	Dekh bhai botal bhaj Diya h
2026-04-15T10:01:46+00:00	171-5055462-9277126	1630210	B09HH8CC7Y	X00262W227	Cubelelo Drift Number Sliding Magnetic Puzzle 4x4 | Toys For 6-10 Years Old Boys & Girls | 15-Blocks Brain Teaser Puzzle Game for Kids | Educational, Learning, Activity Toy for Return & Birthday Gifts	1	BLR5	SELLABLE	QUALITY_UNACCEPTABLE	LPNBLR5P3635611	
2026-04-15T09:34:24+00:00	407-9064851-6996358	1460553	B0BYVHGR5H	X001WPZI9N	Cubelelo Drift 2x2, 3x3 & Pyraminx Cube Combo (Stickerless) | Ideal for Kids Above 3 4 5 6 Years Old Boys Girls | 3 in 1 Speedcube Gift Set | High Speed Puzzle 3x3x3 2x2x2 Pyramid Triangle	1	BLR5	SELLABLE	UNDELIVERABLE_UNKNOWN	LPNBLR5P3078511	
2026-04-15T09:30:11+00:00	405-2989331-7339511	1030300_EAN	B0FBMGT6V7	X002C88WLZ	Cubelelo Drift Explorer 3x3 Speed Cube | Best Starter Speedcube for Beginners | Perfect Brain Teaser for Kids Ages 4 to14 Years Old & Above Boys Girls Children | Smooth Turning Puzzle Toy for Adults	1	DEL4	SELLABLE	UNDELIVERABLE_UNKNOWN	LPNDEL2R82027031	
2026-04-15T09:26:07+00:00	171-8839570-9145145	1630210	B09HH8CC7Y	X00262W227	Cubelelo Drift Number Sliding Magnetic Puzzle 4x4 | Toys For 6-10 Years Old Boys & Girls | 15-Blocks Brain Teaser Puzzle Game for Kids | Educational, Learning, Activity Toy for Return & Birthday Gifts	1	BLR5	SELLABLE	UNDELIVERABLE_UNKNOWN	LPNBLR5P3615645	
2026-04-15T09:24:56+00:00	402-3290527-9448344	1630210	B09HH8CC7Y	X00262W227	Cubelelo Drift Number Sliding Magnetic Puzzle 4x4 | Toys For 6-10 Years Old Boys & Girls | 15-Blocks Brain Teaser Puzzle Game for Kids | Educational, Learning, Activity Toy for Return & Birthday Gifts	1	CCX1	SELLABLE	UNDELIVERABLE_UNKNOWN	LPNCCX1B1598816	
2026-04-15T08:48:25+00:00	405-0120738-8378709	1460553	B0BYVHGR5H	X001WPZI9N	Cubelelo Drift 2x2, 3x3 & Pyraminx Cube Combo (Stickerless) | Ideal for Kids Above 3 4 5 6 Years Old Boys Girls | 3 in 1 Speedcube Gift Set | High Speed Puzzle 3x3x3 2x2x2 Pyramid Triangle	1	BOM4	SELLABLE	UNDELIVERABLE_REFUSED	LPNBOM4N38675083	
2026-04-15T08:45:39+00:00	406-0609077-5361938	1630210	B09HH8CC7Y	X00262W227	Cubelelo Drift Number Sliding Magnetic Puzzle 4x4 | Toys For 6-10 Years Old Boys & Girls | 15-Blocks Brain Teaser Puzzle Game for Kids | Educational, Learning, Activity Toy for Return & Birthday Gifts	1	BLR5	SELLABLE	UNDELIVERABLE_REFUSED	LPNBLR5P1434589	
2026-04-15T08:39:52+00:00	404-8426698-4601141	1040300	B09HH8XQ14	X001G4QY25	Cubelelo Drift 4x4 (Black) Speedcube | Challenging Brain Teaser Puzzle Toy for Kids 7-14 Years Old Boys Girls & Adults All Ages | Fast Speed Cube for Intermediate and Advanced Cubers	1	DEL2	SELLABLE	UNDELIVERABLE_REFUSED	LPNDEL2R81690156	
2026-04-15T08:23:03+00:00	403-7702845-1023506	1630222	B0GH18NXXG	X002HPDYRF	Cubelelo Drift Magnetic Tangram Puzzle | with Strong Magnets, Wooden Pieces & Bold Colors | Toys for 5-10 Years Old Boys Girls & Adults | Travel Friendly, Educational Toy for Return & Birthday Gifts	1	BOM5	SELLABLE	UNDELIVERABLE_REFUSED	LPNBOM5F4890311	
2026-04-15T08:13:23+00:00	403-5712392-9600312	1460565	B089LJBSPQ	X0023ASIV1	Cubelelo Drift 2x2 Stickerless with Stand | High-Performance Speed Cube | Smooth Turning & Adjustable Tension | Durable & Reliable | Ideal for All Ages	1	BLR5	SELLABLE	UNDELIVERABLE_REFUSED	LPNBLR5P1660931	
2026-04-15T07:33:30+00:00	402-3019531-9821906	1630202	B09B7PNSTV	X001ETHG47	Cubelelo Drift Infinity Cube (Blue) | Magic Puzzle Cool Mini Gadget for Stress and Anxiety Relief for Kids and Adults | Desk Finger Flip Toy for Fun and Game | for Ages 3 Years and Above	1	DEL2	SELLABLE	UNDELIVERABLE_REFUSED	LPNDEL2R81297383	
2026-04-15T06:41:44+00:00	408-4274668-2946762	1630223	B0GN1TJ7F4	X002IIXAZ7	Cubelelo Drift Clang! | 2-4 Players Classic Magnetic Attraction Strategy Game | Features 24 Magnets & Adjustable Rope | Fun Gifting Toy for Family, Teens & Adults | Compact and Travel Friendly	1	BLR5	CUSTOMER_DAMAGED	DEFECTIVE	LPNBLR5P2893944	
2026-04-15T06:39:20+00:00	403-0843419-6227537	1460501	B08XK25RRF	X001VLOAKL	Cubelelo Drift 2x2 & 3x3 Cube Gift Box Combo | 2-in-1 Puzzle Toy Game Set for Children Kids & Adults Ages 4 5 6 & Above | Double the Challenge, Twice the Fun | Ultimate Value Saver Combo	1	BLR5	CUSTOMER_DAMAGED	SWITCHEROO	LPNBLR5P0849326	
2026-04-15T06:29:49+00:00	406-0871439-6317922	1120100	B08LBGYZ51	X0019BU32H	Cubelelo Drift 3x3 Mirror (Silver) Magic Speed Cube | Shape Shifter Speedcube with Durable Stickers | Advanced 3x3x3 Puzzle Toy for Kids Ages 7-14 Boys Girls & Adults | Collector's Item	1	BOM4	SELLABLE	DAMAGED_BY_CARRIER	LPNBOM4N36335998	
2026-04-15T06:22:19+00:00	402-9638685-4098746	1120038a	B0FHW9DQ29	X002CWQDK3	Cubelelo Drift Mirror 3x3 (Tiled - Colored) Speed Cube | No Stickers, Premium Finish with Smooth Turning Speedcube for Kids and Adults	1	CCX2	SELLABLE	UNDELIVERABLE_UNKNOWN	LPNCCX2B2624848	
2026-04-15T06:17:31+00:00	403-2650780-8087515	1030651	B0DJQWJFSX	X0025EZ04D	Cubelelo Drift 3M Plus v2 3x3 (Magnetic) (New Upgraded Version) | Based on MoYu RS3M v5 | Dual-Adjustment System | Speedcube for Kids & Adults | Magic Speedy Stress Buster Brainstorming Puzzle	1	BOM4	SELLABLE	UNDELIVERABLE_REFUSED	LPNBOM4N38683670	
2026-04-15T06:11:27+00:00	404-2462939-2590763	1030300_EAN	B0FBMGT6V7	X002C88WLZ	Cubelelo Drift Explorer 3x3 Speed Cube | Best Starter Speedcube for Beginners | Perfect Brain Teaser for Kids Ages 4 to14 Years Old & Above Boys Girls Children | Smooth Turning Puzzle Toy for Adults	1	DEL2	SELLABLE	UNDELIVERABLE_REFUSED	LPNDEL2R81705205	
2026-04-15T06:06:14+00:00	404-6975003-8741109	1030300_EAN	B0FBMGT6V7	X002C88WLZ	Cubelelo Drift Explorer 3x3 Speed Cube | Best Starter Speedcube for Beginners | Perfect Brain Teaser for Kids Ages 4 to14 Years Old & Above Boys Girls Children | Smooth Turning Puzzle Toy for Adults	1	BLR5	SELLABLE	DEFECTIVE	LPNBLR5P3096860	
2026-04-15T06:05:31+00:00	404-4596393-3719507	1630208	B0CNXSTGRX	X001WV20T3	Cubelelo Drift Mini Rainbow Ball Puzzle | Compact, Multicolor Sphere (Fidget Toy) | Portable Brain Teaser for Kids & Adults | Stress Relief & Fun On-The-Go Puzzle	1	BLR5	CUSTOMER_DAMAGED	SWITCHEROO	LPNBLR5P3114307	
2026-04-15T06:05:31+00:00	404-4596393-3719507	1630208	B0CNXSTGRX	X001WV20T3	Cubelelo Drift Mini Rainbow Ball Puzzle | Compact, Multicolor Sphere (Fidget Toy) | Portable Brain Teaser for Kids & Adults | Stress Relief & Fun On-The-Go Puzzle	1	BLR5	SELLABLE	SWITCHEROO	LPNBLR5P3114308	
2026-04-15T05:53:10+00:00	403-8072239-0669907	1630210	B09HH8CC7Y	X00262W227	Cubelelo Drift Number Sliding Magnetic Puzzle 4x4 | Toys For 6-10 Years Old Boys & Girls | 15-Blocks Brain Teaser Puzzle Game for Kids | Educational, Learning, Activity Toy for Return & Birthday Gifts	1	DEL2	SELLABLE	UNDELIVERABLE_REFUSED	LPNDEL2R81686067	
2026-04-15T05:45:56+00:00	171-6713914-9137105	1030700_EAN	B0BRXJ9Q4G	X001P8LWWT	Cubelelo Drift 3M Plus v2 3x3 (Magnetic) Cube | New Upgraded Version Based on MoYu RS3M v5 | Dual-Adjustment System | Premium Speedcube for Kids Boys Girls Ages 4+ Year Old & Adults	1	BLR5	SELLABLE	DEFECTIVE	LPNBLR5P1612985	
2026-04-15T05:13:42+00:00	408-7460870-1212340	1050200	B09K7QTCXP	X001GM0XER	Cubelelo Drift 5x5 Stickerless Speed Cube | AKA Professor's Cube Magic Puzzle for Kids & Adults | Smooth and Durable Speedy Brainstorming Puzzle| Ultimate Stress Buster and Mind Challenge	1	BLR5	SELLABLE	UNDELIVERABLE_REFUSED	LPNBLR5P3072705	
2026-04-15T04:16:58+00:00	405-1878606-8768345	1630210	B09HH8CC7Y	X00262W227	Cubelelo Drift Number Sliding Magnetic Puzzle 4x4 | Toys For 6-10 Years Old Boys & Girls | 15-Blocks Brain Teaser Puzzle Game for Kids | Educational, Learning, Activity Toy for Return & Birthday Gifts	1	DEL2	SELLABLE	UNDELIVERABLE_REFUSED	LPNDEL2R81344408	
2026-04-15T04:14:55+00:00	407-6403207-0453110	1460503	B08XK4V59M	X001VFXJDV	Cubelelo Drift 2x2, 3x3 & 4x4 Premium Gift Box | 3-in-1 Puzzle Game Set | Triple the Challenge, Thrice the Fun | Ultimate Value Saver Combo | Brainstoming Toy for Children Kids & Adults	1	BLR5	SELLABLE	UNDELIVERABLE_REFUSED	LPNBLR5P3635236	
2026-04-15T04:09:09+00:00	171-6075436-7053147	1030604	B0DRVQVFJB	X0027JJHDB	Cubelelo Drift 3M v3 3x3 Magnetic Speedcube (Standard) | Latest Version with New & Improved Internal Structure for Smooth Turns & Stability | Cube Toy for 6-10 Years Old Boys Girls Adults	1	DEL2	CUSTOMER_DAMAGED	DEFECTIVE	LPNDEL2R81303768	
2026-04-15T04:06:19+00:00	406-3095697-9452321	1630210	B09HH8CC7Y	X00262W227	Cubelelo Drift Number Sliding Magnetic Puzzle 4x4 | Toys For 6-10 Years Old Boys & Girls | 15-Blocks Brain Teaser Puzzle Game for Kids | Educational, Learning, Activity Toy for Return & Birthday Gifts	1	BOM4	SELLABLE	UNDELIVERABLE_REFUSED	LPNBOM4N38705038	
2026-04-15T04:04:32+00:00	171-2055397-0447521	1140022	B08169YZPG	X001602BQR	Cubelelo Drift Gear 3x3 Stickerless Cube Speed Cube | Toy for Kids & Adults | Magic Speedy Stress Buster Brainstorming Puzzle 3x3x3 (Multicolor)	1	BLR5	CUSTOMER_DAMAGED	DEFECTIVE	LPNBLR5Q8459234	
2026-04-15T03:45:18+00:00	403-5625553-9749112	1460553	B0BYVHGR5H	X001WPZI9N	Cubelelo Drift 2x2, 3x3 & Pyraminx Cube Combo (Stickerless) | Ideal for Kids Above 3 4 5 6 Years Old Boys Girls | 3 in 1 Speedcube Gift Set | High Speed Puzzle 3x3x3 2x2x2 Pyramid Triangle	1	BLR5	CUSTOMER_DAMAGED	DEFECTIVE	LPNBLR5P3658956	
2026-04-15T03:44:20+00:00	402-8262959-6672320	1630201	B09QMNCWYG	X001I5SK8D	Cubelelo Drift Infinity Cube (Green) | Magic Puzzle Cool Mini Gadget for Stress and Anxiety Relief for Kids and Adults | Desk Finger Flip Toy for Fun and Game | for Ages 3 Years and Above	1	DEL2	CUSTOMER_DAMAGED	DEFECTIVE	LPNDEL2R81423928	
2026-04-15T03:41:56+00:00	405-1391625-7029920	1050200	B09K7QTCXP	X001GM0XER	Cubelelo Drift 5x5 Stickerless Speed Cube | AKA Professor's Cube Magic Puzzle for Kids & Adults | Smooth and Durable Speedy Brainstorming Puzzle| Ultimate Stress Buster and Mind Challenge	1	DEL2	SELLABLE	SWITCHEROO	LPNDEL2R81759859	I ordered CUBELELO but got a random bad brand
2026-04-15T03:38:42+00:00	171-8592496-1639538	1460577	B0D9NW55MK	X00232KSTT	Cubelelo Drift 2x2 with Cube Lubricant and Stand Combo | High-Performance Speed Cube | Smooth Turning & Durable | Ideal for All Ages	1	DEL2	CUSTOMER_DAMAGED	DEFECTIVE	LPNDEL2R81297153	
2026-04-15T03:28:19+00:00	407-9433382-8390769	1030300_EAN	B0FBMGT6V7	X002C88WLZ	Cubelelo Drift Explorer 3x3 Speed Cube | Best Starter Speedcube for Beginners | Perfect Brain Teaser for Kids Ages 4 to14 Years Old & Above Boys Girls Children | Smooth Turning Puzzle Toy for Adults	1	DEL4	SELLABLE	UNDELIVERABLE_REFUSED	LPNDEL4AA2156495	
2026-04-15T03:26:43+00:00	171-5826272-5010711	1460510	B0BZL11XWC	X001VW450P	Cubelelo Drift 4x4, 5x5 Premium Gift Box | 2-in-1 Puzzle Game Set | Challenge, Thrice The Fun | Ultimate Value Saver Combo | Brainstoming Toy for Children Kids & Adults	1	BOM4	SELLABLE	UNDELIVERABLE_REFUSED	LPNBOM4N39460912	
2026-04-15T03:26:43+00:00	171-0803634-5753955	1030500	B08H88N2N9	X0018CDFL3	Cubelelo Drift Warrior 3x3 Stickerless Cube | Beginner Speedcube for Kids Boys Girls Above 3 4 5 6 Years Old & Above | Magic Puzzle Toy | Durable & Smooth Cube with Anti-Pop Design 3 3	1	BOM4	SELLABLE	UNDELIVERABLE_REFUSED	LPNBOM4N39460913	
2026-04-14T22:36:06+00:00	403-6577938-3793125	1030604	B0DRVQVFJB	X0027JJHDB	Cubelelo Drift 3M v3 3x3 Magnetic Speedcube (Standard) | Latest Version with New & Improved Internal Structure for Smooth Turns & Stability | Cube Toy for 6-10 Years Old Boys Girls Adults	1	BLR5	SELLABLE	UNDELIVERABLE_REFUSED	LPNBLR5P3045595	
2026-04-14T21:38:23+00:00	404-8643717-6492348	1030300_EAN	B0FBMGT6V7	X002C88WLZ	Cubelelo Drift Explorer 3x3 Speed Cube | Best Starter Speedcube for Beginners | Perfect Brain Teaser for Kids Ages 4 to14 Years Old & Above Boys Girls Children | Smooth Turning Puzzle Toy for Adults	1	CCX2	SELLABLE	UNDELIVERABLE_UNKNOWN	LPNCCX2B2675622	
2026-04-14T21:03:31+00:00	404-1033867-3006725	1630222	B0GH18NXXG	X002HPDYRF	Cubelelo Drift Magnetic Tangram Puzzle | with Strong Magnets, Wooden Pieces & Bold Colors | Toys for 5-10 Years Old Boys Girls & Adults | Travel Friendly, Educational Toy for Return & Birthday Gifts	1	BLR5	SELLABLE	UNDELIVERABLE_REFUSED	LPNBLR5P2931747	
2026-04-14T18:53:33+00:00	171-2935550-2402724	1630210	B09HH8CC7Y	X00262W227	Cubelelo Drift Number Sliding Magnetic Puzzle 4x4 | Toys For 6-10 Years Old Boys & Girls | 15-Blocks Brain Teaser Puzzle Game for Kids | Educational, Learning, Activity Toy for Return & Birthday Gifts	1	CCX1	SELLABLE	UNDELIVERABLE_UNKNOWN	LPNCCX1B1680804	
2026-04-14T17:43:16+00:00	407-3773581-3108362	1040300	B09HH8XQ14	X001G4QY25	Cubelelo Drift 4x4 (Black) Speedcube | Challenging Brain Teaser Puzzle Toy for Kids 7-14 Years Old Boys Girls & Adults All Ages | Fast Speed Cube for Intermediate and Advanced Cubers	1	BLR5	SELLABLE	UNDELIVERABLE_REFUSED	LPNBLR5P1421144	
2026-04-14T16:17:30+00:00	407-7503880-6649110	1460501	B08XK25RRF	X001VLOAKL	Cubelelo Drift 2x2 & 3x3 Cube Gift Box Combo | 2-in-1 Puzzle Toy Game Set for Children Kids & Adults Ages 4 5 6 & Above | Double the Challenge, Twice the Fun | Ultimate Value Saver Combo	1	BLR5	SELLABLE	SWITCHEROO	LPNBLR5P1807444	I ordered 2x2 and 3x3 but received 4x4 and 5x5
2026-04-14T14:46:26+00:00	402-0893258-0773910	1040400	B0FL7TDJLF	X002DFU80F	Cubelelo Drift 4x4 Stickerless Cube Puzzle Toy | Combines Smoothness, Stability & Durability | 4x4x4 Speedcube for Beginners| Suitable for Kids Ages 6 to 14 Years Old, Boys, Girls & Adults	1	BLR5	SELLABLE	UNDELIVERABLE_REFUSED	LPNBLR5P1552897	
2026-04-14T12:38:18+00:00	408-6635581-0905123	1630300_EAN	B0C55MW9WL	X001S3KHTZ	Cubelelo Drift Column 3x3 Stickerless Speedcube Puzzle | Unique Cylindrical Speed Cube | Ultimate Stress Buster & Brainstorming Challenge for Kids & Adults | Smooth, Fast Puzzle for All Skill Levels	1	BLR5	SELLABLE	DEFECTIVE	LPNBLR5P1644997	
2026-04-14T12:17:24+00:00	404-1404668-1814736	1030604	B0DRVQVFJB	X0027JJHDB	Cubelelo Drift 3M v3 3x3 Magnetic Speedcube (Standard) | Latest Version with New & Improved Internal Structure for Smooth Turns & Stability | Cube Toy for 6-10 Years Old Boys Girls Adults	1	CCX1	SELLABLE	UNDELIVERABLE_UNKNOWN	LPNCCX1B4014797	
2026-04-14T12:08:29+00:00	404-2759097-4974714	1630210	B09HH8CC7Y	X00262W227	Cubelelo Drift Number Sliding Magnetic Puzzle 4x4 | Toys For 6-10 Years Old Boys & Girls | 15-Blocks Brain Teaser Puzzle Game for Kids | Educational, Learning, Activity Toy for Return & Birthday Gifts	1	DEL2	SELLABLE	UNDELIVERABLE_REFUSED	LPNDEL2R81673662	
2026-04-14T11:59:08+00:00	406-7022633-5280342	1050200	B09K7QTCXP	X001GM0XER	Cubelelo Drift 5x5 Stickerless Speed Cube | AKA Professor's Cube Magic Puzzle for Kids & Adults | Smooth and Durable Speedy Brainstorming Puzzle| Ultimate Stress Buster and Mind Challenge	1	BLR5	SELLABLE	UNDELIVERABLE_REFUSED	LPNBLR5Q9620914	
2026-04-14T10:56:14+00:00	403-9362553-2839538	1310035_EAN	B0BV247KZ6	X001PWV6K3	Cubelelo Magic Snake Rainbow Puzzle Cube (24 Wedges) | Twist and Turn Shape Creation Fun Game for Kids Boys Girls and Adults | Multicolor Brain Teaser Stress Buster Toy | for Ages 3 Years and Above	1	DEL2	SELLABLE	UNDELIVERABLE_REFUSED	LPNDEL2R81556962	
2026-04-14T10:03:45+00:00	405-3388098-3176344	1310035_EAN	B0BV247KZ6	X001PWV6K3	Cubelelo Magic Snake Rainbow Puzzle Cube (24 Wedges) | Twist and Turn Shape Creation Fun Game for Kids Boys Girls and Adults | Multicolor Brain Teaser Stress Buster Toy | for Ages 3 Years and Above	1	DEL2	SELLABLE	UNDELIVERABLE_REFUSED	LPNDEL2R81303513	
2026-04-14T09:57:54+00:00	402-9975342-7815510	1120100	B08LBGYZ51	X0019BU32H	Cubelelo Drift 3x3 Mirror (Silver) Magic Speed Cube | Shape Shifter Speedcube with Durable Stickers | Advanced 3x3x3 Puzzle Toy for Kids Ages 7-14 Boys Girls & Adults | Collector's Item	1	BLR7	SELLABLE	UNDELIVERABLE_UNKNOWN	LPNBLR7Y4669825	
2026-04-14T09:55:58+00:00	408-8874480-0533930	1030400	B07XPNC385	X0012WM1NR	Cubelelo Drift 3x3 Black Speedcube | Beginner Cube for Kids & Adults | Magic Speed Stress Buster Brainstorming Puzzle (Multicolor) | Anti-Pop Technology | Smooth Turning | Durable	1	DEL2	SELLABLE	UNDELIVERABLE_UNKNOWN	LPNDEL2R81346872	
2026-04-14T09:50:02+00:00	402-8266526-4857162	1460501	B08XK25RRF	X001VLOAKL	Cubelelo Drift 2x2 & 3x3 Cube Gift Box Combo | 2-in-1 Puzzle Toy Game Set for Children Kids & Adults Ages 4 5 6 & Above | Double the Challenge, Twice the Fun | Ultimate Value Saver Combo	1	DEL2	SELLABLE	UNDELIVERABLE_REFUSED	LPNDEL2R81263244	
2026-04-14T09:44:44+00:00	407-3337144-9531502	1630202	B09B7PNSTV	X001ETHG47	Cubelelo Drift Infinity Cube (Blue) | Magic Puzzle Cool Mini Gadget for Stress and Anxiety Relief for Kids and Adults | Desk Finger Flip Toy for Fun and Game | for Ages 3 Years and Above	1	DEL2	SELLABLE	UNDELIVERABLE_REFUSED	LPNDEL2R81879291	
2026-04-14T09:32:58+00:00	406-9209022-2619502	1030604	B0DRVQVFJB	X0027JJHDB	Cubelelo Drift 3M v3 3x3 Magnetic Speedcube (Standard) | Latest Version with New & Improved Internal Structure for Smooth Turns & Stability | Cube Toy for 6-10 Years Old Boys Girls Adults	1	CCX1	SELLABLE	UNDELIVERABLE_UNKNOWN	LPNCCX1B4037061	
2026-04-14T09:08:01+00:00	402-6241542-9682713	1030300_EAN	B0FBMGT6V7	X002C88WLZ	Cubelelo Drift Explorer 3x3 Speed Cube | Best Starter Speedcube for Beginners | Perfect Brain Teaser for Kids Ages 4 to14 Years Old & Above Boys Girls Children | Smooth Turning Puzzle Toy for Adults	1	BLR5	SELLABLE	UNDELIVERABLE_REFUSED	LPNBLR5P1653698	
2026-04-14T08:23:12+00:00	406-4158780-0597150	1030300_EAN	B0FBMGT6V7	X002C88WLZ	Cubelelo Drift Explorer 3x3 Speed Cube | Best Starter Speedcube for Beginners | Perfect Brain Teaser for Kids Ages 4 to14 Years Old & Above Boys Girls Children | Smooth Turning Puzzle Toy for Adults	1	DEL2	SELLABLE	UNDELIVERABLE_REFUSED	LPNDEL2R81879250	
2026-04-14T08:03:59+00:00	406-6118334-9370759	1120100	B08LBGYZ51	X0019BU32H	Cubelelo Drift 3x3 Mirror (Silver) Magic Speed Cube | Shape Shifter Speedcube with Durable Stickers | Advanced 3x3x3 Puzzle Toy for Kids Ages 7-14 Boys Girls & Adults | Collector's Item	1	BLR5	CUSTOMER_DAMAGED	DEFECTIVE	LPNBLR5P2888478	
2026-04-14T07:46:49+00:00	406-3918764-0558754	1030604	B0DRVQVFJB	X0027JJHDB	Cubelelo Drift 3M v3 3x3 Magnetic Speedcube (Standard) | Latest Version with New & Improved Internal Structure for Smooth Turns & Stability | Cube Toy for 6-10 Years Old Boys Girls Adults	1	BOM4	SELLABLE	UNDELIVERABLE_REFUSED	LPNBOM4N39547536	
2026-04-14T07:10:42+00:00	408-0199755-8964367	1030300_EAN	B0FBMGT6V7	X002C88WLZ	Cubelelo Drift Explorer 3x3 Speed Cube | Best Starter Speedcube for Beginners | Perfect Brain Teaser for Kids Ages 4 to14 Years Old & Above Boys Girls Children | Smooth Turning Puzzle Toy for Adults	1	BLR5	SELLABLE	DEFECTIVE	LPNBLR5R0158737	
2026-04-14T06:58:12+00:00	403-2440577-5422706	1120100	B08LBGYZ51	X0019BU32H	Cubelelo Drift 3x3 Mirror (Silver) Magic Speed Cube | Shape Shifter Speedcube with Durable Stickers | Advanced 3x3x3 Puzzle Toy for Kids Ages 7-14 Boys Girls & Adults | Collector's Item	1	DEL2	SELLABLE	DEFECTIVE	LPNDEL2R81066754	
2026-04-14T06:55:00+00:00	408-9696576-2045903	1050200	B09K7QTCXP	X001GM0XER	Cubelelo Drift 5x5 Stickerless Speed Cube | AKA Professor's Cube Magic Puzzle for Kids & Adults | Smooth and Durable Speedy Brainstorming Puzzle| Ultimate Stress Buster and Mind Challenge	1	CCX2	SELLABLE	UNDELIVERABLE_REFUSED	LPNCCX2B1299197	
2026-04-14T06:49:18+00:00	402-6085092-0418717	1030603	B0DRVMTFN1	X0027JJ8K3	Cubelelo Drift 3M v3 3x3 (Magnetic UV Coated) Speedcube - New Version | Premium Glossy Finish, Ultra Fast & Smooth Turns, Enhanced Auto-Alignment with 48 Magnets | Puzzle Cube for Kids & Adults	1	BOM4	SELLABLE	UNDELIVERABLE_UNKNOWN	LPNBOM4N39481785	
2026-04-14T06:17:09+00:00	406-4397749-7415550	1460553	B0BYVHGR5H	X001WPZI9N	Cubelelo Drift 2x2, 3x3 & Pyraminx Cube Combo (Stickerless) | Ideal for Kids Above 3 4 5 6 Years Old Boys Girls | 3 in 1 Speedcube Gift Set | High Speed Puzzle 3x3x3 2x2x2 Pyramid Triangle	1	BOM4	SELLABLE	UNDELIVERABLE_REFUSED	LPNBOM4N37851908	
2026-04-14T05:54:31+00:00	406-2216664-7391508	1030300_EAN	B0FBMGT6V7	X002C88WLZ	Cubelelo Drift Explorer 3x3 Speed Cube | Best Starter Speedcube for Beginners | Perfect Brain Teaser for Kids Ages 4 to14 Years Old & Above Boys Girls Children | Smooth Turning Puzzle Toy for Adults	1	DEL2	SELLABLE	SWITCHEROO	LPNDEL2R81164303	Product is smaller then normal
2026-04-14T05:54:17+00:00	403-7627653-4859544	1050200	B09K7QTCXP	X001GM0XER	Cubelelo Drift 5x5 Stickerless Speed Cube | AKA Professor's Cube Magic Puzzle for Kids & Adults | Smooth and Durable Speedy Brainstorming Puzzle| Ultimate Stress Buster and Mind Challenge	1	CCX1	SELLABLE	UNDELIVERABLE_REFUSED	LPNCCX1B3516494	
2026-04-14T05:33:33+00:00	402-7564572-4977148	1030604	B0DRVQVFJB	X0027JJHDB	Cubelelo Drift 3M v3 3x3 Magnetic Speedcube (Standard) | Latest Version with New & Improved Internal Structure for Smooth Turns & Stability | Cube Toy for 6-10 Years Old Boys Girls Adults	1	BLR5	SELLABLE	UNDELIVERABLE_REFUSED	LPNBLR5P1660133	
2026-04-14T05:07:15+00:00	405-9992830-9673124	1030300_EAN	B0FBMGT6V7	X002C88WLZ	Cubelelo Drift Explorer 3x3 Speed Cube | Best Starter Speedcube for Beginners | Perfect Brain Teaser for Kids Ages 4 to14 Years Old & Above Boys Girls Children | Smooth Turning Puzzle Toy for Adults	1	DEL2	SELLABLE	UNDELIVERABLE_REFUSED	LPNDEL2R81879057	
2026-04-14T05:01:19+00:00	403-3314895-6885158	1030604	B0DRVQVFJB	X0027JJHDB	Cubelelo Drift 3M v3 3x3 Magnetic Speedcube (Standard) | Latest Version with New & Improved Internal Structure for Smooth Turns & Stability | Cube Toy for 6-10 Years Old Boys Girls Adults	1	BOM4	CUSTOMER_DAMAGED	NOT_AS_DESCRIBED	LPNBOM4N39530391	
2026-04-14T05:00:20+00:00	408-7097643-0140330	1460501	B08XK25RRF	X001VLOAKL	Cubelelo Drift 2x2 & 3x3 Cube Gift Box Combo | 2-in-1 Puzzle Toy Game Set for Children Kids & Adults Ages 4 5 6 & Above | Double the Challenge, Twice the Fun | Ultimate Value Saver Combo	1	BOM4	SELLABLE	UNDELIVERABLE_REFUSED	LPNBOM4N39547400	
2026-04-14T04:40:25+00:00	406-4662211-1582716	1030300_EAN	B0FBMGT6V7	X002C88WLZ	Cubelelo Drift Explorer 3x3 Speed Cube | Best Starter Speedcube for Beginners | Perfect Brain Teaser for Kids Ages 4 to14 Years Old & Above Boys Girls Children | Smooth Turning Puzzle Toy for Adults	1	DEL2	SELLABLE	UNDELIVERABLE_REFUSED	LPNDEL2R81897601	
2026-04-14T04:38:56+00:00	405-7213910-2937968	1030300_EAN	B0FBMGT6V7	X002C88WLZ	Cubelelo Drift Explorer 3x3 Speed Cube | Best Starter Speedcube for Beginners | Perfect Brain Teaser for Kids Ages 4 to14 Years Old & Above Boys Girls Children | Smooth Turning Puzzle Toy for Adults	1	BOM4	SELLABLE	UNDELIVERABLE_REFUSED	LPNBOM4N38691035	
2026-04-14T04:13:46+00:00	171-9822495-7396348	1030300_EAN	B0FBMGT6V7	X002C88WLZ	Cubelelo Drift Explorer 3x3 Speed Cube | Best Starter Speedcube for Beginners | Perfect Brain Teaser for Kids Ages 4 to14 Years Old & Above Boys Girls Children | Smooth Turning Puzzle Toy for Adults	1	BLR5	SELLABLE	UNDELIVERABLE_REFUSED	LPNBLR5P3066077	
2026-04-14T04:10:55+00:00	403-6020656-0140331	1030603	B0DRVMTFN1	X0027JJ8K3	Cubelelo Drift 3M v3 3x3 (Magnetic UV Coated) Speedcube - New Version | Premium Glossy Finish, Ultra Fast & Smooth Turns, Enhanced Auto-Alignment with 48 Magnets | Puzzle Cube for Kids & Adults	1	DEL2	CUSTOMER_DAMAGED	DEFECTIVE	LPNDEL2R79335799	
2026-04-14T04:06:30+00:00	405-1137622-0828306	1460501	B08XK25RRF	X001VLOAKL	Cubelelo Drift 2x2 & 3x3 Cube Gift Box Combo | 2-in-1 Puzzle Toy Game Set for Children Kids & Adults Ages 4 5 6 & Above | Double the Challenge, Twice the Fun | Ultimate Value Saver Combo	1	BLR5	SELLABLE	UNDELIVERABLE_REFUSED	LPNBLR5P1325574	
2026-04-14T04:04:58+00:00	405-1669915-0104347	1460501	B08XK25RRF	X001VLOAKL	Cubelelo Drift 2x2 & 3x3 Cube Gift Box Combo | 2-in-1 Puzzle Toy Game Set for Children Kids & Adults Ages 4 5 6 & Above | Double the Challenge, Twice the Fun | Ultimate Value Saver Combo	1	BLR5	CUSTOMER_DAMAGED	DEFECTIVE	LPNBLR5P1824883	
2026-04-14T03:55:14+00:00	402-5862662-1127545	1030300_EAN	B0FBMGT6V7	X002C88WLZ	Cubelelo Drift Explorer 3x3 Speed Cube | Best Starter Speedcube for Beginners | Perfect Brain Teaser for Kids Ages 4 to14 Years Old & Above Boys Girls Children | Smooth Turning Puzzle Toy for Adults	1	BLR5	CUSTOMER_DAMAGED	DEFECTIVE	LPNBLR5P1615209	
2026-04-14T03:32:08+00:00	404-2927932-0855505	1030604	B0DRVQVFJB	X0027JJHDB	Cubelelo Drift 3M v3 3x3 Magnetic Speedcube (Standard) | Latest Version with New & Improved Internal Structure for Smooth Turns & Stability | Cube Toy for 6-10 Years Old Boys Girls Adults	1	DEL2	SELLABLE	UNDELIVERABLE_REFUSED	LPNDEL2R81676182	
2026-04-14T03:19:18+00:00	408-6409298-0913128	1460501	B08XK25RRF	X001VLOAKL	Cubelelo Drift 2x2 & 3x3 Cube Gift Box Combo | 2-in-1 Puzzle Toy Game Set for Children Kids & Adults Ages 4 5 6 & Above | Double the Challenge, Twice the Fun | Ultimate Value Saver Combo	1	DEL2	SELLABLE	UNDELIVERABLE_UNKNOWN	LPNDEL2R81995767	
2026-04-14T03:12:12+00:00	408-0065340-2742747	1260200	B0CJFSPB4P	X001VFDOQX	Cubelelo Drift Puppet II Speed Cube | Brain Teaser Puzzle Toys | Limited Rotation | Creative New Cube for Kids and Adults	1	BOM4	SELLABLE	UNDELIVERABLE_UNKNOWN	LPNBOM4N37464940	
2026-04-13T21:44:50+00:00	405-3104380-3225154	1670100_EAN	B0C55MBRHV	X001S3J90D	Cubelelo Drift Megaminx 2x2 Stickerless Speedcube Puzzle for Kids & Adults | 12 Sided Unique Challenging Puzzle with Adjustable Tension & Anti-pop Design	1	BLR5	SELLABLE	DEFECTIVE	LPNBLR5P2870920	The box is damaged and product look old
2026-04-13T21:40:36+00:00	405-2736558-2294713	1630210	B09HH8CC7Y	X00262W227	Cubelelo Drift Number Sliding Magnetic Puzzle 4x4 | Toys For 6-10 Years Old Boys & Girls | 15-Blocks Brain Teaser Puzzle Game for Kids | Educational, Learning, Activity Toy for Return & Birthday Gifts	1	BLR5	SELLABLE	UNDELIVERABLE_UNKNOWN	LPNBLR5P0043025	
2026-04-13T20:56:32+00:00	402-5937816-1192368	1050200	B09K7QTCXP	X001GM0XER	Cubelelo Drift 5x5 Stickerless Speed Cube | AKA Professor's Cube Magic Puzzle for Kids & Adults | Smooth and Durable Speedy Brainstorming Puzzle| Ultimate Stress Buster and Mind Challenge	1	BLR5	SELLABLE	UNDELIVERABLE_REFUSED	LPNBLR5P1611994	
2026-04-13T19:15:57+00:00	406-9667075-1109926	1120100	B08LBGYZ51	X0019BU32H	Cubelelo Drift 3x3 Mirror (Silver) Magic Speed Cube | Shape Shifter Speedcube with Durable Stickers | Advanced 3x3x3 Puzzle Toy for Kids Ages 7-14 Boys Girls & Adults | Collector's Item	1	BLR5	SELLABLE	UNDELIVERABLE_REFUSED	LPNBLR5P1614840	
2026-04-13T18:38:37+00:00	402-3449593-5794719	1030604	B0DRVQVFJB	X0027JJHDB	Cubelelo Drift 3M v3 3x3 Magnetic Speedcube (Standard) | Latest Version with New & Improved Internal Structure for Smooth Turns & Stability | Cube Toy for 6-10 Years Old Boys Girls Adults	1	BLR5	SELLABLE	UNDELIVERABLE_REFUSED	LPNBLR5P1453892	
2026-04-13T18:17:43+00:00	404-8287917-2288368	1030604	B0DRVQVFJB	X0027JJHDB	Cubelelo Drift 3M v3 3x3 Magnetic Speedcube (Standard) | Latest Version with New & Improved Internal Structure for Smooth Turns & Stability | Cube Toy for 6-10 Years Old Boys Girls Adults	1	BLR5	SELLABLE	UNDELIVERABLE_REFUSED	LPNBLR5P2615189	
2026-04-13T17:38:01+00:00	403-3377126-0516360	1030300_EAN	B0FBMGT6V7	X002C88WLZ	Cubelelo Drift Explorer 3x3 Speed Cube | Best Starter Speedcube for Beginners | Perfect Brain Teaser for Kids Ages 4 to14 Years Old & Above Boys Girls Children | Smooth Turning Puzzle Toy for Adults	1	BLR5	SELLABLE	UNDELIVERABLE_REFUSED	LPNBLR5P0338127	
2026-04-13T15:40:54+00:00	402-9917230-1937946	1460553	B0BYVHGR5H	X001WPZI9N	Cubelelo Drift 2x2, 3x3 & Pyraminx Cube Combo (Stickerless) | Ideal for Kids Above 3 4 5 6 Years Old Boys Girls | 3 in 1 Speedcube Gift Set | High Speed Puzzle 3x3x3 2x2x2 Pyramid Triangle	1	CCX1	SELLABLE	DAMAGED_BY_FC	LPNCCX1A8678443	
2026-04-13T13:31:55+00:00	403-6821069-1734700	1630210	B09HH8CC7Y	X00262W227	Cubelelo Drift Number Sliding Magnetic Puzzle 4x4 | Toys For 6-10 Years Old Boys & Girls | 15-Blocks Brain Teaser Puzzle Game for Kids | Educational, Learning, Activity Toy for Return & Birthday Gifts	1	BLR5	SELLABLE	UNDELIVERABLE_UNKNOWN	LPNBLR5P1630622	
2026-04-13T13:29:35+00:00	408-2111426-7446714	1030300_EAN	B0FBMGT6V7	X002C88WLZ	Cubelelo Drift Explorer 3x3 Speed Cube | Best Starter Speedcube for Beginners | Perfect Brain Teaser for Kids Ages 4 to14 Years Old & Above Boys Girls Children | Smooth Turning Puzzle Toy for Adults	1	BLR5	SELLABLE	UNDELIVERABLE_UNKNOWN	LPNBLR5Q9218059	
2026-04-13T13:14:36+00:00	404-1890886-6165115	1630210	B09HH8CC7Y	X00262W227	Cubelelo Drift Number Sliding Magnetic Puzzle 4x4 | Toys For 6-10 Years Old Boys & Girls | 15-Blocks Brain Teaser Puzzle Game for Kids | Educational, Learning, Activity Toy for Return & Birthday Gifts	1	BLR5	SELLABLE	UNDELIVERABLE_REFUSED	LPNBLR5Q9218047	
2026-04-13T13:11:21+00:00	403-3085523-7637924	1630210	B09HH8CC7Y	X00262W227	Cubelelo Drift Number Sliding Magnetic Puzzle 4x4 | Toys For 6-10 Years Old Boys & Girls | 15-Blocks Brain Teaser Puzzle Game for Kids | Educational, Learning, Activity Toy for Return & Birthday Gifts	1	BLR5	SELLABLE	UNDELIVERABLE_UNKNOWN	LPNBLR5P3611588	
2026-04-13T12:31:59+00:00	403-8424479-6790742	1030300_EAN	B0FBMGT6V7	X002C88WLZ	Cubelelo Drift Explorer 3x3 Speed Cube | Best Starter Speedcube for Beginners | Perfect Brain Teaser for Kids Ages 4 to14 Years Old & Above Boys Girls Children | Smooth Turning Puzzle Toy for Adults	1	DEL2	SELLABLE	UNDELIVERABLE_UNKNOWN	LPNDEL2R81071211	
2026-04-13T12:19:31+00:00	405-7263646-1055537	1030604	B0DRVQVFJB	X0027JJHDB	Cubelelo Drift 3M v3 3x3 Magnetic Speedcube (Standard) | Latest Version with New & Improved Internal Structure for Smooth Turns & Stability | Cube Toy for 6-10 Years Old Boys Girls Adults	1	BLR5	SELLABLE	MISSING_PARTS	LPNBLR5P3632264	
2026-04-13T12:16:20+00:00	402-7657285-1168320	1170200	B0CZDV68CM	X001ZUSZ4F	Cubelelo Drift Windmill (Tiled) Magic Cube Puzzle | Unique Shape Mod with Premium Design, Smooth Finish Toy for Intermediate and Advanced Solvers | Suitable for Adults and Kids Ages 3 & Above	1	BOM4	SELLABLE	UNDELIVERABLE_REFUSED	LPNBOM4N39530263	
2026-04-13T11:22:25+00:00	406-3764402-5786706	1030300_EAN	B0FBMGT6V7	X002C88WLZ	Cubelelo Drift Explorer 3x3 Speed Cube | Best Starter Speedcube for Beginners | Perfect Brain Teaser for Kids Ages 4 to14 Years Old & Above Boys Girls Children | Smooth Turning Puzzle Toy for Adults	1	DEL4	SELLABLE	UNDELIVERABLE_UNKNOWN	LPNDEL4AA1086352	
2026-04-13T11:18:50+00:00	403-2884747-7277109	1040300	B09HH8XQ14	X001G4QY25	Cubelelo Drift 4x4 (Black) Speedcube | Challenging Brain Teaser Puzzle Toy for Kids 7-14 Years Old Boys Girls & Adults All Ages | Fast Speed Cube for Intermediate and Advanced Cubers	1	BLR5	SELLABLE	QUALITY_UNACCEPTABLE	LPNBLR5P3640957	
2026-04-13T11:07:19+00:00	171-8497102-8077111	1120038a	B0FHW9DQ29	X002CWQDK3	Cubelelo Drift Mirror 3x3 (Tiled - Colored) Speed Cube | No Stickers, Premium Finish with Smooth Turning Speedcube for Kids and Adults	1	BOM4	CUSTOMER_DAMAGED	NO_REASON_GIVEN	LPNBOM4N37851623	
2026-04-13T10:39:32+00:00	404-0859411-5335541	1030300_EAN	B0FBMGT6V7	X002C88WLZ	Cubelelo Drift Explorer 3x3 Speed Cube | Best Starter Speedcube for Beginners | Perfect Brain Teaser for Kids Ages 4 to14 Years Old & Above Boys Girls Children | Smooth Turning Puzzle Toy for Adults	1	DEL2	CUSTOMER_DAMAGED	DAMAGED_BY_CARRIER	LPNDEL2R81951881	
2026-04-13T10:30:24+00:00	171-3359957-2502724	1630210	B09HH8CC7Y	X00262W227	Cubelelo Drift Number Sliding Magnetic Puzzle 4x4 | Toys For 6-10 Years Old Boys & Girls | 15-Blocks Brain Teaser Puzzle Game for Kids | Educational, Learning, Activity Toy for Return & Birthday Gifts	1	DEL2	SELLABLE	UNDELIVERABLE_UNKNOWN	LPNDEL2R81654031	
2026-04-13T10:30:04+00:00	404-8684434-7268303	1120600	B0DRVRHR6G	X0027JGNCT	Cubelelo Drift 3x3 Mirror Blue (Magnetic) (Tiled) Speedcube | Premium New Version Shape-Shifting Puzzle with Stunning Looks, Buttery Smooth Turns & Durability | Ideal for Kids Boys Girls Ages 6 & up	1	DEL2	SELLABLE	UNDELIVERABLE_REFUSED	LPNDEL2R81556456	
2026-04-13T09:43:02+00:00	171-6482436-6179514	1030604	B0DRVQVFJB	X0027JJHDB	Cubelelo Drift 3M v3 3x3 Magnetic Speedcube (Standard) | Latest Version with New & Improved Internal Structure for Smooth Turns & Stability | Cube Toy for 6-10 Years Old Boys Girls Adults	1	CCX1	SELLABLE	UNDELIVERABLE_UNKNOWN	LPNCCX1B1608145	
2026-04-13T09:39:52+00:00	402-1971428-4428306	1630222	B0GH18NXXG	X002HPDYRF	Cubelelo Drift Magnetic Tangram Puzzle | with Strong Magnets, Wooden Pieces & Bold Colors | Toys for 5-10 Years Old Boys Girls & Adults | Travel Friendly, Educational Toy for Return & Birthday Gifts	1	CCX1	SELLABLE	UNDELIVERABLE_REFUSED	LPNCCX1B4031531	
2026-04-13T09:39:52+00:00	402-1971428-4428306	1630222	B0GH18NXXG	X002HPDYRF	Cubelelo Drift Magnetic Tangram Puzzle | with Strong Magnets, Wooden Pieces & Bold Colors | Toys for 5-10 Years Old Boys Girls & Adults | Travel Friendly, Educational Toy for Return & Birthday Gifts	1	CCX1	SELLABLE	UNDELIVERABLE_REFUSED	LPNCCX1B4031534	
2026-04-13T09:34:07+00:00	403-9547104-5380306	1310036_EAN	B0BV276B7T	X001PWQJFP	Cubelelo Magic Snake Rainbow Puzzle Cube (72 Wedges) | Twist and Turn Shape Creation Fun Game for Kids Boys Girls and Adults | Multicolor Brain Teaser Stress Buster Toy | for Ages 3 Years and Above	1	BLR5	DEFECTIVE	DAMAGED_BY_FC	LPNBLR5P1330384	Product is broken
2026-04-13T09:30:13+00:00	402-1105604-9629131	1030300_EAN	B0FBMGT6V7	X002C88WLZ	Cubelelo Drift Explorer 3x3 Speed Cube | Best Starter Speedcube for Beginners | Perfect Brain Teaser for Kids Ages 4 to14 Years Old & Above Boys Girls Children | Smooth Turning Puzzle Toy for Adults	1	BLR5	SELLABLE	UNDELIVERABLE_REFUSED	LPNBLR5P1644199	
2026-04-13T09:25:15+00:00	408-8439761-2454754	1040300	B09HH8XQ14	X001G4QY25	Cubelelo Drift 4x4 (Black) Speedcube | Challenging Brain Teaser Puzzle Toy for Kids 7-14 Years Old Boys Girls & Adults All Ages | Fast Speed Cube for Intermediate and Advanced Cubers	1	BLR5	CUSTOMER_DAMAGED	DEFECTIVE	LPNBLR5P1763436	
2026-04-13T08:51:57+00:00	405-0910048-7388302	1030604	B0DRVQVFJB	X0027JJHDB	Cubelelo Drift 3M v3 3x3 Magnetic Speedcube (Standard) | Latest Version with New & Improved Internal Structure for Smooth Turns & Stability | Cube Toy for 6-10 Years Old Boys Girls Adults	1	BOM4	CUSTOMER_DAMAGED	DEFECTIVE	LPNBOM4N39528579	
2026-04-13T08:48:56+00:00	171-4906730-3999555	1140034	B0CP1XHDTC	X001WWIYG5	Cubelelo Drift Gear 3x3 Tiled Black Puzzle - Unique Gear Mechanism Speedcube for Enthusiasts & Beginners | Durable, Smooth-Turning, and Visually Striking 3x3 Magic Cube for Kid	1	BLR5	SELLABLE	SWITCHEROO	LPNBLR5P1644153	It turns entirely different so I want a different product
2026-04-13T08:43:49+00:00	408-5216563-3653946	1140034	B0CP1XHDTC	X001WWIYG5	Cubelelo Drift Gear 3x3 Tiled Black Puzzle - Unique Gear Mechanism Speedcube for Enthusiasts & Beginners | Durable, Smooth-Turning, and Visually Striking 3x3 Magic Cube for Kid	1	BOM4	SELLABLE	DEFECTIVE	LPNBOM4N39462200	
2026-04-13T07:34:48+00:00	405-3217187-9089924	1040300	B09HH8XQ14	X001G4QY25	Cubelelo Drift 4x4 (Black) Speedcube | Challenging Brain Teaser Puzzle Toy for Kids 7-14 Years Old Boys Girls & Adults All Ages | Fast Speed Cube for Intermediate and Advanced Cubers	1	DEL2	SELLABLE	UNDELIVERABLE_REFUSED	LPNDEL2R84007616	
2026-04-13T07:06:02+00:00	405-9517966-4692305	1630210	B09HH8CC7Y	X00262W227	Cubelelo Drift Number Sliding Magnetic Puzzle 4x4 | Toys For 6-10 Years Old Boys & Girls | 15-Blocks Brain Teaser Puzzle Game for Kids | Educational, Learning, Activity Toy for Return & Birthday Gifts	1	BLR5	SELLABLE	UNDELIVERABLE_REFUSED	LPNBLR5P1611208	
2026-04-13T06:35:09+00:00	403-2598938-3719542	1030300_EAN	B0FBMGT6V7	X002C88WLZ	Cubelelo Drift Explorer 3x3 Speed Cube | Best Starter Speedcube for Beginners | Perfect Brain Teaser for Kids Ages 4 to14 Years Old & Above Boys Girls Children | Smooth Turning Puzzle Toy for Adults	1	CCX1	SELLABLE	UNDELIVERABLE_UNKNOWN	LPNCCX1B4039334	
2026-04-13T06:34:33+00:00	403-7155189-3860329	1030300_EAN	B0FBMGT6V7	X002C88WLZ	Cubelelo Drift Explorer 3x3 Speed Cube | Best Starter Speedcube for Beginners | Perfect Brain Teaser for Kids Ages 4 to14 Years Old & Above Boys Girls Children | Smooth Turning Puzzle Toy for Adults	1	CCX1	SELLABLE	UNDELIVERABLE_UNKNOWN	LPNCCX1B4039331	
2026-04-13T06:20:54+00:00	405-8043202-8482716	1030300_EAN	B0FBMGT6V7	X002C88WLZ	Cubelelo Drift Explorer 3x3 Speed Cube | Best Starter Speedcube for Beginners | Perfect Brain Teaser for Kids Ages 4 to14 Years Old & Above Boys Girls Children | Smooth Turning Puzzle Toy for Adults	1	CCX1	SELLABLE	UNDELIVERABLE_UNKNOWN	LPNCCX1B3360354	
2026-04-13T06:20:23+00:00	402-2739336-8764306	1030651	B0DJQWJFSX	X0025EZ04D	Cubelelo Drift 3M Plus v2 3x3 (Magnetic) (New Upgraded Version) | Based on MoYu RS3M v5 | Dual-Adjustment System | Speedcube for Kids & Adults | Magic Speedy Stress Buster Brainstorming Puzzle	1	BLR5	CUSTOMER_DAMAGED	NOT_AS_DESCRIBED	LPNBLR5P1644013	
2026-04-13T06:10:36+00:00	405-3606477-1509940	1630201	B09QMNCWYG	X001I5SK8D	Cubelelo Drift Infinity Cube (Green) | Magic Puzzle Cool Mini Gadget for Stress and Anxiety Relief for Kids and Adults | Desk Finger Flip Toy for Fun and Game | for Ages 3 Years and Above	1	CCX1	SELLABLE	UNDELIVERABLE_REFUSED	LPNCCX1A8714981	
2026-04-13T06:01:53+00:00	171-6429863-2583538	1460503	B08XK4V59M	X001VFXJDV	Cubelelo Drift 2x2, 3x3 & 4x4 Premium Gift Box | 3-in-1 Puzzle Game Set | Triple the Challenge, Thrice the Fun | Ultimate Value Saver Combo | Brainstoming Toy for Children Kids & Adults	1	BLR5	SELLABLE	DEFECTIVE	LPNBLR5P3410106	The product box has Mar 2025 as month of manufacturing, but each product has different manufacturing dates. Also, the received box are used products. I paid the amount to receive cubelelo logo product
2026-04-13T05:33:54+00:00	404-6628934-2195523	1460501	B08XK25RRF	X001VLOAKL	Cubelelo Drift 2x2 & 3x3 Cube Gift Box Combo | 2-in-1 Puzzle Toy Game Set for Children Kids & Adults Ages 4 5 6 & Above | Double the Challenge, Twice the Fun | Ultimate Value Saver Combo	1	BLR5	SELLABLE	SWITCHEROO	LPNBLR5P0428698	Order one 2*2 and one 3*3. Got two 4*4 cubes.
2026-04-13T05:26:30+00:00	405-8377129-4176333	1030604	B0DRVQVFJB	X0027JJHDB	Cubelelo Drift 3M v3 3x3 Magnetic Speedcube (Standard) | Latest Version with New & Improved Internal Structure for Smooth Turns & Stability | Cube Toy for 6-10 Years Old Boys Girls Adults	1	CCX1	SELLABLE	UNDELIVERABLE_REFUSED	LPNCCX1B3546888	
2026-04-13T05:25:20+00:00	407-6579152-4562711	1030651	B0DJQWJFSX	X0025EZ04D	Cubelelo Drift 3M Plus v2 3x3 (Magnetic) (New Upgraded Version) | Based on MoYu RS3M v5 | Dual-Adjustment System | Speedcube for Kids & Adults | Magic Speedy Stress Buster Brainstorming Puzzle	1	BOM4	SELLABLE	NOT_AS_DESCRIBED	LPNBOM4N39497919	
2026-04-13T05:24:36+00:00	171-9246189-5665140	1630210	B09HH8CC7Y	X00262W227	Cubelelo Drift Number Sliding Magnetic Puzzle 4x4 | Toys For 6-10 Years Old Boys & Girls | 15-Blocks Brain Teaser Puzzle Game for Kids | Educational, Learning, Activity Toy for Return & Birthday Gifts	1	BLR5	SELLABLE	UNDELIVERABLE_REFUSED	LPNBLR5P3631852	
2026-04-13T05:24:36+00:00	171-9246189-5665140	1630210	B09HH8CC7Y	X00262W227	Cubelelo Drift Number Sliding Magnetic Puzzle 4x4 | Toys For 6-10 Years Old Boys & Girls | 15-Blocks Brain Teaser Puzzle Game for Kids | Educational, Learning, Activity Toy for Return & Birthday Gifts	1	BLR5	SELLABLE	UNDELIVERABLE_REFUSED	LPNBLR5P3631914	
2026-04-13T05:24:36+00:00	171-9246189-5665140	1630210	B09HH8CC7Y	X00262W227	Cubelelo Drift Number Sliding Magnetic Puzzle 4x4 | Toys For 6-10 Years Old Boys & Girls | 15-Blocks Brain Teaser Puzzle Game for Kids | Educational, Learning, Activity Toy for Return & Birthday Gifts	1	BLR5	SELLABLE	UNDELIVERABLE_REFUSED	LPNBLR5P3631915	
2026-04-13T05:24:36+00:00	171-9246189-5665140	1630210	B09HH8CC7Y	X00262W227	Cubelelo Drift Number Sliding Magnetic Puzzle 4x4 | Toys For 6-10 Years Old Boys & Girls | 15-Blocks Brain Teaser Puzzle Game for Kids | Educational, Learning, Activity Toy for Return & Birthday Gifts	1	BLR5	SELLABLE	UNDELIVERABLE_REFUSED	LPNBLR5P3631911	
2026-04-13T05:24:36+00:00	171-9246189-5665140	1630210	B09HH8CC7Y	X00262W227	Cubelelo Drift Number Sliding Magnetic Puzzle 4x4 | Toys For 6-10 Years Old Boys & Girls | 15-Blocks Brain Teaser Puzzle Game for Kids | Educational, Learning, Activity Toy for Return & Birthday Gifts	1	BLR5	SELLABLE	UNDELIVERABLE_REFUSED	LPNBLR5P3631853	
2026-04-13T05:24:36+00:00	171-9246189-5665140	1630210	B09HH8CC7Y	X00262W227	Cubelelo Drift Number Sliding Magnetic Puzzle 4x4 | Toys For 6-10 Years Old Boys & Girls | 15-Blocks Brain Teaser Puzzle Game for Kids | Educational, Learning, Activity Toy for Return & Birthday Gifts	1	BLR5	SELLABLE	UNDELIVERABLE_REFUSED	LPNBLR5P3631916	
2026-04-13T05:24:36+00:00	171-9246189-5665140	1630210	B09HH8CC7Y	X00262W227	Cubelelo Drift Number Sliding Magnetic Puzzle 4x4 | Toys For 6-10 Years Old Boys & Girls | 15-Blocks Brain Teaser Puzzle Game for Kids | Educational, Learning, Activity Toy for Return & Birthday Gifts	1	BLR5	SELLABLE	UNDELIVERABLE_REFUSED	LPNBLR5P3631854	
2026-04-13T05:24:36+00:00	171-9246189-5665140	1630210	B09HH8CC7Y	X00262W227	Cubelelo Drift Number Sliding Magnetic Puzzle 4x4 | Toys For 6-10 Years Old Boys & Girls | 15-Blocks Brain Teaser Puzzle Game for Kids | Educational, Learning, Activity Toy for Return & Birthday Gifts	1	BLR5	SELLABLE	UNDELIVERABLE_REFUSED	LPNBLR5P3631912	
2026-04-13T05:24:36+00:00	171-9246189-5665140	1630210	B09HH8CC7Y	X00262W227	Cubelelo Drift Number Sliding Magnetic Puzzle 4x4 | Toys For 6-10 Years Old Boys & Girls | 15-Blocks Brain Teaser Puzzle Game for Kids | Educational, Learning, Activity Toy for Return & Birthday Gifts	1	BLR5	SELLABLE	UNDELIVERABLE_REFUSED	LPNBLR5P3631913	
2026-04-13T05:24:36+00:00	171-9246189-5665140	1630210	B09HH8CC7Y	X00262W227	Cubelelo Drift Number Sliding Magnetic Puzzle 4x4 | Toys For 6-10 Years Old Boys & Girls | 15-Blocks Brain Teaser Puzzle Game for Kids | Educational, Learning, Activity Toy for Return & Birthday Gifts	1	BLR5	SELLABLE	UNDELIVERABLE_REFUSED	LPNBLR5P3631917	
2026-04-13T05:19:46+00:00	171-4261894-6317911	1030300_EAN	B0FBMGT6V7	X002C88WLZ	Cubelelo Drift Explorer 3x3 Speed Cube | Best Starter Speedcube for Beginners | Perfect Brain Teaser for Kids Ages 4 to14 Years Old & Above Boys Girls Children | Smooth Turning Puzzle Toy for Adults	1	BLR5	CUSTOMER_DAMAGED	DAMAGED_BY_FC	LPNBLR5P3611090	
2026-04-13T05:09:48+00:00	171-5592012-7186748	1030300_EAN	B0FBMGT6V7	X002C88WLZ	Cubelelo Drift Explorer 3x3 Speed Cube | Best Starter Speedcube for Beginners | Perfect Brain Teaser for Kids Ages 4 to14 Years Old & Above Boys Girls Children | Smooth Turning Puzzle Toy for Adults	1	CCX2	SELLABLE	UNDELIVERABLE_REFUSED	LPNCCX2B2654232	
2026-04-13T05:01:16+00:00	406-0918716-4857164	1030604	B0DRVQVFJB	X0027JJHDB	Cubelelo Drift 3M v3 3x3 Magnetic Speedcube (Standard) | Latest Version with New & Improved Internal Structure for Smooth Turns & Stability | Cube Toy for 6-10 Years Old Boys Girls Adults	1	DEL2	SELLABLE	UNDELIVERABLE_REFUSED	LPNDEL2R81262433	
2026-04-13T04:45:40+00:00	408-9257582-1723511	1040400	B0FL7TDJLF	X002DFU80F	Cubelelo Drift 4x4 Stickerless Cube Puzzle Toy | Combines Smoothness, Stability & Durability | 4x4x4 Speedcube for Beginners| Suitable for Kids Ages 6 to 14 Years Old, Boys, Girls & Adults	1	DEL2	SELLABLE	DEFECTIVE	LPNDEL2R81064870	
2026-04-13T04:26:07+00:00	405-2283472-8563510	1630202	B09B7PNSTV	X001ETHG47	Cubelelo Drift Infinity Cube (Blue) | Magic Puzzle Cool Mini Gadget for Stress and Anxiety Relief for Kids and Adults | Desk Finger Flip Toy for Fun and Game | for Ages 3 Years and Above	1	BLR5	CUSTOMER_DAMAGED	DEFECTIVE	LPNBLR5P2216232	
2026-04-13T04:09:25+00:00	404-8220884-0178751	1630222	B0GH18NXXG	X002HPDYRF	Cubelelo Drift Magnetic Tangram Puzzle | with Strong Magnets, Wooden Pieces & Bold Colors | Toys for 5-10 Years Old Boys Girls & Adults | Travel Friendly, Educational Toy for Return & Birthday Gifts	1	DEL2	SELLABLE	UNDELIVERABLE_UNKNOWN	LPNDEL2R81308951	
2026-04-13T03:19:58+00:00	405-1333177-6534762	1020200	B08LBJ3P8L	X0019BU39P	Cubelelo Drift 2x2 Stickerless Cube | Beginner Speedcube for Kids Boys Girls Above 3 4 5 6 Years Old & Above | Magic Puzzle Toy | Durable & Smooth Cube with Anti-Pop Design 2x2x2	1	DEL2	SELLABLE	DEFECTIVE	LPNDEL2R81262310	
2026-04-12T22:17:14+00:00	406-2926815-8372342	1030300_EAN	B0FBMGT6V7	X002C88WLZ	Cubelelo Drift Explorer 3x3 Speed Cube | Best Starter Speedcube for Beginners | Perfect Brain Teaser for Kids Ages 4 to14 Years Old & Above Boys Girls Children | Smooth Turning Puzzle Toy for Adults	1	BLR5	SELLABLE	UNDELIVERABLE_REFUSED	LPNBLR5P0428512	
2026-04-12T13:34:04+00:00	404-0917232-3466708	1630210	B09HH8CC7Y	X00262W227	Cubelelo Drift Number Sliding Magnetic Puzzle 4x4 | Toys For 6-10 Years Old Boys & Girls | 15-Blocks Brain Teaser Puzzle Game for Kids | Educational, Learning, Activity Toy for Return & Birthday Gifts	1	BLR5	SELLABLE	DEFECTIVE	LPNBLR5P0066678	
2026-04-12T12:57:12+00:00	408-5089555-4376345	1460501	B08XK25RRF	X001VLOAKL	Cubelelo Drift 2x2 & 3x3 Cube Gift Box Combo | 2-in-1 Puzzle Toy Game Set for Children Kids & Adults Ages 4 5 6 & Above | Double the Challenge, Twice the Fun | Ultimate Value Saver Combo	1	BLR5	SELLABLE	UNDELIVERABLE_UNKNOWN	LPNBLR5P1399293	
2026-04-12T12:42:33+00:00	403-6632424-1615545	1630210	B09HH8CC7Y	X00262W227	Cubelelo Drift Number Sliding Magnetic Puzzle 4x4 | Toys For 6-10 Years Old Boys & Girls | 15-Blocks Brain Teaser Puzzle Game for Kids | Educational, Learning, Activity Toy for Return & Birthday Gifts	1	BLR5	SELLABLE	UNDELIVERABLE_UNKNOWN	LPNBLR5P2942093	
2026-04-12T12:42:33+00:00	403-6632424-1615545	1630210	B09HH8CC7Y	X00262W227	Cubelelo Drift Number Sliding Magnetic Puzzle 4x4 | Toys For 6-10 Years Old Boys & Girls | 15-Blocks Brain Teaser Puzzle Game for Kids | Educational, Learning, Activity Toy for Return & Birthday Gifts	1	BLR5	SELLABLE	UNDELIVERABLE_UNKNOWN	LPNBLR5P2942097	
2026-04-12T12:35:24+00:00	402-4235393-0231512	1630210	B09HH8CC7Y	X00262W227	Cubelelo Drift Number Sliding Magnetic Puzzle 4x4 | Toys For 6-10 Years Old Boys & Girls | 15-Blocks Brain Teaser Puzzle Game for Kids | Educational, Learning, Activity Toy for Return & Birthday Gifts	1	DEL2	SELLABLE	UNDELIVERABLE_UNKNOWN	LPNDEL2R81805832	
2026-04-12T12:34:19+00:00	406-6731625-3115500	1630210	B09HH8CC7Y	X00262W227	Cubelelo Drift Number Sliding Magnetic Puzzle 4x4 | Toys For 6-10 Years Old Boys & Girls | 15-Blocks Brain Teaser Puzzle Game for Kids | Educational, Learning, Activity Toy for Return & Birthday Gifts	1	CCX1	SELLABLE	UNDELIVERABLE_REFUSED	LPNCCX1B2645518	
2026-04-12T12:30:43+00:00	408-3071105-5865154	CLB0502	B0CL3HR7YS	X001VZMI15	Cubelelo Drift Warrior 3x3 & Premium Cube Lubricant Combo | Speed Cube Set for Fast, Smooth, Professional Solving | Ultimate Kit for All Your Speedcubing Needs Multicolor for Kids, Adults All Ages	1	DEL2	CUSTOMER_DAMAGED	DEFECTIVE	LPNDEL2R80833992	
2026-04-12T12:29:20+00:00	403-2274194-2365119	1630202	B09B7PNSTV	X001ETHG47	Cubelelo Drift Infinity Cube (Blue) | Magic Puzzle Cool Mini Gadget for Stress and Anxiety Relief for Kids and Adults | Desk Finger Flip Toy for Fun and Game | for Ages 3 Years and Above	1	BLR5	SELLABLE	UNDELIVERABLE_REFUSED	LPNBLR5P0098215	
2026-04-12T12:09:12+00:00	171-8691947-9352326	1630202	B09B7PNSTV	X001ETHG47	Cubelelo Drift Infinity Cube (Blue) | Magic Puzzle Cool Mini Gadget for Stress and Anxiety Relief for Kids and Adults | Desk Finger Flip Toy for Fun and Game | for Ages 3 Years and Above	1	CCX1	SELLABLE	UNDELIVERABLE_REFUSED	LPNCCX1B3448513	
2026-04-12T12:08:24+00:00	403-6402848-6926747	1030604	B0DRVQVFJB	X0027JJHDB	Cubelelo Drift 3M v3 3x3 Magnetic Speedcube (Standard) | Latest Version with New & Improved Internal Structure for Smooth Turns & Stability | Cube Toy for 6-10 Years Old Boys Girls Adults	1	BOM4	SELLABLE	UNDELIVERABLE_REFUSED	LPNBOM4N39499534	
2026-04-12T11:57:36+00:00	406-5479715-8262741	1460553	B0BYVHGR5H	X001WPZI9N	Cubelelo Drift 2x2, 3x3 & Pyraminx Cube Combo (Stickerless) | Ideal for Kids Above 3 4 5 6 Years Old Boys Girls | 3 in 1 Speedcube Gift Set | High Speed Puzzle 3x3x3 2x2x2 Pyramid Triangle	1	BLR5	SELLABLE	UNDELIVERABLE_REFUSED	LPNBLR5P1324798	
2026-04-12T11:57:36+00:00	406-5479715-8262741	1460553	B0BYVHGR5H	X001WPZI9N	Cubelelo Drift 2x2, 3x3 & Pyraminx Cube Combo (Stickerless) | Ideal for Kids Above 3 4 5 6 Years Old Boys Girls | 3 in 1 Speedcube Gift Set | High Speed Puzzle 3x3x3 2x2x2 Pyramid Triangle	1	BLR5	SELLABLE	UNDELIVERABLE_REFUSED	LPNBLR5P1324801	
2026-04-12T11:57:36+00:00	406-5479715-8262741	1460553	B0BYVHGR5H	X001WPZI9N	Cubelelo Drift 2x2, 3x3 & Pyraminx Cube Combo (Stickerless) | Ideal for Kids Above 3 4 5 6 Years Old Boys Girls | 3 in 1 Speedcube Gift Set | High Speed Puzzle 3x3x3 2x2x2 Pyramid Triangle	1	BLR5	SELLABLE	UNDELIVERABLE_REFUSED	LPNBLR5P1324802	
2026-04-12T11:57:36+00:00	406-5479715-8262741	1460553	B0BYVHGR5H	X001WPZI9N	Cubelelo Drift 2x2, 3x3 & Pyraminx Cube Combo (Stickerless) | Ideal for Kids Above 3 4 5 6 Years Old Boys Girls | 3 in 1 Speedcube Gift Set | High Speed Puzzle 3x3x3 2x2x2 Pyramid Triangle	1	BLR5	SELLABLE	UNDELIVERABLE_REFUSED	LPNBLR5P1324806	
2026-04-12T11:57:36+00:00	406-5479715-8262741	1460553	B0BYVHGR5H	X001WPZI9N	Cubelelo Drift 2x2, 3x3 & Pyraminx Cube Combo (Stickerless) | Ideal for Kids Above 3 4 5 6 Years Old Boys Girls | 3 in 1 Speedcube Gift Set | High Speed Puzzle 3x3x3 2x2x2 Pyramid Triangle	1	BLR5	SELLABLE	UNDELIVERABLE_REFUSED	LPNBLR5P1324803	
2026-04-12T11:54:26+00:00	408-6731281-8889109	1030300_EAN	B0FBMGT6V7	X002C88WLZ	Cubelelo Drift Explorer 3x3 Speed Cube | Best Starter Speedcube for Beginners | Perfect Brain Teaser for Kids Ages 4 to14 Years Old & Above Boys Girls Children | Smooth Turning Puzzle Toy for Adults	1	BLR5	SELLABLE	UNDELIVERABLE_REFUSED	LPNBLR5P3631044	
2026-04-12T11:54:26+00:00	408-8550483-9500304	1030300_EAN	B0FBMGT6V7	X002C88WLZ	Cubelelo Drift Explorer 3x3 Speed Cube | Best Starter Speedcube for Beginners | Perfect Brain Teaser for Kids Ages 4 to14 Years Old & Above Boys Girls Children | Smooth Turning Puzzle Toy for Adults	1	BLR5	SELLABLE	UNDELIVERABLE_REFUSED	LPNBLR5P3631045	
2026-04-12T11:49:23+00:00	408-0856927-6538762	1630222	B0GH18NXXG	X002HPDYRF	Cubelelo Drift Magnetic Tangram Puzzle | with Strong Magnets, Wooden Pieces & Bold Colors | Toys for 5-10 Years Old Boys Girls & Adults | Travel Friendly, Educational Toy for Return & Birthday Gifts	1	BLR5	SELLABLE	UNDELIVERABLE_UNKNOWN	LPNBLR5P0140750	
2026-04-12T11:43:50+00:00	171-6877172-8259503	1630210	B09HH8CC7Y	X00262W227	Cubelelo Drift Number Sliding Magnetic Puzzle 4x4 | Toys For 6-10 Years Old Boys & Girls | 15-Blocks Brain Teaser Puzzle Game for Kids | Educational, Learning, Activity Toy for Return & Birthday Gifts	1	BLR5	SELLABLE	UNDELIVERABLE_UNKNOWN	LPNBLR5P0066539	
2026-04-12T11:43:50+00:00	171-8015134-4209917	1630210	B09HH8CC7Y	X00262W227	Cubelelo Drift Number Sliding Magnetic Puzzle 4x4 | Toys For 6-10 Years Old Boys & Girls | 15-Blocks Brain Teaser Puzzle Game for Kids | Educational, Learning, Activity Toy for Return & Birthday Gifts	1	BLR5	SELLABLE	UNDELIVERABLE_UNKNOWN	LPNBLR5P0066538	
2026-04-12T11:41:40+00:00	402-5338235-6042743	1030604	B0DRVQVFJB	X0027JJHDB	Cubelelo Drift 3M v3 3x3 Magnetic Speedcube (Standard) | Latest Version with New & Improved Internal Structure for Smooth Turns & Stability | Cube Toy for 6-10 Years Old Boys Girls Adults	1	DEL2	SELLABLE	UNDELIVERABLE_REFUSED	LPNDEL2R81577522	
2026-04-12T11:29:31+00:00	408-2155040-9929941	1030300_EAN	B0FBMGT6V7	X002C88WLZ	Cubelelo Drift Explorer 3x3 Speed Cube | Best Starter Speedcube for Beginners | Perfect Brain Teaser for Kids Ages 4 to14 Years Old & Above Boys Girls Children | Smooth Turning Puzzle Toy for Adults	1	BLR5	SELLABLE	DEFECTIVE	LPNBLR5P2675789	
2026-04-12T11:22:12+00:00	407-6878545-7040342	1060100	B09HH5R69B	X001G4MZFF	Cubelelo Drift 6x6 Stickerless Speed Cube Magic Puzzle for Kids & Adults | Advanced Level Speedcube | Speedy Stress Buster Brainstorming Cube	1	BOM4	CUSTOMER_DAMAGED	DEFECTIVE	LPNBOM4N37272697	
2026-04-12T11:18:40+00:00	171-7035123-3900346	1630202	B09B7PNSTV	X001ETHG47	Cubelelo Drift Infinity Cube (Blue) | Magic Puzzle Cool Mini Gadget for Stress and Anxiety Relief for Kids and Adults | Desk Finger Flip Toy for Fun and Game | for Ages 3 Years and Above	1	DEL2	SELLABLE	UNDELIVERABLE_REFUSED	LPNDEL2R80639179	
2026-04-12T11:10:18+00:00	405-6386318-6441147	1140022	B08169YZPG	X001602BQR	Cubelelo Drift Gear 3x3 Stickerless Cube Speed Cube | Toy for Kids & Adults | Magic Speedy Stress Buster Brainstorming Puzzle 3x3x3 (Multicolor)	1	DEL2	SELLABLE	UNDELIVERABLE_REFUSED	LPNDEL2R84007303	
2026-04-12T11:10:18+00:00	405-6386318-6441147	1120100	B08LBGYZ51	X0019BU32H	Cubelelo Drift 3x3 Mirror (Silver) Magic Speed Cube | Shape Shifter Speedcube with Durable Stickers | Advanced 3x3x3 Puzzle Toy for Kids Ages 7-14 Boys Girls & Adults | Collector's Item	1	DEL2	SELLABLE	UNDELIVERABLE_REFUSED	LPNDEL2R84007304	
2026-04-12T11:10:16+00:00	402-9241787-1365928	1030300_EAN	B0FBMGT6V7	X002C88WLZ	Cubelelo Drift Explorer 3x3 Speed Cube | Best Starter Speedcube for Beginners | Perfect Brain Teaser for Kids Ages 4 to14 Years Old & Above Boys Girls Children | Smooth Turning Puzzle Toy for Adults	1	BOM4	SELLABLE	UNDELIVERABLE_REFUSED	LPNBOM4N39538421	
2026-04-12T11:06:02+00:00	402-4299240-8183564	1270100	B09BZPFCZ8	X001F0AT1H	Cubelelo Drift Mastermorphix Stickerless Cube Puzzle for Kids & Adults Speedy Stress Buster Brainstorming Cube	1	BOM4	SELLABLE	DEFECTIVE	LPNBOM4N37488930	
2026-04-12T11:05:21+00:00	404-1994111-6240359	1040300	B09HH8XQ14	X001G4QY25	Cubelelo Drift 4x4 (Black) Speedcube | Challenging Brain Teaser Puzzle Toy for Kids 7-14 Years Old Boys Girls & Adults All Ages | Fast Speed Cube for Intermediate and Advanced Cubers	1	BLR5	DEFECTIVE	DEFECTIVE	LPNBLR5P2891697	Colors are applied as stickers and coming out easily after one or two rotation
2026-04-12T11:05:05+00:00	403-0334341-1028342	1030651	B0DJQWJFSX	X0025EZ04D	Cubelelo Drift 3M Plus v2 3x3 (Magnetic) (New Upgraded Version) | Based on MoYu RS3M v5 | Dual-Adjustment System | Speedcube for Kids & Adults | Magic Speedy Stress Buster Brainstorming Puzzle	1	DEL2	SELLABLE	UNDELIVERABLE_REFUSED	LPNDEL2R81948653	
2026-04-12T10:51:58+00:00	171-6774162-3281109	CLB0502	B0CL3HR7YS	X001VZMI15	Cubelelo Drift Warrior 3x3 & Premium Cube Lubricant Combo | Speed Cube Set for Fast, Smooth, Professional Solving | Ultimate Kit for All Your Speedcubing Needs Multicolor for Kids, Adults All Ages	1	DEL2	SELLABLE	UNDELIVERABLE_REFUSED	LPNDEL2R81014465	
2026-04-12T10:47:17+00:00	405-0478122-6299569	1630210	B09HH8CC7Y	X00262W227	Cubelelo Drift Number Sliding Magnetic Puzzle 4x4 | Toys For 6-10 Years Old Boys & Girls | 15-Blocks Brain Teaser Puzzle Game for Kids | Educational, Learning, Activity Toy for Return & Birthday Gifts	1	DEL2	SELLABLE	UNDELIVERABLE_UNKNOWN	LPNDEL2R81070647	
2026-04-12T10:40:06+00:00	404-3223216-4623538	1460501	B08XK25RRF	X001VLOAKL	Cubelelo Drift 2x2 & 3x3 Cube Gift Box Combo | 2-in-1 Puzzle Toy Game Set for Children Kids & Adults Ages 4 5 6 & Above | Double the Challenge, Twice the Fun | Ultimate Value Saver Combo	1	BLR5	SELLABLE	UNDELIVERABLE_REFUSED	LPNBLR5P1853866	
2026-04-12T10:08:39+00:00	405-4225791-2473155	1030400	B07XPNC385	X0012WM1NR	Cubelelo Drift 3x3 Black Speedcube | Beginner Cube for Kids & Adults | Magic Speed Stress Buster Brainstorming Puzzle (Multicolor) | Anti-Pop Technology | Smooth Turning | Durable	1	DEL2	DEFECTIVE	MISSING_PARTS	LPNDEL2R81948615	The whole is a mess behind orange center piece is blue that should have red and the top of a center piece is missing
2026-04-12T09:57:21+00:00	408-5239732-6905163	1120100	B08LBGYZ51	X0019BU32H	Cubelelo Drift 3x3 Mirror (Silver) Magic Speed Cube | Shape Shifter Speedcube with Durable Stickers | Advanced 3x3x3 Puzzle Toy for Kids Ages 7-14 Boys Girls & Adults | Collector's Item	1	AMD2	SELLABLE	DAMAGED_BY_FC	LPNAMD2M3777151	Aaj open Kiya to dekha ki tutha huaa h
2026-04-12T09:51:43+00:00	404-0405582-4740368	1030478	B09PYRTM4X	X001HYK0PL	Cubelelo Drift 3x3 Jelly Edition Speedcube Magic Cube Puzzle	1	DEL2	SELLABLE	DEFECTIVE	LPNDEL2R81878823	
2026-04-12T09:38:56+00:00	405-6636414-3701922	1630210	B09HH8CC7Y	X00262W227	Cubelelo Drift Number Sliding Magnetic Puzzle 4x4 | Toys For 6-10 Years Old Boys & Girls | 15-Blocks Brain Teaser Puzzle Game for Kids | Educational, Learning, Activity Toy for Return & Birthday Gifts	1	BLR5	SELLABLE	UNDELIVERABLE_REFUSED	LPNBLR5P0109032	
2026-04-12T09:30:14+00:00	404-6899818-8750728	1030300_EAN	B0FBMGT6V7	X002C88WLZ	Cubelelo Drift Explorer 3x3 Speed Cube | Best Starter Speedcube for Beginners | Perfect Brain Teaser for Kids Ages 4 to14 Years Old & Above Boys Girls Children | Smooth Turning Puzzle Toy for Adults	1	BLR5	SELLABLE	NEVER_ARRIVED	LPNBLR5P3038087	
2026-04-12T09:07:55+00:00	402-4146304-8001949	1630210	B09HH8CC7Y	X00262W227	Cubelelo Drift Number Sliding Magnetic Puzzle 4x4 | Toys For 6-10 Years Old Boys & Girls | 15-Blocks Brain Teaser Puzzle Game for Kids | Educational, Learning, Activity Toy for Return & Birthday Gifts	1	CCX1	SELLABLE	UNDELIVERABLE_REFUSED	LPNCCX1B3360743	
2026-04-12T09:06:15+00:00	406-3678739-7879532	1280100a	B09QYW9DYC	X001LHLHUV	Cubelelo Drift Pyraminx Puzzle Speedcube | Beginner Starter Cube for Kids 3+ Year Old & Above | Triangle Pyramid Shape Stickerless 3x3 Cubes Toy | Ideal for Boys Girls Children 4 5 6+ Years & Adults	1	BOM4	SELLABLE	DEFECTIVE	LPNBOM4N39489662	
2026-04-12T08:37:42+00:00	405-8419009-5973130	1280600_EAN	B0BSFD6XY8	X001PEDWDF	Cubelelo Drift Pyraminx M (Magnetic) Puzzle | Toys for Kids 4 5 6 7 8 to 14 Years Old & Above Boys Girls All Ages | Stickerless Pyramid Triangle High Speed Gift Cube Toy | Travel Friendly	1	DEL2	CUSTOMER_DAMAGED	DEFECTIVE	LPNDEL2R81014364	
2026-04-12T08:24:34+00:00	403-3398565-5373144	1630210	B09HH8CC7Y	X00262W227	Cubelelo Drift Number Sliding Magnetic Puzzle 4x4 | Toys For 6-10 Years Old Boys & Girls | 15-Blocks Brain Teaser Puzzle Game for Kids | Educational, Learning, Activity Toy for Return & Birthday Gifts	1	BOM4	SELLABLE	UNDELIVERABLE_REFUSED	LPNBOM4N39496756	
2026-04-12T07:57:00+00:00	408-4905830-5465167	1040300	B09HH8XQ14	X001G4QY25	Cubelelo Drift 4x4 (Black) Speedcube | Challenging Brain Teaser Puzzle Toy for Kids 7-14 Years Old Boys Girls & Adults All Ages | Fast Speed Cube for Intermediate and Advanced Cubers	1	BLR5	SELLABLE	DEFECTIVE	LPNBLR5P2887398	
2026-04-12T07:46:20+00:00	406-5430222-9819527	1030604	B0DRVQVFJB	X0027JJHDB	Cubelelo Drift 3M v3 3x3 Magnetic Speedcube (Standard) | Latest Version with New & Improved Internal Structure for Smooth Turns & Stability | Cube Toy for 6-10 Years Old Boys Girls Adults	1	BLR5	SELLABLE	UNDELIVERABLE_UNKNOWN	LPNBLR5Q9618258	
2026-04-12T07:25:20+00:00	405-2005888-3800304	1630210	B09HH8CC7Y	X00262W227	Cubelelo Drift Number Sliding Magnetic Puzzle 4x4 | Toys For 6-10 Years Old Boys & Girls | 15-Blocks Brain Teaser Puzzle Game for Kids | Educational, Learning, Activity Toy for Return & Birthday Gifts	1	BLR5	SELLABLE	UNDELIVERABLE_UNKNOWN	LPNBLR5P1555871	
2026-04-12T07:17:11+00:00	404-5687597-2700344	1630210	B09HH8CC7Y	X00262W227	Cubelelo Drift Number Sliding Magnetic Puzzle 4x4 | Toys For 6-10 Years Old Boys & Girls | 15-Blocks Brain Teaser Puzzle Game for Kids | Educational, Learning, Activity Toy for Return & Birthday Gifts	1	DEL2	SELLABLE	UNDELIVERABLE_UNKNOWN	LPNDEL2R81550171	
2026-04-12T07:11:46+00:00	408-9719087-3457131	1460553	B0BYVHGR5H	X001WPZI9N	Cubelelo Drift 2x2, 3x3 & Pyraminx Cube Combo (Stickerless) | Ideal for Kids Above 3 4 5 6 Years Old Boys Girls | 3 in 1 Speedcube Gift Set | High Speed Puzzle 3x3x3 2x2x2 Pyramid Triangle	1	CJB1	SELLABLE	UNDELIVERABLE_UNKNOWN	LPNCJB1X145514	
2026-04-12T07:06:08+00:00	171-0600821-8269149	1630210	B09HH8CC7Y	X00262W227	Cubelelo Drift Number Sliding Magnetic Puzzle 4x4 | Toys For 6-10 Years Old Boys & Girls | 15-Blocks Brain Teaser Puzzle Game for Kids | Educational, Learning, Activity Toy for Return & Birthday Gifts	1	DEL2	SELLABLE	UNDELIVERABLE_UNKNOWN	LPNDEL2R82807833	
2026-04-12T07:05:45+00:00	403-7711530-1291549	1030604	B0DRVQVFJB	X0027JJHDB	Cubelelo Drift 3M v3 3x3 Magnetic Speedcube (Standard) | Latest Version with New & Improved Internal Structure for Smooth Turns & Stability | Cube Toy for 6-10 Years Old Boys Girls Adults	1	DEL2	SELLABLE	DEFECTIVE	LPNDEL2R81948429	
2026-04-12T06:32:34+00:00	406-0522829-2905104	1030700_EAN	B0BRXJ9Q4G	X001P8LWWT	Cubelelo Drift 3M Plus v2 3x3 (Magnetic) Cube | New Upgraded Version Based on MoYu RS3M v5 | Dual-Adjustment System | Premium Speedcube for Kids Boys Girls Ages 4+ Year Old & Adults	1	BLR5	SELLABLE	UNDELIVERABLE_REFUSED	LPNBLR5P2857542	
2026-04-12T06:14:29+00:00	405-2078344-9364337	1280100a	B09QYW9DYC	X001LHLHUV	Cubelelo Drift Pyraminx Puzzle Speedcube | Beginner Starter Cube for Kids 3+ Year Old & Above | Triangle Pyramid Shape Stickerless 3x3 Cubes Toy | Ideal for Boys Girls Children 4 5 6+ Years & Adults	1	BLR5	CARRIER_DAMAGED	DEFECTIVE	LPNBLR5P3420687	
2026-04-12T06:13:21+00:00	406-5039302-2601914	1050200	B09K7QTCXP	X001GM0XER	Cubelelo Drift 5x5 Stickerless Speed Cube | AKA Professor's Cube Magic Puzzle for Kids & Adults | Smooth and Durable Speedy Brainstorming Puzzle| Ultimate Stress Buster and Mind Challenge	1	DEL2	CUSTOMER_DAMAGED	DEFECTIVE	LPNDEL2R81422903	
2026-04-12T06:04:17+00:00	407-0427631-8096317	1030300_EAN	B0FBMGT6V7	X002C88WLZ	Cubelelo Drift Explorer 3x3 Speed Cube | Best Starter Speedcube for Beginners | Perfect Brain Teaser for Kids Ages 4 to14 Years Old & Above Boys Girls Children | Smooth Turning Puzzle Toy for Adults	1	DEL2	SELLABLE	UNDELIVERABLE_REFUSED	LPNDEL2R81212084	
2026-04-12T04:59:39+00:00	402-4135931-1729965	1630210	B09HH8CC7Y	X00262W227	Cubelelo Drift Number Sliding Magnetic Puzzle 4x4 | Toys For 6-10 Years Old Boys & Girls | 15-Blocks Brain Teaser Puzzle Game for Kids | Educational, Learning, Activity Toy for Return & Birthday Gifts	1	DEL2	SELLABLE	UNDELIVERABLE_UNKNOWN	LPNDEL2R81878518	
2026-04-12T04:54:50+00:00	402-8302334-6740348	1460510	B0BZL11XWC	X001VW450P	Cubelelo Drift 4x4, 5x5 Premium Gift Box | 2-in-1 Puzzle Game Set | Challenge, Thrice The Fun | Ultimate Value Saver Combo | Brainstoming Toy for Children Kids & Adults	1	DEL2	CUSTOMER_DAMAGED	SWITCHEROO	LPNDEL2R80322915	
2026-04-12T04:18:12+00:00	402-0465897-2780310	1030300_EAN	B0FBMGT6V7	X002C88WLZ	Cubelelo Drift Explorer 3x3 Speed Cube | Best Starter Speedcube for Beginners | Perfect Brain Teaser for Kids Ages 4 to14 Years Old & Above Boys Girls Children | Smooth Turning Puzzle Toy for Adults	1	BLR5	SELLABLE	UNDELIVERABLE_REFUSED	LPNBLR5P0066094	
2026-04-12T04:05:20+00:00	407-3406983-7489148	1630210	B09HH8CC7Y	X00262W227	Cubelelo Drift Number Sliding Magnetic Puzzle 4x4 | Toys For 6-10 Years Old Boys & Girls | 15-Blocks Brain Teaser Puzzle Game for Kids | Educational, Learning, Activity Toy for Return & Birthday Gifts	1	BOM4	SELLABLE	UNDELIVERABLE_UNKNOWN	LPNBOM4N37871898	
2026-04-12T03:57:40+00:00	408-3363735-4706704	1460553	B0BYVHGR5H	X001WPZI9N	Cubelelo Drift 2x2, 3x3 & Pyraminx Cube Combo (Stickerless) | Ideal for Kids Above 3 4 5 6 Years Old Boys Girls | 3 in 1 Speedcube Gift Set | High Speed Puzzle 3x3x3 2x2x2 Pyramid Triangle	1	BLR5	SELLABLE	DEFECTIVE	LPNBLR5P0097683	
2026-04-12T03:37:41+00:00	408-3676732-0114703	CLB0525	B0DQ8XH4J5	X00271Q95N	Cubelelo Drift 3M Plus v2 MagLev 3x3 Speedcube with Premium Pouch & Cube Lubricant Combo | Advanced MagLev Technology for Superior Stability | Ultra-Smooth Turns | Ideal for Speedcubers, Kids & Adults	1	DEL2	SELLABLE	DEFECTIVE	LPNDEL2R81948253	
2026-04-12T03:28:26+00:00	407-7708118-9281945	1460553	B0BYVHGR5H	X001WPZI9N	Cubelelo Drift 2x2, 3x3 & Pyraminx Cube Combo (Stickerless) | Ideal for Kids Above 3 4 5 6 Years Old Boys Girls | 3 in 1 Speedcube Gift Set | High Speed Puzzle 3x3x3 2x2x2 Pyramid Triangle	1	BOM4	DEFECTIVE	DAMAGED_BY_FC	LPNBOM4N39549105	I opens the box to find this broken
2026-04-12T03:13:04+00:00	404-4387294-4110756	1310035_EAN	B0BV247KZ6	X001PWV6K3	Cubelelo Magic Snake Rainbow Puzzle Cube (24 Wedges) | Twist and Turn Shape Creation Fun Game for Kids Boys Girls and Adults | Multicolor Brain Teaser Stress Buster Toy | for Ages 3 Years and Above	1	BOM4	SELLABLE	UNDELIVERABLE_REFUSED	LPNBOM4N39538002	
2026-04-11T22:50:01+00:00	406-7921338-2572317	1630210	B09HH8CC7Y	X00262W227	Cubelelo Drift Number Sliding Magnetic Puzzle 4x4 | Toys For 6-10 Years Old Boys & Girls | 15-Blocks Brain Teaser Puzzle Game for Kids | Educational, Learning, Activity Toy for Return & Birthday Gifts	1	BLR5	SELLABLE	UNDELIVERABLE_REFUSED	LPNBLR5P0134250	
2026-04-11T22:50:01+00:00	406-7921338-2572317	1630210	B09HH8CC7Y	X00262W227	Cubelelo Drift Number Sliding Magnetic Puzzle 4x4 | Toys For 6-10 Years Old Boys & Girls | 15-Blocks Brain Teaser Puzzle Game for Kids | Educational, Learning, Activity Toy for Return & Birthday Gifts	1	BLR5	SELLABLE	UNDELIVERABLE_REFUSED	LPNBLR5P0134245	
2026-04-11T22:50:01+00:00	406-7921338-2572317	1630210	B09HH8CC7Y	X00262W227	Cubelelo Drift Number Sliding Magnetic Puzzle 4x4 | Toys For 6-10 Years Old Boys & Girls | 15-Blocks Brain Teaser Puzzle Game for Kids | Educational, Learning, Activity Toy for Return & Birthday Gifts	1	BLR5	SELLABLE	UNDELIVERABLE_REFUSED	LPNBLR5P0134249	
2026-04-11T22:50:01+00:00	406-7921338-2572317	1630210	B09HH8CC7Y	X00262W227	Cubelelo Drift Number Sliding Magnetic Puzzle 4x4 | Toys For 6-10 Years Old Boys & Girls | 15-Blocks Brain Teaser Puzzle Game for Kids | Educational, Learning, Activity Toy for Return & Birthday Gifts	1	BLR5	SELLABLE	UNDELIVERABLE_REFUSED	LPNBLR5P0134248	
2026-04-11T22:47:10+00:00	408-2570652-4270705	1630210	B09HH8CC7Y	X00262W227	Cubelelo Drift Number Sliding Magnetic Puzzle 4x4 | Toys For 6-10 Years Old Boys & Girls | 15-Blocks Brain Teaser Puzzle Game for Kids | Educational, Learning, Activity Toy for Return & Birthday Gifts	1	BLR5	SELLABLE	UNDELIVERABLE_REFUSED	LPNBLR5P2612493	
2026-04-11T22:46:55+00:00	406-7921338-2572317	1630210	B09HH8CC7Y	X00262W227	Cubelelo Drift Number Sliding Magnetic Puzzle 4x4 | Toys For 6-10 Years Old Boys & Girls | 15-Blocks Brain Teaser Puzzle Game for Kids | Educational, Learning, Activity Toy for Return & Birthday Gifts	1	BLR5	SELLABLE	UNDELIVERABLE_REFUSED	LPNBLR5P3408712	
2026-04-11T22:46:55+00:00	406-7921338-2572317	1630210	B09HH8CC7Y	X00262W227	Cubelelo Drift Number Sliding Magnetic Puzzle 4x4 | Toys For 6-10 Years Old Boys & Girls | 15-Blocks Brain Teaser Puzzle Game for Kids | Educational, Learning, Activity Toy for Return & Birthday Gifts	1	BLR5	SELLABLE	UNDELIVERABLE_REFUSED	LPNBLR5P3408709	
2026-04-11T22:46:55+00:00	406-7921338-2572317	1630210	B09HH8CC7Y	X00262W227	Cubelelo Drift Number Sliding Magnetic Puzzle 4x4 | Toys For 6-10 Years Old Boys & Girls | 15-Blocks Brain Teaser Puzzle Game for Kids | Educational, Learning, Activity Toy for Return & Birthday Gifts	1	BLR5	SELLABLE	UNDELIVERABLE_REFUSED	LPNBLR5P3408711	
2026-04-11T22:46:55+00:00	406-7921338-2572317	1630210	B09HH8CC7Y	X00262W227	Cubelelo Drift Number Sliding Magnetic Puzzle 4x4 | Toys For 6-10 Years Old Boys & Girls | 15-Blocks Brain Teaser Puzzle Game for Kids | Educational, Learning, Activity Toy for Return & Birthday Gifts	1	BLR5	SELLABLE	UNDELIVERABLE_REFUSED	LPNBLR5P3408713	
2026-04-11T22:46:55+00:00	406-7921338-2572317	1630210	B09HH8CC7Y	X00262W227	Cubelelo Drift Number Sliding Magnetic Puzzle 4x4 | Toys For 6-10 Years Old Boys & Girls | 15-Blocks Brain Teaser Puzzle Game for Kids | Educational, Learning, Activity Toy for Return & Birthday Gifts	1	BLR5	SELLABLE	UNDELIVERABLE_REFUSED	LPNBLR5P3408714	
2026-04-11T22:46:55+00:00	406-7921338-2572317	1630210	B09HH8CC7Y	X00262W227	Cubelelo Drift Number Sliding Magnetic Puzzle 4x4 | Toys For 6-10 Years Old Boys & Girls | 15-Blocks Brain Teaser Puzzle Game for Kids | Educational, Learning, Activity Toy for Return & Birthday Gifts	1	BLR5	SELLABLE	UNDELIVERABLE_REFUSED	LPNBLR5P3408706	
2026-04-11T22:46:55+00:00	406-7921338-2572317	1630210	B09HH8CC7Y	X00262W227	Cubelelo Drift Number Sliding Magnetic Puzzle 4x4 | Toys For 6-10 Years Old Boys & Girls | 15-Blocks Brain Teaser Puzzle Game for Kids | Educational, Learning, Activity Toy for Return & Birthday Gifts	1	BLR5	SELLABLE	UNDELIVERABLE_REFUSED	LPNBLR5P3408707	
2026-04-11T22:46:55+00:00	406-7921338-2572317	1630210	B09HH8CC7Y	X00262W227	Cubelelo Drift Number Sliding Magnetic Puzzle 4x4 | Toys For 6-10 Years Old Boys & Girls | 15-Blocks Brain Teaser Puzzle Game for Kids | Educational, Learning, Activity Toy for Return & Birthday Gifts	1	BLR5	SELLABLE	UNDELIVERABLE_REFUSED	LPNBLR5P3408710	
2026-04-11T22:13:36+00:00	406-7921338-2572317	1630210	B09HH8CC7Y	X00262W227	Cubelelo Drift Number Sliding Magnetic Puzzle 4x4 | Toys For 6-10 Years Old Boys & Girls | 15-Blocks Brain Teaser Puzzle Game for Kids | Educational, Learning, Activity Toy for Return & Birthday Gifts	1	BLR5	SELLABLE	UNDELIVERABLE_REFUSED	LPNBLR5P3408676	
2026-04-11T22:13:36+00:00	406-7921338-2572317	1630210	B09HH8CC7Y	X00262W227	Cubelelo Drift Number Sliding Magnetic Puzzle 4x4 | Toys For 6-10 Years Old Boys & Girls | 15-Blocks Brain Teaser Puzzle Game for Kids | Educational, Learning, Activity Toy for Return & Birthday Gifts	1	BLR5	SELLABLE	UNDELIVERABLE_REFUSED	LPNBLR5P3408674	
2026-04-11T22:13:36+00:00	406-7921338-2572317	1630210	B09HH8CC7Y	X00262W227	Cubelelo Drift Number Sliding Magnetic Puzzle 4x4 | Toys For 6-10 Years Old Boys & Girls | 15-Blocks Brain Teaser Puzzle Game for Kids | Educational, Learning, Activity Toy for Return & Birthday Gifts	1	BLR5	SELLABLE	UNDELIVERABLE_REFUSED	LPNBLR5P3408678	
2026-04-11T22:13:36+00:00	406-7921338-2572317	1630210	B09HH8CC7Y	X00262W227	Cubelelo Drift Number Sliding Magnetic Puzzle 4x4 | Toys For 6-10 Years Old Boys & Girls | 15-Blocks Brain Teaser Puzzle Game for Kids | Educational, Learning, Activity Toy for Return & Birthday Gifts	1	BLR5	SELLABLE	UNDELIVERABLE_REFUSED	LPNBLR5P3408680	
2026-04-11T22:13:36+00:00	406-7921338-2572317	1630210	B09HH8CC7Y	X00262W227	Cubelelo Drift Number Sliding Magnetic Puzzle 4x4 | Toys For 6-10 Years Old Boys & Girls | 15-Blocks Brain Teaser Puzzle Game for Kids | Educational, Learning, Activity Toy for Return & Birthday Gifts	1	BLR5	CARRIER_DAMAGED	UNDELIVERABLE_REFUSED	LPNBLR5P3408681	
2026-04-11T22:13:36+00:00	406-7921338-2572317	1630210	B09HH8CC7Y	X00262W227	Cubelelo Drift Number Sliding Magnetic Puzzle 4x4 | Toys For 6-10 Years Old Boys & Girls | 15-Blocks Brain Teaser Puzzle Game for Kids | Educational, Learning, Activity Toy for Return & Birthday Gifts	1	BLR5	SELLABLE	UNDELIVERABLE_REFUSED	LPNBLR5P3408673	
2026-04-11T22:13:36+00:00	406-7921338-2572317	1630210	B09HH8CC7Y	X00262W227	Cubelelo Drift Number Sliding Magnetic Puzzle 4x4 | Toys For 6-10 Years Old Boys & Girls | 15-Blocks Brain Teaser Puzzle Game for Kids | Educational, Learning, Activity Toy for Return & Birthday Gifts	1	BLR5	SELLABLE	UNDELIVERABLE_REFUSED	LPNBLR5P3408679	
2026-04-11T22:13:36+00:00	406-7921338-2572317	1630210	B09HH8CC7Y	X00262W227	Cubelelo Drift Number Sliding Magnetic Puzzle 4x4 | Toys For 6-10 Years Old Boys & Girls | 15-Blocks Brain Teaser Puzzle Game for Kids | Educational, Learning, Activity Toy for Return & Birthday Gifts	1	BLR5	SELLABLE	UNDELIVERABLE_REFUSED	LPNBLR5P3408677	
2026-04-11T18:46:27+00:00	408-2332459-5911563	1460553	B0BYVHGR5H	X001WPZI9N	Cubelelo Drift 2x2, 3x3 & Pyraminx Cube Combo (Stickerless) | Ideal for Kids Above 3 4 5 6 Years Old Boys Girls | 3 in 1 Speedcube Gift Set | High Speed Puzzle 3x3x3 2x2x2 Pyramid Triangle	1	BLR5	SELLABLE	UNDELIVERABLE_REFUSED	LPNBLR5P1823273	
2026-04-11T17:53:44+00:00	405-6055443-1603518	1030300_EAN	B0FBMGT6V7	X002C88WLZ	Cubelelo Drift Explorer 3x3 Speed Cube | Best Starter Speedcube for Beginners | Perfect Brain Teaser for Kids Ages 4 to14 Years Old & Above Boys Girls Children | Smooth Turning Puzzle Toy for Adults	1	BLR5	SELLABLE	UNDELIVERABLE_REFUSED	LPNBLR5P3037454	
2026-04-11T17:51:50+00:00	403-1047905-7922755	1030400	B07XPNC385	X0012WM1NR	Cubelelo Drift 3x3 Black Speedcube | Beginner Cube for Kids & Adults | Magic Speed Stress Buster Brainstorming Puzzle (Multicolor) | Anti-Pop Technology | Smooth Turning | Durable	1	BLR5	SELLABLE	UNDELIVERABLE_REFUSED	LPNBLR5P3408472	
2026-04-11T17:43:40+00:00	408-5890098-6017139	1630210	B09HH8CC7Y	X00262W227	Cubelelo Drift Number Sliding Magnetic Puzzle 4x4 | Toys For 6-10 Years Old Boys & Girls | 15-Blocks Brain Teaser Puzzle Game for Kids | Educational, Learning, Activity Toy for Return & Birthday Gifts	1	BLR5	SELLABLE	UNDELIVERABLE_UNKNOWN	LPNBLR5P0139977	
2026-04-11T16:01:33+00:00	403-2827579-9716317	1630202	B09B7PNSTV	X001ETHG47	Cubelelo Drift Infinity Cube (Blue) | Magic Puzzle Cool Mini Gadget for Stress and Anxiety Relief for Kids and Adults | Desk Finger Flip Toy for Fun and Game | for Ages 3 Years and Above	1	CCX1	SELLABLE	UNDELIVERABLE_UNKNOWN	LPNCCX1B2663727	
2026-04-11T15:36:24+00:00	406-7104738-3121919	1630223	B0GN1TJ7F4	X002IIXAZ7	Cubelelo Drift Clang! | 2-4 Players Classic Magnetic Attraction Strategy Game | Features 24 Magnets & Adjustable Rope | Fun Gifting Toy for Family, Teens & Adults | Compact and Travel Friendly	1	CCX1	CUSTOMER_DAMAGED	SWITCHEROO	LPNCCX1B2645701	
2026-04-11T15:20:16+00:00	404-8834107-4097935	1460553	B0BYVHGR5H	X001WPZI9N	Cubelelo Drift 2x2, 3x3 & Pyraminx Cube Combo (Stickerless) | Ideal for Kids Above 3 4 5 6 Years Old Boys Girls | 3 in 1 Speedcube Gift Set | High Speed Puzzle 3x3x3 2x2x2 Pyramid Triangle	1	CCX1	SELLABLE	UNDELIVERABLE_UNKNOWN	LPNCCX1A8678688	
2026-04-11T14:37:13+00:00	408-6501082-2982764	1030604	B0DRVQVFJB	X0027JJHDB	Cubelelo Drift 3M v3 3x3 Magnetic Speedcube (Standard) | Latest Version with New & Improved Internal Structure for Smooth Turns & Stability | Cube Toy for 6-10 Years Old Boys Girls Adults	1	BLR5	SELLABLE	DEFECTIVE	LPNBLR5P1346529	
2026-04-11T13:56:17+00:00	408-3329142-5371507	1460501	B08XK25RRF	X001VLOAKL	Cubelelo Drift 2x2 & 3x3 Cube Gift Box Combo | 2-in-1 Puzzle Toy Game Set for Children Kids & Adults Ages 4 5 6 & Above | Double the Challenge, Twice the Fun | Ultimate Value Saver Combo	1	BLR5	SELLABLE	UNDELIVERABLE_REFUSED	LPNBLR5P3037229	
2026-04-11T12:37:40+00:00	408-0730266-8633915	1030300_EAN	B0FBMGT6V7	X002C88WLZ	Cubelelo Drift Explorer 3x3 Speed Cube | Best Starter Speedcube for Beginners | Perfect Brain Teaser for Kids Ages 4 to14 Years Old & Above Boys Girls Children | Smooth Turning Puzzle Toy for Adults	1	BOM4	SELLABLE	UNDELIVERABLE_REFUSED	LPNBOM4N38101627	
2026-04-11T12:37:02+00:00	405-9202512-7142748	1460503	B08XK4V59M	X001VFXJDV	Cubelelo Drift 2x2, 3x3 & 4x4 Premium Gift Box | 3-in-1 Puzzle Game Set | Triple the Challenge, Thrice the Fun | Ultimate Value Saver Combo | Brainstoming Toy for Children Kids & Adults	1	CCX1	SELLABLE	UNDELIVERABLE_REFUSED	LPNCCX1B2682368	
2026-04-11T12:35:33+00:00	408-1963409-6403528	1030604	B0DRVQVFJB	X0027JJHDB	Cubelelo Drift 3M v3 3x3 Magnetic Speedcube (Standard) | Latest Version with New & Improved Internal Structure for Smooth Turns & Stability | Cube Toy for 6-10 Years Old Boys Girls Adults	1	DEL2	SELLABLE	UNDELIVERABLE_REFUSED	LPNDEL2R81995198	
2026-04-11T12:25:10+00:00	404-9519982-4332341	1460553	B0BYVHGR5H	X001WPZI9N	Cubelelo Drift 2x2, 3x3 & Pyraminx Cube Combo (Stickerless) | Ideal for Kids Above 3 4 5 6 Years Old Boys Girls | 3 in 1 Speedcube Gift Set | High Speed Puzzle 3x3x3 2x2x2 Pyramid Triangle	1	BLR5	SELLABLE	DEFECTIVE	LPNBLR5P1582643	
2026-04-11T11:54:32+00:00	403-2365254-6794735	1030300_EAN	B0FBMGT6V7	X002C88WLZ	Cubelelo Drift Explorer 3x3 Speed Cube | Best Starter Speedcube for Beginners | Perfect Brain Teaser for Kids Ages 4 to14 Years Old & Above Boys Girls Children | Smooth Turning Puzzle Toy for Adults	1	BLR5	SELLABLE	UNDELIVERABLE_UNKNOWN	LPNBLR5P1324222	
2026-04-11T11:53:32+00:00	406-3215856-0592324	1050200	B09K7QTCXP	X001GM0XER	Cubelelo Drift 5x5 Stickerless Speed Cube | AKA Professor's Cube Magic Puzzle for Kids & Adults | Smooth and Durable Speedy Brainstorming Puzzle| Ultimate Stress Buster and Mind Challenge	1	BLR5	SELLABLE	UNDELIVERABLE_UNKNOWN	LPNBLR5P2869723	
2026-04-11T11:31:22+00:00	407-4928545-1345902	1040300	B09HH8XQ14	X001G4QY25	Cubelelo Drift 4x4 (Black) Speedcube | Challenging Brain Teaser Puzzle Toy for Kids 7-14 Years Old Boys Girls & Adults All Ages | Fast Speed Cube for Intermediate and Advanced Cubers	1	BLR5	SELLABLE	UNDELIVERABLE_REFUSED	LPNBLR5P0449654	
2026-04-11T11:23:50+00:00	405-2704444-1177958	1140034	B0CP1XHDTC	X001WWIYG5	Cubelelo Drift Gear 3x3 Tiled Black Puzzle - Unique Gear Mechanism Speedcube for Enthusiasts & Beginners | Durable, Smooth-Turning, and Visually Striking 3x3 Magic Cube for Kid	1	BOM4	CUSTOMER_DAMAGED	DEFECTIVE	LPNBOM4N37489863	
2026-04-11T11:21:14+00:00	403-1051192-6871512	CLB0503	B0DKJD6WV1	X0025QFMUN	Cubelelo Drift 3M Plus v2 3x3 (Magnetic) with Cube Lubricant & Premium Pouch (2024 Updated Version) | 48 Strong Magnets for Enhanced Stability & Smooth Turns | Kids & Adults,multicolor	1	DEL2	CUSTOMER_DAMAGED	MISSING_PARTS	LPNDEL2R81943878	
2026-04-11T11:00:40+00:00	405-9472954-3037901	1630223	B0GN1TJ7F4	X002IIXAZ7	Cubelelo Drift Clang! | 2-4 Players Classic Magnetic Attraction Strategy Game | Features 24 Magnets & Adjustable Rope | Fun Gifting Toy for Family, Teens & Adults | Compact and Travel Friendly	1	BLR5	DEFECTIVE	MISSING_PARTS	LPNBLR5P0445647	1 magnet is missing only 23 magnets are there
2026-04-11T11:00:13+00:00	406-7723649-9085907	1630223	B0GN1TJ7F4	X002IIXAZ7	Cubelelo Drift Clang! | 2-4 Players Classic Magnetic Attraction Strategy Game | Features 24 Magnets & Adjustable Rope | Fun Gifting Toy for Family, Teens & Adults | Compact and Travel Friendly	1	BOM4	SELLABLE	UNDELIVERABLE_UNKNOWN	LPNBOM4N37527166	
2026-04-11T10:49:40+00:00	406-9819582-2865164	1030604	B0DRVQVFJB	X0027JJHDB	Cubelelo Drift 3M v3 3x3 Magnetic Speedcube (Standard) | Latest Version with New & Improved Internal Structure for Smooth Turns & Stability | Cube Toy for 6-10 Years Old Boys Girls Adults	1	BLR5	SELLABLE	UNDELIVERABLE_UNKNOWN	LPNBLR5P3609479	
2026-04-11T10:42:16+00:00	407-0379611-2667538	1630210	B09HH8CC7Y	X00262W227	Cubelelo Drift Number Sliding Magnetic Puzzle 4x4 | Toys For 6-10 Years Old Boys & Girls | 15-Blocks Brain Teaser Puzzle Game for Kids | Educational, Learning, Activity Toy for Return & Birthday Gifts	1	BLR5	SELLABLE	UNDELIVERABLE_UNKNOWN	LPNBLR5P0133854	
2026-04-11T09:56:32+00:00	404-9356362-3892335	1030300_EAN	B0FBMGT6V7	X002C88WLZ	Cubelelo Drift Explorer 3x3 Speed Cube | Best Starter Speedcube for Beginners | Perfect Brain Teaser for Kids Ages 4 to14 Years Old & Above Boys Girls Children | Smooth Turning Puzzle Toy for Adults	1	BOM4	SELLABLE	UNDELIVERABLE_REFUSED	LPNBOM4N37512773	
2026-04-11T09:55:14+00:00	405-1939953-2193117	1630210	B09HH8CC7Y	X00262W227	Cubelelo Drift Number Sliding Magnetic Puzzle 4x4 | Toys For 6-10 Years Old Boys & Girls | 15-Blocks Brain Teaser Puzzle Game for Kids | Educational, Learning, Activity Toy for Return & Birthday Gifts	1	DEL2	SELLABLE	UNDELIVERABLE_UNKNOWN	LPNDEL2R82078953	
2026-04-11T09:48:23+00:00	407-5594251-5085961	1630202	B09B7PNSTV	X001ETHG47	Cubelelo Drift Infinity Cube (Blue) | Magic Puzzle Cool Mini Gadget for Stress and Anxiety Relief for Kids and Adults | Desk Finger Flip Toy for Fun and Game | for Ages 3 Years and Above	1	HYD3	SELLABLE	UNDELIVERABLE_UNKNOWN	LPNHYD3CA88916	
2026-04-11T09:47:14+00:00	407-3080757-1244358	1460553	B0BYVHGR5H	X001WPZI9N	Cubelelo Drift 2x2, 3x3 & Pyraminx Cube Combo (Stickerless) | Ideal for Kids Above 3 4 5 6 Years Old Boys Girls | 3 in 1 Speedcube Gift Set | High Speed Puzzle 3x3x3 2x2x2 Pyramid Triangle	1	BLR5	SELLABLE	UNDELIVERABLE_UNKNOWN	LPNBLR5P2879742	
2026-04-11T09:34:30+00:00	405-2000957-5985115	1030604	B0DRVQVFJB	X0027JJHDB	Cubelelo Drift 3M v3 3x3 Magnetic Speedcube (Standard) | Latest Version with New & Improved Internal Structure for Smooth Turns & Stability | Cube Toy for 6-10 Years Old Boys Girls Adults	1	DEL4	DAMAGED	UNDELIVERABLE_REFUSED	LPNDEL4AA2362807	
2026-04-11T09:10:30+00:00	404-1448356-7651503	1630210	B09HH8CC7Y	X00262W227	Cubelelo Drift Number Sliding Magnetic Puzzle 4x4 | Toys For 6-10 Years Old Boys & Girls | 15-Blocks Brain Teaser Puzzle Game for Kids | Educational, Learning, Activity Toy for Return & Birthday Gifts	1	CCX2	SELLABLE	UNDELIVERABLE_REFUSED	LPNCCX2B1303579	
2026-04-11T08:49:24+00:00	404-3631266-3646758	1460510	B0BZL11XWC	X001VW450P	Cubelelo Drift 4x4, 5x5 Premium Gift Box | 2-in-1 Puzzle Game Set | Challenge, Thrice The Fun | Ultimate Value Saver Combo | Brainstoming Toy for Children Kids & Adults	1	BLR5	SELLABLE	UNDELIVERABLE_REFUSED	LPNBLR5P1319652	
2026-04-11T08:42:48+00:00	171-0756057-3042769	1460541	B0CVL1VSNM	X001YLRGGN	Cubelelo Drift Megaminx Speed Cube + Lube Combo | Stickerless High-Speed Megaminx Puzzle with Professional Lubrication | Ideal for Speedcubing Enthusiasts, Kids & Adults	1	BOM4	CUSTOMER_DAMAGED	DEFECTIVE	LPNBOM4N39496237	
2026-04-11T08:41:42+00:00	403-4618149-7506714	1030400	B07XPNC385	X0012WM1NR	Cubelelo Drift 3x3 Black Speedcube | Beginner Cube for Kids & Adults | Magic Speed Stress Buster Brainstorming Puzzle (Multicolor) | Anti-Pop Technology | Smooth Turning | Durable	1	DEL2	SELLABLE	UNDELIVERABLE_REFUSED	LPNDEL2R81623765	
2026-04-11T07:18:26+00:00	408-1254585-7549916	1630210	B09HH8CC7Y	X00262W227	Cubelelo Drift Number Sliding Magnetic Puzzle 4x4 | Toys For 6-10 Years Old Boys & Girls | 15-Blocks Brain Teaser Puzzle Game for Kids | Educational, Learning, Activity Toy for Return & Birthday Gifts	1	DED4	SELLABLE	UNDELIVERABLE_UNKNOWN	LPNDED4A1672873	
2026-04-11T07:01:55+00:00	171-3542759-4213923	1030300_EAN	B0FBMGT6V7	X002C88WLZ	Cubelelo Drift Explorer 3x3 Speed Cube | Best Starter Speedcube for Beginners | Perfect Brain Teaser for Kids Ages 4 to14 Years Old & Above Boys Girls Children | Smooth Turning Puzzle Toy for Adults	1	BLR5	SELLABLE	UNDELIVERABLE_REFUSED	LPNBLR5P1985770	
2026-04-11T06:54:19+00:00	408-6325220-1254759	1040300	B09HH8XQ14	X001G4QY25	Cubelelo Drift 4x4 (Black) Speedcube | Challenging Brain Teaser Puzzle Toy for Kids 7-14 Years Old Boys Girls & Adults All Ages | Fast Speed Cube for Intermediate and Advanced Cubers	1	BLR5	SELLABLE	UNDELIVERABLE_UNKNOWN	LPNBLR5P2869433	
2026-04-11T06:42:54+00:00	408-6711386-8523554	1460501	B08XK25RRF	X001VLOAKL	Cubelelo Drift 2x2 & 3x3 Cube Gift Box Combo | 2-in-1 Puzzle Toy Game Set for Children Kids & Adults Ages 4 5 6 & Above | Double the Challenge, Twice the Fun | Ultimate Value Saver Combo	1	BOM4	SELLABLE	MISSING_PARTS	LPNBOM4N37491147	2x2 cube is missing and the 3x3 cube’s box was torn from inside.
2026-04-11T06:23:19+00:00	402-2796445-1944342	1630222	B0GH18NXXG	X002HPDYRF	Cubelelo Drift Magnetic Tangram Puzzle | with Strong Magnets, Wooden Pieces & Bold Colors | Toys for 5-10 Years Old Boys Girls & Adults | Travel Friendly, Educational Toy for Return & Birthday Gifts	1	DEL2	SELLABLE	UNDELIVERABLE_UNKNOWN	LPNDEL2R81951016	
2026-04-11T06:15:51+00:00	408-4651381-3001917	1030604	B0DRVQVFJB	X0027JJHDB	Cubelelo Drift 3M v3 3x3 Magnetic Speedcube (Standard) | Latest Version with New & Improved Internal Structure for Smooth Turns & Stability | Cube Toy for 6-10 Years Old Boys Girls Adults	1	BLR5	SELLABLE	UNDELIVERABLE_REFUSED	LPNBLR5P1319513	
2026-04-11T06:15:51+00:00	408-5294361-6459547	1030604	B0DRVQVFJB	X0027JJHDB	Cubelelo Drift 3M v3 3x3 Magnetic Speedcube (Standard) | Latest Version with New & Improved Internal Structure for Smooth Turns & Stability | Cube Toy for 6-10 Years Old Boys Girls Adults	1	BLR5	SELLABLE	UNDELIVERABLE_REFUSED	LPNBLR5P1319514	
2026-04-11T06:02:46+00:00	171-3109276-0525165	1460553	B0BYVHGR5H	X001WPZI9N	Cubelelo Drift 2x2, 3x3 & Pyraminx Cube Combo (Stickerless) | Ideal for Kids Above 3 4 5 6 Years Old Boys Girls | 3 in 1 Speedcube Gift Set | High Speed Puzzle 3x3x3 2x2x2 Pyramid Triangle	1	BLR8	SELLABLE	UNDELIVERABLE_UNKNOWN	LPNBLR8Z3543329	
2026-04-11T05:47:09+00:00	405-7241913-0237114	1630210	B09HH8CC7Y	X00262W227	Cubelelo Drift Number Sliding Magnetic Puzzle 4x4 | Toys For 6-10 Years Old Boys & Girls | 15-Blocks Brain Teaser Puzzle Game for Kids | Educational, Learning, Activity Toy for Return & Birthday Gifts	1	BLR5	SELLABLE	DAMAGED_BY_FC	LPNBLR5P2879477	The product is damaged
2026-04-11T05:41:29+00:00	408-5935731-0892331	1020200	B08LBJ3P8L	X0019BU39P	Cubelelo Drift 2x2 Stickerless Cube | Beginner Speedcube for Kids Boys Girls Above 3 4 5 6 Years Old & Above | Magic Puzzle Toy | Durable & Smooth Cube with Anti-Pop Design 2x2x2	1	CCX1	SELLABLE	DAMAGED_BY_CARRIER	LPNCCX1B2788534	Box is not ok.
2026-04-11T05:23:55+00:00	404-3158641-3135523	1630201	B09QMNCWYG	X001I5SK8D	Cubelelo Drift Infinity Cube (Green) | Magic Puzzle Cool Mini Gadget for Stress and Anxiety Relief for Kids and Adults | Desk Finger Flip Toy for Fun and Game | for Ages 3 Years and Above	1	CCX1	SELLABLE	UNDELIVERABLE_UNKNOWN	LPNCCX1A8693358	
2026-04-11T05:21:42+00:00	406-9076020-9719516	1630210	B09HH8CC7Y	X00262W227	Cubelelo Drift Number Sliding Magnetic Puzzle 4x4 | Toys For 6-10 Years Old Boys & Girls | 15-Blocks Brain Teaser Puzzle Game for Kids | Educational, Learning, Activity Toy for Return & Birthday Gifts	1	BLR5	SELLABLE	UNDELIVERABLE_UNKNOWN	LPNBLR5P2693236	
2026-04-11T04:49:49+00:00	405-3824839-2396351	1030400	B07XPNC385	X0012WM1NR	Cubelelo Drift 3x3 Black Speedcube | Beginner Cube for Kids & Adults | Magic Speed Stress Buster Brainstorming Puzzle (Multicolor) | Anti-Pop Technology | Smooth Turning | Durable	1	DEL2	SELLABLE	UNDELIVERABLE_REFUSED	LPNDEL2R84006146	
2026-04-11T04:42:19+00:00	408-3525048-8580355	1030300_EAN	B0FBMGT6V7	X002C88WLZ	Cubelelo Drift Explorer 3x3 Speed Cube | Best Starter Speedcube for Beginners | Perfect Brain Teaser for Kids Ages 4 to14 Years Old & Above Boys Girls Children | Smooth Turning Puzzle Toy for Adults	1	BLR5	SELLABLE	NEVER_ARRIVED	LPNBLR5P2921328	
2026-04-11T04:32:41+00:00	405-5593946-2402747	1030651	B0DJQWJFSX	X0025EZ04D	Cubelelo Drift 3M Plus v2 3x3 (Magnetic) (New Upgraded Version) | Based on MoYu RS3M v5 | Dual-Adjustment System | Speedcube for Kids & Adults | Magic Speedy Stress Buster Brainstorming Puzzle	1	DEL2	SELLABLE	UNDELIVERABLE_UNKNOWN	LPNDEL2R81623531	
2026-04-11T04:32:12+00:00	408-1467224-4183501	1030300_EAN	B0FBMGT6V7	X002C88WLZ	Cubelelo Drift Explorer 3x3 Speed Cube | Best Starter Speedcube for Beginners | Perfect Brain Teaser for Kids Ages 4 to14 Years Old & Above Boys Girls Children | Smooth Turning Puzzle Toy for Adults	1	BLR5	SELLABLE	UNDELIVERABLE_UNKNOWN	LPNBLR5P2879353	
2026-04-11T04:23:29+00:00	408-9859829-4154761	1040300	B09HH8XQ14	X001G4QY25	Cubelelo Drift 4x4 (Black) Speedcube | Challenging Brain Teaser Puzzle Toy for Kids 7-14 Years Old Boys Girls & Adults All Ages | Fast Speed Cube for Intermediate and Advanced Cubers	1	BLR5	SELLABLE	UNDELIVERABLE_UNKNOWN	LPNBLR5P1345894	
2026-04-11T04:21:22+00:00	408-7892660-8215544	1120100	B08LBGYZ51	X0019BU32H	Cubelelo Drift 3x3 Mirror (Silver) Magic Speed Cube | Shape Shifter Speedcube with Durable Stickers | Advanced 3x3x3 Puzzle Toy for Kids Ages 7-14 Boys Girls & Adults | Collector's Item	1	BLR5	CUSTOMER_DAMAGED	MISORDERED	LPNBLR5P2666050	
2026-04-11T04:18:52+00:00	403-0090818-5089168	1030604	B0DRVQVFJB	X0027JJHDB	Cubelelo Drift 3M v3 3x3 Magnetic Speedcube (Standard) | Latest Version with New & Improved Internal Structure for Smooth Turns & Stability | Cube Toy for 6-10 Years Old Boys Girls Adults	1	BLR5	SELLABLE	UNDELIVERABLE_UNKNOWN	LPNBLR5P3036752	
2026-04-11T04:13:23+00:00	171-2623698-4531528	CLB0525	B0DQ8XH4J5	X00271Q95N	Cubelelo Drift 3M Plus v2 MagLev 3x3 Speedcube with Premium Pouch & Cube Lubricant Combo | Advanced MagLev Technology for Superior Stability | Ultra-Smooth Turns | Ideal for Speedcubers, Kids & Adults	1	DEL2	CUSTOMER_DAMAGED	MISSING_PARTS	LPNDEL2R81950907	
2026-04-11T04:00:40+00:00	404-9479955-9487561	1030300_EAN	B0FBMGT6V7	X002C88WLZ	Cubelelo Drift Explorer 3x3 Speed Cube | Best Starter Speedcube for Beginners | Perfect Brain Teaser for Kids Ages 4 to14 Years Old & Above Boys Girls Children | Smooth Turning Puzzle Toy for Adults	1	DEL2	SELLABLE	UNDELIVERABLE_UNKNOWN	LPNDEL2R81403153	
2026-04-11T03:54:06+00:00	402-6933095-5600322	1630210	B09HH8CC7Y	X00262W227	Cubelelo Drift Number Sliding Magnetic Puzzle 4x4 | Toys For 6-10 Years Old Boys & Girls | 15-Blocks Brain Teaser Puzzle Game for Kids | Educational, Learning, Activity Toy for Return & Birthday Gifts	1	DEL2	SELLABLE	UNDELIVERABLE_UNKNOWN	LPNDEL2R81979706	
2026-04-11T03:53:10+00:00	171-6303590-1137166	1030300_EAN	B0FBMGT6V7	X002C88WLZ	Cubelelo Drift Explorer 3x3 Speed Cube | Best Starter Speedcube for Beginners | Perfect Brain Teaser for Kids Ages 4 to14 Years Old & Above Boys Girls Children | Smooth Turning Puzzle Toy for Adults	1	BLR5	SELLABLE	DEFECTIVE	LPNBLR5P2886616	
2026-04-11T03:34:19+00:00	171-8832074-9169947	1460560_gp	B08XJZW1T8	X0021MF29R	Cubelelo Drift Axis, Fisher & Windmill v2 Tiled Gift Box | Unique Puzzle Combo for Kids & Adults | Smooth & Durable Cubes for Puzzle Enthusiasts	1	BOM4	SELLABLE	UNDELIVERABLE_REFUSED	LPNBOM4N37501452	
2026-04-11T03:01:46+00:00	406-2363243-7368348	1630202	B09B7PNSTV	X001ETHG47	Cubelelo Drift Infinity Cube (Blue) | Magic Puzzle Cool Mini Gadget for Stress and Anxiety Relief for Kids and Adults | Desk Finger Flip Toy for Fun and Game | for Ages 3 Years and Above	1	BLR5	SELLABLE	UNDELIVERABLE_UNKNOWN	LPNBLR5P1576906	
2026-04-10T12:51:35+00:00	408-8568348-2973958	1630202	B09B7PNSTV	X001ETHG47	Cubelelo Drift Infinity Cube (Blue) | Magic Puzzle Cool Mini Gadget for Stress and Anxiety Relief for Kids and Adults | Desk Finger Flip Toy for Fun and Game | for Ages 3 Years and Above	1	BLR5	SELLABLE	DEFECTIVE	LPNBLR5P1410603	
2026-04-10T12:39:43+00:00	171-1320930-8279560	1030300_EAN	B0FBMGT6V7	X002C88WLZ	Cubelelo Drift Explorer 3x3 Speed Cube | Best Starter Speedcube for Beginners | Perfect Brain Teaser for Kids Ages 4 to14 Years Old & Above Boys Girls Children | Smooth Turning Puzzle Toy for Adults	1	CCX2	SELLABLE	UNDELIVERABLE_REFUSED	LPNCCX2B1328496	
2026-04-10T12:36:05+00:00	408-4593742-8937139	1460553	B0BYVHGR5H	X001WPZI9N	Cubelelo Drift 2x2, 3x3 & Pyraminx Cube Combo (Stickerless) | Ideal for Kids Above 3 4 5 6 Years Old Boys Girls | 3 in 1 Speedcube Gift Set | High Speed Puzzle 3x3x3 2x2x2 Pyramid Triangle	1	DEL2	SELLABLE	UNDELIVERABLE_REFUSED	LPNDEL2R81308330	
2026-04-10T12:26:23+00:00	403-2776850-7232358	1630210	B09HH8CC7Y	X00262W227	Cubelelo Drift Number Sliding Magnetic Puzzle 4x4 | Toys For 6-10 Years Old Boys & Girls | 15-Blocks Brain Teaser Puzzle Game for Kids | Educational, Learning, Activity Toy for Return & Birthday Gifts	1	BLR5	SELLABLE	UNDELIVERABLE_REFUSED	LPNBLR5P1355406	
2026-04-10T12:26:23+00:00	403-2776850-7232358	1630210	B09HH8CC7Y	X00262W227	Cubelelo Drift Number Sliding Magnetic Puzzle 4x4 | Toys For 6-10 Years Old Boys & Girls | 15-Blocks Brain Teaser Puzzle Game for Kids | Educational, Learning, Activity Toy for Return & Birthday Gifts	1	BLR5	SELLABLE	UNDELIVERABLE_REFUSED	LPNBLR5P1355415	
2026-04-10T12:26:23+00:00	403-2776850-7232358	1630210	B09HH8CC7Y	X00262W227	Cubelelo Drift Number Sliding Magnetic Puzzle 4x4 | Toys For 6-10 Years Old Boys & Girls | 15-Blocks Brain Teaser Puzzle Game for Kids | Educational, Learning, Activity Toy for Return & Birthday Gifts	1	BLR5	SELLABLE	UNDELIVERABLE_REFUSED	LPNBLR5P1355414	
2026-04-10T12:26:23+00:00	403-2776850-7232358	1630210	B09HH8CC7Y	X00262W227	Cubelelo Drift Number Sliding Magnetic Puzzle 4x4 | Toys For 6-10 Years Old Boys & Girls | 15-Blocks Brain Teaser Puzzle Game for Kids | Educational, Learning, Activity Toy for Return & Birthday Gifts	1	BLR5	SELLABLE	UNDELIVERABLE_REFUSED	LPNBLR5P1355409	
2026-04-10T12:26:23+00:00	403-2776850-7232358	1630210	B09HH8CC7Y	X00262W227	Cubelelo Drift Number Sliding Magnetic Puzzle 4x4 | Toys For 6-10 Years Old Boys & Girls | 15-Blocks Brain Teaser Puzzle Game for Kids | Educational, Learning, Activity Toy for Return & Birthday Gifts	1	BLR5	SELLABLE	UNDELIVERABLE_REFUSED	LPNBLR5P1355407	
2026-04-10T12:26:18+00:00	403-2776850-7232358	1630210	B09HH8CC7Y	X00262W227	Cubelelo Drift Number Sliding Magnetic Puzzle 4x4 | Toys For 6-10 Years Old Boys & Girls | 15-Blocks Brain Teaser Puzzle Game for Kids | Educational, Learning, Activity Toy for Return & Birthday Gifts	1	BLR5	SELLABLE	UNDELIVERABLE_REFUSED	LPNBLR5P1318655	
2026-04-10T12:26:18+00:00	403-2776850-7232358	1630210	B09HH8CC7Y	X00262W227	Cubelelo Drift Number Sliding Magnetic Puzzle 4x4 | Toys For 6-10 Years Old Boys & Girls | 15-Blocks Brain Teaser Puzzle Game for Kids | Educational, Learning, Activity Toy for Return & Birthday Gifts	1	BLR5	SELLABLE	UNDELIVERABLE_REFUSED	LPNBLR5P1318656	
2026-04-10T12:26:18+00:00	403-2776850-7232358	1630210	B09HH8CC7Y	X00262W227	Cubelelo Drift Number Sliding Magnetic Puzzle 4x4 | Toys For 6-10 Years Old Boys & Girls | 15-Blocks Brain Teaser Puzzle Game for Kids | Educational, Learning, Activity Toy for Return & Birthday Gifts	1	BLR5	SELLABLE	UNDELIVERABLE_REFUSED	LPNBLR5P1318659	
2026-04-10T12:26:18+00:00	403-2776850-7232358	1630210	B09HH8CC7Y	X00262W227	Cubelelo Drift Number Sliding Magnetic Puzzle 4x4 | Toys For 6-10 Years Old Boys & Girls | 15-Blocks Brain Teaser Puzzle Game for Kids | Educational, Learning, Activity Toy for Return & Birthday Gifts	1	BLR5	SELLABLE	UNDELIVERABLE_REFUSED	LPNBLR5P1318658	
2026-04-10T12:26:18+00:00	403-2776850-7232358	1630210	B09HH8CC7Y	X00262W227	Cubelelo Drift Number Sliding Magnetic Puzzle 4x4 | Toys For 6-10 Years Old Boys & Girls | 15-Blocks Brain Teaser Puzzle Game for Kids | Educational, Learning, Activity Toy for Return & Birthday Gifts	1	BLR5	SELLABLE	UNDELIVERABLE_REFUSED	LPNBLR5P1318657	
2026-04-10T12:26:18+00:00	403-2776850-7232358	1630210	B09HH8CC7Y	X00262W227	Cubelelo Drift Number Sliding Magnetic Puzzle 4x4 | Toys For 6-10 Years Old Boys & Girls | 15-Blocks Brain Teaser Puzzle Game for Kids | Educational, Learning, Activity Toy for Return & Birthday Gifts	1	BLR5	SELLABLE	UNDELIVERABLE_REFUSED	LPNBLR5P1318654	
2026-04-10T12:20:55+00:00	408-5744787-5212326	1460560_gp	B08XJZW1T8	X0021MF29R	Cubelelo Drift Axis, Fisher & Windmill v2 Tiled Gift Box | Unique Puzzle Combo for Kids & Adults | Smooth & Durable Cubes for Puzzle Enthusiasts	1	BOM4	SELLABLE	UNDELIVERABLE_UNKNOWN	LPNBOM4N37489462	
2026-04-10T12:14:51+00:00	171-1416075-9077946	1030478	B09PYRTM4X	X001HYK0PL	Cubelelo Drift 3x3 Jelly Edition Speedcube Magic Cube Puzzle	1	CCX2	SELLABLE	UNDELIVERABLE_REFUSED	LPNCCX2B1277903	
2026-04-10T12:08:03+00:00	171-3047969-6114759	TB00005	B0FJ21PMFM	X002CXONGD	TinkerBox Wooden Ball Tracker | 12+ Months | Montessori Rolling Ball Toy for Toddlers & Kids | STEM Learning Puzzle for Visual Tracking & Motor Skills Development | Safe & Durable Wooden Toy	1	DEL2	SELLABLE	DEFECTIVE	LPNDEL2R81182121	
2026-04-10T11:54:59+00:00	404-3575234-1245940	1630210	B09HH8CC7Y	X00262W227	Cubelelo Drift Number Sliding Magnetic Puzzle 4x4 | Toys For 6-10 Years Old Boys & Girls | 15-Blocks Brain Teaser Puzzle Game for Kids | Educational, Learning, Activity Toy for Return & Birthday Gifts	1	BLR5	SELLABLE	UNDELIVERABLE_REFUSED	LPNBLR5P1559437	
2026-04-10T11:42:22+00:00	403-0599626-5900316	1030400	B07XPNC385	X0012WM1NR	Cubelelo Drift 3x3 Black Speedcube | Beginner Cube for Kids & Adults | Magic Speed Stress Buster Brainstorming Puzzle (Multicolor) | Anti-Pop Technology | Smooth Turning | Durable	1	BLR5	SELLABLE	UNDELIVERABLE_REFUSED	LPNBLR5P0087358	
2026-04-10T11:37:32+00:00	406-1250721-2488364	1460503	B08XK4V59M	X001VFXJDV	Cubelelo Drift 2x2, 3x3 & 4x4 Premium Gift Box | 3-in-1 Puzzle Game Set | Triple the Challenge, Thrice the Fun | Ultimate Value Saver Combo | Brainstoming Toy for Children Kids & Adults	1	BLR5	SELLABLE	UNDELIVERABLE_REFUSED	LPNBLR5P2108507	
2026-04-10T11:10:15+00:00	407-9299073-9642753	1150100	B09BZMB4RT	X001F0EEEF	Cubelelo Drift Square-1 Stickerless Cube Puzzle for Kids & Adults Speedy Stress Buster Brainstorming Cube	1	DEL2	SELLABLE	DAMAGED_BY_FC	LPNDEL2R81979533	
2026-04-10T10:41:42+00:00	408-3991540-4207540	1030604	B0DRVQVFJB	X0027JJHDB	Cubelelo Drift 3M v3 3x3 Magnetic Speedcube (Standard) | Latest Version with New & Improved Internal Structure for Smooth Turns & Stability | Cube Toy for 6-10 Years Old Boys Girls Adults	1	DEL2	SELLABLE	UNDELIVERABLE_REFUSED	LPNDEL2R82049724	
2026-04-10T10:30:01+00:00	404-0622747-3727546	1030300_EAN	B0FBMGT6V7	X002C88WLZ	Cubelelo Drift Explorer 3x3 Speed Cube | Best Starter Speedcube for Beginners | Perfect Brain Teaser for Kids Ages 4 to14 Years Old & Above Boys Girls Children | Smooth Turning Puzzle Toy for Adults	1	DEL2	SELLABLE	UNDELIVERABLE_UNKNOWN	LPNDEL2R80587764	
2026-04-10T09:36:53+00:00	403-6481591-5904337	1460553	B0BYVHGR5H	X001WPZI9N	Cubelelo Drift 2x2, 3x3 & Pyraminx Cube Combo (Stickerless) | Ideal for Kids Above 3 4 5 6 Years Old Boys Girls | 3 in 1 Speedcube Gift Set | High Speed Puzzle 3x3x3 2x2x2 Pyramid Triangle	1	BLR8	SELLABLE	UNDELIVERABLE_UNKNOWN	LPNBLR8Z3263613	
2026-04-10T09:11:24+00:00	403-4056443-1893907	1630222	B0GH18NXXG	X002HPDYRF	Cubelelo Drift Magnetic Tangram Puzzle | with Strong Magnets, Wooden Pieces & Bold Colors | Toys for 5-10 Years Old Boys Girls & Adults | Travel Friendly, Educational Toy for Return & Birthday Gifts	1	CCX1	CUSTOMER_DAMAGED	QUALITY_UNACCEPTABLE	LPNCCX1B2673537	
2026-04-10T08:26:34+00:00	403-7650830-3051506	1630210	B09HH8CC7Y	X00262W227	Cubelelo Drift Number Sliding Magnetic Puzzle 4x4 | Toys For 6-10 Years Old Boys & Girls | 15-Blocks Brain Teaser Puzzle Game for Kids | Educational, Learning, Activity Toy for Return & Birthday Gifts	1	BOM4	SELLABLE	UNDELIVERABLE_UNKNOWN	LPNBOM4N37532520	
2026-04-10T07:56:40+00:00	407-5062021-0153118	1630222	B0GH18NXXG	X002HPDYRF	Cubelelo Drift Magnetic Tangram Puzzle | with Strong Magnets, Wooden Pieces & Bold Colors | Toys for 5-10 Years Old Boys Girls & Adults | Travel Friendly, Educational Toy for Return & Birthday Gifts	1	CCX1	SELLABLE	UNDELIVERABLE_UNKNOWN	LPNCCX1B2596362	
2026-04-10T07:51:11+00:00	407-2929327-2625112	1030300_EAN	B0FBMGT6V7	X002C88WLZ	Cubelelo Drift Explorer 3x3 Speed Cube | Best Starter Speedcube for Beginners | Perfect Brain Teaser for Kids Ages 4 to14 Years Old & Above Boys Girls Children | Smooth Turning Puzzle Toy for Adults	1	DEL2	SELLABLE	UNDELIVERABLE_REFUSED	LPNDEL2R82027031	
2026-04-10T07:44:30+00:00	402-7115622-8685902	1030604	B0DRVQVFJB	X0027JJHDB	Cubelelo Drift 3M v3 3x3 Magnetic Speedcube (Standard) | Latest Version with New & Improved Internal Structure for Smooth Turns & Stability | Cube Toy for 6-10 Years Old Boys Girls Adults	1	BOM4	SELLABLE	UNDELIVERABLE_REFUSED	LPNBOM4N37537654	
2026-04-10T07:19:52+00:00	405-8156208-7990746	1630210	B09HH8CC7Y	X00262W227	Cubelelo Drift Number Sliding Magnetic Puzzle 4x4 | Toys For 6-10 Years Old Boys & Girls | 15-Blocks Brain Teaser Puzzle Game for Kids | Educational, Learning, Activity Toy for Return & Birthday Gifts	1	BLR8	SELLABLE	UNDELIVERABLE_UNKNOWN	LPNBLR8Z3457385	
2026-04-10T07:10:48+00:00	171-7598090-7848343	CLB0214	B0CW1R5ZBW	X001YQVCLD	Cubelelo Drift Infinity Cube Combo (Pack of 2 - Blue & Green) | Stress Relief Fidget Toy for Focus & Anxiety Reduction | Portable Pocket-Sized Desk Gadget for All Age	1	DEL2	SELLABLE	UNDELIVERABLE_UNKNOWN	LPNDEL2R81776857	
2026-04-10T07:05:41+00:00	407-9192196-6522704	1630210	B09HH8CC7Y	X00262W227	Cubelelo Drift Number Sliding Magnetic Puzzle 4x4 | Toys For 6-10 Years Old Boys & Girls | 15-Blocks Brain Teaser Puzzle Game for Kids | Educational, Learning, Activity Toy for Return & Birthday Gifts	1	BLR5	SELLABLE	UNDELIVERABLE_REFUSED	LPNBLR5P3003339	
2026-04-10T07:04:26+00:00	406-0642113-1569948	1140034	B0CP1XHDTC	X001WWIYG5	Cubelelo Drift Gear 3x3 Tiled Black Puzzle - Unique Gear Mechanism Speedcube for Enthusiasts & Beginners | Durable, Smooth-Turning, and Visually Striking 3x3 Magic Cube for Kid	1	DEL2	SELLABLE	UNDELIVERABLE_REFUSED	LPNDEL2R81870504	
2026-04-10T06:49:59+00:00	404-3653902-9649966	1120038a	B0FHW9DQ29	X002CWQDK3	Cubelelo Drift Mirror 3x3 (Tiled - Colored) Speed Cube | No Stickers, Premium Finish with Smooth Turning Speedcube for Kids and Adults	1	BOM4	CUSTOMER_DAMAGED	SWITCHEROO	LPNBOM4N38285659	
2026-04-10T06:47:54+00:00	402-1238137-2230760	1120200	B08LKQHDBF	X001G4N1DP	Cubelelo Drift 3x3 Mirror (Golden) Speed Cube | Shape Shifter Magic Speedcube Puzzle Toys for 7-14 Year Old Boys Girls and Adults All Ages | Advanced 3x3 with Durable Stickers | Collector's Item	1	DEL5	SELLABLE	UNDELIVERABLE_REFUSED	LPNDEL5S12209883	
2026-04-10T06:45:57+00:00	171-1344861-8789965	1030300_EAN	B0FBMGT6V7	X002C88WLZ	Cubelelo Drift Explorer 3x3 Speed Cube | Best Starter Speedcube for Beginners | Perfect Brain Teaser for Kids Ages 4 to14 Years Old & Above Boys Girls Children | Smooth Turning Puzzle Toy for Adults	1	BLR5	SELLABLE	UNDELIVERABLE_REFUSED	LPNBLR5P2309786	
2026-04-10T06:38:58+00:00	171-1231068-6406763	1290300	B0DB6311DK	X00239RFKR	Cubelelo Drift Megaminx v2 Cube (New Improved Version) | 12-Sided Fun and Challenging Puzzle with Ridge Design | Smooth Turning Dodecahedron | Perfect for Speed-Cubing | Ideal for Kids & Adults	1	BLR5	SELLABLE	UNDELIVERABLE_UNKNOWN	LPNBLR5P1407257	
2026-04-10T06:27:55+00:00	408-7018072-5049107	1960100	B09B75WYR2	X001ESH40T	Cubelelo Drift Mini 3x3 Keychain | Magic Speed Cube Toy | Puzzle for Kids and Adults | Compact and Handy Multi Purpose Brain Teaser Game for Fun and Joy | for Ages 3 Years and Above	1	DEL2	SELLABLE	UNDELIVERABLE_REFUSED	LPNDEL2R82149298	
2026-04-10T06:13:08+00:00	405-7281918-7453900	1030400	B07XPNC385	X0012WM1NR	Cubelelo Drift 3x3 Black Speedcube | Beginner Cube for Kids & Adults | Magic Speed Stress Buster Brainstorming Puzzle (Multicolor) | Anti-Pop Technology | Smooth Turning | Durable	1	BLR5	CUSTOMER_DAMAGED	DEFECTIVE	LPNBLR5P1410222	
2026-04-10T06:08:17+00:00	402-8157982-0857906	1030604	B0DRVQVFJB	X0027JJHDB	Cubelelo Drift 3M v3 3x3 Magnetic Speedcube (Standard) | Latest Version with New & Improved Internal Structure for Smooth Turns & Stability | Cube Toy for 6-10 Years Old Boys Girls Adults	1	DEL2	SELLABLE	DEFECTIVE	LPNDEL2R81087668	
2026-04-10T06:06:37+00:00	407-4490141-8260317	1030300_EAN	B0FBMGT6V7	X002C88WLZ	Cubelelo Drift Explorer 3x3 Speed Cube | Best Starter Speedcube for Beginners | Perfect Brain Teaser for Kids Ages 4 to14 Years Old & Above Boys Girls Children | Smooth Turning Puzzle Toy for Adults	1	BLR5	SELLABLE	UNDELIVERABLE_REFUSED	LPNBLR5P1344804	
2026-04-10T06:01:04+00:00	404-3580448-5179527	1030604	B0DRVQVFJB	X0027JJHDB	Cubelelo Drift 3M v3 3x3 Magnetic Speedcube (Standard) | Latest Version with New & Improved Internal Structure for Smooth Turns & Stability | Cube Toy for 6-10 Years Old Boys Girls Adults	1	BLR5	SELLABLE	UNDELIVERABLE_UNKNOWN	LPNBLR5P1470921	
2026-04-10T05:58:52+00:00	405-5640873-1089141	1270100	B09BZPFCZ8	X001F0AT1H	Cubelelo Drift Mastermorphix Stickerless Cube Puzzle for Kids & Adults Speedy Stress Buster Brainstorming Cube	1	BLR5	SELLABLE	SWITCHEROO	LPNBLR5P1607176	Size is not the same  as shown in the site
2026-04-10T05:54:46+00:00	406-9668307-1789939	1030604	B0DRVQVFJB	X0027JJHDB	Cubelelo Drift 3M v3 3x3 Magnetic Speedcube (Standard) | Latest Version with New & Improved Internal Structure for Smooth Turns & Stability | Cube Toy for 6-10 Years Old Boys Girls Adults	1	BLR5	SELLABLE	DEFECTIVE	LPNBLR5P1805238	
2026-04-10T05:53:40+00:00	402-9826527-2542764	1040400	B0FL7TDJLF	X002DFU80F	Cubelelo Drift 4x4 Stickerless Cube Puzzle Toy | Combines Smoothness, Stability & Durability | 4x4x4 Speedcube for Beginners| Suitable for Kids Ages 6 to 14 Years Old, Boys, Girls & Adults	1	DEL2	SELLABLE	UNDELIVERABLE_UNKNOWN	LPNDEL2R82149248	
2026-04-10T05:41:51+00:00	406-1398260-7108340	1460510	B0BZL11XWC	X001VW450P	Cubelelo Drift 4x4, 5x5 Premium Gift Box | 2-in-1 Puzzle Game Set | Challenge, Thrice The Fun | Ultimate Value Saver Combo | Brainstoming Toy for Children Kids & Adults	1	BLR5	SELLABLE	UNDELIVERABLE_REFUSED	LPNBLR5P1607159	
2026-04-10T05:41:51+00:00	406-1398260-7108340	1120100	B08LBGYZ51	X0019BU32H	Cubelelo Drift 3x3 Mirror (Silver) Magic Speed Cube | Shape Shifter Speedcube with Durable Stickers | Advanced 3x3x3 Puzzle Toy for Kids Ages 7-14 Boys Girls & Adults | Collector's Item	1	BLR5	SELLABLE	UNDELIVERABLE_REFUSED	LPNBLR5P1607149	
2026-04-10T05:25:42+00:00	404-3346936-7835505	1030400	B07XPNC385	X0012WM1NR	Cubelelo Drift 3x3 Black Speedcube | Beginner Cube for Kids & Adults | Magic Speed Stress Buster Brainstorming Puzzle (Multicolor) | Anti-Pop Technology | Smooth Turning | Durable	1	BLR5	SELLABLE	UNDELIVERABLE_REFUSED	LPNBLR5P2892122	
2026-04-10T05:14:06+00:00	406-6728020-8326724	1630210	B09HH8CC7Y	X00262W227	Cubelelo Drift Number Sliding Magnetic Puzzle 4x4 | Toys For 6-10 Years Old Boys & Girls | 15-Blocks Brain Teaser Puzzle Game for Kids | Educational, Learning, Activity Toy for Return & Birthday Gifts	1	CCX1	SELLABLE	UNDELIVERABLE_UNKNOWN	LPNCCX1B2598017	
2026-04-10T05:10:15+00:00	408-3427228-6079538	1630202	B09B7PNSTV	X001ETHG47	Cubelelo Drift Infinity Cube (Blue) | Magic Puzzle Cool Mini Gadget for Stress and Anxiety Relief for Kids and Adults | Desk Finger Flip Toy for Fun and Game | for Ages 3 Years and Above	1	BLR5	SELLABLE	DEFECTIVE	LPNBLR5P2868681	
2026-04-10T04:53:03+00:00	403-0491857-7845123	1030300_EAN	B0FBMGT6V7	X002C88WLZ	Cubelelo Drift Explorer 3x3 Speed Cube | Best Starter Speedcube for Beginners | Perfect Brain Teaser for Kids Ages 4 to14 Years Old & Above Boys Girls Children | Smooth Turning Puzzle Toy for Adults	1	BLR5	SELLABLE	DAMAGED_BY_CARRIER	LPNBLR5P1607096	
2026-04-10T04:46:23+00:00	171-6182009-8155517	1030604	B0DRVQVFJB	X0027JJHDB	Cubelelo Drift 3M v3 3x3 Magnetic Speedcube (Standard) | Latest Version with New & Improved Internal Structure for Smooth Turns & Stability | Cube Toy for 6-10 Years Old Boys Girls Adults	1	BOM4	SELLABLE	UNDELIVERABLE_REFUSED	LPNBOM4N38121746	
2026-04-10T04:38:39+00:00	405-3764113-1309944	1460501	B08XK25RRF	X001VLOAKL	Cubelelo Drift 2x2 & 3x3 Cube Gift Box Combo | 2-in-1 Puzzle Toy Game Set for Children Kids & Adults Ages 4 5 6 & Above | Double the Challenge, Twice the Fun | Ultimate Value Saver Combo	1	BOM4	SELLABLE	MISSING_PARTS	LPNBOM4N37532328	
2026-04-10T04:37:26+00:00	171-7805619-2905158	1030300_EAN	B0FBMGT6V7	X002C88WLZ	Cubelelo Drift Explorer 3x3 Speed Cube | Best Starter Speedcube for Beginners | Perfect Brain Teaser for Kids Ages 4 to14 Years Old & Above Boys Girls Children | Smooth Turning Puzzle Toy for Adults	1	BLR5	SELLABLE	UNDELIVERABLE_REFUSED	LPNBLR5P1417459	
2026-04-10T03:25:02+00:00	403-2913600-9160314	1030651	B0DJQWJFSX	X0025EZ04D	Cubelelo Drift 3M Plus v2 3x3 (Magnetic) (New Upgraded Version) | Based on MoYu RS3M v5 | Dual-Adjustment System | Speedcube for Kids & Adults | Magic Speedy Stress Buster Brainstorming Puzzle	1	DEL2	CUSTOMER_DAMAGED	DEFECTIVE	LPNDEL2R80589691	
2026-04-10T03:19:56+00:00	402-6342887-3116329	1030300_EAN	B0FBMGT6V7	X002C88WLZ	Cubelelo Drift Explorer 3x3 Speed Cube | Best Starter Speedcube for Beginners | Perfect Brain Teaser for Kids Ages 4 to14 Years Old & Above Boys Girls Children | Smooth Turning Puzzle Toy for Adults	1	BOM4	SELLABLE	UNDELIVERABLE_REFUSED	LPNBOM4N37549226	
2026-04-10T03:14:12+00:00	408-2873054-0156322	1030604	B0DRVQVFJB	X0027JJHDB	Cubelelo Drift 3M v3 3x3 Magnetic Speedcube (Standard) | Latest Version with New & Improved Internal Structure for Smooth Turns & Stability | Cube Toy for 6-10 Years Old Boys Girls Adults	1	BOM4	SELLABLE	UNDELIVERABLE_REFUSED	LPNBOM4N37856809	
2026-04-09T19:23:47+00:00	171-1758924-2345907	1030400	B07XPNC385	X0012WM1NR	Cubelelo Drift 3x3 Black Speedcube | Beginner Cube for Kids & Adults | Magic Speed Stress Buster Brainstorming Puzzle (Multicolor) | Anti-Pop Technology | Smooth Turning | Durable	1	BLR5	SELLABLE	UNDELIVERABLE_REFUSED	LPNBLR5P2002698	
2026-04-09T18:31:46+00:00	404-2128570-1709114	1630202	B09B7PNSTV	X001ETHG47	Cubelelo Drift Infinity Cube (Blue) | Magic Puzzle Cool Mini Gadget for Stress and Anxiety Relief for Kids and Adults | Desk Finger Flip Toy for Fun and Game | for Ages 3 Years and Above	1	BLR5	SELLABLE	UNDELIVERABLE_REFUSED	LPNBLR5P1639577	