approval-date	reimbursement-id	case-id	amazon-order-id	reason	sku	fnsku	asin	product-name	condition	currency-unit	amount-per-unit	amount-total	quantity-reimbursed-cash	quantity-reimbursed-inventory	quantity-reimbursed-total	original-reimbursement-id	original-reimbursement-type
2026-06-09T09:15:22+00:00	8414527152		405-1373733-4689963	CustomerReturn	1630210	X00262W227	B09HH8CC7Y	Cubelelo Drift Number Sliding Magnetic Puzzle 4x4 | Toys For 6-10 Years Old Boys & Girls | 15-Blocks Brain Teaser Puzzle Game for Kids | Educational, Learning, Activity Toy for Return & Birthday Gifts	NewItem	INR	155.89	155.89	1	0	1		
2026-06-09T07:42:19+00:00	8413713092		404-4561398-9975522	CustomerServiceIssue	1030300_EAN	X002C88WLZ	B0FBMGT6V7	Cubelelo Drift Explorer 3x3 Speed Cube | Best Starter Speedcube for Beginners | Perfect Brain Teaser for Kids Ages 4 to14 Years Old & Above Boys Girls Children | Smooth Turning Puzzle Toy for Adults	NewItem	INR	41.60	41.60	1	0	1		
2026-06-09T07:38:23+00:00	8413817452		407-1402512-3781160	CustomerServiceIssue	1030300_EAN	X002C88WLZ	B0FBMGT6V7	Cubelelo Drift Explorer 3x3 Speed Cube | Best Starter Speedcube for Beginners | Perfect Brain Teaser for Kids Ages 4 to14 Years Old & Above Boys Girls Children | Smooth Turning Puzzle Toy for Adults	NewItem	INR	41.60	41.60	1	0	1		
2026-06-09T04:48:40+00:00	8413101752		404-5047052-3788361	CustomerReturn	1630222	X002HPDYRF	B0GH18NXXG	Cubelelo Drift Magnetic Tangram Puzzle | with Strong Magnets, Wooden Pieces & Bold Colors | Toys for 5-10 Years Old Boys Girls & Adults | Travel Friendly, Educational Toy for Return & Birthday Gifts	NewItem	INR	283.46	283.46	1	0	1		
2026-06-09T04:36:39+00:00	8413745752		171-8017014-7148319	CustomerServiceIssue	1020200	X0019BU39P	B08LBJ3P8L	Cubelelo Drift 2x2 Stickerless Cube | Beginner Speedcube for Kids Boys Girls Above 3 4 5 6 Years Old & Above | Magic Puzzle Toy | Durable & Smooth Cube with Anti-Pop Design 2x2x2	NewItem	INR	9.42	9.42	1	0	1		
2026-06-09T04:23:26+00:00	8413670032		403-2969630-3708314	CustomerReturn	1030400	X0012WM1NR	B07XPNC385	Cubelelo Drift 3x3 Black Speedcube | Beginner Cube for Kids & Adults | Magic Speed Stress Buster Brainstorming Puzzle (Multicolor) | Anti-Pop Technology | Smooth Turning | Durable	NewItem	INR	82.62	82.62	1	0	1		
2026-06-09T03:47:45+00:00	8413346592		406-2658294-0234708	CustomerReturn	1630210	X00262W227	B09HH8CC7Y	Cubelelo Drift Number Sliding Magnetic Puzzle 4x4 | Toys For 6-10 Years Old Boys & Girls | 15-Blocks Brain Teaser Puzzle Game for Kids | Educational, Learning, Activity Toy for Return & Birthday Gifts	NewItem	INR	184.46	184.46	1	0	1		
2026-06-09T03:35:16+00:00	8413434522		403-2969630-3708314	CustomerReturn	1030400	X0012WM1NR	B07XPNC385	Cubelelo Drift 3x3 Black Speedcube | Beginner Cube for Kids & Adults | Magic Speed Stress Buster Brainstorming Puzzle (Multicolor) | Anti-Pop Technology | Smooth Turning | Durable	NewItem	INR	82.62	82.62	1	0	1		
2026-06-09T01:07:04+00:00	8413015102		171-4832654-9258740	CustomerServiceIssue	1630208	X001WV20T3	B0CNXSTGRX	Cubelelo Drift Mini Rainbow Ball Puzzle | Compact, Multicolor Sphere (Fidget Toy) | Portable Brain Teaser for Kids & Adults | Stress Relief & Fun On-The-Go Puzzle	NewItem	INR	1.18	1.18	1	0	1		
2026-06-08T22:10:57+00:00	8413046372		404-4443482-5201947	CustomerServiceIssue	1460580	X002345VBR	B079WVQD89	Cubelelo Drift 4x4 with Cube Lubricant and Stand Combo | High-Performance Speed Cube | Adjustable Tension & Smooth Turning | Durable & Reliable | Ideal for All Ages	NewItem	INR	385.56	385.56	1	0	1		
2026-06-08T21:34:10+00:00	8412820492		406-3870761-1636349	CustomerReturn	1030400	X0012WM1NR	B07XPNC385	Cubelelo Drift 3x3 Black Speedcube | Beginner Cube for Kids & Adults | Magic Speed Stress Buster Brainstorming Puzzle (Multicolor) | Anti-Pop Technology | Smooth Turning | Durable	NewItem	INR	88.27	88.27	1	0	1		
2026-06-08T18:40:13+00:00	8412667832		407-9090630-4829113	CustomerReturn	1030300_EAN	X002C88WLZ	B0FBMGT6V7	Cubelelo Drift Explorer 3x3 Speed Cube | Best Starter Speedcube for Beginners | Perfect Brain Teaser for Kids Ages 4 to14 Years Old & Above Boys Girls Children | Smooth Turning Puzzle Toy for Adults	NewItem	INR	35.92	35.92	1	0	1		
2026-06-08T16:43:22+00:00	8412314562		408-5513479-7270762	CustomerReturn	1630210	X00262W227	B09HH8CC7Y	Cubelelo Drift Number Sliding Magnetic Puzzle 4x4 | Toys For 6-10 Years Old Boys & Girls | 15-Blocks Brain Teaser Puzzle Game for Kids | Educational, Learning, Activity Toy for Return & Birthday Gifts	NewItem	INR	184.46	184.46	1	0	1		
2026-06-08T16:30:13+00:00	8412207132		404-6168799-2409923	CustomerReturn	1630210	X00262W227	B09HH8CC7Y	Cubelelo Drift Number Sliding Magnetic Puzzle 4x4 | Toys For 6-10 Years Old Boys & Girls | 15-Blocks Brain Teaser Puzzle Game for Kids | Educational, Learning, Activity Toy for Return & Birthday Gifts	NewItem	INR	184.46	184.46	1	0	1		
2026-06-08T16:07:14+00:00	8411878392		171-3621019-0325908	CustomerServiceIssue	1120200	X001G4N1DP	B08LKQHDBF	Cubelelo Drift 3x3 Mirror (Golden) Speed Cube | Shape Shifter Magic Speedcube Puzzle Toys for 7-14 Year Old Boys Girls and Adults All Ages | Advanced 3x3 with Durable Stickers | Collector's Item	NewItem	INR	2.08	2.08	1	0	1		
2026-06-08T16:04:37+00:00	8411959982		408-4485509-6034742	CustomerReturn	1030604	X0027JJHDB	B0DRVQVFJB	Cubelelo Drift 3M v3 3x3 Magnetic Speedcube (Standard) | Latest Version with New & Improved Internal Structure for Smooth Turns & Stability | Cube Toy for 6-10 Years Old Boys Girls Adults	NewItem	INR	332.04	332.04	1	0	1		
2026-06-08T16:03:37+00:00	8412194882		406-8532432-4577135	CustomerReturn	1630210	X00262W227	B09HH8CC7Y	Cubelelo Drift Number Sliding Magnetic Puzzle 4x4 | Toys For 6-10 Years Old Boys & Girls | 15-Blocks Brain Teaser Puzzle Game for Kids | Educational, Learning, Activity Toy for Return & Birthday Gifts	NewItem	INR	184.46	184.46	1	0	1		
2026-06-08T15:12:14+00:00	8412160132		407-9090630-4829113	CustomerReturn	1030300_EAN	X002C88WLZ	B0FBMGT6V7	Cubelelo Drift Explorer 3x3 Speed Cube | Best Starter Speedcube for Beginners | Perfect Brain Teaser for Kids Ages 4 to14 Years Old & Above Boys Girls Children | Smooth Turning Puzzle Toy for Adults	NewItem	INR	35.92	35.92	1	0	1		
2026-06-08T15:09:41+00:00	8411632522		403-3223650-6149146	CustomerReturn	1460553	X001WPZI9N	B0BYVHGR5H	Cubelelo Drift 2x2, 3x3 & Pyraminx Cube Combo (Stickerless) | Ideal for Kids Above 3 4 5 6 Years Old Boys Girls | 3 in 1 Speedcube Gift Set | High Speed Puzzle 3x3x3 2x2x2 Pyramid Triangle	NewItem	INR	402.32	402.32	1	0	1		
2026-06-08T13:08:29+00:00	8411694482		407-9090630-4829113	CustomerReturn	1030300_EAN	X002C88WLZ	B0FBMGT6V7	Cubelelo Drift Explorer 3x3 Speed Cube | Best Starter Speedcube for Beginners | Perfect Brain Teaser for Kids Ages 4 to14 Years Old & Above Boys Girls Children | Smooth Turning Puzzle Toy for Adults	NewItem	INR	35.92	35.92	1	0	1		
2026-06-08T12:44:16+00:00	8411407322		406-1418125-7881168	CustomerReturn	1630210	X00262W227	B09HH8CC7Y	Cubelelo Drift Number Sliding Magnetic Puzzle 4x4 | Toys For 6-10 Years Old Boys & Girls | 15-Blocks Brain Teaser Puzzle Game for Kids | Educational, Learning, Activity Toy for Return & Birthday Gifts	NewItem	INR	313.00	313.00	1	0	1		
2026-06-08T12:26:33+00:00	8411260582		407-9090630-4829113	CustomerReturn	1030300_EAN	X002C88WLZ	B0FBMGT6V7	Cubelelo Drift Explorer 3x3 Speed Cube | Best Starter Speedcube for Beginners | Perfect Brain Teaser for Kids Ages 4 to14 Years Old & Above Boys Girls Children | Smooth Turning Puzzle Toy for Adults	NewItem	INR	35.92	35.92	1	0	1		
2026-06-08T09:37:09+00:00	8409911622		402-3627072-5813931	CustomerReturn	1630210	X00262W227	B09HH8CC7Y	Cubelelo Drift Number Sliding Magnetic Puzzle 4x4 | Toys For 6-10 Years Old Boys & Girls | 15-Blocks Brain Teaser Puzzle Game for Kids | Educational, Learning, Activity Toy for Return & Birthday Gifts	NewItem	INR	184.46	184.46	1	0	1		
2026-06-08T08:58:52+00:00	8409885242		402-8368071-4245957	CustomerServiceIssue	1280600_EAN	X001PEDWDF	B0BSFD6XY8	Cubelelo Drift Pyraminx M (Magnetic) Puzzle | Toys for Kids 4 5 6 7 8 to 14 Years Old & Above Boys Girls All Ages | Stickerless Pyramid Triangle High Speed Gift Cube Toy | Travel Friendly	NewItem	INR	5.17	5.17	1	0	1		
2026-06-08T08:32:08+00:00	8409764932		407-9090630-4829113	CustomerReturn	1030300_EAN	X002C88WLZ	B0FBMGT6V7	Cubelelo Drift Explorer 3x3 Speed Cube | Best Starter Speedcube for Beginners | Perfect Brain Teaser for Kids Ages 4 to14 Years Old & Above Boys Girls Children | Smooth Turning Puzzle Toy for Adults	NewItem	INR	35.92	35.92	1	0	1		
2026-06-08T08:05:48+00:00	8409399422		171-5170665-1262731	CustomerServiceIssue	1060100	X001G4MZFF	B09HH5R69B	Cubelelo Drift 6x6 Stickerless Speed Cube Magic Puzzle for Kids & Adults | Advanced Level Speedcube | Speedy Stress Buster Brainstorming Cube	NewItem	INR	8.50	8.50	1	0	1		
2026-06-08T06:42:55+00:00	8409172752		406-7902079-1534715	CustomerReturn	1030604	X0027JJHDB	B0DRVQVFJB	Cubelelo Drift 3M v3 3x3 Magnetic Speedcube (Standard) | Latest Version with New & Improved Internal Structure for Smooth Turns & Stability | Cube Toy for 6-10 Years Old Boys Girls Adults	NewItem	INR	332.04	332.04	1	0	1		
2026-06-08T05:24:59+00:00	8408713972		171-6225494-2560349	CustomerReturn	1020200	X0019BU39P	B08LBJ3P8L	Cubelelo Drift 2x2 Stickerless Cube | Beginner Speedcube for Kids Boys Girls Above 3 4 5 6 Years Old & Above | Magic Puzzle Toy | Durable & Smooth Cube with Anti-Pop Design 2x2x2	NewItem	INR	116.84	116.84	1	0	1		
2026-06-08T05:17:46+00:00	8408567892		405-9463523-4934747	CustomerServiceIssue	1030604	X0027JJHDB	B0DRVQVFJB	Cubelelo Drift 3M v3 3x3 Magnetic Speedcube (Standard) | Latest Version with New & Improved Internal Structure for Smooth Turns & Stability | Cube Toy for 6-10 Years Old Boys Girls Adults	NewItem	INR	178.44	178.44	1	0	1		
2026-06-08T04:50:07+00:00	8409136182			Damaged_Warehouse	1290300	X00239RFKR	B0DB6311DK	Cubelelo Drift Megaminx v2 Cube (New Improved Version) | 12-Sided Fun and Challenging Puzzle with Ridge Design | Smooth Turning Dodecahedron | Perfect for Speed-Cubing | Ideal for Kids & Adults	NewItem	INR	140.70	140.70	1	0	1		
2026-06-08T04:49:41+00:00	8408702572		408-0946110-2295533	CustomerReturn	1630222	X002HPDYRF	B0GH18NXXG	Cubelelo Drift Magnetic Tangram Puzzle | with Strong Magnets, Wooden Pieces & Bold Colors | Toys for 5-10 Years Old Boys Girls & Adults | Travel Friendly, Educational Toy for Return & Birthday Gifts	NewItem	INR	284.42	284.42	1	0	1		
2026-06-08T04:46:29+00:00	8409135012		405-2113301-0588323	CustomerReturn	1630202	X001ETHG47	B09B7PNSTV	Cubelelo Drift Infinity Cube (Blue) | Magic Puzzle Cool Mini Gadget for Stress and Anxiety Relief for Kids and Adults | Desk Finger Flip Toy for Fun and Game | for Ages 3 Years and Above	NewItem	INR	198.84	198.84	1	0	1		
2026-06-08T04:36:21+00:00	8408559752		406-3370904-5856336	CustomerReturn	1030300_EAN	X002C88WLZ	B0FBMGT6V7	Cubelelo Drift Explorer 3x3 Speed Cube | Best Starter Speedcube for Beginners | Perfect Brain Teaser for Kids Ages 4 to14 Years Old & Above Boys Girls Children | Smooth Turning Puzzle Toy for Adults	NewItem	INR	41.60	41.60	1	0	1		
2026-06-08T04:33:01+00:00	8408696142		406-4081269-7623537	CustomerReturn	1630210	X00262W227	B09HH8CC7Y	Cubelelo Drift Number Sliding Magnetic Puzzle 4x4 | Toys For 6-10 Years Old Boys & Girls | 15-Blocks Brain Teaser Puzzle Game for Kids | Educational, Learning, Activity Toy for Return & Birthday Gifts	NewItem	INR	184.46	184.46	1	0	1		
2026-06-08T04:10:21+00:00	8408555692		408-6208108-3027542	CustomerReturn	1030604	X0027JJHDB	B0DRVQVFJB	Cubelelo Drift 3M v3 3x3 Magnetic Speedcube (Standard) | Latest Version with New & Improved Internal Structure for Smooth Turns & Stability | Cube Toy for 6-10 Years Old Boys Girls Adults	NewItem	INR	332.04	332.04	1	0	1		
2026-06-08T02:02:11+00:00	8409029812		406-8533458-7396334	CustomerReturn	1030604	X0027JJHDB	B0DRVQVFJB	Cubelelo Drift 3M v3 3x3 Magnetic Speedcube (Standard) | Latest Version with New & Improved Internal Structure for Smooth Turns & Stability | Cube Toy for 6-10 Years Old Boys Girls Adults	NewItem	INR	178.44	178.44	1	0	1		
2026-06-08T01:02:17+00:00	8408501702		405-2546830-0633910	CustomerServiceIssue	1030300_EAN	X002C88WLZ	B0FBMGT6V7	Cubelelo Drift Explorer 3x3 Speed Cube | Best Starter Speedcube for Beginners | Perfect Brain Teaser for Kids Ages 4 to14 Years Old & Above Boys Girls Children | Smooth Turning Puzzle Toy for Adults	NewItem	INR	41.60	41.60	1	0	1		
2026-06-07T23:23:14+00:00	8408464402		407-9090630-4829113	CustomerReturn	1030300_EAN	X002C88WLZ	B0FBMGT6V7	Cubelelo Drift Explorer 3x3 Speed Cube | Best Starter Speedcube for Beginners | Perfect Brain Teaser for Kids Ages 4 to14 Years Old & Above Boys Girls Children | Smooth Turning Puzzle Toy for Adults	NewItem	INR	35.92	35.92	1	0	1		
2026-06-07T23:03:22+00:00	8408595122		406-1681626-5219560	CustomerReturn	1460502	X001VLPA4L	B08XJVBV15	Cubelelo Drift 3x3 & 4x4 Stickerless Combo Set – Premium Dual Speed Cube Bundle for All Skill Levels – Smooth Turning, Durable, and Vibrant Stickerless Design	NewItem	INR	379.66	379.66	1	0	1		
2026-06-07T22:12:37+00:00	8408779782		171-9676045-5620332	CustomerServiceIssue	1030604	X0027JJHDB	B0DRVQVFJB	Cubelelo Drift 3M v3 3x3 Magnetic Speedcube (Standard) | Latest Version with New & Improved Internal Structure for Smooth Turns & Stability | Cube Toy for 6-10 Years Old Boys Girls Adults	NewItem	INR	178.44	178.44	1	0	1		
2026-06-07T21:23:24+00:00	8408843832		402-7904034-5403552	CustomerServiceIssue	1140034	X001WWIYG5	B0CP1XHDTC	Cubelelo Drift Gear 3x3 Tiled Black Puzzle - Unique Gear Mechanism Speedcube for Enthusiasts & Beginners | Durable, Smooth-Turning, and Visually Striking 3x3 Magic Cube for Kid	NewItem	INR	379.66	379.66	1	0	1		
2026-06-07T20:03:06+00:00	8408323222		403-5933984-7482756	CustomerReturn	PLUXO01	X002C88X2D	B0DTP72KH3	Pluxo Neoprene Posture Corrector For Unisex Adjustable Posture Corrector Belt For Back Support, Spine Alignment & Pain Relief Comfortable & Lightweight For Relaxed use | Waist size 28-42 Inches	NewItem	INR	358.42	358.42	1	0	1		
2026-06-07T17:14:59+00:00	8407624992		403-0968748-9272309	CustomerReturn	1030603	X0027JJ8K3	B0DRVMTFN1	Cubelelo Drift 3M v3 3x3 (Magnetic UV Coated) Speedcube - New Version | Premium Glossy Finish, Ultra Fast & Smooth Turns, Enhanced Auto-Alignment with 48 Magnets | Puzzle Cube for Kids & Adults	NewItem	INR	564.24	564.24	1	0	1		
2026-06-07T17:09:36+00:00	8407483162		408-4002202-9259506	CustomerServiceIssue	1030700_EAN	X001P8LWWT	B0BRXJ9Q4G	Cubelelo Drift 3M Plus v2 3x3 (Magnetic) Cube | New Upgraded Version Based on MoYu RS3M v5 | Dual-Adjustment System | Premium Speedcube for Kids Boys Girls Ages 4+ Year Old & Adults	NewItem	INR	169.27	169.27	1	0	1		
2026-06-07T15:47:53+00:00	8407889162		171-2169563-3186721	CustomerServiceIssue	1280600_EAN	X001PEDWDF	B0BSFD6XY8	Cubelelo Drift Pyraminx M (Magnetic) Puzzle | Toys for Kids 4 5 6 7 8 to 14 Years Old & Above Boys Girls All Ages | Stickerless Pyramid Triangle High Speed Gift Cube Toy | Travel Friendly	NewItem	INR	154.99	154.99	1	0	1		
2026-06-07T14:44:20+00:00	8408084942		402-8154841-0565169	CustomerServiceIssue	1310035_EAN	X001PWV6K3	B0BV247KZ6	Cubelelo Magic Snake Rainbow Puzzle Cube (24 Wedges) | Twist and Turn Shape Creation Fun Game for Kids Boys Girls and Adults | Multicolor Brain Teaser Stress Buster Toy | for Ages 3 Years and Above	NewItem	INR	136.84	136.84	1	0	1		
2026-06-07T12:46:45+00:00	8407089782		402-5269275-5995562	CustomerServiceIssue	1030651	X0025EZ04D	B0DJQWJFSX	Cubelelo Drift 3M Plus v2 3x3 (Magnetic) (New Upgraded Version) | Based on MoYu RS3M v5 | Dual-Adjustment System | Speedcube for Kids & Adults | Magic Speedy Stress Buster Brainstorming Puzzle	NewItem	INR	564.23	564.23	1	0	1		
2026-06-07T11:05:11+00:00	8406258492		404-0936192-9974720	CustomerServiceIssue	1050200	X001GM0XER	B09K7QTCXP	Cubelelo Drift 5x5 Stickerless Speed Cube | AKA Professor's Cube Magic Puzzle for Kids & Adults | Smooth and Durable Speedy Brainstorming Puzzle| Ultimate Stress Buster and Mind Challenge	NewItem	INR	99.61	99.61	1	0	1		
2026-06-07T07:44:59+00:00	8405469732		404-1622902-6909917	CustomerReturn	1460503	X001VFXJDV	B08XK4V59M	Cubelelo Drift 2x2, 3x3 & 4x4 Premium Gift Box | 3-in-1 Puzzle Game Set | Triple the Challenge, Thrice the Fun | Ultimate Value Saver Combo | Brainstoming Toy for Children Kids & Adults	NewItem	INR	469.00	469.00	1	0	1		
2026-06-07T07:42:55+00:00	8405494262		408-7188959-3475540	CustomerReturn	1460553	X001WPZI9N	B0BYVHGR5H	Cubelelo Drift 2x2, 3x3 & Pyraminx Cube Combo (Stickerless) | Ideal for Kids Above 3 4 5 6 Years Old Boys Girls | 3 in 1 Speedcube Gift Set | High Speed Puzzle 3x3x3 2x2x2 Pyramid Triangle	NewItem	INR	113.90	113.90	1	0	1		
2026-06-07T04:58:50+00:00	8404955602		404-0147033-5937915	CustomerReturn	1280100a	X001LHLHUV	B09QYW9DYC	Cubelelo Drift Pyraminx Puzzle Speedcube | Beginner Starter Cube for Kids 3+ Year Old & Above | Triangle Pyramid Shape Stickerless 3x3 Cubes Toy | Ideal for Boys Girls Children 4 5 6+ Years & Adults	NewItem	INR	164.46	164.46	1	0	1		
2026-06-07T03:33:07+00:00	8405227392		171-7886366-0456301	CustomerServiceIssue	1030300_EAN	X002C88WLZ	B0FBMGT6V7	Cubelelo Drift Explorer 3x3 Speed Cube | Best Starter Speedcube for Beginners | Perfect Brain Teaser for Kids Ages 4 to14 Years Old & Above Boys Girls Children | Smooth Turning Puzzle Toy for Adults	NewItem	INR	41.60	41.60	1	0	1		
2026-06-07T02:42:49+00:00	8405204762			Damaged_Warehouse	1040300	X001G4QY25	B09HH8XQ14	Cubelelo Drift 4x4 (Black) Speedcube | Challenging Brain Teaser Puzzle Toy for Kids 7-14 Years Old Boys Girls & Adults All Ages | Fast Speed Cube for Intermediate and Advanced Cubers	NewItem	INR	55.34	55.34	1	0	1		
2026-06-07T02:25:11+00:00	8405162932		405-4582625-3078766	CustomerServiceIssue	1460501	X001VLOAKL	B08XK25RRF	Cubelelo Drift 2x2 & 3x3 Cube Gift Box Combo | 2-in-1 Puzzle Toy Game Set for Children Kids & Adults Ages 4 5 6 & Above | Double the Challenge, Twice the Fun | Ultimate Value Saver Combo	NewItem	INR	2.18	2.18	1	0	1		
2026-06-06T21:15:08+00:00	8403973342		405-6482206-9297909	CustomerServiceIssue	1460503	X001VFXJDV	B08XK4V59M	Cubelelo Drift 2x2, 3x3 & 4x4 Premium Gift Box | 3-in-1 Puzzle Game Set | Triple the Challenge, Thrice the Fun | Ultimate Value Saver Combo | Brainstoming Toy for Children Kids & Adults	NewItem	INR	39.80	39.80	1	0	1		
2026-06-06T20:26:56+00:00	8404183272		406-6230445-4460324	CustomerReturn	1630201	X001I5SK8D	B09QMNCWYG	Cubelelo Drift Infinity Cube (Green) | Magic Puzzle Cool Mini Gadget for Stress and Anxiety Relief for Kids and Adults | Desk Finger Flip Toy for Fun and Game | for Ages 3 Years and Above	NewItem	INR	199.80	199.80	1	0	1		
2026-06-06T19:40:52+00:00	8404455932		403-1165755-6157127	CustomerServiceIssue	1630202	X001ETHG47	B09B7PNSTV	Cubelelo Drift Infinity Cube (Blue) | Magic Puzzle Cool Mini Gadget for Stress and Anxiety Relief for Kids and Adults | Desk Finger Flip Toy for Fun and Game | for Ages 3 Years and Above	NewItem	INR	198.84	198.84	1	0	1		
2026-06-06T15:59:27+00:00	8403876352		171-8852194-4069955	CustomerReturn	1030300_EAN	X002C88WLZ	B0FBMGT6V7	Cubelelo Drift Explorer 3x3 Speed Cube | Best Starter Speedcube for Beginners | Perfect Brain Teaser for Kids Ages 4 to14 Years Old & Above Boys Girls Children | Smooth Turning Puzzle Toy for Adults	NewItem	INR	41.60	41.60	1	0	1		
2026-06-06T14:21:22+00:00	8403569832		402-5743643-4922759	CustomerReturn	1030400	X0012WM1NR	B07XPNC385	Cubelelo Drift 3x3 Black Speedcube | Beginner Cube for Kids & Adults | Magic Speed Stress Buster Brainstorming Puzzle (Multicolor) | Anti-Pop Technology | Smooth Turning | Durable	NewItem	INR	0.99	0.99	1	0	1		
2026-06-06T13:18:34+00:00	8402872232		408-2486397-9948303	CustomerServiceIssue	1030500	X0018CDFL3	B08H88N2N9	Cubelelo Drift Warrior 3x3 Stickerless Cube | Beginner Speedcube for Kids Boys Girls Above 3 4 5 6 Years Old & Above | Magic Puzzle Toy | Durable & Smooth Cube with Anti-Pop Design 3 3	NewItem	INR	7.90	7.90	1	0	1		
2026-06-06T01:14:51+00:00	8401098772		408-8606153-2539517	CustomerServiceIssue	1030604	X0027JJHDB	B0DRVQVFJB	Cubelelo Drift 3M v3 3x3 Magnetic Speedcube (Standard) | Latest Version with New & Improved Internal Structure for Smooth Turns & Stability | Cube Toy for 6-10 Years Old Boys Girls Adults	NewItem	INR	178.44	178.44	1	0	1		
2026-06-05T20:38:04+00:00	8400006342		403-3527433-3610751	CustomerServiceIssue	1120100	X0019BU32H	B08LBGYZ51	Cubelelo Drift 3x3 Mirror (Silver) Magic Speed Cube | Shape Shifter Speedcube with Durable Stickers | Advanced 3x3x3 Puzzle Toy for Kids Ages 7-14 Boys Girls & Adults | Collector's Item	NewItem	INR	55.34	55.34	1	0	1		
2026-06-05T19:31:10+00:00	8399996422		404-6371203-9810733	CustomerReturn	1030604	X0027JJHDB	B0DRVQVFJB	Cubelelo Drift 3M v3 3x3 Magnetic Speedcube (Standard) | Latest Version with New & Improved Internal Structure for Smooth Turns & Stability | Cube Toy for 6-10 Years Old Boys Girls Adults	NewItem	INR	178.44	178.44	1	0	1		
2026-06-05T19:20:27+00:00	8399752382		171-6089831-1813138	CustomerReturn	1460553	X001WPZI9N	B0BYVHGR5H	Cubelelo Drift 2x2, 3x3 & Pyraminx Cube Combo (Stickerless) | Ideal for Kids Above 3 4 5 6 Years Old Boys Girls | 3 in 1 Speedcube Gift Set | High Speed Puzzle 3x3x3 2x2x2 Pyramid Triangle	NewItem	INR	109.62	109.62	1	0	1		
2026-06-05T18:51:16+00:00	8399892772		406-2457466-7127538	CustomerReturn	1030604	X0027JJHDB	B0DRVQVFJB	Cubelelo Drift 3M v3 3x3 Magnetic Speedcube (Standard) | Latest Version with New & Improved Internal Structure for Smooth Turns & Stability | Cube Toy for 6-10 Years Old Boys Girls Adults	NewItem	INR	331.09	331.09	1	0	1		
2026-06-05T18:10:59+00:00	8400322012		171-3885814-2117924	CustomerReturn	1310036_EAN	X001PWQJFP	B0BV276B7T	Cubelelo Magic Snake Rainbow Puzzle Cube (72 Wedges) | Twist and Turn Shape Creation Fun Game for Kids Boys Girls and Adults | Multicolor Brain Teaser Stress Buster Toy | for Ages 3 Years and Above	NewItem	INR	4.06	4.06	1	0	1		
2026-06-05T17:18:52+00:00	8399732632		171-0977646-2637120	CustomerServiceIssue	1290300	X00239RFKR	B0DB6311DK	Cubelelo Drift Megaminx v2 Cube (New Improved Version) | 12-Sided Fun and Challenging Puzzle with Ridge Design | Smooth Turning Dodecahedron | Perfect for Speed-Cubing | Ideal for Kids & Adults	NewItem	INR	4.69	4.69	1	0	1		
2026-06-05T17:14:26+00:00	8399731562		406-1144955-1665160	CustomerReturn	1030300_EAN	X002C88WLZ	B0FBMGT6V7	Cubelelo Drift Explorer 3x3 Speed Cube | Best Starter Speedcube for Beginners | Perfect Brain Teaser for Kids Ages 4 to14 Years Old & Above Boys Girls Children | Smooth Turning Puzzle Toy for Adults	NewItem	INR	41.60	41.60	1	0	1		
2026-06-05T17:08:45+00:00	8399032442		404-8419592-4144312	CustomerServiceIssue	1030604	X0027JJHDB	B0DRVQVFJB	Cubelelo Drift 3M v3 3x3 Magnetic Speedcube (Standard) | Latest Version with New & Improved Internal Structure for Smooth Turns & Stability | Cube Toy for 6-10 Years Old Boys Girls Adults	NewItem	INR	331.08	331.08	1	0	1		
2026-06-05T15:57:47+00:00	8399836642			Damaged_Warehouse	1120200	X001G4N1DP	B08LKQHDBF	Cubelelo Drift 3x3 Mirror (Golden) Speed Cube | Shape Shifter Magic Speedcube Puzzle Toys for 7-14 Year Old Boys Girls and Adults All Ages | Advanced 3x3 with Durable Stickers | Collector's Item	NewItem	INR	105.14	105.14	1	0	1		
2026-06-05T15:30:35+00:00	8399595882		405-7604221-6633141	CustomerReturn	1630210	X00262W227	B09HH8CC7Y	Cubelelo Drift Number Sliding Magnetic Puzzle 4x4 | Toys For 6-10 Years Old Boys & Girls | 15-Blocks Brain Teaser Puzzle Game for Kids | Educational, Learning, Activity Toy for Return & Birthday Gifts	NewItem	INR	155.89	155.89	1	0	1		
2026-06-05T14:06:50+00:00	8398916252		408-7188959-3475540	CustomerServiceIssue	1460553	X001WPZI9N	B0BYVHGR5H	Cubelelo Drift 2x2, 3x3 & Pyraminx Cube Combo (Stickerless) | Ideal for Kids Above 3 4 5 6 Years Old Boys Girls | 3 in 1 Speedcube Gift Set | High Speed Puzzle 3x3x3 2x2x2 Pyramid Triangle	NewItem	INR	113.90	113.90	1	0	1		
2026-06-05T13:40:34+00:00	8399164012		408-3817884-6429905	CustomerReturn	1630210	X00262W227	B09HH8CC7Y	Cubelelo Drift Number Sliding Magnetic Puzzle 4x4 | Toys For 6-10 Years Old Boys & Girls | 15-Blocks Brain Teaser Puzzle Game for Kids | Educational, Learning, Activity Toy for Return & Birthday Gifts	NewItem	INR	155.90	155.90	1	0	1		
2026-06-05T12:23:50+00:00	8398649922		171-5444108-5638760	CustomerReturn	1630210	X00262W227	B09HH8CC7Y	Cubelelo Drift Number Sliding Magnetic Puzzle 4x4 | Toys For 6-10 Years Old Boys & Girls | 15-Blocks Brain Teaser Puzzle Game for Kids | Educational, Learning, Activity Toy for Return & Birthday Gifts	NewItem	INR	155.90	155.90	1	0	1		
2026-06-05T10:59:39+00:00	8398138232		404-1208088-4033102	CustomerReturn	1030300_EAN	X002C88WLZ	B0FBMGT6V7	Cubelelo Drift Explorer 3x3 Speed Cube | Best Starter Speedcube for Beginners | Perfect Brain Teaser for Kids Ages 4 to14 Years Old & Above Boys Girls Children | Smooth Turning Puzzle Toy for Adults	NewItem	INR	41.60	41.60	1	0	1		
2026-06-05T09:37:50+00:00	8398171732		405-6991368-9820359	CustomerReturn	1630210	X00262W227	B09HH8CC7Y	Cubelelo Drift Number Sliding Magnetic Puzzle 4x4 | Toys For 6-10 Years Old Boys & Girls | 15-Blocks Brain Teaser Puzzle Game for Kids | Educational, Learning, Activity Toy for Return & Birthday Gifts	NewItem	INR	155.89	155.89	1	0	1		
2026-06-05T08:50:54+00:00	8397797472		408-1051288-6061939	CustomerReturn	1630210	X00262W227	B09HH8CC7Y	Cubelelo Drift Number Sliding Magnetic Puzzle 4x4 | Toys For 6-10 Years Old Boys & Girls | 15-Blocks Brain Teaser Puzzle Game for Kids | Educational, Learning, Activity Toy for Return & Birthday Gifts	NewItem	INR	42.93	42.93	1	0	1		
2026-06-05T08:39:12+00:00	8397487572		405-3811520-5002740	CustomerServiceIssue	1130100	X001GMABSF	B09K7QWDT5	Cubelelo Drift Skewb Stickerless Speedcube Puzzle for Kids & Adults | Fast & Smooth Stress Buster | Brain-Boosting Challenge for Kids and Adults (Multicolour)	NewItem	INR	4.21	4.21	1	0	1		
2026-06-05T07:43:44+00:00	8397574622		407-5139024-4157943	CustomerReturn	1050200	X001GM0XER	B09K7QTCXP	Cubelelo Drift 5x5 Stickerless Speed Cube | AKA Professor's Cube Magic Puzzle for Kids & Adults | Smooth and Durable Speedy Brainstorming Puzzle| Ultimate Stress Buster and Mind Challenge	NewItem	INR	332.04	332.04	1	0	1		
2026-06-05T07:16:14+00:00	8397708392		408-2314270-4278764	CustomerReturn	1030604	X0027JJHDB	B0DRVQVFJB	Cubelelo Drift 3M v3 3x3 Magnetic Speedcube (Standard) | Latest Version with New & Improved Internal Structure for Smooth Turns & Stability | Cube Toy for 6-10 Years Old Boys Girls Adults	NewItem	INR	331.09	331.09	1	0	1		
2026-06-05T04:03:39+00:00	8397681242		405-8833354-8675550	CustomerReturn	1040300	X001G4QY25	B09HH8XQ14	Cubelelo Drift 4x4 (Black) Speedcube | Challenging Brain Teaser Puzzle Toy for Kids 7-14 Years Old Boys Girls & Adults All Ages | Fast Speed Cube for Intermediate and Advanced Cubers	NewItem	INR	18.15	18.15	1	0	1		
2026-06-05T03:37:22+00:00	8396790042		408-7303415-5885128	CustomerReturn	CLB0503	X0025QFMUN	B0DKJD6WV1	Cubelelo Drift 3M Plus v2 3x3 (Magnetic) with Cube Lubricant & Premium Pouch (2024 Updated Version) | 48 Strong Magnets for Enhanced Stability & Smooth Turns | Kids & Adults,multicolor	NewItem	INR	6.59	6.59	1	0	1		
2026-06-05T00:40:22+00:00	8396969062		407-6456113-8440314	CustomerReturn	1040400	X002DFU80F	B0FL7TDJLF	Cubelelo Drift 4x4 Stickerless Cube Puzzle Toy | Combines Smoothness, Stability & Durability | 4x4x4 Speedcube for Beginners| Suitable for Kids Ages 6 to 14 Years Old, Boys, Girls & Adults	NewItem	INR	284.42	284.42	1	0	1		
2026-06-05T00:29:56+00:00	8396065292		402-7842668-2145128	CustomerReturn	1030604	X0027JJHDB	B0DRVQVFJB	Cubelelo Drift 3M v3 3x3 Magnetic Speedcube (Standard) | Latest Version with New & Improved Internal Structure for Smooth Turns & Stability | Cube Toy for 6-10 Years Old Boys Girls Adults	NewItem	INR	331.09	331.09	1	0	1		
2026-06-04T23:25:33+00:00	8396047442		407-2270062-9077124	CustomerServiceIssue	1030500	X0018CDFL3	B08H88N2N9	Cubelelo Drift Warrior 3x3 Stickerless Cube | Beginner Speedcube for Kids Boys Girls Above 3 4 5 6 Years Old & Above | Magic Puzzle Toy | Durable & Smooth Cube with Anti-Pop Design 3 3	NewItem	INR	88.27	88.27	1	0	1		
2026-06-04T22:55:51+00:00	8396932892		407-7028847-0164346	CustomerServiceIssue	1630222	X002HPDYRF	B0GH18NXXG	Cubelelo Drift Magnetic Tangram Puzzle | with Strong Magnets, Wooden Pieces & Bold Colors | Toys for 5-10 Years Old Boys Girls & Adults | Travel Friendly, Educational Toy for Return & Birthday Gifts	NewItem	INR	283.46	283.46	1	0	1		
2026-06-04T22:48:58+00:00	8396042102			Damaged_Warehouse	1290300	X00239RFKR	B0DB6311DK	Cubelelo Drift Megaminx v2 Cube (New Improved Version) | 12-Sided Fun and Challenging Puzzle with Ridge Design | Smooth Turning Dodecahedron | Perfect for Speed-Cubing | Ideal for Kids & Adults	NewItem	INR	140.70	140.70	1	0	1		
2026-06-04T22:12:29+00:00	8396025922		408-8663258-6428303	CustomerReturn	1460501	X001VLOAKL	B08XK25RRF	Cubelelo Drift 2x2 & 3x3 Cube Gift Box Combo | 2-in-1 Puzzle Toy Game Set for Children Kids & Adults Ages 4 5 6 & Above | Double the Challenge, Twice the Fun | Ultimate Value Saver Combo	NewItem	INR	174.98	174.98	1	0	1		
2026-06-04T20:28:12+00:00	8396671392		405-5523533-2013117	CustomerReturn	1290300	X00239RFKR	B0DB6311DK	Cubelelo Drift Megaminx v2 Cube (New Improved Version) | 12-Sided Fun and Challenging Puzzle with Ridge Design | Smooth Turning Dodecahedron | Perfect for Speed-Cubing | Ideal for Kids & Adults	NewItem	INR	140.70	140.70	1	0	1		
2026-06-04T19:40:40+00:00	8396629262		407-8452909-2810709	CustomerReturn	1030400	X0012WM1NR	B07XPNC385	Cubelelo Drift 3x3 Black Speedcube | Beginner Cube for Kids & Adults | Magic Speed Stress Buster Brainstorming Puzzle (Multicolor) | Anti-Pop Technology | Smooth Turning | Durable	NewItem	INR	88.28	88.28	1	0	1		
2026-06-04T17:46:53+00:00	8396618542		403-9955786-5900368	CustomerServiceIssue	1040400	X002DFU80F	B0FL7TDJLF	Cubelelo Drift 4x4 Stickerless Cube Puzzle Toy | Combines Smoothness, Stability & Durability | 4x4x4 Speedcube for Beginners| Suitable for Kids Ages 6 to 14 Years Old, Boys, Girls & Adults	NewItem	INR	284.42	284.42	1	0	1		
2026-06-04T17:41:13+00:00	8396139962		402-4871978-5052369	CustomerServiceIssue	1030800_EAN	X001P8BZA3	B0BRXKFQWS	Cubelelo Drift 3M Plus v2 3x3 (MagLev) Magnetic Speedcube (New Version) | Cube for Kids Boys Girls Children Ages 4 5 6 7 8 & Above | Premium 3x3x3 for Speedcubing with Excellent Performance	NewItem	INR	914.55	914.55	1	0	1		
2026-06-04T15:53:40+00:00	8396119972		408-0319503-8469969	CustomerReturn	1050200	X001GM0XER	B09K7QTCXP	Cubelelo Drift 5x5 Stickerless Speed Cube | AKA Professor's Cube Magic Puzzle for Kids & Adults | Smooth and Durable Speedy Brainstorming Puzzle| Ultimate Stress Buster and Mind Challenge	NewItem	INR	332.04	332.04	1	0	1		
2026-06-04T15:17:45+00:00	8395323592		404-8587025-1585127	CustomerServiceIssue	4001001a	X001VD95XL	B0CJBLTM11	Cubelelo Drift Daily Calendar Puzzle | A-Puzzle-A-Day | Wooden Challenging Tangram Puzzle Toys for Adults and Kids | Compact, Travel Friendly Toy for Return & Birthday Gifts	NewItem	INR	1.84	1.84	1	0	1		
2026-06-04T14:52:34+00:00	8395823342		403-0574420-6260369	CustomerReturn	1030400	X0012WM1NR	B07XPNC385	Cubelelo Drift 3x3 Black Speedcube | Beginner Cube for Kids & Adults | Magic Speed Stress Buster Brainstorming Puzzle (Multicolor) | Anti-Pop Technology | Smooth Turning | Durable	NewItem	INR	82.61	82.61	1	0	1		
2026-06-04T13:59:48+00:00	8395277122		408-4136343-4120305	CustomerReturn	4001001a	X001VD95XL	B0CJBLTM11	Cubelelo Drift Daily Calendar Puzzle | A-Puzzle-A-Day | Wooden Challenging Tangram Puzzle Toys for Adults and Kids | Compact, Travel Friendly Toy for Return & Birthday Gifts	NewItem	INR	164.46	164.46	1	0	1		
2026-06-04T12:34:25+00:00	8395377352		171-3177310-4373124	CustomerReturn	1630202	X001ETHG47	B09B7PNSTV	Cubelelo Drift Infinity Cube (Blue) | Magic Puzzle Cool Mini Gadget for Stress and Anxiety Relief for Kids and Adults | Desk Finger Flip Toy for Fun and Game | for Ages 3 Years and Above	NewItem	INR	1.99	1.99	1	0	1		
2026-06-04T11:46:57+00:00	8394987402		406-2114838-0777953	CustomerServiceIssue	1030603	X0027JJ8K3	B0DRVMTFN1	Cubelelo Drift 3M v3 3x3 (Magnetic UV Coated) Speedcube - New Version | Premium Glossy Finish, Ultra Fast & Smooth Turns, Enhanced Auto-Alignment with 48 Magnets | Puzzle Cube for Kids & Adults	NewItem	INR	659.48	659.48	1	0	1		
2026-06-04T10:47:20+00:00	8394641312		407-6594555-2753139	CustomerReturn	4001001a	X001VD95XL	B0CJBLTM11	Cubelelo Drift Daily Calendar Puzzle | A-Puzzle-A-Day | Wooden Challenging Tangram Puzzle Toys for Adults and Kids | Compact, Travel Friendly Toy for Return & Birthday Gifts	NewItem	INR	156.52	156.52	1	0	1		
2026-06-04T10:45:38+00:00	8394562092		406-4446222-4644313	CustomerServiceIssue	1630210	X00262W227	B09HH8CC7Y	Cubelelo Drift Number Sliding Magnetic Puzzle 4x4 | Toys For 6-10 Years Old Boys & Girls | 15-Blocks Brain Teaser Puzzle Game for Kids | Educational, Learning, Activity Toy for Return & Birthday Gifts	NewItem	INR	12.40	12.40	1	0	1		
2026-06-04T09:28:33+00:00	8394503682		406-3459172-1553166	CustomerReturn	1030300_EAN	X002C88WLZ	B0FBMGT6V7	Cubelelo Drift Explorer 3x3 Speed Cube | Best Starter Speedcube for Beginners | Perfect Brain Teaser for Kids Ages 4 to14 Years Old & Above Boys Girls Children | Smooth Turning Puzzle Toy for Adults	NewItem	INR	41.60	41.60	1	0	1		
2026-06-04T07:36:55+00:00	8393150062		404-8980021-7333945	CustomerServiceIssue	1460553	X001WPZI9N	B0BYVHGR5H	Cubelelo Drift 2x2, 3x3 & Pyraminx Cube Combo (Stickerless) | Ideal for Kids Above 3 4 5 6 Years Old Boys Girls | 3 in 1 Speedcube Gift Set | High Speed Puzzle 3x3x3 2x2x2 Pyramid Triangle	NewItem	INR	379.66	379.66	1	0	1		
2026-06-04T07:22:24+00:00	8393315492		405-3506595-1671543	CustomerReturn	1030300_EAN	X002C88WLZ	B0FBMGT6V7	Cubelelo Drift Explorer 3x3 Speed Cube | Best Starter Speedcube for Beginners | Perfect Brain Teaser for Kids Ages 4 to14 Years Old & Above Boys Girls Children | Smooth Turning Puzzle Toy for Adults	NewItem	INR	0.41	0.41	1	0	1		
2026-06-04T03:59:52+00:00	8393617132		171-5715072-6685916	CustomerReturn	1180200	X001ZUQ2D1	B0CZ9JH3F5	Cubelelo Drift Axis (Tiled) 3x3 Magic Cube Puzzle | Unique Shape Mod with Premium Design, Smooth Finish Toy for Intermediate & Advanced Solvers | Toys for Adults & Kids Girls Boys Ages 7-14 Years Old	NewItem	INR	254.54	254.54	1	0	1		
2026-06-04T03:44:48+00:00	8393262612		404-4971069-4471526	CustomerReturn	1030300_EAN	X002C88WLZ	B0FBMGT6V7	Cubelelo Drift Explorer 3x3 Speed Cube | Best Starter Speedcube for Beginners | Perfect Brain Teaser for Kids Ages 4 to14 Years Old & Above Boys Girls Children | Smooth Turning Puzzle Toy for Adults	NewItem	INR	41.60	41.60	1	0	1		
2026-06-04T03:17:37+00:00	8393095032		404-8587025-1585127	CustomerReturn	4001001a	X001VD95XL	B0CJBLTM11	Cubelelo Drift Daily Calendar Puzzle | A-Puzzle-A-Day | Wooden Challenging Tangram Puzzle Toys for Adults and Kids | Compact, Travel Friendly Toy for Return & Birthday Gifts	NewItem	INR	1.84	1.84	1	0	1		
2026-06-04T02:32:42+00:00	8393076862		404-3372128-3009967	CustomerReturn	1030300_EAN	X002C88WLZ	B0FBMGT6V7	Cubelelo Drift Explorer 3x3 Speed Cube | Best Starter Speedcube for Beginners | Perfect Brain Teaser for Kids Ages 4 to14 Years Old & Above Boys Girls Children | Smooth Turning Puzzle Toy for Adults	NewItem	INR	41.60	41.60	1	0	1		
2026-06-04T01:14:17+00:00	8393044792		404-3348595-9005935	CustomerReturn	1120039	X0027ISPWL	B0DRVW5BNS	Cubelelo Drift 3x3 Mirror Blue (Tiled) Speed Cube | New Blue Version Looks Stunning with Buttery Smooth Turns | Ideal for Kids Above 5 6 Years Old Boys Girls | 3x3x3 Shape-Shifting Design Puzzle Toy	NewItem	INR	208.22	208.22	1	0	1		
2026-06-04T00:17:40+00:00	8393041042		407-6594555-2753139	CustomerReturn	4001001a	X001VD95XL	B0CJBLTM11	Cubelelo Drift Daily Calendar Puzzle | A-Puzzle-A-Day | Wooden Challenging Tangram Puzzle Toys for Adults and Kids | Compact, Travel Friendly Toy for Return & Birthday Gifts	NewItem	INR	156.52	156.52	1	0	1		
2026-06-03T23:58:09+00:00	8392912162		408-9447741-5476368	CustomerServiceIssue	1030603	X0027JJ8K3	B0DRVMTFN1	Cubelelo Drift 3M v3 3x3 (Magnetic UV Coated) Speedcube - New Version | Premium Glossy Finish, Ultra Fast & Smooth Turns, Enhanced Auto-Alignment with 48 Magnets | Puzzle Cube for Kids & Adults	NewItem	INR	52.76	52.76	1	0	1		
2026-06-03T23:35:30+00:00	8392414212		171-5965388-5610713	CustomerReturn	1030300_EAN	X002C88WLZ	B0FBMGT6V7	Cubelelo Drift Explorer 3x3 Speed Cube | Best Starter Speedcube for Beginners | Perfect Brain Teaser for Kids Ages 4 to14 Years Old & Above Boys Girls Children | Smooth Turning Puzzle Toy for Adults	NewItem	INR	4.09	4.09	1	0	1		
2026-06-03T19:22:49+00:00	8392045672		171-4030169-4209961	CustomerServiceIssue	1180200	X001ZUQ2D1	B0CZ9JH3F5	Cubelelo Drift Axis (Tiled) 3x3 Magic Cube Puzzle | Unique Shape Mod with Premium Design, Smooth Finish Toy for Intermediate & Advanced Solvers | Toys for Adults & Kids Girls Boys Ages 7-14 Years Old	NewItem	INR	265.38	265.38	1	0	1		
2026-06-03T18:35:49+00:00	8392478782		405-3248793-6104340	CustomerServiceIssue	1630210	X00262W227	B09HH8CC7Y	Cubelelo Drift Number Sliding Magnetic Puzzle 4x4 | Toys For 6-10 Years Old Boys & Girls | 15-Blocks Brain Teaser Puzzle Game for Kids | Educational, Learning, Activity Toy for Return & Birthday Gifts	NewItem	INR	155.89	155.89	1	0	1		
2026-06-03T17:23:15+00:00	8391959812		405-3238605-3593155	CustomerReturn	1030300_EAN	X002C88WLZ	B0FBMGT6V7	Cubelelo Drift Explorer 3x3 Speed Cube | Best Starter Speedcube for Beginners | Perfect Brain Teaser for Kids Ages 4 to14 Years Old & Above Boys Girls Children | Smooth Turning Puzzle Toy for Adults	NewItem	INR	41.60	41.60	1	0	1		
2026-06-03T16:58:41+00:00	8391744032		404-8886671-9417152	CustomerReturn	1630202	X001ETHG47	B09B7PNSTV	Cubelelo Drift Infinity Cube (Blue) | Magic Puzzle Cool Mini Gadget for Stress and Anxiety Relief for Kids and Adults | Desk Finger Flip Toy for Fun and Game | for Ages 3 Years and Above	NewItem	INR	198.84	198.84	1	0	1		
2026-06-03T15:52:15+00:00	8362758742	12618479822	S02-5007983-6877154	Damaged_Outbound	1030700_EAN	X001P8LWWT	B0BRXJ9Q4G	Cubelelo Drift 3M Plus v2 3x3 (Magnetic) Cube | New Upgraded Version Based on MoYu RS3M v5 | Dual-Adjustment System | Premium Speedcube for Kids Boys Girls Ages 4+ Year Old & Adults	NewItem	INR	177.91	177.91	1		1		
2026-06-03T15:50:48+00:00	8362744232	12605341412	S02-5007983-6877154	Damaged_Outbound	1280100a	X001LHLHUV	B09QYW9DYC	Cubelelo Drift Pyraminx Puzzle Speedcube | Beginner Starter Cube for Kids 3+ Year Old & Above | Triangle Pyramid Shape Stickerless 3x3 Cubes Toy | Ideal for Boys Girls Children 4 5 6+ Years & Adults	NewItem	INR	85.51	85.51	1		1		
2026-06-03T15:35:32+00:00	8362758932	12604208782	S02-5007983-6877154	Damaged_Outbound	1120100	X0019BU32H	B08LBGYZ51	Cubelelo Drift 3x3 Mirror (Silver) Magic Speed Cube | Shape Shifter Speedcube with Durable Stickers | Advanced 3x3x3 Puzzle Toy for Kids Ages 7-14 Boys Girls & Adults | Collector's Item	NewItem	INR	55.05	55.05	1		1		
2026-06-03T14:40:24+00:00	8391187742		408-4742527-3851548	CustomerReturn	1030500	X0018CDFL3	B08H88N2N9	Cubelelo Drift Warrior 3x3 Stickerless Cube | Beginner Speedcube for Kids Boys Girls Above 3 4 5 6 Years Old & Above | Magic Puzzle Toy | Durable & Smooth Cube with Anti-Pop Design 3 3	NewItem	INR	88.27	88.27	1	0	1		
2026-06-03T13:33:15+00:00	8391064312		404-4386763-9253912	CustomerReturn	1030300_EAN	X002C88WLZ	B0FBMGT6V7	Cubelelo Drift Explorer 3x3 Speed Cube | Best Starter Speedcube for Beginners | Perfect Brain Teaser for Kids Ages 4 to14 Years Old & Above Boys Girls Children | Smooth Turning Puzzle Toy for Adults	NewItem	INR	41.60	41.60	1	0	1		
2026-06-03T11:53:40+00:00	8390799302		404-0866724-0587541	CustomerServiceIssue	1030500	X0018CDFL3	B08H88N2N9	Cubelelo Drift Warrior 3x3 Stickerless Cube | Beginner Speedcube for Kids Boys Girls Above 3 4 5 6 Years Old & Above | Magic Puzzle Toy | Durable & Smooth Cube with Anti-Pop Design 3 3	NewItem	INR	88.27	88.27	1	0	1		
2026-06-03T11:42:28+00:00	8390950432		408-9668169-9914768	CustomerReturn	1630210	X00262W227	B09HH8CC7Y	Cubelelo Drift Number Sliding Magnetic Puzzle 4x4 | Toys For 6-10 Years Old Boys & Girls | 15-Blocks Brain Teaser Puzzle Game for Kids | Educational, Learning, Activity Toy for Return & Birthday Gifts	NewItem	INR	155.90	155.90	1	0	1		
2026-06-03T11:20:29+00:00	8390911502		405-1237460-7576337	CustomerReturn	1030800_EAN	X001P8BZA3	B0BRXKFQWS	Cubelelo Drift 3M Plus v2 3x3 (MagLev) Magnetic Speedcube (New Version) | Cube for Kids Boys Girls Children Ages 4 5 6 7 8 & Above | Premium 3x3x3 for Speedcubing with Excellent Performance	NewItem	INR	914.56	914.56	1	0	1		
2026-06-03T07:44:54+00:00	8389080262		402-3719712-9903553	CustomerReturn	1460510	X001VW450P	B0BZL11XWC	Cubelelo Drift 4x4, 5x5 Premium Gift Box | 2-in-1 Puzzle Game Set | Challenge, Thrice The Fun | Ultimate Value Saver Combo | Brainstoming Toy for Children Kids & Adults	NewItem	INR	20.00	20.00	1	0	1		
2026-06-03T06:12:45+00:00	8389617772		403-3295365-7069925	CustomerReturn	1140022	X001602BQR	B08169YZPG	Cubelelo Drift Gear 3x3 Stickerless Cube Speed Cube | Toy for Kids & Adults | Magic Speedy Stress Buster Brainstorming Puzzle 3x3x3 (Multicolor)	NewItem	INR	265.37	265.37	1	0	1		
2026-06-02T20:08:29+00:00	8387998092		407-3700846-8709920	CustomerReturn	1030604	X0027JJHDB	B0DRVQVFJB	Cubelelo Drift 3M v3 3x3 Magnetic Speedcube (Standard) | Latest Version with New & Improved Internal Structure for Smooth Turns & Stability | Cube Toy for 6-10 Years Old Boys Girls Adults	NewItem	INR	3.31	3.31	1	0	1		
2026-06-02T17:47:25+00:00	8387622142		405-8041648-0251557	CustomerReturn	1460510	X001VW450P	B0BZL11XWC	Cubelelo Drift 4x4, 5x5 Premium Gift Box | 2-in-1 Puzzle Game Set | Challenge, Thrice The Fun | Ultimate Value Saver Combo | Brainstoming Toy for Children Kids & Adults	NewItem	INR	611.85	611.85	1	0	1		
2026-06-02T16:30:32+00:00	8387943762		403-7477984-1489939	CustomerReturn	1630210	X00262W227	B09HH8CC7Y	Cubelelo Drift Number Sliding Magnetic Puzzle 4x4 | Toys For 6-10 Years Old Boys & Girls | 15-Blocks Brain Teaser Puzzle Game for Kids | Educational, Learning, Activity Toy for Return & Birthday Gifts	NewItem	INR	155.89	155.89	1	0	1		
2026-06-02T14:46:57+00:00	8387813472		404-6065700-6159561	CustomerServiceIssue	1030300_EAN	X002C88WLZ	B0FBMGT6V7	Cubelelo Drift Explorer 3x3 Speed Cube | Best Starter Speedcube for Beginners | Perfect Brain Teaser for Kids Ages 4 to14 Years Old & Above Boys Girls Children | Smooth Turning Puzzle Toy for Adults	NewItem	INR	41.60	41.60	1	0	1		
2026-06-02T13:58:28+00:00	8386747452		405-9375564-0083524	CustomerReturn	1120100	X0019BU32H	B08LBGYZ51	Cubelelo Drift 3x3 Mirror (Silver) Magic Speed Cube | Shape Shifter Speedcube with Durable Stickers | Advanced 3x3x3 Puzzle Toy for Kids Ages 7-14 Boys Girls & Adults | Collector's Item	NewItem	INR	183.51	183.51	1	0	1		
2026-06-02T10:28:31+00:00	8386032262		407-2875146-8621168	CustomerServiceIssue	1280100a	X001LHLHUV	B09QYW9DYC	Cubelelo Drift Pyraminx Puzzle Speedcube | Beginner Starter Cube for Kids 3+ Year Old & Above | Triangle Pyramid Shape Stickerless 3x3 Cubes Toy | Ideal for Boys Girls Children 4 5 6+ Years & Adults	NewItem	INR	1.75	1.75	1	0	1		
2026-06-02T09:45:22+00:00	8385961912		171-4422077-3937951	CustomerServiceIssue	1030300_EAN	X002C88WLZ	B0FBMGT6V7	Cubelelo Drift Explorer 3x3 Speed Cube | Best Starter Speedcube for Beginners | Perfect Brain Teaser for Kids Ages 4 to14 Years Old & Above Boys Girls Children | Smooth Turning Puzzle Toy for Adults	NewItem	INR	4.09	4.09	1	0	1		
2026-06-02T07:38:07+00:00	8385090452		171-1519047-7661132	CustomerReturn	1040300	X001G4QY25	B09HH8XQ14	Cubelelo Drift 4x4 (Black) Speedcube | Challenging Brain Teaser Puzzle Toy for Kids 7-14 Years Old Boys Girls & Adults All Ages | Fast Speed Cube for Intermediate and Advanced Cubers	NewItem	INR	18.94	18.94	1	0	1		
2026-06-02T07:17:38+00:00	8384819482		405-1379305-3493124	CustomerReturn	1030478	X001HYK0PL	B09PYRTM4X	Cubelelo Drift 3x3 Jelly Edition Speedcube Magic Cube Puzzle	NewItem	INR	157.44	157.44	1	0	1		
2026-06-02T05:57:56+00:00	8384491692		405-8193310-8760347	CustomerServiceIssue	1030700_EAN	X001P8LWWT	B0BRXJ9Q4G	Cubelelo Drift 3M Plus v2 3x3 (Magnetic) Cube | New Upgraded Version Based on MoYu RS3M v5 | Dual-Adjustment System | Premium Speedcube for Kids Boys Girls Ages 4+ Year Old & Adults	NewItem	INR	5.64	5.64	1	0	1		
2026-06-02T04:44:07+00:00	8384762902		406-5615454-5972366	CustomerServiceIssue	CLB0502	X001VZMI15	B0CL3HR7YS	Cubelelo Drift Warrior 3x3 & Premium Cube Lubricant Combo | Speed Cube Set for Fast, Smooth, Professional Solving | Ultimate Kit for All Your Speedcubing Needs Multicolor for Kids, Adults All Ages	NewItem	INR	46.77	46.77	1	0	1		
2026-06-02T03:34:23+00:00	8384575232		408-4921413-9825966	CustomerReturn	1130100	X001GMABSF	B09K7QWDT5	Cubelelo Drift Skewb Stickerless Speedcube Puzzle for Kids & Adults | Fast & Smooth Stress Buster | Brain-Boosting Challenge for Kids and Adults (Multicolour)	NewItem	INR	4.06	4.06	1	0	1		
2026-06-02T03:08:48+00:00	8384707642		407-1463326-6180339	CustomerReturn	1030300_EAN	X002C88WLZ	B0FBMGT6V7	Cubelelo Drift Explorer 3x3 Speed Cube | Best Starter Speedcube for Beginners | Perfect Brain Teaser for Kids Ages 4 to14 Years Old & Above Boys Girls Children | Smooth Turning Puzzle Toy for Adults	NewItem	INR	0.51	0.51	1	0	1		
2026-06-02T01:42:34+00:00	8383937792		406-2573648-9108318	CustomerServiceIssue	1030604	X0027JJHDB	B0DRVQVFJB	Cubelelo Drift 3M v3 3x3 Magnetic Speedcube (Standard) | Latest Version with New & Improved Internal Structure for Smooth Turns & Stability | Cube Toy for 6-10 Years Old Boys Girls Adults	NewItem	INR	331.08	331.08	1	0	1		
2026-06-01T23:59:23+00:00	8384134252		404-1380255-5421921	CustomerServiceIssue	TB00001	X002C7B5I3	B0FF2FSJ7P	TinkerBox Wooden My First Tool Kit with Storage Box | Toys for Kids 6-10 Year Old Boys and Girls | Premium 34-Piece Pretend Play Set | Realistic Tools for Learning, Education & Skill Develpoment	NewItem	INR	82.17	82.17	1	0	1		
2026-06-01T21:42:57+00:00	8383436662		402-6629741-1125166	CustomerServiceIssue	1290300	X00239RFKR	B0DB6311DK	Cubelelo Drift Megaminx v2 Cube (New Improved Version) | 12-Sided Fun and Challenging Puzzle with Ridge Design | Smooth Turning Dodecahedron | Perfect for Speed-Cubing | Ideal for Kids & Adults	NewItem	INR	140.70	140.70	1	0	1		
2026-06-01T21:29:40+00:00	8384391452		402-0405779-5818754	CustomerReturn	1030604	X0027JJHDB	B0DRVQVFJB	Cubelelo Drift 3M v3 3x3 Magnetic Speedcube (Standard) | Latest Version with New & Improved Internal Structure for Smooth Turns & Stability | Cube Toy for 6-10 Years Old Boys Girls Adults	NewItem	INR	331.09	331.09	1	0	1		
2026-06-01T19:32:05+00:00	8383074792		408-1158233-0463539	CustomerReturn	1030651	X0025EZ04D	B0DJQWJFSX	Cubelelo Drift 3M Plus v2 3x3 (Magnetic) (New Upgraded Version) | Based on MoYu RS3M v5 | Dual-Adjustment System | Speedcube for Kids & Adults | Magic Speedy Stress Buster Brainstorming Puzzle	NewItem	INR	564.23	564.23	1	0	1		
2026-06-01T18:24:50+00:00	8382674782		406-9373933-0101902	CustomerReturn	1030300_EAN	X002C88WLZ	B0FBMGT6V7	Cubelelo Drift Explorer 3x3 Speed Cube | Best Starter Speedcube for Beginners | Perfect Brain Teaser for Kids Ages 4 to14 Years Old & Above Boys Girls Children | Smooth Turning Puzzle Toy for Adults	NewItem	INR	41.60	41.60	1	0	1		
2026-06-01T18:24:46+00:00	8382884692		405-1474814-4875509	CustomerServiceIssue	1040300	X001G4QY25	B09HH8XQ14	Cubelelo Drift 4x4 (Black) Speedcube | Challenging Brain Teaser Puzzle Toy for Kids 7-14 Years Old Boys Girls & Adults All Ages | Fast Speed Cube for Intermediate and Advanced Cubers	NewItem	INR	2.37	2.37	1	0	1		
2026-06-01T15:33:55+00:00	8381918552		408-8012943-8259544	CustomerServiceIssue	1460553	X001WPZI9N	B0BYVHGR5H	Cubelelo Drift 2x2, 3x3 & Pyraminx Cube Combo (Stickerless) | Ideal for Kids Above 3 4 5 6 Years Old Boys Girls | 3 in 1 Speedcube Gift Set | High Speed Puzzle 3x3x3 2x2x2 Pyramid Triangle	NewItem	INR	113.90	113.90	1	0	1		
2026-06-01T13:53:20+00:00	8382246402		403-3071484-9397906	CustomerReturn	1460521	X001VZFQYB	B0CGNW2MFJ	Cubelelo Drift Square-1 & Skewb Gift Box | Explore the new Dimension of Uniquely Shaped Puzzles | 2 in 1 Combo Pack of Dual Challenge Delight | Brainstoming Game Toy for Children Kids & Adults	NewItem	INR	54.63	54.63	1	0	1		
2026-06-01T13:51:18+00:00	8381823342		406-0738208-7746706	CustomerReturn	1460501	X001VLOAKL	B08XK25RRF	Cubelelo Drift 2x2 & 3x3 Cube Gift Box Combo | 2-in-1 Puzzle Toy Game Set for Children Kids & Adults Ages 4 5 6 & Above | Double the Challenge, Twice the Fun | Ultimate Value Saver Combo	NewItem	INR	183.51	183.51	1	0	1		
2026-06-01T10:33:27+00:00	8380192432		402-4477166-8806750	CustomerServiceIssue	1030300_EAN	X002C88WLZ	B0FBMGT6V7	Cubelelo Drift Explorer 3x3 Speed Cube | Best Starter Speedcube for Beginners | Perfect Brain Teaser for Kids Ages 4 to14 Years Old & Above Boys Girls Children | Smooth Turning Puzzle Toy for Adults	NewItem	INR	41.60	41.60	1	0	1		
2026-06-01T09:43:55+00:00	8380015752		404-4971069-4471526	CustomerServiceIssue	1030300_EAN	X002C88WLZ	B0FBMGT6V7	Cubelelo Drift Explorer 3x3 Speed Cube | Best Starter Speedcube for Beginners | Perfect Brain Teaser for Kids Ages 4 to14 Years Old & Above Boys Girls Children | Smooth Turning Puzzle Toy for Adults	NewItem	INR	41.60	41.60	1	0	1		
2026-06-01T07:24:47+00:00	8379365412		405-3238605-3593155	CustomerServiceIssue	1030300_EAN	X002C88WLZ	B0FBMGT6V7	Cubelelo Drift Explorer 3x3 Speed Cube | Best Starter Speedcube for Beginners | Perfect Brain Teaser for Kids Ages 4 to14 Years Old & Above Boys Girls Children | Smooth Turning Puzzle Toy for Adults	NewItem	INR	41.60	41.60	1	0	1		
2026-06-01T04:46:44+00:00	8378635672		408-2895669-4361917	CustomerServiceIssue	1460521	X001VZFQYB	B0CGNW2MFJ	Cubelelo Drift Square-1 & Skewb Gift Box | Explore the new Dimension of Uniquely Shaped Puzzles | 2 in 1 Combo Pack of Dual Challenge Delight | Brainstoming Game Toy for Children Kids & Adults	NewItem	INR	212.13	212.13	1	0	1		
2026-06-01T04:43:43+00:00	8378817402		405-5523533-2013117	CustomerServiceIssue	1290300	X00239RFKR	B0DB6311DK	Cubelelo Drift Megaminx v2 Cube (New Improved Version) | 12-Sided Fun and Challenging Puzzle with Ridge Design | Smooth Turning Dodecahedron | Perfect for Speed-Cubing | Ideal for Kids & Adults	NewItem	INR	140.70	140.70	1	0	1		
2026-06-01T02:43:34+00:00	8378728872		408-8493806-8759511	CustomerServiceIssue	1030604	X0027JJHDB	B0DRVQVFJB	Cubelelo Drift 3M v3 3x3 Magnetic Speedcube (Standard) | Latest Version with New & Improved Internal Structure for Smooth Turns & Stability | Cube Toy for 6-10 Years Old Boys Girls Adults	NewItem	INR	331.08	331.08	1	0	1		
2026-05-31T21:33:32+00:00	8378057932		408-1433758-9704367	CustomerServiceIssue	1030400	X0012WM1NR	B07XPNC385	Cubelelo Drift 3x3 Black Speedcube | Beginner Cube for Kids & Adults | Magic Speed Stress Buster Brainstorming Puzzle (Multicolor) | Anti-Pop Technology | Smooth Turning | Durable	NewItem	INR	88.28	88.28	1	0	1		
2026-05-31T17:58:48+00:00	8378125892		403-5908157-9729104	CustomerReturn	1460501	X001VLOAKL	B08XK25RRF	Cubelelo Drift 2x2 & 3x3 Cube Gift Box Combo | 2-in-1 Puzzle Toy Game Set for Children Kids & Adults Ages 4 5 6 & Above | Double the Challenge, Twice the Fun | Ultimate Value Saver Combo	NewItem	INR	183.50	183.50	1	0	1		
2026-05-31T17:04:29+00:00	8378115662		402-4622862-6440332	CustomerReturn	1630210	X00262W227	B09HH8CC7Y	Cubelelo Drift Number Sliding Magnetic Puzzle 4x4 | Toys For 6-10 Years Old Boys & Girls | 15-Blocks Brain Teaser Puzzle Game for Kids | Educational, Learning, Activity Toy for Return & Birthday Gifts	NewItem	INR	155.89	155.89	1	0	1		
2026-05-31T16:58:19+00:00	8377844582		171-5019996-5488355	CustomerReturn	1030300_EAN	X002C88WLZ	B0FBMGT6V7	Cubelelo Drift Explorer 3x3 Speed Cube | Best Starter Speedcube for Beginners | Perfect Brain Teaser for Kids Ages 4 to14 Years Old & Above Boys Girls Children | Smooth Turning Puzzle Toy for Adults	NewItem	INR	41.60	41.60	1	0	1		
2026-05-31T16:02:44+00:00	8377353022		171-9194184-7943502	CustomerReturn	1170200	X001ZUSZ4F	B0CZDV68CM	Cubelelo Drift Windmill (Tiled) Magic Cube Puzzle | Unique Shape Mod with Premium Design, Smooth Finish Toy for Intermediate and Advanced Solvers | Suitable for Adults and Kids Ages 3 & Above	NewItem	INR	265.38	265.38	1	0	1		
2026-05-31T15:43:38+00:00	8377563462		171-8255554-2533126	CustomerServiceIssue	1030604	X0027JJHDB	B0DRVQVFJB	Cubelelo Drift 3M v3 3x3 Magnetic Speedcube (Standard) | Latest Version with New & Improved Internal Structure for Smooth Turns & Stability | Cube Toy for 6-10 Years Old Boys Girls Adults	NewItem	INR	178.44	178.44	1	0	1		
2026-05-31T08:23:49+00:00	8375946272		407-7268725-2950702	CustomerServiceIssue	1020300	X001G4G9HP	B09HH7K6W6	Cubelelo Drift 2x2 Black Speed Cube | Sleek & Fast Puzzle for Kids and Adults | Brain-Boosting Magic Cube for Kids Adults Comes in (Multicolor) Design	NewItem	INR	41.05	41.05	1	0	1		
2026-05-31T06:01:29+00:00	8375280772		171-0199896-7178718	CustomerReturn	1260100	X001VFDNDR	B0CJFVM7VR	Cubelelo Drift Puppet I Speed Cube | Brain Teaser Puzzle Toys | Limited Rotation | Creative New Cube for Kids and Adults	NewItem	INR	365.40	365.40	1	0	1		
2026-05-31T05:21:44+00:00	8374431022		405-0479921-2479553	CustomerReturn	1030651	X0025EZ04D	B0DJQWJFSX	Cubelelo Drift 3M Plus v2 3x3 (Magnetic) (New Upgraded Version) | Based on MoYu RS3M v5 | Dual-Adjustment System | Speedcube for Kids & Adults | Magic Speedy Stress Buster Brainstorming Puzzle	NewItem	INR	564.23	564.23	1	0	1		
2026-05-31T04:03:44+00:00	8374833702		403-6439732-6901119	CustomerReturn	1030700_EAN	X001P8LWWT	B0BRXJ9Q4G	Cubelelo Drift 3M Plus v2 3x3 (Magnetic) Cube | New Upgraded Version Based on MoYu RS3M v5 | Dual-Adjustment System | Premium Speedcube for Kids Boys Girls Ages 4+ Year Old & Adults	NewItem	INR	564.23	564.23	1	0	1		
2026-05-31T03:28:05+00:00	8374826972		406-9900731-8529132	CustomerReturn	1120100	X0019BU32H	B08LBGYZ51	Cubelelo Drift 3x3 Mirror (Silver) Magic Speed Cube | Shape Shifter Speedcube with Durable Stickers | Advanced 3x3x3 Puzzle Toy for Kids Ages 7-14 Boys Girls & Adults | Collector's Item	NewItem	INR	184.46	184.46	1	0	1		
2026-05-31T00:39:56+00:00	8374384572		407-5808337-8512341	CustomerServiceIssue	1030300_EAN	X002C88WLZ	B0FBMGT6V7	Cubelelo Drift Explorer 3x3 Speed Cube | Best Starter Speedcube for Beginners | Perfect Brain Teaser for Kids Ages 4 to14 Years Old & Above Boys Girls Children | Smooth Turning Puzzle Toy for Adults	NewItem	INR	41.60	41.60	1	0	1		
2026-05-30T20:26:22+00:00	8374321462		406-2787186-7661934	CustomerReturn	1310036_EAN	X001PWQJFP	B0BV276B7T	Cubelelo Magic Snake Rainbow Puzzle Cube (72 Wedges) | Twist and Turn Shape Creation Fun Game for Kids Boys Girls and Adults | Multicolor Brain Teaser Stress Buster Toy | for Ages 3 Years and Above	NewItem	INR	4.21	4.21	1	0	1		
2026-05-30T19:37:50+00:00	8374264582		404-0853227-7017160	CustomerReturn	1030300_EAN	X002C88WLZ	B0FBMGT6V7	Cubelelo Drift Explorer 3x3 Speed Cube | Best Starter Speedcube for Beginners | Perfect Brain Teaser for Kids Ages 4 to14 Years Old & Above Boys Girls Children | Smooth Turning Puzzle Toy for Adults	NewItem	INR	41.60	41.60	1	0	1		
2026-05-30T16:41:14+00:00	8373460112		402-0037239-4201128	CustomerReturn	1030300_EAN	X002C88WLZ	B0FBMGT6V7	Cubelelo Drift Explorer 3x3 Speed Cube | Best Starter Speedcube for Beginners | Perfect Brain Teaser for Kids Ages 4 to14 Years Old & Above Boys Girls Children | Smooth Turning Puzzle Toy for Adults	NewItem	INR	41.60	41.60	1	0	1		
2026-05-30T15:28:57+00:00	8373220312		402-1454717-2512351	CustomerReturn	1630210	X00262W227	B09HH8CC7Y	Cubelelo Drift Number Sliding Magnetic Puzzle 4x4 | Toys For 6-10 Years Old Boys & Girls | 15-Blocks Brain Teaser Puzzle Game for Kids | Educational, Learning, Activity Toy for Return & Birthday Gifts	NewItem	INR	155.90	155.90	1	0	1		
2026-05-30T15:00:15+00:00	8373708242		408-0345820-3252369	CustomerServiceIssue	1630222	X002HPDYRF	B0GH18NXXG	Cubelelo Drift Magnetic Tangram Puzzle | with Strong Magnets, Wooden Pieces & Bold Colors | Toys for 5-10 Years Old Boys Girls & Adults | Travel Friendly, Educational Toy for Return & Birthday Gifts	NewItem	INR	133.68	133.68	1	0	1		
2026-05-30T14:39:45+00:00	8372849772		406-8232104-5989928	CustomerServiceIssue	1630201	X001I5SK8D	B09QMNCWYG	Cubelelo Drift Infinity Cube (Green) | Magic Puzzle Cool Mini Gadget for Stress and Anxiety Relief for Kids and Adults | Desk Finger Flip Toy for Fun and Game | for Ages 3 Years and Above	NewItem	INR	2.00	2.00	1	0	1		
2026-05-30T10:46:58+00:00	8372202502		408-0424226-1369955	CustomerServiceIssue	1460553	X001WPZI9N	B0BYVHGR5H	Cubelelo Drift 2x2, 3x3 & Pyraminx Cube Combo (Stickerless) | Ideal for Kids Above 3 4 5 6 Years Old Boys Girls | 3 in 1 Speedcube Gift Set | High Speed Puzzle 3x3x3 2x2x2 Pyramid Triangle	NewItem	INR	379.66	379.66	1	0	1		
2026-05-30T10:46:02+00:00	8371777412		404-2831549-7205117	CustomerServiceIssue	1040400	X002DFU80F	B0FL7TDJLF	Cubelelo Drift 4x4 Stickerless Cube Puzzle Toy | Combines Smoothness, Stability & Durability | 4x4x4 Speedcube for Beginners| Suitable for Kids Ages 6 to 14 Years Old, Boys, Girls & Adults	NewItem	INR	2.84	2.84	1	0	1		
2026-05-30T09:03:55+00:00	8371609702		404-1125371-3391565	CustomerServiceIssue	1630210	X00262W227	B09HH8CC7Y	Cubelelo Drift Number Sliding Magnetic Puzzle 4x4 | Toys For 6-10 Years Old Boys & Girls | 15-Blocks Brain Teaser Puzzle Game for Kids | Educational, Learning, Activity Toy for Return & Birthday Gifts	NewItem	INR	46.77	46.77	1	0	1		
2026-05-30T08:19:50+00:00	8371695542		402-2156088-8209928	CustomerReturn	1030604	X0027JJHDB	B0DRVQVFJB	Cubelelo Drift 3M v3 3x3 Magnetic Speedcube (Standard) | Latest Version with New & Improved Internal Structure for Smooth Turns & Stability | Cube Toy for 6-10 Years Old Boys Girls Adults	NewItem	INR	331.09	331.09	1	0	1		
2026-05-30T06:48:49+00:00	8371330352		407-2219349-0930702	CustomerReturn	1050200	X001GM0XER	B09K7QTCXP	Cubelelo Drift 5x5 Stickerless Speed Cube | AKA Professor's Cube Magic Puzzle for Kids & Adults | Smooth and Durable Speedy Brainstorming Puzzle| Ultimate Stress Buster and Mind Challenge	NewItem	INR	26.56	26.56	1	0	1		
2026-05-29T19:48:37+00:00	8369870042		407-9093126-2587538	CustomerServiceIssue	1290300	X00239RFKR	B0DB6311DK	Cubelelo Drift Megaminx v2 Cube (New Improved Version) | 12-Sided Fun and Challenging Puzzle with Ridge Design | Smooth Turning Dodecahedron | Perfect for Speed-Cubing | Ideal for Kids & Adults	NewItem	INR	469.00	469.00	1	0	1		
2026-05-29T14:09:53+00:00	8369326182		402-9088418-5896357	CustomerServiceIssue	1120100	X0019BU32H	B08LBGYZ51	Cubelelo Drift 3x3 Mirror (Silver) Magic Speed Cube | Shape Shifter Speedcube with Durable Stickers | Advanced 3x3x3 Puzzle Toy for Kids Ages 7-14 Boys Girls & Adults | Collector's Item	NewItem	INR	1.84	1.84	1	0	1		
2026-05-29T11:00:41+00:00	8368437512		407-4612573-1958751	CustomerReturn	1460577	X00232KSTT	B0D9NW55MK	Cubelelo Drift 2x2 with Cube Lubricant and Stand Combo | High-Performance Speed Cube | Smooth Turning & Durable | Ideal for All Ages	NewItem	INR	162.07	162.07	1	0	1		
2026-05-29T09:58:25+00:00	8367588772		402-6390793-6549914	CustomerReturn	1030400	X0012WM1NR	B07XPNC385	Cubelelo Drift 3x3 Black Speedcube | Beginner Cube for Kids & Adults | Magic Speed Stress Buster Brainstorming Puzzle (Multicolor) | Anti-Pop Technology | Smooth Turning | Durable	NewItem	INR	88.27	88.27	1	0	1		
2026-05-29T09:39:10+00:00	8367704922		402-4776329-1009149	CustomerReturn	1630210	X00262W227	B09HH8CC7Y	Cubelelo Drift Number Sliding Magnetic Puzzle 4x4 | Toys For 6-10 Years Old Boys & Girls | 15-Blocks Brain Teaser Puzzle Game for Kids | Educational, Learning, Activity Toy for Return & Birthday Gifts	NewItem	INR	1.56	1.56	1	0	1		
2026-05-29T09:29:24+00:00	8367826292		403-7456510-1354764	CustomerReturn	1460510	X001VW450P	B0BZL11XWC	Cubelelo Drift 4x4, 5x5 Premium Gift Box | 2-in-1 Puzzle Game Set | Challenge, Thrice The Fun | Ultimate Value Saver Combo | Brainstoming Toy for Children Kids & Adults	NewItem	INR	6.11	6.11	1	0	1		
2026-05-29T08:35:03+00:00	8367541792		171-1792592-8408324	CustomerReturn	1030300_EAN	X002C88WLZ	B0FBMGT6V7	Cubelelo Drift Explorer 3x3 Speed Cube | Best Starter Speedcube for Beginners | Perfect Brain Teaser for Kids Ages 4 to14 Years Old & Above Boys Girls Children | Smooth Turning Puzzle Toy for Adults	NewItem	INR	41.60	41.60	1	0	1		
2026-05-29T07:52:57+00:00	8367374282		408-1557457-7170762	CustomerReturn	1030300_EAN	X002C88WLZ	B0FBMGT6V7	Cubelelo Drift Explorer 3x3 Speed Cube | Best Starter Speedcube for Beginners | Perfect Brain Teaser for Kids Ages 4 to14 Years Old & Above Boys Girls Children | Smooth Turning Puzzle Toy for Adults	NewItem	INR	0.41	0.41	1	0	1		
2026-05-29T07:25:53+00:00	8367283692		402-6875959-3169968	CustomerReturn	1290300	X00239RFKR	B0DB6311DK	Cubelelo Drift Megaminx v2 Cube (New Improved Version) | 12-Sided Fun and Challenging Puzzle with Ridge Design | Smooth Turning Dodecahedron | Perfect for Speed-Cubing | Ideal for Kids & Adults	NewItem	INR	4.51	4.51	1	0	1		
2026-05-29T06:10:13+00:00	8367350872		406-4147928-7470738	CustomerReturn	1030300_EAN	X002C88WLZ	B0FBMGT6V7	Cubelelo Drift Explorer 3x3 Speed Cube | Best Starter Speedcube for Beginners | Perfect Brain Teaser for Kids Ages 4 to14 Years Old & Above Boys Girls Children | Smooth Turning Puzzle Toy for Adults	NewItem	INR	41.60	41.60	1	0	1		
2026-05-28T20:25:27+00:00	8366336742		403-2495504-8102707	CustomerServiceIssue	1030478	X001HYK0PL	B09PYRTM4X	Cubelelo Drift 3x3 Jelly Edition Speedcube Magic Cube Puzzle	NewItem	INR	165.41	165.41	1	0	1		
2026-05-28T18:50:56+00:00	8366004152		402-1386350-1791559	CustomerReturn	1040300	X001G4QY25	B09HH8XQ14	Cubelelo Drift 4x4 (Black) Speedcube | Challenging Brain Teaser Puzzle Toy for Kids 7-14 Years Old Boys Girls & Adults All Ages | Fast Speed Cube for Intermediate and Advanced Cubers	NewItem	INR	184.46	184.46	1	0	1		
2026-05-28T18:32:14+00:00	8366080992		404-1208088-4033102	CustomerServiceIssue	1030300_EAN	X002C88WLZ	B0FBMGT6V7	Cubelelo Drift Explorer 3x3 Speed Cube | Best Starter Speedcube for Beginners | Perfect Brain Teaser for Kids Ages 4 to14 Years Old & Above Boys Girls Children | Smooth Turning Puzzle Toy for Adults	NewItem	INR	41.60	41.60	1	0	1		
2026-05-28T18:31:28+00:00	8366607602		171-2525666-7850765	CustomerReturn	CLB0502	X001VZMI15	B0CL3HR7YS	Cubelelo Drift Warrior 3x3 & Premium Cube Lubricant Combo | Speed Cube Set for Fast, Smooth, Professional Solving | Ultimate Kit for All Your Speedcubing Needs Multicolor for Kids, Adults All Ages	NewItem	INR	155.89	155.89	1	0	1		
2026-05-28T15:34:16+00:00	8365543792			Damaged_Warehouse	1630210	X00262W227	B09HH8CC7Y	Cubelelo Drift Number Sliding Magnetic Puzzle 4x4 | Toys For 6-10 Years Old Boys & Girls | 15-Blocks Brain Teaser Puzzle Game for Kids | Educational, Learning, Activity Toy for Return & Birthday Gifts	NewItem	INR	46.48	46.48	1	0	1		
2026-05-28T13:52:02+00:00	8364246332		407-4069210-9511560	CustomerServiceIssue	1030300_EAN	X002C88WLZ	B0FBMGT6V7	Cubelelo Drift Explorer 3x3 Speed Cube | Best Starter Speedcube for Beginners | Perfect Brain Teaser for Kids Ages 4 to14 Years Old & Above Boys Girls Children | Smooth Turning Puzzle Toy for Adults	NewItem	INR	3.25	3.25	1	0	1		
2026-05-28T10:49:56+00:00	8364274962		408-7376427-4991556	CustomerReturn	TB00005	X002CXONGD	B0FJ21PMFM	TinkerBox Wooden Ball Tracker | 12+ Months | Montessori Rolling Ball Toy for Toddlers & Kids | STEM Learning Puzzle for Visual Tracking & Motor Skills Development | Safe & Durable Wooden Toy	NewItem	INR	705.98	705.98	1	0	1		
2026-05-28T10:23:24+00:00	8363939472		402-9739354-4621107	CustomerReturn	1630210	X00262W227	B09HH8CC7Y	Cubelelo Drift Number Sliding Magnetic Puzzle 4x4 | Toys For 6-10 Years Old Boys & Girls | 15-Blocks Brain Teaser Puzzle Game for Kids | Educational, Learning, Activity Toy for Return & Birthday Gifts	NewItem	INR	155.89	155.89	1	0	1		
2026-05-28T08:29:42+00:00	8363693992		402-5624038-3444366	CustomerReturn	1460501	X001VLOAKL	B08XK25RRF	Cubelelo Drift 2x2 & 3x3 Cube Gift Box Combo | 2-in-1 Puzzle Toy Game Set for Children Kids & Adults Ages 4 5 6 & Above | Double the Challenge, Twice the Fun | Ultimate Value Saver Combo	NewItem	INR	183.51	183.51	1	0	1		
2026-05-28T08:22:52+00:00	8362997052		403-8157252-8297154	CustomerServiceIssue	1050200	X001GM0XER	B09K7QTCXP	Cubelelo Drift 5x5 Stickerless Speed Cube | AKA Professor's Cube Magic Puzzle for Kids & Adults | Smooth and Durable Speedy Brainstorming Puzzle| Ultimate Stress Buster and Mind Challenge	NewItem	INR	332.04	332.04	1	0	1		
2026-05-28T07:33:13+00:00	8362769822		406-5880552-5240304	CustomerServiceIssue	1030400	X0012WM1NR	B07XPNC385	Cubelelo Drift 3x3 Black Speedcube | Beginner Cube for Kids & Adults | Magic Speed Stress Buster Brainstorming Puzzle (Multicolor) | Anti-Pop Technology | Smooth Turning | Durable	NewItem	INR	6.99	6.99	1	0	1		
2026-05-28T06:43:10+00:00	8363173072		171-0802584-4084327	CustomerServiceIssue	1030604	X0027JJHDB	B0DRVQVFJB	Cubelelo Drift 3M v3 3x3 Magnetic Speedcube (Standard) | Latest Version with New & Improved Internal Structure for Smooth Turns & Stability | Cube Toy for 6-10 Years Old Boys Girls Adults	NewItem	INR	3.80	3.80	1	0	1		
2026-05-28T04:53:06+00:00	8362475982		405-3222604-1235500	CustomerReturn	1290300	X00239RFKR	B0DB6311DK	Cubelelo Drift Megaminx v2 Cube (New Improved Version) | 12-Sided Fun and Challenging Puzzle with Ridge Design | Smooth Turning Dodecahedron | Perfect for Speed-Cubing | Ideal for Kids & Adults	NewItem	INR	4.69	4.69	1	0	1		
2026-05-28T03:13:04+00:00	8362559662		408-0746954-8329911	CustomerServiceIssue	1140022	X001602BQR	B08169YZPG	Cubelelo Drift Gear 3x3 Stickerless Cube Speed Cube | Toy for Kids & Adults | Magic Speedy Stress Buster Brainstorming Puzzle 3x3x3 (Multicolor)	NewItem	INR	85.33	85.33	1	0	1		
2026-05-28T01:19:06+00:00	8362426192		403-8214857-7140338	CustomerServiceIssue	1030604	X0027JJHDB	B0DRVQVFJB	Cubelelo Drift 3M v3 3x3 Magnetic Speedcube (Standard) | Latest Version with New & Improved Internal Structure for Smooth Turns & Stability | Cube Toy for 6-10 Years Old Boys Girls Adults	NewItem	INR	3.80	3.80	1	0	1		
2026-05-28T00:38:51+00:00	8362523332		408-4083696-4694703	CustomerServiceIssue	1030500	X0018CDFL3	B08H88N2N9	Cubelelo Drift Warrior 3x3 Stickerless Cube | Beginner Speedcube for Kids Boys Girls Above 3 4 5 6 Years Old & Above | Magic Puzzle Toy | Durable & Smooth Cube with Anti-Pop Design 3 3	NewItem	INR	88.28	88.28	1	0	1		
2026-05-28T00:29:28+00:00	8362527622		404-5237206-5733912	CustomerReturn	1040300	X001G4QY25	B09HH8XQ14	Cubelelo Drift 4x4 (Black) Speedcube | Challenging Brain Teaser Puzzle Toy for Kids 7-14 Years Old Boys Girls & Adults All Ages | Fast Speed Cube for Intermediate and Advanced Cubers	NewItem	INR	18.94	18.94	1	0	1		
2026-05-27T22:13:02+00:00	8361820132		407-3997782-0649945	CustomerReturn	1040300	X001G4QY25	B09HH8XQ14	Cubelelo Drift 4x4 (Black) Speedcube | Challenging Brain Teaser Puzzle Toy for Kids 7-14 Years Old Boys Girls & Adults All Ages | Fast Speed Cube for Intermediate and Advanced Cubers	NewItem	INR	184.46	184.46	1	0	1		
2026-05-27T21:45:49+00:00	8361953972		404-3294457-6989960	CustomerServiceIssue	1030300_EAN	X002C88WLZ	B0FBMGT6V7	Cubelelo Drift Explorer 3x3 Speed Cube | Best Starter Speedcube for Beginners | Perfect Brain Teaser for Kids Ages 4 to14 Years Old & Above Boys Girls Children | Smooth Turning Puzzle Toy for Adults	NewItem	INR	41.60	41.60	1	0	1		
2026-05-27T21:25:48+00:00	8361859762		406-6957211-7040318	CustomerReturn	1630202	X001ETHG47	B09B7PNSTV	Cubelelo Drift Infinity Cube (Blue) | Magic Puzzle Cool Mini Gadget for Stress and Anxiety Relief for Kids and Adults | Desk Finger Flip Toy for Fun and Game | for Ages 3 Years and Above	NewItem	INR	198.84	198.84	1	0	1		
2026-05-27T17:39:57+00:00	8361430792		403-3284689-3273941	CustomerServiceIssue	1140022	X001602BQR	B08169YZPG	Cubelelo Drift Gear 3x3 Stickerless Cube Speed Cube | Toy for Kids & Adults | Magic Speedy Stress Buster Brainstorming Puzzle 3x3x3 (Multicolor)	NewItem	INR	21.15	21.15	1	0	1		
2026-05-27T16:11:06+00:00	8361229862		405-9276704-8073149	CustomerReturn	1030300_EAN	X002C88WLZ	B0FBMGT6V7	Cubelelo Drift Explorer 3x3 Speed Cube | Best Starter Speedcube for Beginners | Perfect Brain Teaser for Kids Ages 4 to14 Years Old & Above Boys Girls Children | Smooth Turning Puzzle Toy for Adults	NewItem	INR	0.42	0.42	1	0	1		
2026-05-27T15:49:58+00:00	8361355302		406-4055549-1404353	CustomerServiceIssue	1290300	X00239RFKR	B0DB6311DK	Cubelelo Drift Megaminx v2 Cube (New Improved Version) | 12-Sided Fun and Challenging Puzzle with Ridge Design | Smooth Turning Dodecahedron | Perfect for Speed-Cubing | Ideal for Kids & Adults	NewItem	INR	37.44	37.44	1	0	1		
2026-05-27T12:55:58+00:00	8360337462		402-4817897-1588315	CustomerReturn	1630201	X001I5SK8D	B09QMNCWYG	Cubelelo Drift Infinity Cube (Green) | Magic Puzzle Cool Mini Gadget for Stress and Anxiety Relief for Kids and Adults | Desk Finger Flip Toy for Fun and Game | for Ages 3 Years and Above	NewItem	INR	2.00	2.00	1	0	1		
2026-05-27T11:16:44+00:00	8359370712		404-3617901-7113165	CustomerServiceIssue	1310036_EAN	X001PWQJFP	B0BV276B7T	Cubelelo Magic Snake Rainbow Puzzle Cube (72 Wedges) | Twist and Turn Shape Creation Fun Game for Kids Boys Girls and Adults | Multicolor Brain Teaser Stress Buster Toy | for Ages 3 Years and Above	NewItem	INR	33.63	33.63	1	0	1		
2026-05-27T08:06:52+00:00	8358950122		408-3602660-6435511	CustomerServiceIssue	1630207	X001WVG7RT	B0CNXPFMRV	Cubelelo Drift Rainbow Ball Puzzle | Compact, Multicolor Sphere (Fidget Toy) | Portable Brain Teaser for Kids & Adults | Stress Relief & Fun On-The-Go Puzzle	NewItem	INR	1.74	1.74	1	0	1		
2026-05-27T07:24:42+00:00	8358699422		171-9663831-4698703	CustomerReturn	1630202	X001ETHG47	B09B7PNSTV	Cubelelo Drift Infinity Cube (Blue) | Magic Puzzle Cool Mini Gadget for Stress and Anxiety Relief for Kids and Adults | Desk Finger Flip Toy for Fun and Game | for Ages 3 Years and Above	NewItem	INR	73.87	73.87	1	0	1		
2026-05-27T06:35:29+00:00	8358062322		408-9344254-6429959	CustomerReturn	1060100	X001G4MZFF	B09HH5R69B	Cubelelo Drift 6x6 Stickerless Speed Cube Magic Puzzle for Kids & Adults | Advanced Level Speedcube | Speedy Stress Buster Brainstorming Cube	NewItem	INR	68.00	68.00	1	0	1		
2026-05-27T05:58:47+00:00	8358643972		405-2882169-2351505	CustomerReturn	1030604	X0027JJHDB	B0DRVQVFJB	Cubelelo Drift 3M v3 3x3 Magnetic Speedcube (Standard) | Latest Version with New & Improved Internal Structure for Smooth Turns & Stability | Cube Toy for 6-10 Years Old Boys Girls Adults	NewItem	INR	332.04	332.04	1	0	1		
2026-05-27T05:00:58+00:00	8358283472		405-2004400-4915504	CustomerServiceIssue	1630202	X001ETHG47	B09B7PNSTV	Cubelelo Drift Infinity Cube (Blue) | Magic Puzzle Cool Mini Gadget for Stress and Anxiety Relief for Kids and Adults | Desk Finger Flip Toy for Fun and Game | for Ages 3 Years and Above	NewItem	INR	19.70	19.70	1	0	1		
2026-05-27T02:05:02+00:00	8357541902		405-0446998-8356307	CustomerServiceIssue	1630207	X001WVG7RT	B0CNXPFMRV	Cubelelo Drift Rainbow Ball Puzzle | Compact, Multicolor Sphere (Fidget Toy) | Portable Brain Teaser for Kids & Adults | Stress Relief & Fun On-The-Go Puzzle	NewItem	INR	1.74	1.74	1	0	1		
2026-05-26T23:58:48+00:00	8357505212		404-4647030-2385116	CustomerReturn	1040300	X001G4QY25	B09HH8XQ14	Cubelelo Drift 4x4 (Black) Speedcube | Challenging Brain Teaser Puzzle Toy for Kids 7-14 Years Old Boys Girls & Adults All Ages | Fast Speed Cube for Intermediate and Advanced Cubers	NewItem	INR	1.76	1.76	1	0	1		
2026-05-26T22:22:06+00:00	8357400612		407-1321980-8775537	CustomerServiceIssue	1030300_EAN	X002C88WLZ	B0FBMGT6V7	Cubelelo Drift Explorer 3x3 Speed Cube | Best Starter Speedcube for Beginners | Perfect Brain Teaser for Kids Ages 4 to14 Years Old & Above Boys Girls Children | Smooth Turning Puzzle Toy for Adults	NewItem	INR	12.20	12.20	1	0	1		
2026-05-26T21:52:12+00:00	8357581662		171-9663831-4698703	CustomerServiceIssue	1630202	X001ETHG47	B09B7PNSTV	Cubelelo Drift Infinity Cube (Blue) | Magic Puzzle Cool Mini Gadget for Stress and Anxiety Relief for Kids and Adults | Desk Finger Flip Toy for Fun and Game | for Ages 3 Years and Above	NewItem	INR	19.70	19.70	1	0	1		
2026-05-26T19:30:59+00:00	8357114542		171-9474017-4265128	CustomerServiceIssue	1030604	X0027JJHDB	B0DRVQVFJB	Cubelelo Drift 3M v3 3x3 Magnetic Speedcube (Standard) | Latest Version with New & Improved Internal Structure for Smooth Turns & Stability | Cube Toy for 6-10 Years Old Boys Girls Adults	NewItem	INR	331.08	331.08	1	0	1		
2026-05-26T18:27:37+00:00	8357325492		406-8569069-7040333	CustomerReturn	1030300_EAN	X002C88WLZ	B0FBMGT6V7	Cubelelo Drift Explorer 3x3 Speed Cube | Best Starter Speedcube for Beginners | Perfect Brain Teaser for Kids Ages 4 to14 Years Old & Above Boys Girls Children | Smooth Turning Puzzle Toy for Adults	NewItem	INR	41.60	41.60	1	0	1		
2026-05-26T17:46:19+00:00	8356787672		408-6999308-6723568	CustomerReturn	1630202	X001ETHG47	B09B7PNSTV	Cubelelo Drift Infinity Cube (Blue) | Magic Puzzle Cool Mini Gadget for Stress and Anxiety Relief for Kids and Adults | Desk Finger Flip Toy for Fun and Game | for Ages 3 Years and Above	NewItem	INR	198.84	198.84	1	0	1		
2026-05-26T16:59:32+00:00	8357167532		408-6366206-5670700	CustomerServiceIssue	1030500	X0018CDFL3	B08H88N2N9	Cubelelo Drift Warrior 3x3 Stickerless Cube | Beginner Speedcube for Kids Boys Girls Above 3 4 5 6 Years Old & Above | Magic Puzzle Toy | Durable & Smooth Cube with Anti-Pop Design 3 3	NewItem	INR	7.90	7.90	1	0	1		
2026-05-26T14:40:39+00:00	8356854082		405-5608098-3438768	CustomerReturn	1460510	X001VW450P	B0BZL11XWC	Cubelelo Drift 4x4, 5x5 Premium Gift Box | 2-in-1 Puzzle Game Set | Challenge, Thrice The Fun | Ultimate Value Saver Combo | Brainstoming Toy for Children Kids & Adults	NewItem	INR	6.12	6.12	1	0	1		
2026-05-26T13:24:14+00:00	8355739832		407-7497772-7675522	CustomerReturn	1630222	X002HPDYRF	B0GH18NXXG	Cubelelo Drift Magnetic Tangram Puzzle | with Strong Magnets, Wooden Pieces & Bold Colors | Toys for 5-10 Years Old Boys Girls & Adults | Travel Friendly, Educational Toy for Return & Birthday Gifts	NewItem	INR	283.46	283.46	1	0	1		
2026-05-26T11:59:13+00:00	8356028342		407-8812119-4653126	CustomerServiceIssue	1030300_EAN	X002C88WLZ	B0FBMGT6V7	Cubelelo Drift Explorer 3x3 Speed Cube | Best Starter Speedcube for Beginners | Perfect Brain Teaser for Kids Ages 4 to14 Years Old & Above Boys Girls Children | Smooth Turning Puzzle Toy for Adults	NewItem	INR	12.20	12.20	1	0	1		
2026-05-26T10:22:24+00:00	8354999812		408-5027196-1472332	CustomerReturn	1030603	X0027JJ8K3	B0DRVMTFN1	Cubelelo Drift 3M v3 3x3 (Magnetic UV Coated) Speedcube - New Version | Premium Glossy Finish, Ultra Fast & Smooth Turns, Enhanced Auto-Alignment with 48 Magnets | Puzzle Cube for Kids & Adults	NewItem	INR	197.56	197.56	1	0	1		
2026-05-26T09:54:22+00:00	8354558462		404-7760345-7206761	CustomerReturn	1030604	X0027JJHDB	B0DRVQVFJB	Cubelelo Drift 3M v3 3x3 Magnetic Speedcube (Standard) | Latest Version with New & Improved Internal Structure for Smooth Turns & Stability | Cube Toy for 6-10 Years Old Boys Girls Adults	NewItem	INR	155.61	155.61	1	0	1		
2026-05-26T08:25:44+00:00	8354468452		406-8051838-2099551	CustomerServiceIssue	1040300	X001G4QY25	B09HH8XQ14	Cubelelo Drift 4x4 (Black) Speedcube | Challenging Brain Teaser Puzzle Toy for Kids 7-14 Years Old Boys Girls & Adults All Ages | Fast Speed Cube for Intermediate and Advanced Cubers	NewItem	INR	71.04	71.04	1	0	1		
2026-05-26T07:56:37+00:00	8353956662		408-9651048-5765105	CustomerReturn	1630202	X001ETHG47	B09B7PNSTV	Cubelelo Drift Infinity Cube (Blue) | Magic Puzzle Cool Mini Gadget for Stress and Anxiety Relief for Kids and Adults | Desk Finger Flip Toy for Fun and Game | for Ages 3 Years and Above	NewItem	INR	198.84	198.84	1	0	1		
2026-05-26T03:38:58+00:00	8354087862		171-4270398-8129909	CustomerServiceIssue	1030300_EAN	X002C88WLZ	B0FBMGT6V7	Cubelelo Drift Explorer 3x3 Speed Cube | Best Starter Speedcube for Beginners | Perfect Brain Teaser for Kids Ages 4 to14 Years Old & Above Boys Girls Children | Smooth Turning Puzzle Toy for Adults	NewItem	INR	41.60	41.60	1	0	1		
2026-05-26T03:03:31+00:00	8353721452			Damaged_Warehouse	1040300	X001G4QY25	B09HH8XQ14	Cubelelo Drift 4x4 (Black) Speedcube | Challenging Brain Teaser Puzzle Toy for Kids 7-14 Years Old Boys Girls & Adults All Ages | Fast Speed Cube for Intermediate and Advanced Cubers	NewItem	INR	55.34	55.34	1	0	1		
2026-05-25T22:35:33+00:00	8353211812		405-6520752-2574734	CustomerReturn	1030300_EAN	X002C88WLZ	B0FBMGT6V7	Cubelelo Drift Explorer 3x3 Speed Cube | Best Starter Speedcube for Beginners | Perfect Brain Teaser for Kids Ages 4 to14 Years Old & Above Boys Girls Children | Smooth Turning Puzzle Toy for Adults	NewItem	INR	41.60	41.60	1	0	1		
2026-05-25T22:35:27+00:00	8353283202		406-2584534-0837961	CustomerReturn	1630202	X001ETHG47	B09B7PNSTV	Cubelelo Drift Infinity Cube (Blue) | Magic Puzzle Cool Mini Gadget for Stress and Anxiety Relief for Kids and Adults | Desk Finger Flip Toy for Fun and Game | for Ages 3 Years and Above	NewItem	INR	198.84	198.84	1	0	1		
2026-05-25T20:31:24+00:00	8353172152		171-8314026-9786751	CustomerReturn	1030300_EAN	X002C88WLZ	B0FBMGT6V7	Cubelelo Drift Explorer 3x3 Speed Cube | Best Starter Speedcube for Beginners | Perfect Brain Teaser for Kids Ages 4 to14 Years Old & Above Boys Girls Children | Smooth Turning Puzzle Toy for Adults	NewItem	INR	41.60	41.60	1	0	1		
2026-05-25T20:29:42+00:00	8353166142		408-6973789-9795557	CustomerReturn	1150100	X001F0EEEF	B09BZMB4RT	Cubelelo Drift Square-1 Stickerless Cube Puzzle for Kids & Adults Speedy Stress Buster Brainstorming Cube	NewItem	INR	469.00	469.00	1	0	1		
2026-05-25T19:53:02+00:00	8352934132		402-6460781-1557103	CustomerServiceIssue	1630210	X00262W227	B09HH8CC7Y	Cubelelo Drift Number Sliding Magnetic Puzzle 4x4 | Toys For 6-10 Years Old Boys & Girls | 15-Blocks Brain Teaser Puzzle Game for Kids | Educational, Learning, Activity Toy for Return & Birthday Gifts	NewItem	INR	155.89	155.89	1	0	1		
2026-05-25T19:27:08+00:00	8353180402		402-4084740-4161917	CustomerReturn	1030604	X0027JJHDB	B0DRVQVFJB	Cubelelo Drift 3M v3 3x3 Magnetic Speedcube (Standard) | Latest Version with New & Improved Internal Structure for Smooth Turns & Stability | Cube Toy for 6-10 Years Old Boys Girls Adults	NewItem	INR	331.08	331.08	1	0	1		
2026-05-25T19:06:43+00:00	8352813962		406-6204529-5577968	CustomerServiceIssue	1030300_EAN	X002C88WLZ	B0FBMGT6V7	Cubelelo Drift Explorer 3x3 Speed Cube | Best Starter Speedcube for Beginners | Perfect Brain Teaser for Kids Ages 4 to14 Years Old & Above Boys Girls Children | Smooth Turning Puzzle Toy for Adults	NewItem	INR	4.09	4.09	1	0	1		
2026-05-25T19:01:04+00:00	8352919652		406-9499658-5637939	CustomerServiceIssue	1020200	X0019BU39P	B08LBJ3P8L	Cubelelo Drift 2x2 Stickerless Cube | Beginner Speedcube for Kids Boys Girls Above 3 4 5 6 Years Old & Above | Magic Puzzle Toy | Durable & Smooth Cube with Anti-Pop Design 2x2x2	NewItem	INR	35.05	35.05	1	0	1		
2026-05-25T16:40:57+00:00	8352654542		404-5569978-7465919	CustomerReturn	1290300	X00239RFKR	B0DB6311DK	Cubelelo Drift Megaminx v2 Cube (New Improved Version) | 12-Sided Fun and Challenging Puzzle with Ridge Design | Smooth Turning Dodecahedron | Perfect for Speed-Cubing | Ideal for Kids & Adults	NewItem	INR	4.51	4.51	1	0	1		
2026-05-25T13:32:56+00:00	8351610422		402-9690333-7045941	CustomerReturn	1630210	X00262W227	B09HH8CC7Y	Cubelelo Drift Number Sliding Magnetic Puzzle 4x4 | Toys For 6-10 Years Old Boys & Girls | 15-Blocks Brain Teaser Puzzle Game for Kids | Educational, Learning, Activity Toy for Return & Birthday Gifts	NewItem	INR	155.89	155.89	1	0	1		
2026-05-25T12:55:43+00:00	8351869812		171-8374092-9503515	CustomerReturn	1030604	X0027JJHDB	B0DRVQVFJB	Cubelelo Drift 3M v3 3x3 Magnetic Speedcube (Standard) | Latest Version with New & Improved Internal Structure for Smooth Turns & Stability | Cube Toy for 6-10 Years Old Boys Girls Adults	NewItem	INR	3.80	3.80	1	0	1		
2026-05-25T12:15:31+00:00	8351028702		406-8987712-5591501	CustomerReturn	1030400	X0012WM1NR	B07XPNC385	Cubelelo Drift 3x3 Black Speedcube | Beginner Cube for Kids & Adults | Magic Speed Stress Buster Brainstorming Puzzle (Multicolor) | Anti-Pop Technology | Smooth Turning | Durable	NewItem	INR	88.27	88.27	1	0	1		
2026-05-25T10:50:48+00:00	8351111732		404-2058134-2061155	CustomerServiceIssue	1120100	X0019BU32H	B08LBGYZ51	Cubelelo Drift 3x3 Mirror (Silver) Magic Speed Cube | Shape Shifter Speedcube with Durable Stickers | Advanced 3x3x3 Puzzle Toy for Kids Ages 7-14 Boys Girls & Adults | Collector's Item	NewItem	INR	55.34	55.34	1	0	1		
2026-05-25T09:58:41+00:00	8350906332		408-6711386-8523554	CustomerReturn	1460501	X001VLOAKL	B08XK25RRF	Cubelelo Drift 2x2 & 3x3 Cube Gift Box Combo | 2-in-1 Puzzle Toy Game Set for Children Kids & Adults Ages 4 5 6 & Above | Double the Challenge, Twice the Fun | Ultimate Value Saver Combo	NewItem	INR	183.50	183.50	1	0	1		
2026-05-25T09:49:10+00:00	8350241262		403-4405434-9198741	CustomerReturn	1030300_EAN	X002C88WLZ	B0FBMGT6V7	Cubelelo Drift Explorer 3x3 Speed Cube | Best Starter Speedcube for Beginners | Perfect Brain Teaser for Kids Ages 4 to14 Years Old & Above Boys Girls Children | Smooth Turning Puzzle Toy for Adults	NewItem	INR	2.91	2.91	1	0	1		
2026-05-25T06:27:10+00:00	8349756002		403-5908157-9729104	CustomerServiceIssue	1460501	X001VLOAKL	B08XK25RRF	Cubelelo Drift 2x2 & 3x3 Cube Gift Box Combo | 2-in-1 Puzzle Toy Game Set for Children Kids & Adults Ages 4 5 6 & Above | Double the Challenge, Twice the Fun | Ultimate Value Saver Combo	NewItem	INR	183.50	183.50	1	0	1		
2026-05-25T06:02:47+00:00	8349660262		403-4405434-9198741	CustomerReturn	1030300_EAN	X002C88WLZ	B0FBMGT6V7	Cubelelo Drift Explorer 3x3 Speed Cube | Best Starter Speedcube for Beginners | Perfect Brain Teaser for Kids Ages 4 to14 Years Old & Above Boys Girls Children | Smooth Turning Puzzle Toy for Adults	NewItem	INR	2.91	2.91	1	0	1		
2026-05-25T05:44:30+00:00	8349890962		405-5098870-1853147	CustomerReturn	1030604	X0027JJHDB	B0DRVQVFJB	Cubelelo Drift 3M v3 3x3 Magnetic Speedcube (Standard) | Latest Version with New & Improved Internal Structure for Smooth Turns & Stability | Cube Toy for 6-10 Years Old Boys Girls Adults	NewItem	INR	26.49	26.49	1	0	1		
2026-05-25T03:57:14+00:00	8349310242		404-7243992-1426724	CustomerReturn	1280100a	X001LHLHUV	B09QYW9DYC	Cubelelo Drift Pyraminx Puzzle Speedcube | Beginner Starter Cube for Kids 3+ Year Old & Above | Triangle Pyramid Shape Stickerless 3x3 Cubes Toy | Ideal for Boys Girls Children 4 5 6+ Years & Adults	NewItem	INR	13.16	13.16	1	0	1		
2026-05-25T02:19:53+00:00	8349397292		171-0048581-9603535	CustomerServiceIssue	1030700_EAN	X001P8LWWT	B0BRXJ9Q4G	Cubelelo Drift 3M Plus v2 3x3 (Magnetic) Cube | New Upgraded Version Based on MoYu RS3M v5 | Dual-Adjustment System | Premium Speedcube for Kids Boys Girls Ages 4+ Year Old & Adults	NewItem	INR	564.23	564.23	1	0	1		
2026-05-25T01:23:03+00:00	8348378502		171-0026573-8241928	CustomerServiceIssue	1270100	X001F0AT1H	B09BZPFCZ8	Cubelelo Drift Mastermorphix Stickerless Cube Puzzle for Kids & Adults Speedy Stress Buster Brainstorming Cube	NewItem	INR	2.17	2.17	1	0	1		
2026-05-24T22:51:43+00:00	8349088972		403-4172411-2352351	CustomerReturn	1960100	X001ESH40T	B09B75WYR2	Cubelelo Drift Mini 3x3 Keychain | Magic Speed Cube Toy | Puzzle for Kids and Adults | Compact and Handy Multi Purpose Brain Teaser Game for Fun and Joy | for Ages 3 Years and Above	NewItem	INR	170.18	170.18	1	0	1		
2026-05-24T21:19:29+00:00	8348951962		408-6317041-9672312	CustomerServiceIssue	1630222	X002HPDYRF	B0GH18NXXG	Cubelelo Drift Magnetic Tangram Puzzle | with Strong Magnets, Wooden Pieces & Bold Colors | Toys for 5-10 Years Old Boys Girls & Adults | Travel Friendly, Educational Toy for Return & Birthday Gifts	NewItem	INR	133.23	133.23	1	0	1		
2026-05-24T17:29:47+00:00	8348574042		402-7294146-9221963	CustomerServiceIssue	1030400	X0012WM1NR	B07XPNC385	Cubelelo Drift 3x3 Black Speedcube | Beginner Cube for Kids & Adults | Magic Speed Stress Buster Brainstorming Puzzle (Multicolor) | Anti-Pop Technology | Smooth Turning | Durable	NewItem	INR	0.87	0.87	1	0	1		
2026-05-24T16:32:12+00:00	8348082192		402-3030233-4334706	CustomerReturn	1020200	X0019BU39P	B08LBJ3P8L	Cubelelo Drift 2x2 Stickerless Cube | Beginner Speedcube for Kids Boys Girls Above 3 4 5 6 Years Old & Above | Magic Puzzle Toy | Durable & Smooth Cube with Anti-Pop Design 2x2x2	NewItem	INR	110.33	110.33	1	0	1		
2026-05-24T08:47:09+00:00	8345638582		402-3030233-4334706	CustomerReturn	1630210	X00262W227	B09HH8CC7Y	Cubelelo Drift Number Sliding Magnetic Puzzle 4x4 | Toys For 6-10 Years Old Boys & Girls | 15-Blocks Brain Teaser Puzzle Game for Kids | Educational, Learning, Activity Toy for Return & Birthday Gifts	NewItem	INR	148.20	148.20	1	0	1		
2026-05-24T05:18:02+00:00	8344917922		403-4651749-5537943	CustomerReturn	1630210	X00262W227	B09HH8CC7Y	Cubelelo Drift Number Sliding Magnetic Puzzle 4x4 | Toys For 6-10 Years Old Boys & Girls | 15-Blocks Brain Teaser Puzzle Game for Kids | Educational, Learning, Activity Toy for Return & Birthday Gifts	NewItem	INR	155.90	155.90	1	0	1		
2026-05-24T04:20:48+00:00	8345071302		407-2695374-9741938	CustomerReturn	1460501	X001VLOAKL	B08XK25RRF	Cubelelo Drift 2x2 & 3x3 Cube Gift Box Combo | 2-in-1 Puzzle Toy Game Set for Children Kids & Adults Ages 4 5 6 & Above | Double the Challenge, Twice the Fun | Ultimate Value Saver Combo	NewItem	INR	183.51	183.51	1	0	1		
2026-05-24T03:34:29+00:00	8345478832		403-2931765-6611500	CustomerReturn	1030300_EAN	X002C88WLZ	B0FBMGT6V7	Cubelelo Drift Explorer 3x3 Speed Cube | Best Starter Speedcube for Beginners | Perfect Brain Teaser for Kids Ages 4 to14 Years Old & Above Boys Girls Children | Smooth Turning Puzzle Toy for Adults	NewItem	INR	41.60	41.60	1	0	1		
2026-05-24T01:48:46+00:00	8344857302		403-7970190-0985927	CustomerReturn	1030604	X0027JJHDB	B0DRVQVFJB	Cubelelo Drift 3M v3 3x3 Magnetic Speedcube (Standard) | Latest Version with New & Improved Internal Structure for Smooth Turns & Stability | Cube Toy for 6-10 Years Old Boys Girls Adults	NewItem	INR	155.61	155.61	1	0	1		
2026-05-23T23:27:05+00:00	8345159912		406-6183374-6168332	CustomerServiceIssue	1020200	X0019BU39P	B08LBJ3P8L	Cubelelo Drift 2x2 Stickerless Cube | Beginner Speedcube for Kids Boys Girls Above 3 4 5 6 Years Old & Above | Magic Puzzle Toy | Durable & Smooth Cube with Anti-Pop Design 2x2x2	NewItem	INR	9.35	9.35	1	0	1		
2026-05-23T22:45:37+00:00	8345130452		171-4076042-9640360	CustomerServiceIssue	TB00001	X002C7B5I3	B0FF2FSJ7P	TinkerBox Wooden My First Tool Kit with Storage Box | Toys for Kids 6-10 Year Old Boys and Girls | Premium 34-Piece Pretend Play Set | Realistic Tools for Learning, Education & Skill Develpoment	NewItem	INR	307.90	307.90	1	0	1		
2026-05-23T22:13:16+00:00	8344753632		407-4938922-7523562	CustomerReturn	1040400	X002DFU80F	B0FL7TDJLF	Cubelelo Drift 4x4 Stickerless Cube Puzzle Toy | Combines Smoothness, Stability & Durability | 4x4x4 Speedcube for Beginners| Suitable for Kids Ages 6 to 14 Years Old, Boys, Girls & Adults	NewItem	INR	2.83	2.83	1	0	1		
2026-05-23T21:23:20+00:00	8344428502		406-6096216-0489162	CustomerReturn	1050200	X001GM0XER	B09K7QTCXP	Cubelelo Drift 5x5 Stickerless Speed Cube | AKA Professor's Cube Magic Puzzle for Kids & Adults | Smooth and Durable Speedy Brainstorming Puzzle| Ultimate Stress Buster and Mind Challenge	NewItem	INR	332.04	332.04	1	0	1		
2026-05-23T21:21:33+00:00	8344989492		402-3030233-4334706	CustomerReturn	1040300	X001G4QY25	B09HH8XQ14	Cubelelo Drift 4x4 (Black) Speedcube | Challenging Brain Teaser Puzzle Toy for Kids 7-14 Years Old Boys Girls & Adults All Ages | Fast Speed Cube for Intermediate and Advanced Cubers	NewItem	INR	175.92	175.92	1	0	1		
2026-05-23T20:11:00+00:00	8344548662		406-1561301-3581103	CustomerReturn	1460580	X002345VBR	B079WVQD89	Cubelelo Drift 4x4 with Cube Lubricant and Stand Combo | High-Performance Speed Cube | Adjustable Tension & Smooth Turning | Durable & Reliable | Ideal for All Ages	NewItem	INR	30.84	30.84	1	0	1		
2026-05-23T19:30:24+00:00	8344388542		406-1783079-3814717	CustomerServiceIssue	1050200	X001GM0XER	B09K7QTCXP	Cubelelo Drift 5x5 Stickerless Speed Cube | AKA Professor's Cube Magic Puzzle for Kids & Adults | Smooth and Durable Speedy Brainstorming Puzzle| Ultimate Stress Buster and Mind Challenge	NewItem	INR	332.04	332.04	1	0	1		
2026-05-23T18:11:56+00:00	8344516242		404-4705245-0021149	CustomerReturn	1030400	X0012WM1NR	B07XPNC385	Cubelelo Drift 3x3 Black Speedcube | Beginner Cube for Kids & Adults | Magic Speed Stress Buster Brainstorming Puzzle (Multicolor) | Anti-Pop Technology | Smooth Turning | Durable	NewItem	INR	88.27	88.27	1	0	1		
2026-05-23T17:48:02+00:00	8344640282		402-2313679-5594743	CustomerReturn	1630210	X00262W227	B09HH8CC7Y	Cubelelo Drift Number Sliding Magnetic Puzzle 4x4 | Toys For 6-10 Years Old Boys & Girls | 15-Blocks Brain Teaser Puzzle Game for Kids | Educational, Learning, Activity Toy for Return & Birthday Gifts	NewItem	INR	12.40	12.40	1	0	1		
2026-05-23T17:47:12+00:00	8344360782		404-8587952-5291529	CustomerReturn	1630210	X00262W227	B09HH8CC7Y	Cubelelo Drift Number Sliding Magnetic Puzzle 4x4 | Toys For 6-10 Years Old Boys & Girls | 15-Blocks Brain Teaser Puzzle Game for Kids | Educational, Learning, Activity Toy for Return & Birthday Gifts	NewItem	INR	155.89	155.89	1	0	1		
2026-05-23T15:27:39+00:00	8344043292		405-9927514-3285906	CustomerServiceIssue	1030500	X0018CDFL3	B08H88N2N9	Cubelelo Drift Warrior 3x3 Stickerless Cube | Beginner Speedcube for Kids Boys Girls Above 3 4 5 6 Years Old & Above | Magic Puzzle Toy | Durable & Smooth Cube with Anti-Pop Design 3 3	NewItem	INR	26.48	26.48	1	0	1		
2026-05-23T14:59:57+00:00	8343833982		407-1384573-6330716	CustomerReturn	1040400	X002DFU80F	B0FL7TDJLF	Cubelelo Drift 4x4 Stickerless Cube Puzzle Toy | Combines Smoothness, Stability & Durability | 4x4x4 Speedcube for Beginners| Suitable for Kids Ages 6 to 14 Years Old, Boys, Girls & Adults	NewItem	INR	284.42	284.42	1	0	1		
2026-05-23T11:23:06+00:00	8343022982		403-4962722-0051543	CustomerReturn	1630210	X00262W227	B09HH8CC7Y	Cubelelo Drift Number Sliding Magnetic Puzzle 4x4 | Toys For 6-10 Years Old Boys & Girls | 15-Blocks Brain Teaser Puzzle Game for Kids | Educational, Learning, Activity Toy for Return & Birthday Gifts	NewItem	INR	46.48	46.48	1	0	1		
2026-05-23T08:28:58+00:00	8342049662		407-0127830-9311556	CustomerReturn	1030400	X0012WM1NR	B07XPNC385	Cubelelo Drift 3x3 Black Speedcube | Beginner Cube for Kids & Adults | Magic Speed Stress Buster Brainstorming Puzzle (Multicolor) | Anti-Pop Technology | Smooth Turning | Durable	NewItem	INR	88.27	88.27	1	0	1		
2026-05-23T07:52:26+00:00	8341837312		402-1370402-7385913	CustomerReturn	1280100a	X001LHLHUV	B09QYW9DYC	Cubelelo Drift Pyraminx Puzzle Speedcube | Beginner Starter Cube for Kids 3+ Year Old & Above | Triangle Pyramid Shape Stickerless 3x3 Cubes Toy | Ideal for Boys Girls Children 4 5 6+ Years & Adults	NewItem	INR	49.34	49.34	1	0	1		
2026-05-23T07:03:04+00:00	8340832032		404-6613843-2423510	CustomerReturn	1460501	X001VLOAKL	B08XK25RRF	Cubelelo Drift 2x2 & 3x3 Cube Gift Box Combo | 2-in-1 Puzzle Toy Game Set for Children Kids & Adults Ages 4 5 6 & Above | Double the Challenge, Twice the Fun | Ultimate Value Saver Combo	NewItem	INR	183.51	183.51	1	0	1		
2026-05-23T04:38:05+00:00	8341653322		402-4328363-8885161	CustomerReturn	1630210	X00262W227	B09HH8CC7Y	Cubelelo Drift Number Sliding Magnetic Puzzle 4x4 | Toys For 6-10 Years Old Boys & Girls | 15-Blocks Brain Teaser Puzzle Game for Kids | Educational, Learning, Activity Toy for Return & Birthday Gifts	NewItem	INR	155.89	155.89	1	0	1		
2026-05-23T04:28:43+00:00	8341790282		408-9116965-5488320	CustomerServiceIssue	1040400	X002DFU80F	B0FL7TDJLF	Cubelelo Drift 4x4 Stickerless Cube Puzzle Toy | Combines Smoothness, Stability & Durability | 4x4x4 Speedcube for Beginners| Suitable for Kids Ages 6 to 14 Years Old, Boys, Girls & Adults	NewItem	INR	2.83	2.83	1	0	1		
2026-05-23T04:15:12+00:00	8340787542		171-8663154-1444367	CustomerServiceIssue	1290300	X00239RFKR	B0DB6311DK	Cubelelo Drift Megaminx v2 Cube (New Improved Version) | 12-Sided Fun and Challenging Puzzle with Ridge Design | Smooth Turning Dodecahedron | Perfect for Speed-Cubing | Ideal for Kids & Adults	NewItem	INR	37.52	37.52	1	0	1		
2026-05-23T02:36:59+00:00	8341629932		406-0105631-8320352	CustomerServiceIssue	1630210	X00262W227	B09HH8CC7Y	Cubelelo Drift Number Sliding Magnetic Puzzle 4x4 | Toys For 6-10 Years Old Boys & Girls | 15-Blocks Brain Teaser Puzzle Game for Kids | Educational, Learning, Activity Toy for Return & Birthday Gifts	NewItem	INR	155.90	155.90	1	0	1		
2026-05-22T23:53:45+00:00	8341266272		403-8871494-3740337	CustomerServiceIssue	1030604	X0027JJHDB	B0DRVQVFJB	Cubelelo Drift 3M v3 3x3 Magnetic Speedcube (Standard) | Latest Version with New & Improved Internal Structure for Smooth Turns & Stability | Cube Toy for 6-10 Years Old Boys Girls Adults	NewItem	INR	155.61	155.61	1	0	1		
2026-05-22T23:45:09+00:00	8340590372		408-2204812-3970735	CustomerServiceIssue	1460501	X001VLOAKL	B08XK25RRF	Cubelelo Drift 2x2 & 3x3 Cube Gift Box Combo | 2-in-1 Puzzle Toy Game Set for Children Kids & Adults Ages 4 5 6 & Above | Double the Challenge, Twice the Fun | Ultimate Value Saver Combo	NewItem	INR	55.05	55.05	1	0	1		
2026-05-22T13:09:11+00:00	8338904332		406-3420210-5847524	CustomerServiceIssue	1030604	X0027JJHDB	B0DRVQVFJB	Cubelelo Drift 3M v3 3x3 Magnetic Speedcube (Standard) | Latest Version with New & Improved Internal Structure for Smooth Turns & Stability | Cube Toy for 6-10 Years Old Boys Girls Adults	NewItem	INR	331.09	331.09	1	0	1		
2026-05-22T03:31:53+00:00	8336218402		406-7000813-6909139	CustomerReturn	1630202	X001ETHG47	B09B7PNSTV	Cubelelo Drift Infinity Cube (Blue) | Magic Puzzle Cool Mini Gadget for Stress and Anxiety Relief for Kids and Adults | Desk Finger Flip Toy for Fun and Game | for Ages 3 Years and Above	NewItem	INR	198.85	198.85	1	0	1		
2026-05-22T02:01:34+00:00	8336663652		404-1238108-0137135	CustomerReturn	1030300_EAN	X002C88WLZ	B0FBMGT6V7	Cubelelo Drift Explorer 3x3 Speed Cube | Best Starter Speedcube for Beginners | Perfect Brain Teaser for Kids Ages 4 to14 Years Old & Above Boys Girls Children | Smooth Turning Puzzle Toy for Adults	NewItem	INR	41.60	41.60	1	0	1		
2026-05-22T01:34:09+00:00	8335868292		171-1257221-2969103	CustomerReturn	CLB0525	X00271Q95N	B0DQ8XH4J5	Cubelelo Drift 3M Plus v2 MagLev 3x3 Speedcube with Premium Pouch & Cube Lubricant Combo | Advanced MagLev Technology for Superior Stability | Ultra-Smooth Turns | Ideal for Speedcubers, Kids & Adults	NewItem	INR	298.27	298.27	1	0	1		
2026-05-22T00:32:28+00:00	8336275852		403-8815168-9141936	CustomerServiceIssue	1630210	X00262W227	B09HH8CC7Y	Cubelelo Drift Number Sliding Magnetic Puzzle 4x4 | Toys For 6-10 Years Old Boys & Girls | 15-Blocks Brain Teaser Puzzle Game for Kids | Educational, Learning, Activity Toy for Return & Birthday Gifts	NewItem	INR	155.90	155.90	1	0	1		
2026-05-21T23:04:54+00:00	8336072672		404-5516978-4034755	CustomerServiceIssue	1630201	X001I5SK8D	B09QMNCWYG	Cubelelo Drift Infinity Cube (Green) | Magic Puzzle Cool Mini Gadget for Stress and Anxiety Relief for Kids and Adults | Desk Finger Flip Toy for Fun and Game | for Ages 3 Years and Above	NewItem	INR	1.99	1.99	1	0	1		
2026-05-21T22:48:57+00:00	8336076942		406-3196743-1350752	CustomerServiceIssue	1030500	X0018CDFL3	B08H88N2N9	Cubelelo Drift Warrior 3x3 Stickerless Cube | Beginner Speedcube for Kids Boys Girls Above 3 4 5 6 Years Old & Above | Magic Puzzle Toy | Durable & Smooth Cube with Anti-Pop Design 3 3	NewItem	INR	26.48	26.48	1	0	1		
2026-05-21T21:42:00+00:00	8335276772		405-4327032-7829167	CustomerServiceIssue	1280600_EAN	X001PEDWDF	B0BSFD6XY8	Cubelelo Drift Pyraminx M (Magnetic) Puzzle | Toys for Kids 4 5 6 7 8 to 14 Years Old & Above Boys Girls All Ages | Stickerless Pyramid Triangle High Speed Gift Cube Toy | Travel Friendly	NewItem	INR	154.70	154.70	1	0	1		
2026-05-21T21:02:02+00:00	8335251322		408-7061222-8488322	CustomerServiceIssue	1050200	X001GM0XER	B09K7QTCXP	Cubelelo Drift 5x5 Stickerless Speed Cube | AKA Professor's Cube Magic Puzzle for Kids & Adults | Smooth and Durable Speedy Brainstorming Puzzle| Ultimate Stress Buster and Mind Challenge	NewItem	INR	26.49	26.49	1	0	1		
2026-05-21T19:05:51+00:00	8335735882		405-8482691-9826755	CustomerReturn	1630210	X00262W227	B09HH8CC7Y	Cubelelo Drift Number Sliding Magnetic Puzzle 4x4 | Toys For 6-10 Years Old Boys & Girls | 15-Blocks Brain Teaser Puzzle Game for Kids | Educational, Learning, Activity Toy for Return & Birthday Gifts	NewItem	INR	155.90	155.90	1	0	1		
2026-05-21T18:49:55+00:00	8334776752		404-5516978-4034755	CustomerReturn	1630201	X001I5SK8D	B09QMNCWYG	Cubelelo Drift Infinity Cube (Green) | Magic Puzzle Cool Mini Gadget for Stress and Anxiety Relief for Kids and Adults | Desk Finger Flip Toy for Fun and Game | for Ages 3 Years and Above	NewItem	INR	1.99	1.99	1	0	1		
2026-05-21T18:23:42+00:00	8334996872		407-9247581-0414740	CustomerServiceIssue	1630222	X002HPDYRF	B0GH18NXXG	Cubelelo Drift Magnetic Tangram Puzzle | with Strong Magnets, Wooden Pieces & Bold Colors | Toys for 5-10 Years Old Boys Girls & Adults | Travel Friendly, Educational Toy for Return & Birthday Gifts	NewItem	INR	133.23	133.23	1	0	1		
2026-05-21T17:20:11+00:00	8334578592		405-7201754-2815510	CustomerReturn	1030604	X0027JJHDB	B0DRVQVFJB	Cubelelo Drift 3M v3 3x3 Magnetic Speedcube (Standard) | Latest Version with New & Improved Internal Structure for Smooth Turns & Stability | Cube Toy for 6-10 Years Old Boys Girls Adults	NewItem	INR	332.04	332.04	1	0	1		
2026-05-21T14:08:54+00:00	8334025042		407-5834722-0972320	CustomerReturn	1140034	X001WWIYG5	B0CP1XHDTC	Cubelelo Drift Gear 3x3 Tiled Black Puzzle - Unique Gear Mechanism Speedcube for Enthusiasts & Beginners | Durable, Smooth-Turning, and Visually Striking 3x3 Magic Cube for Kid	NewItem	INR	109.62	109.62	1	0	1		
2026-05-21T12:54:51+00:00	8333248612			Damaged_Warehouse	1030300_EAN	X002C88WLZ	B0FBMGT6V7	Cubelelo Drift Explorer 3x3 Speed Cube | Best Starter Speedcube for Beginners | Perfect Brain Teaser for Kids Ages 4 to14 Years Old & Above Boys Girls Children | Smooth Turning Puzzle Toy for Adults	NewItem	INR	12.20	12.20	1	0	1		
2026-05-21T12:54:50+00:00	8332986052			Damaged_Warehouse	1030300_EAN	X002C88WLZ	B0FBMGT6V7	Cubelelo Drift Explorer 3x3 Speed Cube | Best Starter Speedcube for Beginners | Perfect Brain Teaser for Kids Ages 4 to14 Years Old & Above Boys Girls Children | Smooth Turning Puzzle Toy for Adults	NewItem	INR	12.20	12.20	1	0	1		
2026-05-21T12:46:59+00:00	8332852082		402-3863582-9605960	CustomerReturn	1030604	X0027JJHDB	B0DRVQVFJB	Cubelelo Drift 3M v3 3x3 Magnetic Speedcube (Standard) | Latest Version with New & Improved Internal Structure for Smooth Turns & Stability | Cube Toy for 6-10 Years Old Boys Girls Adults	NewItem	INR	331.08	331.08	1	0	1		
2026-05-21T11:36:18+00:00	8332493402		406-0601075-4713917	CustomerServiceIssue	CLB0502	X001VZMI15	B0CL3HR7YS	Cubelelo Drift Warrior 3x3 & Premium Cube Lubricant Combo | Speed Cube Set for Fast, Smooth, Professional Solving | Ultimate Kit for All Your Speedcubing Needs Multicolor for Kids, Adults All Ages	NewItem	INR	12.40	12.40	1	0	1		
2026-05-21T11:01:24+00:00	8332764442		408-7442358-7270734	CustomerServiceIssue	1030400	X0012WM1NR	B07XPNC385	Cubelelo Drift 3x3 Black Speedcube | Beginner Cube for Kids & Adults | Magic Speed Stress Buster Brainstorming Puzzle (Multicolor) | Anti-Pop Technology | Smooth Turning | Durable	NewItem	INR	88.27	88.27	1	0	1		
2026-05-21T10:48:04+00:00	8332068072		404-3746116-9952324	CustomerReturn	1040300	X001G4QY25	B09HH8XQ14	Cubelelo Drift 4x4 (Black) Speedcube | Challenging Brain Teaser Puzzle Toy for Kids 7-14 Years Old Boys Girls & Adults All Ages | Fast Speed Cube for Intermediate and Advanced Cubers	NewItem	INR	18.94	18.94	1	0	1		
2026-05-21T05:06:31+00:00	8330670232		171-8645078-4305946	CustomerReturn	1030400	X0012WM1NR	B07XPNC385	Cubelelo Drift 3x3 Black Speedcube | Beginner Cube for Kids & Adults | Magic Speed Stress Buster Brainstorming Puzzle (Multicolor) | Anti-Pop Technology | Smooth Turning | Durable	NewItem	INR	88.28	88.28	1	0	1		
2026-05-21T03:25:33+00:00	8331265632		406-3223837-1058711	CustomerReturn	1030300_EAN	X002C88WLZ	B0FBMGT6V7	Cubelelo Drift Explorer 3x3 Speed Cube | Best Starter Speedcube for Beginners | Perfect Brain Teaser for Kids Ages 4 to14 Years Old & Above Boys Girls Children | Smooth Turning Puzzle Toy for Adults	NewItem	INR	98.74	98.74	1	0	1		
2026-05-21T01:04:41+00:00	8331074272		408-5432827-9116331	CustomerReturn	1630210	X00262W227	B09HH8CC7Y	Cubelelo Drift Number Sliding Magnetic Puzzle 4x4 | Toys For 6-10 Years Old Boys & Girls | 15-Blocks Brain Teaser Puzzle Game for Kids | Educational, Learning, Activity Toy for Return & Birthday Gifts	NewItem	INR	155.89	155.89	1	0	1		
2026-05-20T21:38:16+00:00	8330799722		402-2553580-9761921	CustomerReturn	1050200	X001GM0XER	B09K7QTCXP	Cubelelo Drift 5x5 Stickerless Speed Cube | AKA Professor's Cube Magic Puzzle for Kids & Adults | Smooth and Durable Speedy Brainstorming Puzzle| Ultimate Stress Buster and Mind Challenge	NewItem	INR	26.49	26.49	1	0	1		
2026-05-20T20:25:36+00:00	8330371132		407-0089628-0621137	CustomerServiceIssue	1630210	X00262W227	B09HH8CC7Y	Cubelelo Drift Number Sliding Magnetic Puzzle 4x4 | Toys For 6-10 Years Old Boys & Girls | 15-Blocks Brain Teaser Puzzle Game for Kids | Educational, Learning, Activity Toy for Return & Birthday Gifts	NewItem	INR	46.48	46.48	1	0	1		
2026-05-20T16:20:13+00:00	8329730622		404-3346820-9695516	CustomerReturn	1030300_EAN	X002C88WLZ	B0FBMGT6V7	Cubelelo Drift Explorer 3x3 Speed Cube | Best Starter Speedcube for Beginners | Perfect Brain Teaser for Kids Ages 4 to14 Years Old & Above Boys Girls Children | Smooth Turning Puzzle Toy for Adults	NewItem	INR	41.60	41.60	1	0	1		
2026-05-20T15:32:51+00:00	8330114582		406-3662278-8013150	CustomerServiceIssue	1030400	X0012WM1NR	B07XPNC385	Cubelelo Drift 3x3 Black Speedcube | Beginner Cube for Kids & Adults | Magic Speed Stress Buster Brainstorming Puzzle (Multicolor) | Anti-Pop Technology | Smooth Turning | Durable	NewItem	INR	6.99	6.99	1	0	1		
2026-05-20T12:22:18+00:00	8328539612		171-4205631-7794731	CustomerReturn	1460553	X001WPZI9N	B0BYVHGR5H	Cubelelo Drift 2x2, 3x3 & Pyraminx Cube Combo (Stickerless) | Ideal for Kids Above 3 4 5 6 Years Old Boys Girls | 3 in 1 Speedcube Gift Set | High Speed Puzzle 3x3x3 2x2x2 Pyramid Triangle	NewItem	INR	379.66	379.66	1	0	1		
2026-05-20T11:52:46+00:00	8328782282		171-2531611-8777150	CustomerReturn	1120039	X0027ISPWL	B0DRVW5BNS	Cubelelo Drift 3x3 Mirror Blue (Tiled) Speed Cube | New Blue Version Looks Stunning with Buttery Smooth Turns | Ideal for Kids Above 5 6 Years Old Boys Girls | 3x3x3 Shape-Shifting Design Puzzle Toy	NewItem	INR	208.23	208.23	1	0	1		
2026-05-20T08:55:47+00:00	8327653172		404-9448826-8608363	CustomerServiceIssue	1460510	X001VW450P	B0BZL11XWC	Cubelelo Drift 4x4, 5x5 Premium Gift Box | 2-in-1 Puzzle Game Set | Challenge, Thrice The Fun | Ultimate Value Saver Combo | Brainstoming Toy for Children Kids & Adults	NewItem	INR	6.11	6.11	1	0	1		
2026-05-20T08:21:47+00:00	8327347502		408-1674365-7037111	CustomerReturn	1030300_EAN	X002C88WLZ	B0FBMGT6V7	Cubelelo Drift Explorer 3x3 Speed Cube | Best Starter Speedcube for Beginners | Perfect Brain Teaser for Kids Ages 4 to14 Years Old & Above Boys Girls Children | Smooth Turning Puzzle Toy for Adults	NewItem	INR	12.48	12.48	1	0	1		
2026-05-20T08:20:26+00:00	8327351582		402-9767760-4221144	CustomerServiceIssue	1140034	X001WWIYG5	B0CP1XHDTC	Cubelelo Drift Gear 3x3 Tiled Black Puzzle - Unique Gear Mechanism Speedcube for Enthusiasts & Beginners | Durable, Smooth-Turning, and Visually Striking 3x3 Magic Cube for Kid	NewItem	INR	3.80	3.80	1	0	1		
2026-05-20T01:19:29+00:00	8326769872		403-9608128-6868357	CustomerServiceIssue	1120038a	X002CWQDK3	B0FHW9DQ29	Cubelelo Drift Mirror 3x3 (Tiled - Colored) Speed Cube | No Stickers, Premium Finish with Smooth Turning Speedcube for Kids and Adults	NewItem	INR	2.83	2.83	1	0	1		
2026-05-20T00:36:45+00:00	8326835102		406-8720264-0785150	CustomerReturn	1020200	X0019BU39P	B08LBJ3P8L	Cubelelo Drift 2x2 Stickerless Cube | Beginner Speedcube for Kids Boys Girls Above 3 4 5 6 Years Old & Above | Magic Puzzle Toy | Durable & Smooth Cube with Anti-Pop Design 2x2x2	NewItem	INR	117.80	117.80	1	0	1		
2026-05-19T23:56:20+00:00	8326584332		171-4472227-7709932	CustomerServiceIssue	1280600_EAN	X001PEDWDF	B0BSFD6XY8	Cubelelo Drift Pyraminx M (Magnetic) Puzzle | Toys for Kids 4 5 6 7 8 to 14 Years Old & Above Boys Girls All Ages | Stickerless Pyramid Triangle High Speed Gift Cube Toy | Travel Friendly	NewItem	INR	154.70	154.70	1	0	1		
2026-05-19T23:32:04+00:00	8326383642		406-1699780-8570742	CustomerReturn	1460503	X001VFXJDV	B08XK4V59M	Cubelelo Drift 2x2, 3x3 & 4x4 Premium Gift Box | 3-in-1 Puzzle Game Set | Triple the Challenge, Thrice the Fun | Ultimate Value Saver Combo | Brainstoming Toy for Children Kids & Adults	NewItem	INR	469.00	469.00	1	0	1		
2026-05-19T22:12:46+00:00	8326925322		402-7060309-7448334	CustomerServiceIssue	1630201	X001I5SK8D	B09QMNCWYG	Cubelelo Drift Infinity Cube (Green) | Magic Puzzle Cool Mini Gadget for Stress and Anxiety Relief for Kids and Adults | Desk Finger Flip Toy for Fun and Game | for Ages 3 Years and Above	NewItem	INR	199.80	199.80	1	0	1		
2026-05-19T20:29:17+00:00	8325660732		403-9185781-7452343	CustomerReturn	1030300_EAN	X002C88WLZ	B0FBMGT6V7	Cubelelo Drift Explorer 3x3 Speed Cube | Best Starter Speedcube for Beginners | Perfect Brain Teaser for Kids Ages 4 to14 Years Old & Above Boys Girls Children | Smooth Turning Puzzle Toy for Adults	NewItem	INR	41.60	41.60	1	0	1		
2026-05-19T20:11:34+00:00	8326323582		408-8993646-0826736	CustomerReturn	1460523	X001VVUGZ9	B0CF9MJ1HV	Cubelelo Drift 3x3 Stickerless & Mirror Cube (Silver) Gift Box Combo Set | Ideal Gift for Puzzle Lovers | Toys for Kids 6-10 Year Old and Adults | 3x3x3 High Speed 3 3 & Shape Shifter	NewItem	INR	312.99	312.99	1	0	1		
2026-05-19T18:18:21+00:00	8325907232		403-2015870-9839520	CustomerServiceIssue	1460501	X001VLOAKL	B08XK25RRF	Cubelelo Drift 2x2 & 3x3 Cube Gift Box Combo | 2-in-1 Puzzle Toy Game Set for Children Kids & Adults Ages 4 5 6 & Above | Double the Challenge, Twice the Fun | Ultimate Value Saver Combo	NewItem	INR	183.51	183.51	1	0	1		
2026-05-19T16:25:33+00:00	8326159382		404-5469587-4333928	CustomerReturn	1630222	X002HPDYRF	B0GH18NXXG	Cubelelo Drift Magnetic Tangram Puzzle | with Strong Magnets, Wooden Pieces & Bold Colors | Toys for 5-10 Years Old Boys Girls & Adults | Travel Friendly, Educational Toy for Return & Birthday Gifts	NewItem	INR	133.23	133.23	1	0	1		
2026-05-19T16:08:16+00:00	8325579062		406-9096479-7463542	CustomerReturn	1030604	X0027JJHDB	B0DRVQVFJB	Cubelelo Drift 3M v3 3x3 Magnetic Speedcube (Standard) | Latest Version with New & Improved Internal Structure for Smooth Turns & Stability | Cube Toy for 6-10 Years Old Boys Girls Adults	NewItem	INR	26.49	26.49	1	0	1		
2026-05-19T14:32:13+00:00	8325059992		404-1736933-3342700	CustomerServiceIssue	1460521	X001VZFQYB	B0CGNW2MFJ	Cubelelo Drift Square-1 & Skewb Gift Box | Explore the new Dimension of Uniquely Shaped Puzzles | 2 in 1 Combo Pack of Dual Challenge Delight | Brainstoming Game Toy for Children Kids & Adults	NewItem	INR	707.10	707.10	1	0	1		
2026-05-19T11:11:37+00:00	8324661362		406-8030255-1129912	CustomerServiceIssue	1030604	X0027JJHDB	B0DRVQVFJB	Cubelelo Drift 3M v3 3x3 Magnetic Speedcube (Standard) | Latest Version with New & Improved Internal Structure for Smooth Turns & Stability | Cube Toy for 6-10 Years Old Boys Girls Adults	NewItem	INR	26.49	26.49	1	0	1		
2026-05-19T10:14:37+00:00	8323777372		405-8604951-4611549	CustomerReturn	1270100	X001F0AT1H	B09BZPFCZ8	Cubelelo Drift Mastermorphix Stickerless Cube Puzzle for Kids & Adults Speedy Stress Buster Brainstorming Cube	NewItem	INR	175.92	175.92	1	0	1		
2026-05-19T06:17:00+00:00	8323121172		405-8604951-4611549	CustomerReturn	1290300	X00239RFKR	B0DB6311DK	Cubelelo Drift Megaminx v2 Cube (New Improved Version) | 12-Sided Fun and Challenging Puzzle with Ridge Design | Smooth Turning Dodecahedron | Perfect for Speed-Cubing | Ideal for Kids & Adults	NewItem	INR	451.89	451.89	1	0	1		
2026-05-19T05:47:29+00:00	8323098562		405-8604951-4611549	CustomerReturn	1630300_EAN	X001S3KHTZ	B0C55MW9WL	Cubelelo Drift Column 3x3 Stickerless Speedcube Puzzle | Unique Cylindrical Speed Cube | Ultimate Stress Buster & Brainstorming Challenge for Kids & Adults | Smooth, Fast Puzzle for All Skill Levels	NewItem	INR	208.35	208.35	1	0	1		
2026-05-19T02:55:56+00:00	8322042632		407-9367215-1593131	CustomerReturn	1030500	X0018CDFL3	B08H88N2N9	Cubelelo Drift Warrior 3x3 Stickerless Cube | Beginner Speedcube for Kids Boys Girls Above 3 4 5 6 Years Old & Above | Magic Puzzle Toy | Durable & Smooth Cube with Anti-Pop Design 3 3	NewItem	INR	88.28	88.28	1	0	1		
2026-05-18T23:04:03+00:00	8322687882		407-8038660-4505159	CustomerReturn	1030651	X0025EZ04D	B0DJQWJFSX	Cubelelo Drift 3M Plus v2 3x3 (Magnetic) (New Upgraded Version) | Based on MoYu RS3M v5 | Dual-Adjustment System | Speedcube for Kids & Adults | Magic Speedy Stress Buster Brainstorming Puzzle	NewItem	INR	60.38	60.38	1	0	1		
2026-05-18T20:06:56+00:00	8321940902		407-0364498-3484333	CustomerReturn	1030300_EAN	X002C88WLZ	B0FBMGT6V7	Cubelelo Drift Explorer 3x3 Speed Cube | Best Starter Speedcube for Beginners | Perfect Brain Teaser for Kids Ages 4 to14 Years Old & Above Boys Girls Children | Smooth Turning Puzzle Toy for Adults	NewItem	INR	0.41	0.41	1	0	1		
2026-05-18T17:44:05+00:00	8321270702		408-9553399-2834743	CustomerReturn	1030604	X0027JJHDB	B0DRVQVFJB	Cubelelo Drift 3M v3 3x3 Magnetic Speedcube (Standard) | Latest Version with New & Improved Internal Structure for Smooth Turns & Stability | Cube Toy for 6-10 Years Old Boys Girls Adults	NewItem	INR	331.09	331.09	1	0	1		
2026-05-18T15:43:57+00:00	8321390322		406-0293375-4843553	CustomerReturn	1030604	X0027JJHDB	B0DRVQVFJB	Cubelelo Drift 3M v3 3x3 Magnetic Speedcube (Standard) | Latest Version with New & Improved Internal Structure for Smooth Turns & Stability | Cube Toy for 6-10 Years Old Boys Girls Adults	NewItem	INR	26.49	26.49	1	0	1		
2026-05-18T14:38:59+00:00	8321056532		403-5049735-7302737	CustomerReturn	1120100	X0019BU32H	B08LBGYZ51	Cubelelo Drift 3x3 Mirror (Silver) Magic Speed Cube | Shape Shifter Speedcube with Durable Stickers | Advanced 3x3x3 Puzzle Toy for Kids Ages 7-14 Boys Girls & Adults | Collector's Item	NewItem	INR	183.51	183.51	1	0	1		
2026-05-18T14:06:14+00:00	8320484122		408-0130717-5338731	CustomerReturn	1050200	X001GM0XER	B09K7QTCXP	Cubelelo Drift 5x5 Stickerless Speed Cube | AKA Professor's Cube Magic Puzzle for Kids & Adults | Smooth and Durable Speedy Brainstorming Puzzle| Ultimate Stress Buster and Mind Challenge	NewItem	INR	332.04	332.04	1	0	1		
2026-05-18T13:58:34+00:00	8321018252		403-0005733-2751550	CustomerReturn	1020200	X0019BU39P	B08LBJ3P8L	Cubelelo Drift 2x2 Stickerless Cube | Beginner Speedcube for Kids Boys Girls Above 3 4 5 6 Years Old & Above | Magic Puzzle Toy | Durable & Smooth Cube with Anti-Pop Design 2x2x2	NewItem	INR	110.33	110.33	1	0	1		
2026-05-18T11:26:34+00:00	8320530322		402-7830777-9230737	CustomerServiceIssue	1260200	X001VFDOQX	B0CJFSPB4P	Cubelelo Drift Puppet II Speed Cube | Brain Teaser Puzzle Toys | Limited Rotation | Creative New Cube for Kids and Adults	NewItem	INR	402.33	402.33	1	0	1		
2026-05-18T10:37:04+00:00	8319452852		407-1518222-6085108	CustomerReturn	1030604	X0027JJHDB	B0DRVQVFJB	Cubelelo Drift 3M v3 3x3 Magnetic Speedcube (Standard) | Latest Version with New & Improved Internal Structure for Smooth Turns & Stability | Cube Toy for 6-10 Years Old Boys Girls Adults	NewItem	INR	155.61	155.61	1	0	1		
2026-05-18T03:27:45+00:00	8318944082		407-6829799-9039515	CustomerReturn	1030300_EAN	X002C88WLZ	B0FBMGT6V7	Cubelelo Drift Explorer 3x3 Speed Cube | Best Starter Speedcube for Beginners | Perfect Brain Teaser for Kids Ages 4 to14 Years Old & Above Boys Girls Children | Smooth Turning Puzzle Toy for Adults	NewItem	INR	41.60	41.60	1	0	1		
2026-05-18T01:12:09+00:00	8317773072		408-8024922-8564343	CustomerReturn	1460501	X001VLOAKL	B08XK25RRF	Cubelelo Drift 2x2 & 3x3 Cube Gift Box Combo | 2-in-1 Puzzle Toy Game Set for Children Kids & Adults Ages 4 5 6 & Above | Double the Challenge, Twice the Fun | Ultimate Value Saver Combo	NewItem	INR	184.46	184.46	1	0	1		
2026-05-18T00:52:26+00:00	8318130062		405-3125985-2185148	CustomerServiceIssue	1030478	X001HYK0PL	B09PYRTM4X	Cubelelo Drift 3x3 Jelly Edition Speedcube Magic Cube Puzzle	NewItem	INR	49.34	49.34	1	0	1		
2026-05-18T00:19:14+00:00	8317644802		171-5776321-2507512	CustomerServiceIssue	1030700_EAN	X001P8LWWT	B0BRXJ9Q4G	Cubelelo Drift 3M Plus v2 3x3 (Magnetic) Cube | New Upgraded Version Based on MoYu RS3M v5 | Dual-Adjustment System | Premium Speedcube for Kids Boys Girls Ages 4+ Year Old & Adults	NewItem	INR	564.23	564.23	1	0	1		
2026-05-17T23:31:44+00:00	8317629762		403-3813381-4441133	CustomerReturn	1630201	X001I5SK8D	B09QMNCWYG	Cubelelo Drift Infinity Cube (Green) | Magic Puzzle Cool Mini Gadget for Stress and Anxiety Relief for Kids and Adults | Desk Finger Flip Toy for Fun and Game | for Ages 3 Years and Above	NewItem	INR	199.80	199.80	1	0	1		
2026-05-17T22:10:29+00:00	8318205522		171-0255347-4879508	CustomerReturn	1040400	X002DFU80F	B0FL7TDJLF	Cubelelo Drift 4x4 Stickerless Cube Puzzle Toy | Combines Smoothness, Stability & Durability | 4x4x4 Speedcube for Beginners| Suitable for Kids Ages 6 to 14 Years Old, Boys, Girls & Adults	NewItem	INR	284.42	284.42	1	0	1		
2026-05-17T18:52:35+00:00	8317496992		171-7199696-1303527	CustomerReturn	1290300	X00239RFKR	B0DB6311DK	Cubelelo Drift Megaminx v2 Cube (New Improved Version) | 12-Sided Fun and Challenging Puzzle with Ridge Design | Smooth Turning Dodecahedron | Perfect for Speed-Cubing | Ideal for Kids & Adults	NewItem	INR	133.58	133.58	1	0	1		
2026-05-17T15:37:58+00:00	8317226232		408-7388985-2908301	CustomerReturn	1460553	X001WPZI9N	B0BYVHGR5H	Cubelelo Drift 2x2, 3x3 & Pyraminx Cube Combo (Stickerless) | Ideal for Kids Above 3 4 5 6 Years Old Boys Girls | 3 in 1 Speedcube Gift Set | High Speed Puzzle 3x3x3 2x2x2 Pyramid Triangle	NewItem	INR	379.66	379.66	1	0	1		
2026-05-17T15:19:36+00:00	8316977352		402-3739908-5539561	CustomerReturn	1030300_EAN	X002C88WLZ	B0FBMGT6V7	Cubelelo Drift Explorer 3x3 Speed Cube | Best Starter Speedcube for Beginners | Perfect Brain Teaser for Kids Ages 4 to14 Years Old & Above Boys Girls Children | Smooth Turning Puzzle Toy for Adults	NewItem	INR	41.60	41.60	1	0	1		
2026-05-17T14:29:55+00:00	8317421422		408-9976305-6718705	CustomerReturn	1030300_EAN	X002C88WLZ	B0FBMGT6V7	Cubelelo Drift Explorer 3x3 Speed Cube | Best Starter Speedcube for Beginners | Perfect Brain Teaser for Kids Ages 4 to14 Years Old & Above Boys Girls Children | Smooth Turning Puzzle Toy for Adults	NewItem	INR	41.60	41.60	1	0	1		
2026-05-17T12:20:04+00:00	8316760112		404-2170685-8147539	CustomerReturn	1630210	X00262W227	B09HH8CC7Y	Cubelelo Drift Number Sliding Magnetic Puzzle 4x4 | Toys For 6-10 Years Old Boys & Girls | 15-Blocks Brain Teaser Puzzle Game for Kids | Educational, Learning, Activity Toy for Return & Birthday Gifts	NewItem	INR	155.89	155.89	1	0	1		
2026-05-17T11:05:24+00:00	8299834632	12555915412	S02-1508968-8658467	Lost_Outbound	4001001a	X001VD95XL	B0CJBLTM11	Cubelelo Drift Daily Calendar Puzzle | A-Puzzle-A-Day | Wooden Challenging Tangram Puzzle Toys for Adults and Kids | Compact, Travel Friendly Toy for Return & Birthday Gifts	NewItem	INR	33.08	33.08	1		1		
2026-05-17T10:10:16+00:00	8300001212	12556272162	S02-1508968-8658467	Damaged_Outbound	1120100	X0019BU32H	B08LBGYZ51	Cubelelo Drift 3x3 Mirror (Silver) Magic Speed Cube | Shape Shifter Speedcube with Durable Stickers | Advanced 3x3x3 Puzzle Toy for Kids Ages 7-14 Boys Girls & Adults | Collector's Item	NewItem	INR	53.21	53.21	1		1		
2026-05-17T09:23:35+00:00	8315306622		405-6251780-7368317	CustomerReturn	1460502	X001VLPA4L	B08XJVBV15	Cubelelo Drift 3x3 & 4x4 Stickerless Combo Set – Premium Dual Speed Cube Bundle for All Skill Levels – Smooth Turning, Durable, and Vibrant Stickerless Design	NewItem	INR	379.66	379.66	1	0	1		
2026-05-17T09:17:10+00:00	8315417712		404-0885257-8130720	CustomerReturn	1290300	X00239RFKR	B0DB6311DK	Cubelelo Drift Megaminx v2 Cube (New Improved Version) | 12-Sided Fun and Challenging Puzzle with Ridge Design | Smooth Turning Dodecahedron | Perfect for Speed-Cubing | Ideal for Kids & Adults	NewItem	INR	37.44	37.44	1	0	1		
2026-05-17T09:08:15+00:00	8315405212		405-3535156-3770723	CustomerReturn	1030400	X0012WM1NR	B07XPNC385	Cubelelo Drift 3x3 Black Speedcube | Beginner Cube for Kids & Adults | Magic Speed Stress Buster Brainstorming Puzzle (Multicolor) | Anti-Pop Technology | Smooth Turning | Durable	NewItem	INR	79.74	79.74	1	0	1		
2026-05-17T08:52:48+00:00	8314949512		406-4436304-3278726	CustomerReturn	1630201	X001I5SK8D	B09QMNCWYG	Cubelelo Drift Infinity Cube (Green) | Magic Puzzle Cool Mini Gadget for Stress and Anxiety Relief for Kids and Adults | Desk Finger Flip Toy for Fun and Game | for Ages 3 Years and Above	NewItem	INR	15.91	15.91	1	0	1		
2026-05-17T08:36:38+00:00	8315274372		404-4770854-8994729	CustomerReturn	1030300_EAN	X002C88WLZ	B0FBMGT6V7	Cubelelo Drift Explorer 3x3 Speed Cube | Best Starter Speedcube for Beginners | Perfect Brain Teaser for Kids Ages 4 to14 Years Old & Above Boys Girls Children | Smooth Turning Puzzle Toy for Adults	NewItem	INR	37.34	37.34	1	0	1		
2026-05-17T05:29:31+00:00	8314681682		403-8906285-9209137	CustomerReturn	1030604	X0027JJHDB	B0DRVQVFJB	Cubelelo Drift 3M v3 3x3 Magnetic Speedcube (Standard) | Latest Version with New & Improved Internal Structure for Smooth Turns & Stability | Cube Toy for 6-10 Years Old Boys Girls Adults	NewItem	INR	331.08	331.08	1	0	1		
2026-05-17T03:38:45+00:00	8314832312		403-0005733-2751550	CustomerReturn	1030700_EAN	X001P8LWWT	B0BRXJ9Q4G	Cubelelo Drift 3M Plus v2 3x3 (Magnetic) Cube | New Upgraded Version Based on MoYu RS3M v5 | Dual-Adjustment System | Premium Speedcube for Kids Boys Girls Ages 4+ Year Old & Adults	NewItem	INR	544.26	544.26	1	0	1		
2026-05-17T03:37:12+00:00	8314646222		405-3535156-3770723	CustomerReturn	1030400	X0012WM1NR	B07XPNC385	Cubelelo Drift 3x3 Black Speedcube | Beginner Cube for Kids & Adults | Magic Speed Stress Buster Brainstorming Puzzle (Multicolor) | Anti-Pop Technology | Smooth Turning | Durable	NewItem	INR	79.74	79.74	1	0	1		
2026-05-17T03:23:54+00:00	8314633312		404-5469587-4333928	CustomerServiceIssue	1630222	X002HPDYRF	B0GH18NXXG	Cubelelo Drift Magnetic Tangram Puzzle | with Strong Magnets, Wooden Pieces & Bold Colors | Toys for 5-10 Years Old Boys Girls & Adults | Travel Friendly, Educational Toy for Return & Birthday Gifts	NewItem	INR	133.23	133.23	1	0	1		
2026-05-17T02:24:06+00:00	8314599032		407-7915079-5980365	CustomerServiceIssue	1150100	X001F0EEEF	B09BZMB4RT	Cubelelo Drift Square-1 Stickerless Cube Puzzle for Kids & Adults Speedy Stress Buster Brainstorming Cube	NewItem	INR	37.44	37.44	1	0	1		
2026-05-17T00:13:01+00:00	8314152802		403-9136291-2339552	CustomerReturn	1280100a	X001LHLHUV	B09QYW9DYC	Cubelelo Drift Pyraminx Puzzle Speedcube | Beginner Starter Cube for Kids 3+ Year Old & Above | Triangle Pyramid Shape Stickerless 3x3 Cubes Toy | Ideal for Boys Girls Children 4 5 6+ Years & Adults	NewItem	INR	157.45	157.45	1	0	1		
2026-05-16T23:12:14+00:00	8314502982		405-3535156-3770723	CustomerReturn	1030400	X0012WM1NR	B07XPNC385	Cubelelo Drift 3x3 Black Speedcube | Beginner Cube for Kids & Adults | Magic Speed Stress Buster Brainstorming Puzzle (Multicolor) | Anti-Pop Technology | Smooth Turning | Durable	NewItem	INR	79.74	79.74	1	0	1		
2026-05-16T23:03:25+00:00	8314262042		405-3535156-3770723	CustomerReturn	1030400	X0012WM1NR	B07XPNC385	Cubelelo Drift 3x3 Black Speedcube | Beginner Cube for Kids & Adults | Magic Speed Stress Buster Brainstorming Puzzle (Multicolor) | Anti-Pop Technology | Smooth Turning | Durable	NewItem	INR	79.74	79.74	1	0	1		
2026-05-16T20:23:15+00:00	8314226492		408-0167358-1583569	CustomerReturn	1030604	X0027JJHDB	B0DRVQVFJB	Cubelelo Drift 3M v3 3x3 Magnetic Speedcube (Standard) | Latest Version with New & Improved Internal Structure for Smooth Turns & Stability | Cube Toy for 6-10 Years Old Boys Girls Adults	NewItem	INR	332.04	332.04	1	0	1		
2026-05-16T20:12:13+00:00	8314042232		405-9266337-5449115	CustomerReturn	1630210	X00262W227	B09HH8CC7Y	Cubelelo Drift Number Sliding Magnetic Puzzle 4x4 | Toys For 6-10 Years Old Boys & Girls | 15-Blocks Brain Teaser Puzzle Game for Kids | Educational, Learning, Activity Toy for Return & Birthday Gifts	NewItem	INR	155.90	155.90	1	0	1		
2026-05-16T15:00:23+00:00	8313777582		405-3535156-3770723	CustomerReturn	1030400	X0012WM1NR	B07XPNC385	Cubelelo Drift 3x3 Black Speedcube | Beginner Cube for Kids & Adults | Magic Speed Stress Buster Brainstorming Puzzle (Multicolor) | Anti-Pop Technology | Smooth Turning | Durable	NewItem	INR	79.74	79.74	1	0	1		
2026-05-16T12:41:46+00:00	8313208542		405-3535156-3770723	CustomerReturn	1030400	X0012WM1NR	B07XPNC385	Cubelelo Drift 3x3 Black Speedcube | Beginner Cube for Kids & Adults | Magic Speed Stress Buster Brainstorming Puzzle (Multicolor) | Anti-Pop Technology | Smooth Turning | Durable	NewItem	INR	79.74	79.74	1	0	1		
2026-05-16T07:33:18+00:00	8299748202	12583042322	S02-8090552-1183541	ReturnAdjustment	1120039	X0027ISPWL	B0DRVW5BNS	Cubelelo Drift 3x3 Mirror Blue (Tiled) Speed Cube | New Blue Version Looks Stunning with Buttery Smooth Turns | Ideal for Kids Above 5 6 Years Old Boys Girls | 3x3x3 Shape-Shifting Design Puzzle Toy	NewItem	INR	145.75	145.75	1		1		
2026-05-16T06:34:02+00:00	8311525082		408-2297140-7683536	CustomerReturn	1040300	X001G4QY25	B09HH8XQ14	Cubelelo Drift 4x4 (Black) Speedcube | Challenging Brain Teaser Puzzle Toy for Kids 7-14 Years Old Boys Girls & Adults All Ages | Fast Speed Cube for Intermediate and Advanced Cubers	NewItem	INR	184.46	184.46	1	0	1		
2026-05-16T01:39:04+00:00	8311038102		405-9346815-0958745	CustomerServiceIssue	1030300_EAN	X002C88WLZ	B0FBMGT6V7	Cubelelo Drift Explorer 3x3 Speed Cube | Best Starter Speedcube for Beginners | Perfect Brain Teaser for Kids Ages 4 to14 Years Old & Above Boys Girls Children | Smooth Turning Puzzle Toy for Adults	NewItem	INR	41.60	41.60	1	0	1		
2026-05-15T22:22:44+00:00	8310728352		406-1516978-9157143	CustomerReturn	1030604	X0027JJHDB	B0DRVQVFJB	Cubelelo Drift 3M v3 3x3 Magnetic Speedcube (Standard) | Latest Version with New & Improved Internal Structure for Smooth Turns & Stability | Cube Toy for 6-10 Years Old Boys Girls Adults	NewItem	INR	332.04	332.04	1	0	1		
2026-05-15T19:11:10+00:00	8310287842		406-1785754-2555517	CustomerReturn	1030400	X0012WM1NR	B07XPNC385	Cubelelo Drift 3x3 Black Speedcube | Beginner Cube for Kids & Adults | Magic Speed Stress Buster Brainstorming Puzzle (Multicolor) | Anti-Pop Technology | Smooth Turning | Durable	NewItem	INR	88.28	88.28	1	0	1		
2026-05-15T17:45:34+00:00	8309957212		404-6322472-9043563	CustomerServiceIssue	1030604	X0027JJHDB	B0DRVQVFJB	Cubelelo Drift 3M v3 3x3 Magnetic Speedcube (Standard) | Latest Version with New & Improved Internal Structure for Smooth Turns & Stability | Cube Toy for 6-10 Years Old Boys Girls Adults	NewItem	INR	332.04	332.04	1	0	1		
2026-05-15T17:14:46+00:00	8310140062		403-5963758-5361918	CustomerReturn	1630210	X00262W227	B09HH8CC7Y	Cubelelo Drift Number Sliding Magnetic Puzzle 4x4 | Toys For 6-10 Years Old Boys & Girls | 15-Blocks Brain Teaser Puzzle Game for Kids | Educational, Learning, Activity Toy for Return & Birthday Gifts	NewItem	INR	155.89	155.89	1	0	1		
2026-05-15T12:50:45+00:00	8308866932		171-7859646-1275514	CustomerReturn	1030300_EAN	X002C88WLZ	B0FBMGT6V7	Cubelelo Drift Explorer 3x3 Speed Cube | Best Starter Speedcube for Beginners | Perfect Brain Teaser for Kids Ages 4 to14 Years Old & Above Boys Girls Children | Smooth Turning Puzzle Toy for Adults	NewItem	INR	41.60	41.60	1	0	1		
2026-05-15T10:35:27+00:00	8308126142		407-4174446-1915527	CustomerReturn	1290300	X00239RFKR	B0DB6311DK	Cubelelo Drift Megaminx v2 Cube (New Improved Version) | 12-Sided Fun and Challenging Puzzle with Ridge Design | Smooth Turning Dodecahedron | Perfect for Speed-Cubing | Ideal for Kids & Adults	NewItem	INR	140.70	140.70	1	0	1		
2026-05-15T09:35:16+00:00	8308190082		407-1537070-0681150	CustomerReturn	1290300	X00239RFKR	B0DB6311DK	Cubelelo Drift Megaminx v2 Cube (New Improved Version) | 12-Sided Fun and Challenging Puzzle with Ridge Design | Smooth Turning Dodecahedron | Perfect for Speed-Cubing | Ideal for Kids & Adults	NewItem	INR	36.15	36.15	1	0	1		
2026-05-15T06:23:46+00:00	8307665282		402-8279443-5981938	CustomerServiceIssue	1030604	X0027JJHDB	B0DRVQVFJB	Cubelelo Drift 3M v3 3x3 Magnetic Speedcube (Standard) | Latest Version with New & Improved Internal Structure for Smooth Turns & Stability | Cube Toy for 6-10 Years Old Boys Girls Adults	NewItem	INR	331.08	331.08	1	0	1		
2026-05-15T05:36:10+00:00	8307683682		402-0384161-7917916	CustomerReturn	1030322	X000WRSIMB	B07F1M6KCP	Cubelelo Drift 3x3 Carbon Fiber Speed Cube Puzzle | Premium Multicolor Magic Cube for Kids & Adults | Stress Relief Brain Teaser with Smooth Turns & Durable Carbon Fiber Stickers	NewItem	INR	174.94	174.94	1	0	1		
2026-05-15T03:57:17+00:00	8307610002		171-8314026-9786751	CustomerServiceIssue	1030300_EAN	X002C88WLZ	B0FBMGT6V7	Cubelelo Drift Explorer 3x3 Speed Cube | Best Starter Speedcube for Beginners | Perfect Brain Teaser for Kids Ages 4 to14 Years Old & Above Boys Girls Children | Smooth Turning Puzzle Toy for Adults	NewItem	INR	41.60	41.60	1	0	1		
2026-05-15T03:49:54+00:00	8307088782		402-8234142-9259528	CustomerReturn	1460501	X001VLOAKL	B08XK25RRF	Cubelelo Drift 2x2 & 3x3 Cube Gift Box Combo | 2-in-1 Puzzle Toy Game Set for Children Kids & Adults Ages 4 5 6 & Above | Double the Challenge, Twice the Fun | Ultimate Value Saver Combo	NewItem	INR	175.92	175.92	1	0	1		
2026-05-15T01:22:10+00:00	8307057132		407-3547424-9975513	CustomerReturn	1040300	X001G4QY25	B09HH8XQ14	Cubelelo Drift 4x4 (Black) Speedcube | Challenging Brain Teaser Puzzle Toy for Kids 7-14 Years Old Boys Girls & Adults All Ages | Fast Speed Cube for Intermediate and Advanced Cubers	NewItem	INR	1.84	1.84	1	0	1		
2026-05-14T23:06:27+00:00	8306446752		406-0242585-0581962	CustomerReturn	1630223	X002IIXAZ7	B0GN1TJ7F4	Cubelelo Drift Clang! | 2-4 Players Classic Magnetic Attraction Strategy Game | Features 24 Magnets & Adjustable Rope | Fun Gifting Toy for Family, Teens & Adults | Compact and Travel Friendly	NewItem	INR	447.76	447.76	1	0	1		
2026-05-14T19:47:39+00:00	8306614612		402-9548806-9956330	CustomerReturn	1020200	X0019BU39P	B08LBJ3P8L	Cubelelo Drift 2x2 Stickerless Cube | Beginner Speedcube for Kids Boys Girls Above 3 4 5 6 Years Old & Above | Magic Puzzle Toy | Durable & Smooth Cube with Anti-Pop Design 2x2x2	NewItem	INR	117.80	117.80	1	0	1		
2026-05-14T17:23:14+00:00	8306167042		402-8234142-9259528	CustomerReturn	1460501	X001VLOAKL	B08XK25RRF	Cubelelo Drift 2x2 & 3x3 Cube Gift Box Combo | 2-in-1 Puzzle Toy Game Set for Children Kids & Adults Ages 4 5 6 & Above | Double the Challenge, Twice the Fun | Ultimate Value Saver Combo	NewItem	INR	175.92	175.92	1	0	1		
2026-05-14T17:09:00+00:00	8306311992		171-2791818-6446726	CustomerReturn	1460501	X001VLOAKL	B08XK25RRF	Cubelelo Drift 2x2 & 3x3 Cube Gift Box Combo | 2-in-1 Puzzle Toy Game Set for Children Kids & Adults Ages 4 5 6 & Above | Double the Challenge, Twice the Fun | Ultimate Value Saver Combo	NewItem	INR	55.05	55.05	1	0	1		
2026-05-14T16:35:03+00:00	8305979142		407-8426216-7901114	CustomerReturn	1030300_EAN	X002C88WLZ	B0FBMGT6V7	Cubelelo Drift Explorer 3x3 Speed Cube | Best Starter Speedcube for Beginners | Perfect Brain Teaser for Kids Ages 4 to14 Years Old & Above Boys Girls Children | Smooth Turning Puzzle Toy for Adults	NewItem	INR	41.60	41.60	1	0	1		
2026-05-14T15:48:55+00:00	8305822522		406-4250457-8317953	CustomerServiceIssue	1460501	X001VLOAKL	B08XK25RRF	Cubelelo Drift 2x2 & 3x3 Cube Gift Box Combo | 2-in-1 Puzzle Toy Game Set for Children Kids & Adults Ages 4 5 6 & Above | Double the Challenge, Twice the Fun | Ultimate Value Saver Combo	NewItem	INR	184.46	184.46	1	0	1		
2026-05-14T11:56:07+00:00	8304355332		404-3424495-0577901	CustomerReturn	1630202	X001ETHG47	B09B7PNSTV	Cubelelo Drift Infinity Cube (Blue) | Magic Puzzle Cool Mini Gadget for Stress and Anxiety Relief for Kids and Adults | Desk Finger Flip Toy for Fun and Game | for Ages 3 Years and Above	NewItem	INR	1.99	1.99	1	0	1		
2026-05-14T07:10:06+00:00	8303700322		406-2765781-0263555	CustomerReturn	TB03001	X002EI0VUX	B0FQVDNZ3K	TinkerBox Object Permanence Box | 6+ Months | Montessori Wooden Toy for Babies & Toddlers | Early Learning Puzzle for Hand-Eye Coordination & Cause-and-Effect | Safe & Durable Baby Toy	NewItem	INR	4.98	4.98	1	0	1		
2026-05-14T01:24:27+00:00	8303386672		406-0219710-1949953	CustomerReturn	1030604	X0027JJHDB	B0DRVQVFJB	Cubelelo Drift 3M v3 3x3 Magnetic Speedcube (Standard) | Latest Version with New & Improved Internal Structure for Smooth Turns & Stability | Cube Toy for 6-10 Years Old Boys Girls Adults	NewItem	INR	332.04	332.04	1	0	1		
2026-05-14T00:26:27+00:00	8302891392		403-0179479-8308376	CustomerReturn	1120100	X0019BU32H	B08LBGYZ51	Cubelelo Drift 3x3 Mirror (Silver) Magic Speed Cube | Shape Shifter Speedcube with Durable Stickers | Advanced 3x3x3 Puzzle Toy for Kids Ages 7-14 Boys Girls & Adults | Collector's Item	NewItem	INR	184.46	184.46	1	0	1		
2026-05-14T00:09:18+00:00	8302569212		403-9261056-9167539	CustomerServiceIssue	1030500	X0018CDFL3	B08H88N2N9	Cubelelo Drift Warrior 3x3 Stickerless Cube | Beginner Speedcube for Kids Boys Girls Above 3 4 5 6 Years Old & Above | Magic Puzzle Toy | Durable & Smooth Cube with Anti-Pop Design 3 3	NewItem	INR	89.22	89.22	1	0	1		
2026-05-13T23:35:16+00:00	8303093672		403-2002233-9857947	CustomerReturn	TB04001	X002EI7K89	B0FQVFPKFD	TinkerBox Object Permanence Box with Drawer | 9+ Months | Montessori Wooden Toy for Babies & Toddlers | Early Learning Puzzle for Hand-Eye Coordination & Cause-and-Effect | Safe & Durable Baby Toy	NewItem	INR	593.39	593.39	1	0	1		
2026-05-13T20:35:28+00:00	8302844852		407-9743229-1436302	CustomerReturn	1030604	X0027JJHDB	B0DRVQVFJB	Cubelelo Drift 3M v3 3x3 Magnetic Speedcube (Standard) | Latest Version with New & Improved Internal Structure for Smooth Turns & Stability | Cube Toy for 6-10 Years Old Boys Girls Adults	NewItem	INR	155.61	155.61	1	0	1		
2026-05-13T19:30:51+00:00	8302485062		403-6198885-9277954	CustomerReturn	1630202	X001ETHG47	B09B7PNSTV	Cubelelo Drift Infinity Cube (Blue) | Magic Puzzle Cool Mini Gadget for Stress and Anxiety Relief for Kids and Adults | Desk Finger Flip Toy for Fun and Game | for Ages 3 Years and Above	NewItem	INR	199.80	199.80	1	0	1		
2026-05-13T18:54:01+00:00	8302476232		405-3836225-6261966	CustomerServiceIssue	1020200	X0019BU39P	B08LBJ3P8L	Cubelelo Drift 2x2 Stickerless Cube | Beginner Speedcube for Kids Boys Girls Above 3 4 5 6 Years Old & Above | Magic Puzzle Toy | Durable & Smooth Cube with Anti-Pop Design 2x2x2	NewItem	INR	117.80	117.80	1	0	1		
2026-05-13T14:31:38+00:00	8302691652		406-4148499-1578765	CustomerReturn	1020200	X0019BU39P	B08LBJ3P8L	Cubelelo Drift 2x2 Stickerless Cube | Beginner Speedcube for Kids Boys Girls Above 3 4 5 6 Years Old & Above | Magic Puzzle Toy | Durable & Smooth Cube with Anti-Pop Design 2x2x2	NewItem	INR	9.35	9.35	1	0	1		
2026-05-13T13:59:32+00:00	8301312142		402-4813361-2286718	CustomerReturn	1460510	X001VW450P	B0BZL11XWC	Cubelelo Drift 4x4, 5x5 Premium Gift Box | 2-in-1 Puzzle Game Set | Challenge, Thrice The Fun | Ultimate Value Saver Combo | Brainstoming Toy for Children Kids & Adults	NewItem	INR	590.45	590.45	1	0	1		
2026-05-13T13:31:46+00:00	8301109852		171-4110647-9819549	CustomerServiceIssue	1630201	X001I5SK8D	B09QMNCWYG	Cubelelo Drift Infinity Cube (Green) | Magic Puzzle Cool Mini Gadget for Stress and Anxiety Relief for Kids and Adults | Desk Finger Flip Toy for Fun and Game | for Ages 3 Years and Above	NewItem	INR	59.65	59.65	1	0	1		
2026-05-13T12:08:33+00:00	8301041792		402-0387183-3958755	CustomerReturn	1460553	X001WPZI9N	B0BYVHGR5H	Cubelelo Drift 2x2, 3x3 & Pyraminx Cube Combo (Stickerless) | Ideal for Kids Above 3 4 5 6 Years Old Boys Girls | 3 in 1 Speedcube Gift Set | High Speed Puzzle 3x3x3 2x2x2 Pyramid Triangle	NewItem	INR	113.90	113.90	1	0	1		
2026-05-13T04:57:19+00:00	8299424022		402-1715115-8781169	CustomerServiceIssue	1030300_EAN	X002C88WLZ	B0FBMGT6V7	Cubelelo Drift Explorer 3x3 Speed Cube | Best Starter Speedcube for Beginners | Perfect Brain Teaser for Kids Ages 4 to14 Years Old & Above Boys Girls Children | Smooth Turning Puzzle Toy for Adults	NewItem	INR	0.42	0.42	1	0	1		
2026-05-13T03:17:23+00:00	8299366952		407-5593546-0794707	CustomerServiceIssue	1030604	X0027JJHDB	B0DRVQVFJB	Cubelelo Drift 3M v3 3x3 Magnetic Speedcube (Standard) | Latest Version with New & Improved Internal Structure for Smooth Turns & Stability | Cube Toy for 6-10 Years Old Boys Girls Adults	NewItem	INR	332.04	332.04	1	0	1		
2026-05-13T03:11:08+00:00	8299184412		405-8965156-7437156	CustomerReturn	1460501	X001VLOAKL	B08XK25RRF	Cubelelo Drift 2x2 & 3x3 Cube Gift Box Combo | 2-in-1 Puzzle Toy Game Set for Children Kids & Adults Ages 4 5 6 & Above | Double the Challenge, Twice the Fun | Ultimate Value Saver Combo	NewItem	INR	184.46	184.46	1	0	1		
2026-05-13T02:06:58+00:00	8299164352		402-7350615-7184351	CustomerReturn	1030604	X0027JJHDB	B0DRVQVFJB	Cubelelo Drift 3M v3 3x3 Magnetic Speedcube (Standard) | Latest Version with New & Improved Internal Structure for Smooth Turns & Stability | Cube Toy for 6-10 Years Old Boys Girls Adults	NewItem	INR	155.61	155.61	1	0	1		
2026-05-13T01:05:10+00:00	8298859402		402-9929910-0168315	CustomerReturn	1630210	X00262W227	B09HH8CC7Y	Cubelelo Drift Number Sliding Magnetic Puzzle 4x4 | Toys For 6-10 Years Old Boys & Girls | 15-Blocks Brain Teaser Puzzle Game for Kids | Educational, Learning, Activity Toy for Return & Birthday Gifts	NewItem	INR	182.56	182.56	1	0	1		
2026-05-13T00:45:04+00:00	8298850882		403-4090639-8933969	CustomerReturn	1290300	X00239RFKR	B0DB6311DK	Cubelelo Drift Megaminx v2 Cube (New Improved Version) | 12-Sided Fun and Challenging Puzzle with Ridge Design | Smooth Turning Dodecahedron | Perfect for Speed-Cubing | Ideal for Kids & Adults	NewItem	INR	469.00	469.00	1	0	1		
2026-05-13T00:10:10+00:00	8298533592		407-4206452-6495557	CustomerReturn	1030478	X001HYK0PL	B09PYRTM4X	Cubelelo Drift 3x3 Jelly Edition Speedcube Magic Cube Puzzle	NewItem	INR	165.42	165.42	1	0	1		
2026-05-12T23:28:12+00:00	8299324092		402-7512890-9778726	CustomerReturn	1030300_EAN	X002C88WLZ	B0FBMGT6V7	Cubelelo Drift Explorer 3x3 Speed Cube | Best Starter Speedcube for Beginners | Perfect Brain Teaser for Kids Ages 4 to14 Years Old & Above Boys Girls Children | Smooth Turning Puzzle Toy for Adults	NewItem	INR	41.60	41.60	1	0	1		
2026-05-12T18:49:55+00:00	8298435482		406-6859030-0665157	CustomerReturn	1460501	X001VLOAKL	B08XK25RRF	Cubelelo Drift 2x2 & 3x3 Cube Gift Box Combo | 2-in-1 Puzzle Toy Game Set for Children Kids & Adults Ages 4 5 6 & Above | Double the Challenge, Twice the Fun | Ultimate Value Saver Combo	NewItem	INR	52.49	52.49	1	0	1		
2026-05-12T13:09:21+00:00	8297634342		405-9478168-6385152	CustomerReturn	1030604	X0027JJHDB	B0DRVQVFJB	Cubelelo Drift 3M v3 3x3 Magnetic Speedcube (Standard) | Latest Version with New & Improved Internal Structure for Smooth Turns & Stability | Cube Toy for 6-10 Years Old Boys Girls Adults	NewItem	INR	332.04	332.04	1	0	1		
2026-05-12T08:37:23+00:00	8296065742		408-7114421-2664345	CustomerReturn	1050200	X001GM0XER	B09K7QTCXP	Cubelelo Drift 5x5 Stickerless Speed Cube | AKA Professor's Cube Magic Puzzle for Kids & Adults | Smooth and Durable Speedy Brainstorming Puzzle| Ultimate Stress Buster and Mind Challenge	NewItem	INR	332.04	332.04	1	0	1		
2026-05-12T08:27:13+00:00	8296064052		407-4015321-9081936	CustomerReturn	TB03001	X002EI0VUX	B0FQVDNZ3K	TinkerBox Object Permanence Box | 6+ Months | Montessori Wooden Toy for Babies & Toddlers | Early Learning Puzzle for Hand-Eye Coordination & Cause-and-Effect | Safe & Durable Baby Toy	NewItem	INR	149.45	149.45	1	0	1		
2026-05-12T08:14:29+00:00	8295294872		406-6968742-3196352	CustomerServiceIssue	1630222	X002HPDYRF	B0GH18NXXG	Cubelelo Drift Magnetic Tangram Puzzle | with Strong Magnets, Wooden Pieces & Bold Colors | Toys for 5-10 Years Old Boys Girls & Adults | Travel Friendly, Educational Toy for Return & Birthday Gifts	NewItem	INR	133.23	133.23	1	0	1		
2026-05-12T05:54:00+00:00	8296003692		406-5542610-7015546	CustomerReturn	1280100a	X001LHLHUV	B09QYW9DYC	Cubelelo Drift Pyraminx Puzzle Speedcube | Beginner Starter Cube for Kids 3+ Year Old & Above | Triangle Pyramid Shape Stickerless 3x3 Cubes Toy | Ideal for Boys Girls Children 4 5 6+ Years & Adults	NewItem	INR	46.96	46.96	1	0	1		
2026-05-12T01:56:19+00:00	8295003622		404-1747876-3356315	CustomerServiceIssue	TB04002	X002EGUYGB	B0FQP762MD	TinkerBox Ring Stacker | 9+ Months | Montessori Wooden Stacking Toy for Toddlers & Kids | STEM Learning Puzzle for Shape, Size & Color Recognition | Safe & Durable Wooden Toy	NewItem	INR	293.86	293.86	1	0	1		
2026-05-11T21:48:53+00:00	8294717132		406-2940890-1967569	CustomerReturn	1460552	X001WQ5O6J	B0BZKZ8212	Cubelelo Drift Gear, Mirror (Silver) & Pyraminx Combo Stickerless | Unique Speedcube Set for Kids & Adults | Smooth & Durable Puzzles | Challenging Gift for Cubers	NewItem	INR	659.47	659.47	1	0	1		
2026-05-11T21:22:30+00:00	8294711432		406-8003677-6623559	CustomerServiceIssue	1050200	X001GM0XER	B09K7QTCXP	Cubelelo Drift 5x5 Stickerless Speed Cube | AKA Professor's Cube Magic Puzzle for Kids & Adults | Smooth and Durable Speedy Brainstorming Puzzle| Ultimate Stress Buster and Mind Challenge	NewItem	INR	332.04	332.04	1	0	1		
2026-05-11T20:08:07+00:00	8294676842		404-9214709-6583539	CustomerReturn	1030500	X0018CDFL3	B08H88N2N9	Cubelelo Drift Warrior 3x3 Stickerless Cube | Beginner Speedcube for Kids Boys Girls Above 3 4 5 6 Years Old & Above | Magic Puzzle Toy | Durable & Smooth Cube with Anti-Pop Design 3 3	NewItem	INR	26.48	26.48	1	0	1		
2026-05-11T12:30:54+00:00	8293085822		402-3511642-5665940	CustomerServiceIssue	1030604	X0027JJHDB	B0DRVQVFJB	Cubelelo Drift 3M v3 3x3 Magnetic Speedcube (Standard) | Latest Version with New & Improved Internal Structure for Smooth Turns & Stability | Cube Toy for 6-10 Years Old Boys Girls Adults	NewItem	INR	3.31	3.31	1	0	1		
2026-05-11T10:44:45+00:00	8292557292		405-7657138-9154754	CustomerReturn	1030604	X0027JJHDB	B0DRVQVFJB	Cubelelo Drift 3M v3 3x3 Magnetic Speedcube (Standard) | Latest Version with New & Improved Internal Structure for Smooth Turns & Stability | Cube Toy for 6-10 Years Old Boys Girls Adults	NewItem	INR	332.04	332.04	1	0	1		
2026-05-11T08:40:29+00:00	8291926622		407-3710148-6740304	CustomerReturn	1630210	X00262W227	B09HH8CC7Y	Cubelelo Drift Number Sliding Magnetic Puzzle 4x4 | Toys For 6-10 Years Old Boys & Girls | 15-Blocks Brain Teaser Puzzle Game for Kids | Educational, Learning, Activity Toy for Return & Birthday Gifts	NewItem	INR	184.46	184.46	1	0	1		
2026-05-11T08:05:34+00:00	8279645912	12567227092	S02-9520104-7564346	ReturnAdjustment	1030604	X0027JJHDB	B0DRVQVFJB	Cubelelo Drift 3M v3 3x3 Magnetic Speedcube (Standard) | Latest Version with New & Improved Internal Structure for Smooth Turns & Stability | Cube Toy for 6-10 Years Old Boys Girls Adults	NewItem	INR	142.36	142.36	1		1		
2026-05-11T07:35:03+00:00	8291538672		407-1624138-2393927	CustomerReturn	1630210	X00262W227	B09HH8CC7Y	Cubelelo Drift Number Sliding Magnetic Puzzle 4x4 | Toys For 6-10 Years Old Boys & Girls | 15-Blocks Brain Teaser Puzzle Game for Kids | Educational, Learning, Activity Toy for Return & Birthday Gifts	NewItem	INR	184.46	184.46	1	0	1		
2026-05-11T06:58:03+00:00	8279997382	12567152452	S02-9520104-7564346	ReturnAdjustment	1030300_EAN	X002C88WLZ	B0FBMGT6V7	Cubelelo Drift Explorer 3x3 Speed Cube | Best Starter Speedcube for Beginners | Perfect Brain Teaser for Kids Ages 4 to14 Years Old & Above Boys Girls Children | Smooth Turning Puzzle Toy for Adults	NewItem	INR	29.12	29.12	1		1		
2026-05-11T06:10:55+00:00	8291421012		408-4606128-4621166	CustomerReturn	1630210	X00262W227	B09HH8CC7Y	Cubelelo Drift Number Sliding Magnetic Puzzle 4x4 | Toys For 6-10 Years Old Boys & Girls | 15-Blocks Brain Teaser Puzzle Game for Kids | Educational, Learning, Activity Toy for Return & Birthday Gifts	NewItem	INR	182.56	182.56	1	0	1		
2026-05-11T05:42:27+00:00	8291206272		403-9760187-9742749	CustomerReturn	1030300_EAN	X002C88WLZ	B0FBMGT6V7	Cubelelo Drift Explorer 3x3 Speed Cube | Best Starter Speedcube for Beginners | Perfect Brain Teaser for Kids Ages 4 to14 Years Old & Above Boys Girls Children | Smooth Turning Puzzle Toy for Adults	NewItem	INR	41.60	41.60	1	0	1		
2026-05-11T05:29:10+00:00	8291410192		402-3244364-4587525	CustomerReturn	1460553	X001WPZI9N	B0BYVHGR5H	Cubelelo Drift 2x2, 3x3 & Pyraminx Cube Combo (Stickerless) | Ideal for Kids Above 3 4 5 6 Years Old Boys Girls | 3 in 1 Speedcube Gift Set | High Speed Puzzle 3x3x3 2x2x2 Pyramid Triangle	NewItem	INR	379.66	379.66	1	0	1		
2026-05-11T04:46:10+00:00	8279511232	12563310772	S02-9520104-7564346	ReturnAdjustment	1030600_EAN	X001ORNFU3	B0BQ73MK6H	Cubelelo Drift 3M 3x3 (Magnetic) Stickerless Speed Cube | Enhances Auto-Alignment & Fast Turning with 48 NDM Magnets | Brainteaser Stress Buster Brainstorming Puzzle for Kids & Adults	NewItem	INR	232.43	232.43	1		1		
2026-05-11T04:42:54+00:00	8291066202		404-4464160-2629123	CustomerReturn	1030604	X0027JJHDB	B0DRVQVFJB	Cubelelo Drift 3M v3 3x3 Magnetic Speedcube (Standard) | Latest Version with New & Improved Internal Structure for Smooth Turns & Stability | Cube Toy for 6-10 Years Old Boys Girls Adults	NewItem	INR	332.04	332.04	1	0	1		
2026-05-11T01:28:23+00:00	8290469932		405-2632774-9258756	CustomerReturn	1630210	X00262W227	B09HH8CC7Y	Cubelelo Drift Number Sliding Magnetic Puzzle 4x4 | Toys For 6-10 Years Old Boys & Girls | 15-Blocks Brain Teaser Puzzle Game for Kids | Educational, Learning, Activity Toy for Return & Birthday Gifts	NewItem	INR	182.56	182.56	1	0	1		
2026-05-10T23:40:07+00:00	8290570672		405-7243188-7633102	CustomerReturn	1030300_EAN	X002C88WLZ	B0FBMGT6V7	Cubelelo Drift Explorer 3x3 Speed Cube | Best Starter Speedcube for Beginners | Perfect Brain Teaser for Kids Ages 4 to14 Years Old & Above Boys Girls Children | Smooth Turning Puzzle Toy for Adults	NewItem	INR	41.60	41.60	1	0	1		
2026-05-10T22:57:08+00:00	8290697502		402-6705578-0757930	CustomerReturn	1040300	X001G4QY25	B09HH8XQ14	Cubelelo Drift 4x4 (Black) Speedcube | Challenging Brain Teaser Puzzle Toy for Kids 7-14 Years Old Boys Girls & Adults All Ages | Fast Speed Cube for Intermediate and Advanced Cubers	NewItem	INR	181.60	181.60	1	0	1		
2026-05-10T21:26:16+00:00	8290526832		402-7880428-6288306	CustomerReturn	1020200	X0019BU39P	B08LBJ3P8L	Cubelelo Drift 2x2 Stickerless Cube | Beginner Speedcube for Kids Boys Girls Above 3 4 5 6 Years Old & Above | Magic Puzzle Toy | Durable & Smooth Cube with Anti-Pop Design 2x2x2	NewItem	INR	111.26	111.26	1	0	1		
2026-05-10T21:20:43+00:00	8290538282		403-1681694-9427565	CustomerReturn	1630201	X001I5SK8D	B09QMNCWYG	Cubelelo Drift Infinity Cube (Green) | Magic Puzzle Cool Mini Gadget for Stress and Anxiety Relief for Kids and Adults | Desk Finger Flip Toy for Fun and Game | for Ages 3 Years and Above	NewItem	INR	199.80	199.80	1	0	1		
2026-05-10T17:50:33+00:00	8289523612		406-2164922-4735520	CustomerReturn	1030604	X0027JJHDB	B0DRVQVFJB	Cubelelo Drift 3M v3 3x3 Magnetic Speedcube (Standard) | Latest Version with New & Improved Internal Structure for Smooth Turns & Stability | Cube Toy for 6-10 Years Old Boys Girls Adults	NewItem	INR	332.04	332.04	1	0	1		
2026-05-10T17:36:40+00:00	8290200232		403-3624075-0489100	CustomerServiceIssue	1030300_EAN	X002C88WLZ	B0FBMGT6V7	Cubelelo Drift Explorer 3x3 Speed Cube | Best Starter Speedcube for Beginners | Perfect Brain Teaser for Kids Ages 4 to14 Years Old & Above Boys Girls Children | Smooth Turning Puzzle Toy for Adults	NewItem	INR	0.42	0.42	1	0	1		
2026-05-10T15:49:26+00:00	8289633102		405-8338112-3468310	CustomerReturn	1630210	X00262W227	B09HH8CC7Y	Cubelelo Drift Number Sliding Magnetic Puzzle 4x4 | Toys For 6-10 Years Old Boys & Girls | 15-Blocks Brain Teaser Puzzle Game for Kids | Educational, Learning, Activity Toy for Return & Birthday Gifts	NewItem	INR	155.89	155.89	1	0	1		
2026-05-10T13:54:09+00:00	8289346502		406-7846690-6945934	CustomerReturn	TB00004	X002C9CNJL	B0FF9R4GS4	TinkerBox Stack & Balance Human Tower | Wooden Interlocking Toy Set | Promotes Critical Thinking & Creativity | Early Learning Educational Game for Kids Children Boys Girls	NewItem	INR	542.99	542.99	1	0	1		
2026-05-10T13:17:04+00:00	8288996882		402-1100214-9564349	CustomerReturn	CLB0525	X00271Q95N	B0DQ8XH4J5	Cubelelo Drift 3M Plus v2 MagLev 3x3 Speedcube with Premium Pouch & Cube Lubricant Combo | Advanced MagLev Technology for Superior Stability | Ultra-Smooth Turns | Ideal for Speedcubers, Kids & Adults	NewItem	INR	9.95	9.95	1	0	1		
2026-05-10T13:02:03+00:00	8288626212		405-1051081-9441156	CustomerReturn	1030604	X0027JJHDB	B0DRVQVFJB	Cubelelo Drift 3M v3 3x3 Magnetic Speedcube (Standard) | Latest Version with New & Improved Internal Structure for Smooth Turns & Stability | Cube Toy for 6-10 Years Old Boys Girls Adults	NewItem	INR	332.04	332.04	1	0	1		
2026-05-10T11:57:24+00:00	8276922062	12564936122	S02-9520104-7564346	ReturnAdjustment	1030603	X0027JJ8K3	B0DRVMTFN1	Cubelelo Drift 3M v3 3x3 (Magnetic UV Coated) Speedcube - New Version | Premium Glossy Finish, Ultra Fast & Smooth Turns, Enhanced Auto-Alignment with 48 Magnets | Puzzle Cube for Kids & Adults	NewItem	INR	394.97	394.97	1		1		
2026-05-10T10:23:05+00:00	8288131252		407-8824678-6492332	CustomerServiceIssue	1630223	X002IIXAZ7	B0GN1TJ7F4	Cubelelo Drift Clang! | 2-4 Players Classic Magnetic Attraction Strategy Game | Features 24 Magnets & Adjustable Rope | Fun Gifting Toy for Family, Teens & Adults | Compact and Travel Friendly	NewItem	INR	447.76	447.76	1	0	1		
2026-05-10T09:06:07+00:00	8287285272		407-8824678-6492332	CustomerServiceIssue	1630223	X002IIXAZ7	B0GN1TJ7F4	Cubelelo Drift Clang! | 2-4 Players Classic Magnetic Attraction Strategy Game | Features 24 Magnets & Adjustable Rope | Fun Gifting Toy for Family, Teens & Adults | Compact and Travel Friendly	NewItem	INR	447.76	447.76	1	0	1		
2026-05-10T05:20:50+00:00	8274540862	12564182322	S02-0464399-0606529	ReturnAdjustment	1050200	X001GM0XER	B09K7QTCXP	Cubelelo Drift 5x5 Stickerless Speed Cube | AKA Professor's Cube Magic Puzzle for Kids & Adults | Smooth and Durable Speedy Brainstorming Puzzle| Ultimate Stress Buster and Mind Challenge	NewItem	INR	232.43	232.43	1		1		
2026-05-10T04:28:12+00:00	8287310362		171-3244876-6325122	CustomerReturn	1040400	X002DFU80F	B0FL7TDJLF	Cubelelo Drift 4x4 Stickerless Cube Puzzle Toy | Combines Smoothness, Stability & Durability | 4x4x4 Speedcube for Beginners| Suitable for Kids Ages 6 to 14 Years Old, Boys, Girls & Adults	NewItem	INR	2.84	2.84	1	0	1		
2026-05-10T02:30:56+00:00	8287090182		405-9757571-8742700	CustomerServiceIssue	1290300	X00239RFKR	B0DB6311DK	Cubelelo Drift Megaminx v2 Cube (New Improved Version) | 12-Sided Fun and Challenging Puzzle with Ridge Design | Smooth Turning Dodecahedron | Perfect for Speed-Cubing | Ideal for Kids & Adults	NewItem	INR	469.00	469.00	1	0	1		
2026-05-10T01:11:15+00:00	8286403102		407-1916309-6721915	CustomerReturn	1120600	X0027JGNCT	B0DRVRHR6G	Cubelelo Drift 3x3 Mirror Blue (Magnetic) (Tiled) Speedcube | Premium New Version Shape-Shifting Puzzle with Stunning Looks, Buttery Smooth Turns & Durability | Ideal for Kids Boys Girls Ages 6 & up	NewItem	INR	183.56	183.56	1	0	1		
2026-05-09T22:17:12+00:00	8286644452		408-0215044-7453951	CustomerReturn	1030604	X0027JJHDB	B0DRVQVFJB	Cubelelo Drift 3M v3 3x3 Magnetic Speedcube (Standard) | Latest Version with New & Improved Internal Structure for Smooth Turns & Stability | Cube Toy for 6-10 Years Old Boys Girls Adults	NewItem	INR	332.04	332.04	1	0	1		
2026-05-09T21:49:22+00:00	8286168092		405-8673017-5020367	CustomerReturn	1280100a	X001LHLHUV	B09QYW9DYC	Cubelelo Drift Pyraminx Puzzle Speedcube | Beginner Starter Cube for Kids 3+ Year Old & Above | Triangle Pyramid Shape Stickerless 3x3 Cubes Toy | Ideal for Boys Girls Children 4 5 6+ Years & Adults	NewItem	INR	49.34	49.34	1	0	1		
2026-05-09T14:50:58+00:00	8285500482		171-5628135-0474733	CustomerServiceIssue	1030300_EAN	X002C88WLZ	B0FBMGT6V7	Cubelelo Drift Explorer 3x3 Speed Cube | Best Starter Speedcube for Beginners | Perfect Brain Teaser for Kids Ages 4 to14 Years Old & Above Boys Girls Children | Smooth Turning Puzzle Toy for Adults	NewItem	INR	41.60	41.60	1	0	1		
2026-05-09T14:06:38+00:00	8285629742		402-1579138-1360344	CustomerReturn	1030604	X0027JJHDB	B0DRVQVFJB	Cubelelo Drift 3M v3 3x3 Magnetic Speedcube (Standard) | Latest Version with New & Improved Internal Structure for Smooth Turns & Stability | Cube Toy for 6-10 Years Old Boys Girls Adults	NewItem	INR	26.49	26.49	1	0	1		
2026-05-09T11:45:39+00:00	8284598212		408-4262992-3259565	CustomerServiceIssue	1630210	X00262W227	B09HH8CC7Y	Cubelelo Drift Number Sliding Magnetic Puzzle 4x4 | Toys For 6-10 Years Old Boys & Girls | 15-Blocks Brain Teaser Puzzle Game for Kids | Educational, Learning, Activity Toy for Return & Birthday Gifts	NewItem	INR	46.77	46.77	1	0	1		
2026-05-09T11:32:48+00:00	8272243862	12555667462	S02-8286653-0908421	ReturnAdjustment	1030300_EAN	X002C88WLZ	B0FBMGT6V7	Cubelelo Drift Explorer 3x3 Speed Cube | Best Starter Speedcube for Beginners | Perfect Brain Teaser for Kids Ages 4 to14 Years Old & Above Boys Girls Children | Smooth Turning Puzzle Toy for Adults	NewItem	INR	29.12	29.12	1		1		
2026-05-09T06:58:11+00:00	8283870282		408-5587208-5096346	CustomerServiceIssue	1630223	X002IIXAZ7	B0GN1TJ7F4	Cubelelo Drift Clang! | 2-4 Players Classic Magnetic Attraction Strategy Game | Features 24 Magnets & Adjustable Rope | Fun Gifting Toy for Family, Teens & Adults | Compact and Travel Friendly	NewItem	INR	168.46	168.46	1	0	1		
2026-05-09T04:34:46+00:00	8283101182		171-9644499-2353124	CustomerReturn	1670100_EAN	X001S3J90D	B0C55MBRHV	Cubelelo Drift Megaminx 2x2 Stickerless Speedcube Puzzle for Kids & Adults | 12 Sided Unique Challenging Puzzle with Adjustable Tension & Anti-pop Design	NewItem	INR	3.80	3.80	1	0	1		
2026-05-09T04:28:20+00:00	8283242022		407-1304985-2489102	CustomerServiceIssue	1040300	X001G4QY25	B09HH8XQ14	Cubelelo Drift 4x4 (Black) Speedcube | Challenging Brain Teaser Puzzle Toy for Kids 7-14 Years Old Boys Girls & Adults All Ages | Fast Speed Cube for Intermediate and Advanced Cubers	NewItem	INR	1.84	1.84	1	0	1		
2026-05-09T03:17:04+00:00	8283085602		402-0967392-9554707	CustomerReturn	1030604	X0027JJHDB	B0DRVQVFJB	Cubelelo Drift 3M v3 3x3 Magnetic Speedcube (Standard) | Latest Version with New & Improved Internal Structure for Smooth Turns & Stability | Cube Toy for 6-10 Years Old Boys Girls Adults	NewItem	INR	332.04	332.04	1	0	1		
2026-05-08T22:56:54+00:00	8283185442		408-2586788-5622750	CustomerReturn	1120100	X0019BU32H	B08LBGYZ51	Cubelelo Drift 3x3 Mirror (Silver) Magic Speed Cube | Shape Shifter Speedcube with Durable Stickers | Advanced 3x3x3 Puzzle Toy for Kids Ages 7-14 Boys Girls & Adults | Collector's Item	NewItem	INR	55.05	55.05	1	0	1		
2026-05-08T21:55:36+00:00	8282883092		408-8232560-7041162	CustomerServiceIssue	1290300	X00239RFKR	B0DB6311DK	Cubelelo Drift Megaminx v2 Cube (New Improved Version) | 12-Sided Fun and Challenging Puzzle with Ridge Design | Smooth Turning Dodecahedron | Perfect for Speed-Cubing | Ideal for Kids & Adults	NewItem	INR	469.00	469.00	1	0	1		
2026-05-08T21:28:00+00:00	8281959062		406-6046572-2757155	CustomerServiceIssue	1030300_EAN	X002C88WLZ	B0FBMGT6V7	Cubelelo Drift Explorer 3x3 Speed Cube | Best Starter Speedcube for Beginners | Perfect Brain Teaser for Kids Ages 4 to14 Years Old & Above Boys Girls Children | Smooth Turning Puzzle Toy for Adults	NewItem	INR	0.42	0.42	1	0	1		
2026-05-08T20:08:15+00:00	8282675712		407-9046498-0369150	CustomerServiceIssue	1030604	X0027JJHDB	B0DRVQVFJB	Cubelelo Drift 3M v3 3x3 Magnetic Speedcube (Standard) | Latest Version with New & Improved Internal Structure for Smooth Turns & Stability | Cube Toy for 6-10 Years Old Boys Girls Adults	NewItem	INR	155.61	155.61	1	0	1		
2026-05-08T15:49:30+00:00	8281702382		404-7162043-0965911	CustomerServiceIssue	1030300_EAN	X002C88WLZ	B0FBMGT6V7	Cubelelo Drift Explorer 3x3 Speed Cube | Best Starter Speedcube for Beginners | Perfect Brain Teaser for Kids Ages 4 to14 Years Old & Above Boys Girls Children | Smooth Turning Puzzle Toy for Adults	NewItem	INR	0.42	0.42	1	0	1		
2026-05-08T14:28:51+00:00	8281659882		407-8824678-6492332	CustomerReturn	1630223	X002IIXAZ7	B0GN1TJ7F4	Cubelelo Drift Clang! | 2-4 Players Classic Magnetic Attraction Strategy Game | Features 24 Magnets & Adjustable Rope | Fun Gifting Toy for Family, Teens & Adults | Compact and Travel Friendly	NewItem	INR	430.65	430.65	1	0	1		
2026-05-08T12:22:20+00:00	8281346942		405-7408993-5860309	CustomerReturn	1630210	X00262W227	B09HH8CC7Y	Cubelelo Drift Number Sliding Magnetic Puzzle 4x4 | Toys For 6-10 Years Old Boys & Girls | 15-Blocks Brain Teaser Puzzle Game for Kids | Educational, Learning, Activity Toy for Return & Birthday Gifts	NewItem	INR	155.89	155.89	1	0	1		
2026-05-08T11:38:41+00:00	8280199652		403-2082006-2269158	CustomerReturn	1630202	X001ETHG47	B09B7PNSTV	Cubelelo Drift Infinity Cube (Blue) | Magic Puzzle Cool Mini Gadget for Stress and Anxiety Relief for Kids and Adults | Desk Finger Flip Toy for Fun and Game | for Ages 3 Years and Above	NewItem	INR	15.91	15.91	1	0	1		
2026-05-08T10:18:18+00:00	8280478462		405-1218673-0047524	CustomerReturn	1030600_EAN	X001ORNFU3	B0BQ73MK6H	Cubelelo Drift 3M 3x3 (Magnetic) Stickerless Speed Cube | Enhances Auto-Alignment & Fast Turning with 48 NDM Magnets | Brainteaser Stress Buster Brainstorming Puzzle for Kids & Adults	NewItem	INR	379.66	379.66	1	0	1		
2026-05-08T02:23:52+00:00	8279295772		406-3776879-7062763	CustomerServiceIssue	1280100a	X001LHLHUV	B09QYW9DYC	Cubelelo Drift Pyraminx Puzzle Speedcube | Beginner Starter Cube for Kids 3+ Year Old & Above | Triangle Pyramid Shape Stickerless 3x3 Cubes Toy | Ideal for Boys Girls Children 4 5 6+ Years & Adults	NewItem	INR	49.34	49.34	1	0	1		
2026-05-07T22:14:21+00:00	8278975342		171-2301839-8747543	CustomerReturn	1460570	X0022KW403	B08M5C5XSY	Cubelelo Drift 4x4 Stickerless with Stand | High-Performance Speed Cube | Smooth Turning & Durable | Ideal for Beginners & Pros for Kids & Adults	NewItem	INR	313.00	313.00	1	0	1		
2026-05-07T20:22:16+00:00	8278951902		407-8630061-6275500	CustomerServiceIssue	1030800_EAN	X001P8BZA3	B0BRXKFQWS	Cubelelo Drift 3M Plus v2 3x3 (MagLev) Magnetic Speedcube (New Version) | Cube for Kids Boys Girls Children Ages 4 5 6 7 8 & Above | Premium 3x3x3 for Speedcubing with Excellent Performance	NewItem	INR	914.55	914.55	1	0	1		
2026-05-07T19:12:34+00:00	8278942022		403-7613464-7128357	CustomerReturn	1290300	X00239RFKR	B0DB6311DK	Cubelelo Drift Megaminx v2 Cube (New Improved Version) | 12-Sided Fun and Challenging Puzzle with Ridge Design | Smooth Turning Dodecahedron | Perfect for Speed-Cubing | Ideal for Kids & Adults	NewItem	INR	140.70	140.70	1	0	1		
2026-05-07T18:35:58+00:00	8278420262		402-2656977-2559509	CustomerServiceIssue	1030500	X0018CDFL3	B08H88N2N9	Cubelelo Drift Warrior 3x3 Stickerless Cube | Beginner Speedcube for Kids Boys Girls Above 3 4 5 6 Years Old & Above | Magic Puzzle Toy | Durable & Smooth Cube with Anti-Pop Design 3 3	NewItem	INR	7.06	7.06	1	0	1		
2026-05-07T18:05:05+00:00	8279043382		403-3118221-9964329	CustomerServiceIssue	1280600_EAN	X001PEDWDF	B0BSFD6XY8	Cubelelo Drift Pyraminx M (Magnetic) Puzzle | Toys for Kids 4 5 6 7 8 to 14 Years Old & Above Boys Girls All Ages | Stickerless Pyramid Triangle High Speed Gift Cube Toy | Travel Friendly	NewItem	INR	154.99	154.99	1	0	1		
2026-05-07T14:10:01+00:00	8276953432		406-7143635-9671557	CustomerServiceIssue	1460553	X001WPZI9N	B0BYVHGR5H	Cubelelo Drift 2x2, 3x3 & Pyraminx Cube Combo (Stickerless) | Ideal for Kids Above 3 4 5 6 Years Old Boys Girls | 3 in 1 Speedcube Gift Set | High Speed Puzzle 3x3x3 2x2x2 Pyramid Triangle	NewItem	INR	30.37	30.37	1	0	1		
2026-05-07T09:58:42+00:00	8275455702		404-8862194-1914723	CustomerReturn	1050200	X001GM0XER	B09K7QTCXP	Cubelelo Drift 5x5 Stickerless Speed Cube | AKA Professor's Cube Magic Puzzle for Kids & Adults | Smooth and Durable Speedy Brainstorming Puzzle| Ultimate Stress Buster and Mind Challenge	NewItem	INR	332.04	332.04	1	0	1		
2026-05-07T04:41:52+00:00	8274513432		171-3912443-3933926	CustomerReturn	1030604	X0027JJHDB	B0DRVQVFJB	Cubelelo Drift 3M v3 3x3 Magnetic Speedcube (Standard) | Latest Version with New & Improved Internal Structure for Smooth Turns & Stability | Cube Toy for 6-10 Years Old Boys Girls Adults	NewItem	INR	332.04	332.04	1	0	1		
2026-05-07T04:04:21+00:00	8274312292		406-9610671-3601118	CustomerReturn	1280100a	X001LHLHUV	B09QYW9DYC	Cubelelo Drift Pyraminx Puzzle Speedcube | Beginner Starter Cube for Kids 3+ Year Old & Above | Triangle Pyramid Shape Stickerless 3x3 Cubes Toy | Ideal for Boys Girls Children 4 5 6+ Years & Adults	NewItem	INR	46.96	46.96	1	0	1		
2026-05-07T02:40:52+00:00	8274605202		403-3074311-5312369	CustomerReturn	1460501	X001VLOAKL	B08XK25RRF	Cubelelo Drift 2x2 & 3x3 Cube Gift Box Combo | 2-in-1 Puzzle Toy Game Set for Children Kids & Adults Ages 4 5 6 & Above | Double the Challenge, Twice the Fun | Ultimate Value Saver Combo	NewItem	INR	184.46	184.46	1	0	1		
2026-05-07T02:03:34+00:00	8274407052		402-4182457-7453154	CustomerReturn	1030400	X0012WM1NR	B07XPNC385	Cubelelo Drift 3x3 Black Speedcube | Beginner Cube for Kids & Adults | Magic Speed Stress Buster Brainstorming Puzzle (Multicolor) | Anti-Pop Technology | Smooth Turning | Durable	NewItem	INR	6.61	6.61	1	0	1		
2026-05-07T01:03:13+00:00	8274592342		403-2644386-0754749	CustomerServiceIssue	1120038a	X002CWQDK3	B0FHW9DQ29	Cubelelo Drift Mirror 3x3 (Tiled - Colored) Speed Cube | No Stickers, Premium Finish with Smooth Turning Speedcube for Kids and Adults	NewItem	INR	2.84	2.84	1	0	1		
2026-05-06T22:43:30+00:00	8274345952		404-2584659-3393129	CustomerReturn	1960100	X001ESH40T	B09B75WYR2	Cubelelo Drift Mini 3x3 Keychain | Magic Speed Cube Toy | Puzzle for Kids and Adults | Compact and Handy Multi Purpose Brain Teaser Game for Fun and Joy | for Ages 3 Years and Above	NewItem	INR	13.61	13.61	1	0	1		
2026-05-06T21:33:20+00:00	8273947952		404-1648022-1484332	CustomerServiceIssue	1120038a	X002CWQDK3	B0FHW9DQ29	Cubelelo Drift Mirror 3x3 (Tiled - Colored) Speed Cube | No Stickers, Premium Finish with Smooth Turning Speedcube for Kids and Adults	NewItem	INR	2.84	2.84	1	0	1		
2026-05-06T20:25:27+00:00	8273936722		404-2584659-3393129	CustomerServiceIssue	1960100	X001ESH40T	B09B75WYR2	Cubelelo Drift Mini 3x3 Keychain | Magic Speed Cube Toy | Puzzle for Kids and Adults | Compact and Handy Multi Purpose Brain Teaser Game for Fun and Joy | for Ages 3 Years and Above	NewItem	INR	13.61	13.61	1	0	1		
2026-05-06T18:56:49+00:00	8273487282		171-1584015-0008358	CustomerReturn	1630223	X002IIXAZ7	B0GN1TJ7F4	Cubelelo Drift Clang! | 2-4 Players Classic Magnetic Attraction Strategy Game | Features 24 Magnets & Adjustable Rope | Fun Gifting Toy for Family, Teens & Adults | Compact and Travel Friendly	NewItem	INR	447.76	447.76	1	0	1		
2026-05-06T17:09:16+00:00	8273366372		403-8057342-2597951	CustomerReturn	1030400	X0012WM1NR	B07XPNC385	Cubelelo Drift 3x3 Black Speedcube | Beginner Cube for Kids & Adults | Magic Speed Stress Buster Brainstorming Puzzle (Multicolor) | Anti-Pop Technology | Smooth Turning | Durable	NewItem	INR	0.88	0.88	1	0	1		
2026-05-06T16:57:46+00:00	8273564722		407-6680498-4346701	CustomerServiceIssue	1140022	X001602BQR	B08169YZPG	Cubelelo Drift Gear 3x3 Stickerless Cube Speed Cube | Toy for Kids & Adults | Magic Speedy Stress Buster Brainstorming Puzzle 3x3x3 (Multicolor)	NewItem	INR	79.61	79.61	1	0	1		
2026-05-06T16:33:43+00:00	8273356112		406-7916920-2030769	CustomerServiceIssue	1030604	X0027JJHDB	B0DRVQVFJB	Cubelelo Drift 3M v3 3x3 Magnetic Speedcube (Standard) | Latest Version with New & Improved Internal Structure for Smooth Turns & Stability | Cube Toy for 6-10 Years Old Boys Girls Adults	NewItem	INR	332.04	332.04	1	0	1		
2026-05-06T10:37:25+00:00	8272045812			Damaged_Warehouse	1030300_EAN	X002C88WLZ	B0FBMGT6V7	Cubelelo Drift Explorer 3x3 Speed Cube | Best Starter Speedcube for Beginners | Perfect Brain Teaser for Kids Ages 4 to14 Years Old & Above Boys Girls Children | Smooth Turning Puzzle Toy for Adults	NewItem	INR	12.48	12.48	1	0	1		
2026-05-06T10:37:24+00:00	8272045782			Damaged_Warehouse	1030300_EAN	X002C88WLZ	B0FBMGT6V7	Cubelelo Drift Explorer 3x3 Speed Cube | Best Starter Speedcube for Beginners | Perfect Brain Teaser for Kids Ages 4 to14 Years Old & Above Boys Girls Children | Smooth Turning Puzzle Toy for Adults	NewItem	INR	12.48	12.48	1	0	1		
2026-05-06T09:44:46+00:00	8271423222		407-1857701-8699551	CustomerServiceIssue	1460503	X001VFXJDV	B08XK4V59M	Cubelelo Drift 2x2, 3x3 & 4x4 Premium Gift Box | 3-in-1 Puzzle Game Set | Triple the Challenge, Thrice the Fun | Ultimate Value Saver Combo | Brainstoming Toy for Children Kids & Adults	NewItem	INR	37.52	37.52	1	0	1		
2026-05-06T09:11:29+00:00	8271145532		402-1008893-8769937	CustomerReturn	1460580	X002345VBR	B079WVQD89	Cubelelo Drift 4x4 with Cube Lubricant and Stand Combo | High-Performance Speed Cube | Adjustable Tension & Smooth Turning | Durable & Reliable | Ideal for All Ages	NewItem	INR	3.86	3.86	1	0	1		
2026-05-06T09:08:53+00:00	8271138652		408-7284173-3024354	CustomerReturn	1030604	X0027JJHDB	B0DRVQVFJB	Cubelelo Drift 3M v3 3x3 Magnetic Speedcube (Standard) | Latest Version with New & Improved Internal Structure for Smooth Turns & Stability | Cube Toy for 6-10 Years Old Boys Girls Adults	NewItem	INR	332.04	332.04	1	0	1		
2026-05-06T06:56:45+00:00	8269969582		404-5041725-5087565	CustomerServiceIssue	1290300	X00239RFKR	B0DB6311DK	Cubelelo Drift Megaminx v2 Cube (New Improved Version) | 12-Sided Fun and Challenging Puzzle with Ridge Design | Smooth Turning Dodecahedron | Perfect for Speed-Cubing | Ideal for Kids & Adults	NewItem	INR	37.52	37.52	1	0	1		
2026-05-06T06:52:34+00:00	8270990702		404-1007859-0777135	CustomerServiceIssue	1040300	X001G4QY25	B09HH8XQ14	Cubelelo Drift 4x4 (Black) Speedcube | Challenging Brain Teaser Puzzle Toy for Kids 7-14 Years Old Boys Girls & Adults All Ages | Fast Speed Cube for Intermediate and Advanced Cubers	NewItem	INR	14.76	14.76	1	0	1		
2026-05-06T04:57:29+00:00	8270715252		406-7377540-5548317	CustomerReturn	4001001a	X001VD95XL	B0CJBLTM11	Cubelelo Drift Daily Calendar Puzzle | A-Puzzle-A-Day | Wooden Challenging Tangram Puzzle Toys for Adults and Kids | Compact, Travel Friendly Toy for Return & Birthday Gifts	NewItem	INR	165.42	165.42	1	0	1		
2026-05-06T04:09:37+00:00	8270704152		403-7557517-8248355	CustomerServiceIssue	1260100	X001VFDNDR	B0CJFVM7VR	Cubelelo Drift Puppet I Speed Cube | Brain Teaser Puzzle Toys | Limited Rotation | Creative New Cube for Kids and Adults	NewItem	INR	3.80	3.80	1	0	1		
2026-05-06T01:27:16+00:00	8269835662		404-1413672-5707525	CustomerReturn	1030604	X0027JJHDB	B0DRVQVFJB	Cubelelo Drift 3M v3 3x3 Magnetic Speedcube (Standard) | Latest Version with New & Improved Internal Structure for Smooth Turns & Stability | Cube Toy for 6-10 Years Old Boys Girls Adults	NewItem	INR	332.04	332.04	1	0	1		
2026-05-06T00:25:23+00:00	8270292512		405-0162977-1962705	CustomerServiceIssue	1630210	X00262W227	B09HH8CC7Y	Cubelelo Drift Number Sliding Magnetic Puzzle 4x4 | Toys For 6-10 Years Old Boys & Girls | 15-Blocks Brain Teaser Puzzle Game for Kids | Educational, Learning, Activity Toy for Return & Birthday Gifts	NewItem	INR	155.90	155.90	1	0	1		
2026-05-05T23:48:07+00:00	8270555732		407-0416714-3455504	CustomerReturn	1630222	X002HPDYRF	B0GH18NXXG	Cubelelo Drift Magnetic Tangram Puzzle | with Strong Magnets, Wooden Pieces & Bold Colors | Toys for 5-10 Years Old Boys Girls & Adults | Travel Friendly, Educational Toy for Return & Birthday Gifts	NewItem	INR	284.42	284.42	1	0	1		
2026-05-05T23:00:25+00:00	8270253882		407-1718855-5912304	CustomerServiceIssue	1290300	X00239RFKR	B0DB6311DK	Cubelelo Drift Megaminx v2 Cube (New Improved Version) | 12-Sided Fun and Challenging Puzzle with Ridge Design | Smooth Turning Dodecahedron | Perfect for Speed-Cubing | Ideal for Kids & Adults	NewItem	INR	37.52	37.52	1	0	1		
2026-05-05T22:10:09+00:00	8270304152		402-2141143-9302709	CustomerReturn	1060100	X001G4MZFF	B09HH5R69B	Cubelelo Drift 6x6 Stickerless Speed Cube Magic Puzzle for Kids & Adults | Advanced Level Speedcube | Speedy Stress Buster Brainstorming Cube	NewItem	INR	8.02	8.02	1	0	1		
2026-05-05T21:36:34+00:00	8269681152		171-6604071-4195534	CustomerReturn	1290300	X00239RFKR	B0DB6311DK	Cubelelo Drift Megaminx v2 Cube (New Improved Version) | 12-Sided Fun and Challenging Puzzle with Ridge Design | Smooth Turning Dodecahedron | Perfect for Speed-Cubing | Ideal for Kids & Adults	NewItem	INR	140.70	140.70	1	0	1		
2026-05-05T21:13:05+00:00	8268939462		405-1470992-3897105	CustomerReturn	1030604	X0027JJHDB	B0DRVQVFJB	Cubelelo Drift 3M v3 3x3 Magnetic Speedcube (Standard) | Latest Version with New & Improved Internal Structure for Smooth Turns & Stability | Cube Toy for 6-10 Years Old Boys Girls Adults	NewItem	INR	332.04	332.04	1	0	1		
2026-05-05T19:58:25+00:00	8269559782		406-1133264-9180302	CustomerReturn	1030500	X0018CDFL3	B08H88N2N9	Cubelelo Drift Warrior 3x3 Stickerless Cube | Beginner Speedcube for Kids Boys Girls Above 3 4 5 6 Years Old & Above | Magic Puzzle Toy | Durable & Smooth Cube with Anti-Pop Design 3 3	NewItem	INR	89.22	89.22	1	0	1		
2026-05-05T18:00:20+00:00	8269724992		405-1040874-9295550	CustomerReturn	1630210	X00262W227	B09HH8CC7Y	Cubelelo Drift Number Sliding Magnetic Puzzle 4x4 | Toys For 6-10 Years Old Boys & Girls | 15-Blocks Brain Teaser Puzzle Game for Kids | Educational, Learning, Activity Toy for Return & Birthday Gifts	NewItem	INR	12.47	12.47	1	0	1		
2026-05-05T17:20:28+00:00	8269601532		403-3325664-3260324	CustomerServiceIssue	1280100a	X001LHLHUV	B09QYW9DYC	Cubelelo Drift Pyraminx Puzzle Speedcube | Beginner Starter Cube for Kids 3+ Year Old & Above | Triangle Pyramid Shape Stickerless 3x3 Cubes Toy | Ideal for Boys Girls Children 4 5 6+ Years & Adults	NewItem	INR	1.64	1.64	1	0	1		
2026-05-05T17:17:06+00:00	8269522342		402-6949430-2901910	CustomerReturn	1280100a	X001LHLHUV	B09QYW9DYC	Cubelelo Drift Pyraminx Puzzle Speedcube | Beginner Starter Cube for Kids 3+ Year Old & Above | Triangle Pyramid Shape Stickerless 3x3 Cubes Toy | Ideal for Boys Girls Children 4 5 6+ Years & Adults	NewItem	INR	46.96	46.96	1	0	1		
2026-05-05T10:40:04+00:00	8267740142		405-7539935-1858719	CustomerReturn	1040300	X001G4QY25	B09HH8XQ14	Cubelelo Drift 4x4 (Black) Speedcube | Challenging Brain Teaser Puzzle Toy for Kids 7-14 Years Old Boys Girls & Adults All Ages | Fast Speed Cube for Intermediate and Advanced Cubers	NewItem	INR	55.34	55.34	1	0	1		
2026-05-05T09:54:36+00:00	8267158912		171-9915518-4730708	CustomerReturn	1630222	X002HPDYRF	B0GH18NXXG	Cubelelo Drift Magnetic Tangram Puzzle | with Strong Magnets, Wooden Pieces & Bold Colors | Toys for 5-10 Years Old Boys Girls & Adults | Travel Friendly, Educational Toy for Return & Birthday Gifts	NewItem	INR	284.42	284.42	1	0	1		
2026-05-05T05:05:02+00:00	8266388652		407-8090292-2222701	CustomerServiceIssue	1460553	X001WPZI9N	B0BYVHGR5H	Cubelelo Drift 2x2, 3x3 & Pyraminx Cube Combo (Stickerless) | Ideal for Kids Above 3 4 5 6 Years Old Boys Girls | 3 in 1 Speedcube Gift Set | High Speed Puzzle 3x3x3 2x2x2 Pyramid Triangle	NewItem	INR	113.90	113.90	1	0	1		
2026-05-05T01:10:49+00:00	8266160412		403-4629205-5077939	CustomerReturn	1020200	X0019BU39P	B08LBJ3P8L	Cubelelo Drift 2x2 Stickerless Cube | Beginner Speedcube for Kids Boys Girls Above 3 4 5 6 Years Old & Above | Magic Puzzle Toy | Durable & Smooth Cube with Anti-Pop Design 2x2x2	NewItem	INR	117.80	117.80	1	0	1		
2026-05-04T22:09:15+00:00	8265933052		403-4875115-4635563	CustomerServiceIssue	1030604	X0027JJHDB	B0DRVQVFJB	Cubelelo Drift 3M v3 3x3 Magnetic Speedcube (Standard) | Latest Version with New & Improved Internal Structure for Smooth Turns & Stability | Cube Toy for 6-10 Years Old Boys Girls Adults	NewItem	INR	155.61	155.61	1	0	1		
2026-05-04T21:48:54+00:00	8265128642		405-4504924-5218732	CustomerReturn	1630210	X00262W227	B09HH8CC7Y	Cubelelo Drift Number Sliding Magnetic Puzzle 4x4 | Toys For 6-10 Years Old Boys & Girls | 15-Blocks Brain Teaser Puzzle Game for Kids | Educational, Learning, Activity Toy for Return & Birthday Gifts	NewItem	INR	155.90	155.90	1	0	1		
2026-05-04T21:17:49+00:00	8265929372		408-9807655-1007530	CustomerReturn	1040400	X002DFU80F	B0FL7TDJLF	Cubelelo Drift 4x4 Stickerless Cube Puzzle Toy | Combines Smoothness, Stability & Durability | 4x4x4 Speedcube for Beginners| Suitable for Kids Ages 6 to 14 Years Old, Boys, Girls & Adults	NewItem	INR	284.42	284.42	1	0	1		
2026-05-04T21:16:56+00:00	8265846292		406-4231671-0877152	CustomerReturn	1040300	X001G4QY25	B09HH8XQ14	Cubelelo Drift 4x4 (Black) Speedcube | Challenging Brain Teaser Puzzle Toy for Kids 7-14 Years Old Boys Girls & Adults All Ages | Fast Speed Cube for Intermediate and Advanced Cubers	NewItem	INR	184.46	184.46	1	0	1		
2026-05-04T18:00:36+00:00	8265520262		404-6507043-0945936	CustomerReturn	1630210	X00262W227	B09HH8CC7Y	Cubelelo Drift Number Sliding Magnetic Puzzle 4x4 | Toys For 6-10 Years Old Boys & Girls | 15-Blocks Brain Teaser Puzzle Game for Kids | Educational, Learning, Activity Toy for Return & Birthday Gifts	NewItem	INR	155.90	155.90	1	0	1		
2026-05-04T16:43:08+00:00	8265064502		404-6659398-1478762	CustomerReturn	1630210	X00262W227	B09HH8CC7Y	Cubelelo Drift Number Sliding Magnetic Puzzle 4x4 | Toys For 6-10 Years Old Boys & Girls | 15-Blocks Brain Teaser Puzzle Game for Kids | Educational, Learning, Activity Toy for Return & Birthday Gifts	NewItem	INR	155.90	155.90	1	0	1		
2026-05-04T13:44:29+00:00	8264484352		403-7613770-4274719	CustomerReturn	1030300_EAN	X002C88WLZ	B0FBMGT6V7	Cubelelo Drift Explorer 3x3 Speed Cube | Best Starter Speedcube for Beginners | Perfect Brain Teaser for Kids Ages 4 to14 Years Old & Above Boys Girls Children | Smooth Turning Puzzle Toy for Adults	NewItem	INR	41.60	41.60	1	0	1		
2026-05-04T12:34:23+00:00	8264406612		403-5899805-2560303	CustomerReturn	1460553	X001WPZI9N	B0BYVHGR5H	Cubelelo Drift 2x2, 3x3 & Pyraminx Cube Combo (Stickerless) | Ideal for Kids Above 3 4 5 6 Years Old Boys Girls | 3 in 1 Speedcube Gift Set | High Speed Puzzle 3x3x3 2x2x2 Pyramid Triangle	NewItem	INR	113.90	113.90	1	0	1		
2026-05-04T12:09:27+00:00	8264371832		404-0733752-6789922	CustomerReturn	1030700_EAN	X001P8LWWT	B0BRXJ9Q4G	Cubelelo Drift 3M Plus v2 3x3 (Magnetic) Cube | New Upgraded Version Based on MoYu RS3M v5 | Dual-Adjustment System | Premium Speedcube for Kids Boys Girls Ages 4+ Year Old & Adults	NewItem	INR	659.47	659.47	1	0	1		
2026-05-04T07:05:59+00:00	8263005492		408-2987170-5817143	CustomerServiceIssue	1030604	X0027JJHDB	B0DRVQVFJB	Cubelelo Drift 3M v3 3x3 Magnetic Speedcube (Standard) | Latest Version with New & Improved Internal Structure for Smooth Turns & Stability | Cube Toy for 6-10 Years Old Boys Girls Adults	NewItem	INR	26.49	26.49	1	0	1		
2026-05-04T05:17:55+00:00	8262498982		406-9744315-2341136	CustomerReturn	1030300_EAN	X002C88WLZ	B0FBMGT6V7	Cubelelo Drift Explorer 3x3 Speed Cube | Best Starter Speedcube for Beginners | Perfect Brain Teaser for Kids Ages 4 to14 Years Old & Above Boys Girls Children | Smooth Turning Puzzle Toy for Adults	NewItem	INR	41.60	41.60	1	0	1		
2026-05-04T04:11:58+00:00	8261954732		407-0124856-5567505	CustomerReturn	1020600	X001I2IMWF	B09QCHSPYP	Cubelelo Drift 2M 2x2 Magnetic Stickerless Speedcube | Premium Multicolor Puzzle Cube for Kids & Adults | Ideal for Speedcubing, Brainstorming, and Mental Development | (Smooth & Fast Turns)	NewItem	INR	3.61	3.61	1	0	1		
2026-05-04T03:26:21+00:00	8262395942		171-8822765-2788369	CustomerReturn	1310036_EAN	X001PWQJFP	B0BV276B7T	Cubelelo Magic Snake Rainbow Puzzle Cube (72 Wedges) | Twist and Turn Shape Creation Fun Game for Kids Boys Girls and Adults | Multicolor Brain Teaser Stress Buster Toy | for Ages 3 Years and Above	NewItem	INR	33.71	33.71	1	0	1		
2026-05-04T01:21:07+00:00	8261843502		406-5619272-2257933	CustomerServiceIssue	1050200	X001GM0XER	B09K7QTCXP	Cubelelo Drift 5x5 Stickerless Speed Cube | AKA Professor's Cube Magic Puzzle for Kids & Adults | Smooth and Durable Speedy Brainstorming Puzzle| Ultimate Stress Buster and Mind Challenge	NewItem	INR	99.61	99.61	1	0	1		
2026-05-03T21:48:54+00:00	8261453192		406-4270868-0806729	CustomerServiceIssue	1630210	X00262W227	B09HH8CC7Y	Cubelelo Drift Number Sliding Magnetic Puzzle 4x4 | Toys For 6-10 Years Old Boys & Girls | 15-Blocks Brain Teaser Puzzle Game for Kids | Educational, Learning, Activity Toy for Return & Birthday Gifts	NewItem	INR	155.89	155.89	1	0	1		
2026-05-03T21:23:25+00:00	8262230632		171-8822765-2788369	CustomerServiceIssue	1310036_EAN	X001PWQJFP	B0BV276B7T	Cubelelo Magic Snake Rainbow Puzzle Cube (72 Wedges) | Twist and Turn Shape Creation Fun Game for Kids Boys Girls and Adults | Multicolor Brain Teaser Stress Buster Toy | for Ages 3 Years and Above	NewItem	INR	4.21	4.21	1	0	1		
2026-05-03T21:17:44+00:00	8260977862		404-5773309-6563518	CustomerReturn	1630210	X00262W227	B09HH8CC7Y	Cubelelo Drift Number Sliding Magnetic Puzzle 4x4 | Toys For 6-10 Years Old Boys & Girls | 15-Blocks Brain Teaser Puzzle Game for Kids | Educational, Learning, Activity Toy for Return & Birthday Gifts	NewItem	INR	155.90	155.90	1	0	1		
2026-05-03T19:08:07+00:00	8260949652		406-2609237-4995513	CustomerReturn	1280100a	X001LHLHUV	B09QYW9DYC	Cubelelo Drift Pyraminx Puzzle Speedcube | Beginner Starter Cube for Kids 3+ Year Old & Above | Triangle Pyramid Shape Stickerless 3x3 Cubes Toy | Ideal for Boys Girls Children 4 5 6+ Years & Adults	NewItem	INR	165.41	165.41	1	0	1		
2026-05-03T18:36:37+00:00	8261244642		407-9503749-2484315	CustomerServiceIssue	1020200	X0019BU39P	B08LBJ3P8L	Cubelelo Drift 2x2 Stickerless Cube | Beginner Speedcube for Kids Boys Girls Above 3 4 5 6 Years Old & Above | Magic Puzzle Toy | Durable & Smooth Cube with Anti-Pop Design 2x2x2	NewItem	INR	117.80	117.80	1	0	1		
2026-05-03T13:34:09+00:00	8260872282		408-4154652-3461950	CustomerServiceIssue	1030400	X0012WM1NR	B07XPNC385	Cubelelo Drift 3x3 Black Speedcube | Beginner Cube for Kids & Adults | Magic Speed Stress Buster Brainstorming Puzzle (Multicolor) | Anti-Pop Technology | Smooth Turning | Durable	NewItem	INR	89.22	89.22	1	0	1		
2026-05-03T12:00:44+00:00	8260418732		171-9485643-4778768	CustomerReturn	1460565	X0023ASIV1	B089LJBSPQ	Cubelelo Drift 2x2 Stickerless with Stand | High-Performance Speed Cube | Smooth Turning & Adjustable Tension | Durable & Reliable | Ideal for All Ages	NewItem	INR	1.48	1.48	1	0	1		
2026-05-03T11:46:07+00:00	8260304642		403-5715709-1200353	CustomerServiceIssue	1040400	X002DFU80F	B0FL7TDJLF	Cubelelo Drift 4x4 Stickerless Cube Puzzle Toy | Combines Smoothness, Stability & Durability | 4x4x4 Speedcube for Beginners| Suitable for Kids Ages 6 to 14 Years Old, Boys, Girls & Adults	NewItem	INR	284.42	284.42	1	0	1		
2026-05-03T09:04:40+00:00	8259205582		406-5041420-1221903	CustomerReturn	1030300_EAN	X002C88WLZ	B0FBMGT6V7	Cubelelo Drift Explorer 3x3 Speed Cube | Best Starter Speedcube for Beginners | Perfect Brain Teaser for Kids Ages 4 to14 Years Old & Above Boys Girls Children | Smooth Turning Puzzle Toy for Adults	NewItem	INR	41.60	41.60	1	0	1		
2026-05-03T07:15:23+00:00	8258601482		405-2998335-9133961	CustomerReturn	1030300_EAN	X002C88WLZ	B0FBMGT6V7	Cubelelo Drift Explorer 3x3 Speed Cube | Best Starter Speedcube for Beginners | Perfect Brain Teaser for Kids Ages 4 to14 Years Old & Above Boys Girls Children | Smooth Turning Puzzle Toy for Adults	NewItem	INR	41.60	41.60	1	0	1		
2026-05-03T06:17:29+00:00	8258924382		402-4205210-3941150	CustomerReturn	1630210	X00262W227	B09HH8CC7Y	Cubelelo Drift Number Sliding Magnetic Puzzle 4x4 | Toys For 6-10 Years Old Boys & Girls | 15-Blocks Brain Teaser Puzzle Game for Kids | Educational, Learning, Activity Toy for Return & Birthday Gifts	NewItem	INR	155.89	155.89	1	0	1		
2026-05-03T06:07:10+00:00	8258803722		407-7487062-5373163	CustomerReturn	1120100	X0019BU32H	B08LBGYZ51	Cubelelo Drift 3x3 Mirror (Silver) Magic Speed Cube | Shape Shifter Speedcube with Durable Stickers | Advanced 3x3x3 Puzzle Toy for Kids Ages 7-14 Boys Girls & Adults | Collector's Item	NewItem	INR	14.68	14.68	1	0	1		
2026-05-03T05:04:04+00:00	8258494152		408-3632102-7851539	CustomerServiceIssue	1280100a	X001LHLHUV	B09QYW9DYC	Cubelelo Drift Pyraminx Puzzle Speedcube | Beginner Starter Cube for Kids 3+ Year Old & Above | Triangle Pyramid Shape Stickerless 3x3 Cubes Toy | Ideal for Boys Girls Children 4 5 6+ Years & Adults	NewItem	INR	165.41	165.41	1	0	1		
2026-05-03T02:19:31+00:00	8258429652		403-5533388-7661162	CustomerReturn	1030478	X001HYK0PL	B09PYRTM4X	Cubelelo Drift 3x3 Jelly Edition Speedcube Magic Cube Puzzle	NewItem	INR	165.42	165.42	1	0	1		
2026-05-02T20:25:37+00:00	8257735242		171-4177081-8416318	CustomerServiceIssue	1280100a	X001LHLHUV	B09QYW9DYC	Cubelelo Drift Pyraminx Puzzle Speedcube | Beginner Starter Cube for Kids 3+ Year Old & Above | Triangle Pyramid Shape Stickerless 3x3 Cubes Toy | Ideal for Boys Girls Children 4 5 6+ Years & Adults	NewItem	INR	13.16	13.16	1	0	1		
2026-05-02T16:23:07+00:00	8257424432		406-2825561-6765144	CustomerReturn	1040300	X001G4QY25	B09HH8XQ14	Cubelelo Drift 4x4 (Black) Speedcube | Challenging Brain Teaser Puzzle Toy for Kids 7-14 Years Old Boys Girls & Adults All Ages | Fast Speed Cube for Intermediate and Advanced Cubers	NewItem	INR	184.46	184.46	1	0	1		
2026-05-02T16:21:30+00:00	8257116022		171-2771092-7705169	CustomerReturn	1030300_EAN	X002C88WLZ	B0FBMGT6V7	Cubelelo Drift Explorer 3x3 Speed Cube | Best Starter Speedcube for Beginners | Perfect Brain Teaser for Kids Ages 4 to14 Years Old & Above Boys Girls Children | Smooth Turning Puzzle Toy for Adults	NewItem	INR	41.60	41.60	1	0	1		
2026-05-02T14:58:20+00:00	8256736752		406-8872481-2831520	CustomerServiceIssue	1030604	X0027JJHDB	B0DRVQVFJB	Cubelelo Drift 3M v3 3x3 Magnetic Speedcube (Standard) | Latest Version with New & Improved Internal Structure for Smooth Turns & Stability | Cube Toy for 6-10 Years Old Boys Girls Adults	NewItem	INR	332.04	332.04	1	0	1		
2026-05-02T14:24:48+00:00	8256723012		171-5469801-9357169	CustomerReturn	1030300_EAN	X002C88WLZ	B0FBMGT6V7	Cubelelo Drift Explorer 3x3 Speed Cube | Best Starter Speedcube for Beginners | Perfect Brain Teaser for Kids Ages 4 to14 Years Old & Above Boys Girls Children | Smooth Turning Puzzle Toy for Adults	NewItem	INR	41.60	41.60	1	0	1		
2026-05-02T14:06:05+00:00	8256849162		408-2680950-7839518	CustomerServiceIssue	1030300_EAN	X002C88WLZ	B0FBMGT6V7	Cubelelo Drift Explorer 3x3 Speed Cube | Best Starter Speedcube for Beginners | Perfect Brain Teaser for Kids Ages 4 to14 Years Old & Above Boys Girls Children | Smooth Turning Puzzle Toy for Adults	NewItem	INR	41.60	41.60	1	0	1		
2026-05-02T12:53:31+00:00	8256253292		408-0828362-8496331	CustomerReturn	1030604	X0027JJHDB	B0DRVQVFJB	Cubelelo Drift 3M v3 3x3 Magnetic Speedcube (Standard) | Latest Version with New & Improved Internal Structure for Smooth Turns & Stability | Cube Toy for 6-10 Years Old Boys Girls Adults	NewItem	INR	332.04	332.04	1	0	1		
2026-05-02T12:48:22+00:00	8256235652		407-2546108-3219533	CustomerReturn	1020200	X0019BU39P	B08LBJ3P8L	Cubelelo Drift 2x2 Stickerless Cube | Beginner Speedcube for Kids Boys Girls Above 3 4 5 6 Years Old & Above | Magic Puzzle Toy | Durable & Smooth Cube with Anti-Pop Design 2x2x2	NewItem	INR	111.26	111.26	1	0	1		
2026-05-02T12:40:51+00:00	8256240442		405-7060827-2693969	CustomerReturn	1120100	X0019BU32H	B08LBGYZ51	Cubelelo Drift 3x3 Mirror (Silver) Magic Speed Cube | Shape Shifter Speedcube with Durable Stickers | Advanced 3x3x3 Puzzle Toy for Kids Ages 7-14 Boys Girls & Adults | Collector's Item	NewItem	INR	184.46	184.46	1	0	1		
2026-05-02T11:30:01+00:00	8256190572		403-3503999-5028310	CustomerReturn	1630210	X00262W227	B09HH8CC7Y	Cubelelo Drift Number Sliding Magnetic Puzzle 4x4 | Toys For 6-10 Years Old Boys & Girls | 15-Blocks Brain Teaser Puzzle Game for Kids | Educational, Learning, Activity Toy for Return & Birthday Gifts	NewItem	INR	155.90	155.90	1	0	1		
2026-05-02T10:14:37+00:00	8255646302		404-9345182-7909941	CustomerReturn	1030300_EAN	X002C88WLZ	B0FBMGT6V7	Cubelelo Drift Explorer 3x3 Speed Cube | Best Starter Speedcube for Beginners | Perfect Brain Teaser for Kids Ages 4 to14 Years Old & Above Boys Girls Children | Smooth Turning Puzzle Toy for Adults	NewItem	INR	12.48	12.48	1	0	1		
2026-05-02T08:09:05+00:00	8255245672		404-9116927-1755504	CustomerReturn	1290300	X00239RFKR	B0DB6311DK	Cubelelo Drift Megaminx v2 Cube (New Improved Version) | 12-Sided Fun and Challenging Puzzle with Ridge Design | Smooth Turning Dodecahedron | Perfect for Speed-Cubing | Ideal for Kids & Adults	NewItem	INR	140.70	140.70	1	0	1		
2026-05-02T07:43:54+00:00	8255240002		171-3324638-8193915	CustomerReturn	1630201	X001I5SK8D	B09QMNCWYG	Cubelelo Drift Infinity Cube (Green) | Magic Puzzle Cool Mini Gadget for Stress and Anxiety Relief for Kids and Adults | Desk Finger Flip Toy for Fun and Game | for Ages 3 Years and Above	NewItem	INR	199.80	199.80	1	0	1		
2026-05-02T05:58:24+00:00	8255369212		171-1855939-2534752	CustomerReturn	1030603	X0027JJ8K3	B0DRVMTFN1	Cubelelo Drift 3M v3 3x3 (Magnetic UV Coated) Speedcube - New Version | Premium Glossy Finish, Ultra Fast & Smooth Turns, Enhanced Auto-Alignment with 48 Magnets | Puzzle Cube for Kids & Adults	NewItem	INR	564.23	564.23	1	0	1		
2026-05-02T01:22:27+00:00	8254947312		404-7913261-7689108	CustomerReturn	PLUXO01	X002C88X2D	B0DTP72KH3	Pluxo Neoprene Posture Corrector For Unisex Adjustable Posture Corrector Belt For Back Support, Spine Alignment & Pain Relief Comfortable & Lightweight For Relaxed use | Waist size 28-42 Inches	NewItem	INR	358.42	358.42	1	0	1		
2026-05-01T23:56:37+00:00	8254674912		403-1217384-5505938	CustomerServiceIssue	1120100	X0019BU32H	B08LBGYZ51	Cubelelo Drift 3x3 Mirror (Silver) Magic Speed Cube | Shape Shifter Speedcube with Durable Stickers | Advanced 3x3x3 Puzzle Toy for Kids Ages 7-14 Boys Girls & Adults | Collector's Item	NewItem	INR	184.46	184.46	1	0	1		
2026-05-01T22:35:20+00:00	8254491772		403-5774461-8541959	CustomerReturn	1290300	X00239RFKR	B0DB6311DK	Cubelelo Drift Megaminx v2 Cube (New Improved Version) | 12-Sided Fun and Challenging Puzzle with Ridge Design | Smooth Turning Dodecahedron | Perfect for Speed-Cubing | Ideal for Kids & Adults	NewItem	INR	4.69	4.69	1	0	1		
2026-05-01T16:19:52+00:00	8253970432		405-9034690-2832316	CustomerServiceIssue	1460553	X001WPZI9N	B0BYVHGR5H	Cubelelo Drift 2x2, 3x3 & Pyraminx Cube Combo (Stickerless) | Ideal for Kids Above 3 4 5 6 Years Old Boys Girls | 3 in 1 Speedcube Gift Set | High Speed Puzzle 3x3x3 2x2x2 Pyramid Triangle	NewItem	INR	3.80	3.80	1	0	1		
2026-05-01T15:45:22+00:00	8253839862		403-0456997-8945104	CustomerReturn	1460501	X001VLOAKL	B08XK25RRF	Cubelelo Drift 2x2 & 3x3 Cube Gift Box Combo | 2-in-1 Puzzle Toy Game Set for Children Kids & Adults Ages 4 5 6 & Above | Double the Challenge, Twice the Fun | Ultimate Value Saver Combo	NewItem	INR	184.46	184.46	1	0	1		
2026-05-01T14:32:56+00:00	8253643882		404-8760261-3182735	CustomerReturn	1460553	X001WPZI9N	B0BYVHGR5H	Cubelelo Drift 2x2, 3x3 & Pyraminx Cube Combo (Stickerless) | Ideal for Kids Above 3 4 5 6 Years Old Boys Girls | 3 in 1 Speedcube Gift Set | High Speed Puzzle 3x3x3 2x2x2 Pyramid Triangle	NewItem	INR	379.66	379.66	1	0	1		
2026-05-01T11:46:43+00:00	8253062812		403-8408866-5236341	CustomerServiceIssue	1310035_EAN	X001PWV6K3	B0BV247KZ6	Cubelelo Magic Snake Rainbow Puzzle Cube (24 Wedges) | Twist and Turn Shape Creation Fun Game for Kids Boys Girls and Adults | Multicolor Brain Teaser Stress Buster Toy | for Ages 3 Years and Above	NewItem	INR	41.05	41.05	1	0	1		
2026-05-01T10:58:57+00:00	8252402332		405-7784314-1353928	CustomerReturn	PLUXO01	X002C88X2D	B0DTP72KH3	Pluxo Neoprene Posture Corrector For Unisex Adjustable Posture Corrector Belt For Back Support, Spine Alignment & Pain Relief Comfortable & Lightweight For Relaxed use | Waist size 28-42 Inches	NewItem	INR	358.42	358.42	1	0	1		
2026-05-01T10:26:12+00:00	8251875522		406-3681373-6520337	CustomerReturn	1020200	X0019BU39P	B08LBJ3P8L	Cubelelo Drift 2x2 Stickerless Cube | Beginner Speedcube for Kids Boys Girls Above 3 4 5 6 Years Old & Above | Magic Puzzle Toy | Durable & Smooth Cube with Anti-Pop Design 2x2x2	NewItem	INR	109.08	109.08	1	0	1		
2026-05-01T10:17:54+00:00	8252358862		404-8176239-2661154	CustomerReturn	1030500	X0018CDFL3	B08H88N2N9	Cubelelo Drift Warrior 3x3 Stickerless Cube | Beginner Speedcube for Kids Boys Girls Above 3 4 5 6 Years Old & Above | Magic Puzzle Toy | Durable & Smooth Cube with Anti-Pop Design 3 3	NewItem	INR	89.22	89.22	1	0	1		
2026-05-01T08:45:57+00:00	8252171302		406-3681373-6520337	CustomerReturn	1280100a	X001LHLHUV	B09QYW9DYC	Cubelelo Drift Pyraminx Puzzle Speedcube | Beginner Starter Cube for Kids 3+ Year Old & Above | Triangle Pyramid Shape Stickerless 3x3 Cubes Toy | Ideal for Boys Girls Children 4 5 6+ Years & Adults	NewItem	INR	154.78	154.78	1	0	1		
2026-05-01T06:11:44+00:00	8251513912		408-1233364-2030710	CustomerReturn	1050200	X001GM0XER	B09K7QTCXP	Cubelelo Drift 5x5 Stickerless Speed Cube | AKA Professor's Cube Magic Puzzle for Kids & Adults | Smooth and Durable Speedy Brainstorming Puzzle| Ultimate Stress Buster and Mind Challenge	NewItem	INR	3.32	3.32	1	0	1		
2026-05-01T02:47:16+00:00	8250973622		406-8424795-2232327	CustomerReturn	1290300	X00239RFKR	B0DB6311DK	Cubelelo Drift Megaminx v2 Cube (New Improved Version) | 12-Sided Fun and Challenging Puzzle with Ridge Design | Smooth Turning Dodecahedron | Perfect for Speed-Cubing | Ideal for Kids & Adults	NewItem	INR	140.70	140.70	1	0	1		
2026-05-01T02:31:18+00:00	8250968622		403-5165813-4993146	CustomerReturn	1030604	X0027JJHDB	B0DRVQVFJB	Cubelelo Drift 3M v3 3x3 Magnetic Speedcube (Standard) | Latest Version with New & Improved Internal Structure for Smooth Turns & Stability | Cube Toy for 6-10 Years Old Boys Girls Adults	NewItem	INR	332.04	332.04	1	0	1		
2026-05-01T00:32:55+00:00	8251161072		403-4253127-8862727	CustomerReturn	1460553	X001WPZI9N	B0BYVHGR5H	Cubelelo Drift 2x2, 3x3 & Pyraminx Cube Combo (Stickerless) | Ideal for Kids Above 3 4 5 6 Years Old Boys Girls | 3 in 1 Speedcube Gift Set | High Speed Puzzle 3x3x3 2x2x2 Pyramid Triangle	NewItem	INR	379.66	379.66	1	0	1		
2026-04-30T21:26:25+00:00	8250620132		406-3681373-6520337	CustomerReturn	1040400	X002DFU80F	B0FL7TDJLF	Cubelelo Drift 4x4 Stickerless Cube Puzzle Toy | Combines Smoothness, Stability & Durability | 4x4x4 Speedcube for Beginners| Suitable for Kids Ages 6 to 14 Years Old, Boys, Girls & Adults	NewItem	INR	269.22	269.22	1	0	1		
2026-04-30T20:37:20+00:00	8250606272		403-1882576-7253153	CustomerReturn	1460100_EAN	X001Q0AFBZ	B0BVHL9JLB	Cubelelo Drift 5-in-1 Cube Gift Box | 2x2, 3x3, 4x4, 5x5 and Secret Tutorial for Cubes Guide Book | Suitable for Kids & Adults | Magic Speedy Stress Buster Brainstorming Puzzle Multicolor Combo Set	NewItem	INR	828.71	828.71	1	0	1		
2026-04-30T20:32:49+00:00	8250605562		407-5808337-8512341	CustomerReturn	1030300_EAN	X002C88WLZ	B0FBMGT6V7	Cubelelo Drift Explorer 3x3 Speed Cube | Best Starter Speedcube for Beginners | Perfect Brain Teaser for Kids Ages 4 to14 Years Old & Above Boys Girls Children | Smooth Turning Puzzle Toy for Adults	NewItem	INR	3.33	3.33	1	0	1		
2026-04-30T19:53:35+00:00	8250530092		404-2956635-9847530	CustomerReturn	1460501	X001VLOAKL	B08XK25RRF	Cubelelo Drift 2x2 & 3x3 Cube Gift Box Combo | 2-in-1 Puzzle Toy Game Set for Children Kids & Adults Ages 4 5 6 & Above | Double the Challenge, Twice the Fun | Ultimate Value Saver Combo	NewItem	INR	184.46	184.46	1	0	1		
2026-04-30T16:52:09+00:00	8249818922		406-3681373-6520337	CustomerReturn	1120100	X0019BU32H	B08LBGYZ51	Cubelelo Drift 3x3 Mirror (Silver) Magic Speed Cube | Shape Shifter Speedcube with Durable Stickers | Advanced 3x3x3 Puzzle Toy for Kids Ages 7-14 Boys Girls & Adults | Collector's Item	NewItem	INR	173.07	173.07	1	0	1		
2026-04-30T15:46:01+00:00	8249806032		402-5333583-4105958	CustomerServiceIssue	1030700_EAN	X001P8LWWT	B0BRXJ9Q4G	Cubelelo Drift 3M Plus v2 3x3 (Magnetic) Cube | New Upgraded Version Based on MoYu RS3M v5 | Dual-Adjustment System | Premium Speedcube for Kids Boys Girls Ages 4+ Year Old & Adults	NewItem	INR	5.64	5.64	1	0	1		
2026-04-30T13:48:58+00:00	8249641162		407-9909613-0962755	CustomerServiceIssue	1040300	X001G4QY25	B09HH8XQ14	Cubelelo Drift 4x4 (Black) Speedcube | Challenging Brain Teaser Puzzle Toy for Kids 7-14 Years Old Boys Girls & Adults All Ages | Fast Speed Cube for Intermediate and Advanced Cubers	NewItem	INR	1.84	1.84	1	0	1		
2026-04-30T13:11:52+00:00	8249453242		406-3681373-6520337	CustomerReturn	1030300_EAN	X002C88WLZ	B0FBMGT6V7	Cubelelo Drift Explorer 3x3 Speed Cube | Best Starter Speedcube for Beginners | Perfect Brain Teaser for Kids Ages 4 to14 Years Old & Above Boys Girls Children | Smooth Turning Puzzle Toy for Adults	NewItem	INR	35.92	35.92	1	0	1		
2026-04-30T11:31:09+00:00	8248161842		402-2192734-1701968	CustomerReturn	4001001a	X001VD95XL	B0CJBLTM11	Cubelelo Drift Daily Calendar Puzzle | A-Puzzle-A-Day | Wooden Challenging Tangram Puzzle Toys for Adults and Kids | Compact, Travel Friendly Toy for Return & Birthday Gifts	NewItem	INR	1.64	1.64	1	0	1		
2026-04-30T11:19:34+00:00	8248561172		171-5697125-6252367	CustomerReturn	1030604	X0027JJHDB	B0DRVQVFJB	Cubelelo Drift 3M v3 3x3 Magnetic Speedcube (Standard) | Latest Version with New & Improved Internal Structure for Smooth Turns & Stability | Cube Toy for 6-10 Years Old Boys Girls Adults	NewItem	INR	332.04	332.04	1	0	1		
2026-04-30T10:51:57+00:00	8248330152		405-7267901-4253152	CustomerReturn	1030651	X0025EZ04D	B0DJQWJFSX	Cubelelo Drift 3M Plus v2 3x3 (Magnetic) (New Upgraded Version) | Based on MoYu RS3M v5 | Dual-Adjustment System | Speedcube for Kids & Adults | Magic Speedy Stress Buster Brainstorming Puzzle	NewItem	INR	659.47	659.47	1	0	1		
2026-04-30T09:00:16+00:00	8248208212		403-6537011-7351501	CustomerReturn	1630210	X00262W227	B09HH8CC7Y	Cubelelo Drift Number Sliding Magnetic Puzzle 4x4 | Toys For 6-10 Years Old Boys & Girls | 15-Blocks Brain Teaser Puzzle Game for Kids | Educational, Learning, Activity Toy for Return & Birthday Gifts	NewItem	INR	155.90	155.90	1	0	1		
2026-04-30T08:43:47+00:00	8247697342		404-2210966-4285900	CustomerReturn	1630300_EAN	X001S3KHTZ	B0C55MW9WL	Cubelelo Drift Column 3x3 Stickerless Speedcube Puzzle | Unique Cylindrical Speed Cube | Ultimate Stress Buster & Brainstorming Challenge for Kids & Adults | Smooth, Fast Puzzle for All Skill Levels	NewItem	INR	208.35	208.35	1	0	1		
2026-04-30T07:46:49+00:00	8247851012		408-4237790-2117135	CustomerServiceIssue	1460503	X001VFXJDV	B08XK4V59M	Cubelelo Drift 2x2, 3x3 & 4x4 Premium Gift Box | 3-in-1 Puzzle Game Set | Triple the Challenge, Thrice the Fun | Ultimate Value Saver Combo | Brainstoming Toy for Children Kids & Adults	NewItem	INR	140.70	140.70	1	0	1		
2026-04-30T07:06:40+00:00	8247170122		402-0176611-5402762	CustomerReturn	1060100	X001G4MZFF	B09HH5R69B	Cubelelo Drift 6x6 Stickerless Speed Cube Magic Puzzle for Kids & Adults | Advanced Level Speedcube | Speedy Stress Buster Brainstorming Cube	NewItem	INR	802.33	802.33	1	0	1		
2026-04-30T00:58:14+00:00	8247024352		405-5653740-3653148	CustomerReturn	1120100	X0019BU32H	B08LBGYZ51	Cubelelo Drift 3x3 Mirror (Silver) Magic Speed Cube | Shape Shifter Speedcube with Durable Stickers | Advanced 3x3x3 Puzzle Toy for Kids Ages 7-14 Boys Girls & Adults | Collector's Item	NewItem	INR	184.46	184.46	1	0	1		
2026-04-29T20:21:06+00:00	8246635922		402-7751950-1085943	CustomerReturn	1030604	X0027JJHDB	B0DRVQVFJB	Cubelelo Drift 3M v3 3x3 Magnetic Speedcube (Standard) | Latest Version with New & Improved Internal Structure for Smooth Turns & Stability | Cube Toy for 6-10 Years Old Boys Girls Adults	NewItem	INR	332.04	332.04	1	0	1		
2026-04-29T18:50:23+00:00	8245738322		404-2210966-4285900	CustomerReturn	1180200	X001ZUQ2D1	B0CZ9JH3F5	Cubelelo Drift Axis (Tiled) 3x3 Magic Cube Puzzle | Unique Shape Mod with Premium Design, Smooth Finish Toy for Intermediate & Advanced Solvers | Toys for Adults & Kids Girls Boys Ages 7-14 Years Old	NewItem	INR	254.55	254.55	1	0	1		
2026-04-29T18:28:47+00:00	8246384112		407-9653744-8250720	CustomerServiceIssue	1030604	X0027JJHDB	B0DRVQVFJB	Cubelelo Drift 3M v3 3x3 Magnetic Speedcube (Standard) | Latest Version with New & Improved Internal Structure for Smooth Turns & Stability | Cube Toy for 6-10 Years Old Boys Girls Adults	NewItem	INR	3.31	3.31	1	0	1		
2026-04-29T18:26:17+00:00	8246530652		171-5717898-0738700	CustomerServiceIssue	1120100	X0019BU32H	B08LBGYZ51	Cubelelo Drift 3x3 Mirror (Silver) Magic Speed Cube | Shape Shifter Speedcube with Durable Stickers | Advanced 3x3x3 Puzzle Toy for Kids Ages 7-14 Boys Girls & Adults | Collector's Item	NewItem	INR	1.84	1.84	1	0	1		
2026-04-29T12:27:44+00:00	8245376802		402-3513148-1170748	CustomerReturn	1460507	X001VW012B	B08N19CLYJ	Cubelelo Drift 3x3 & Blue Mirror Cube Premium Gift Box | Speedcube Set for Kids & Adults | Smooth & Durable Puzzle Combo | Ideal Gift for Puzzle Lovers	NewItem	INR	319.21	319.21	1	0	1		
2026-04-29T10:34:41+00:00	8244564442		404-7473314-8207511	CustomerReturn	1030300_EAN	X002C88WLZ	B0FBMGT6V7	Cubelelo Drift Explorer 3x3 Speed Cube | Best Starter Speedcube for Beginners | Perfect Brain Teaser for Kids Ages 4 to14 Years Old & Above Boys Girls Children | Smooth Turning Puzzle Toy for Adults	NewItem	INR	0.42	0.42	1	0	1		
2026-04-29T09:27:27+00:00	8244536142		402-3513148-1170748	CustomerReturn	1120100	X0019BU32H	B08LBGYZ51	Cubelelo Drift 3x3 Mirror (Silver) Magic Speed Cube | Shape Shifter Speedcube with Durable Stickers | Advanced 3x3x3 Puzzle Toy for Kids Ages 7-14 Boys Girls & Adults | Collector's Item	NewItem	INR	175.92	175.92	1	0	1		
2026-04-29T08:20:36+00:00	8243882062		404-9595776-4073133	CustomerServiceIssue	1030300_EAN	X002C88WLZ	B0FBMGT6V7	Cubelelo Drift Explorer 3x3 Speed Cube | Best Starter Speedcube for Beginners | Perfect Brain Teaser for Kids Ages 4 to14 Years Old & Above Boys Girls Children | Smooth Turning Puzzle Toy for Adults	NewItem	INR	3.33	3.33	1	0	1		
2026-04-29T06:42:30+00:00	8243679622		402-8722473-9041912	CustomerReturn	1030604	X0027JJHDB	B0DRVQVFJB	Cubelelo Drift 3M v3 3x3 Magnetic Speedcube (Standard) | Latest Version with New & Improved Internal Structure for Smooth Turns & Stability | Cube Toy for 6-10 Years Old Boys Girls Adults	NewItem	INR	332.04	332.04	1	0	1		
2026-04-29T06:30:22+00:00	8243662782		407-9432560-3353935	CustomerReturn	1630210	X00262W227	B09HH8CC7Y	Cubelelo Drift Number Sliding Magnetic Puzzle 4x4 | Toys For 6-10 Years Old Boys & Girls | 15-Blocks Brain Teaser Puzzle Game for Kids | Educational, Learning, Activity Toy for Return & Birthday Gifts	NewItem	INR	155.90	155.90	1	0	1		
2026-04-29T05:03:03+00:00	8243558332		404-5702013-8461961	CustomerReturn	1030300_EAN	X002C88WLZ	B0FBMGT6V7	Cubelelo Drift Explorer 3x3 Speed Cube | Best Starter Speedcube for Beginners | Perfect Brain Teaser for Kids Ages 4 to14 Years Old & Above Boys Girls Children | Smooth Turning Puzzle Toy for Adults	NewItem	INR	41.60	41.60	1	0	1		
2026-04-29T02:56:47+00:00	8243069392		405-0391173-4282751	CustomerReturn	1040400	X002DFU80F	B0FL7TDJLF	Cubelelo Drift 4x4 Stickerless Cube Puzzle Toy | Combines Smoothness, Stability & Durability | 4x4x4 Speedcube for Beginners| Suitable for Kids Ages 6 to 14 Years Old, Boys, Girls & Adults	NewItem	INR	22.75	22.75	1	0	1		
2026-04-28T23:39:48+00:00	8242433272		403-0058621-9175553	CustomerReturn	1630222	X002HPDYRF	B0GH18NXXG	Cubelelo Drift Magnetic Tangram Puzzle | with Strong Magnets, Wooden Pieces & Bold Colors | Toys for 5-10 Years Old Boys Girls & Adults | Travel Friendly, Educational Toy for Return & Birthday Gifts	NewItem	INR	2.83	2.83	1	0	1		
2026-04-28T21:25:50+00:00	8242896222		406-5410284-7743526	CustomerServiceIssue	TB00005	X002CXONGD	B0FJ21PMFM	TinkerBox Wooden Ball Tracker | 12+ Months | Montessori Rolling Ball Toy for Toddlers & Kids | STEM Learning Puzzle for Visual Tracking & Motor Skills Development | Safe & Durable Wooden Toy	NewItem	INR	211.79	211.79	1	0	1		
2026-04-28T17:56:48+00:00	8242040662		171-0454053-7052306	CustomerReturn	1630210	X00262W227	B09HH8CC7Y	Cubelelo Drift Number Sliding Magnetic Puzzle 4x4 | Toys For 6-10 Years Old Boys & Girls | 15-Blocks Brain Teaser Puzzle Game for Kids | Educational, Learning, Activity Toy for Return & Birthday Gifts	NewItem	INR	155.90	155.90	1	0	1		
2026-04-28T17:55:16+00:00	8242040032		404-8177706-6469154	CustomerReturn	CLB0502	X001VZMI15	B0CL3HR7YS	Cubelelo Drift Warrior 3x3 & Premium Cube Lubricant Combo | Speed Cube Set for Fast, Smooth, Professional Solving | Ultimate Kit for All Your Speedcubing Needs Multicolor for Kids, Adults All Ages	NewItem	INR	155.89	155.89	1	0	1		
2026-04-28T13:55:45+00:00	8240876962		406-0649372-6921148	CustomerReturn	1290300	X00239RFKR	B0DB6311DK	Cubelelo Drift Megaminx v2 Cube (New Improved Version) | 12-Sided Fun and Challenging Puzzle with Ridge Design | Smooth Turning Dodecahedron | Perfect for Speed-Cubing | Ideal for Kids & Adults	NewItem	INR	37.52	37.52	1	0	1		
2026-04-28T13:38:50+00:00	8240547392		171-4999528-4708303	CustomerServiceIssue	1030300_EAN	X002C88WLZ	B0FBMGT6V7	Cubelelo Drift Explorer 3x3 Speed Cube | Best Starter Speedcube for Beginners | Perfect Brain Teaser for Kids Ages 4 to14 Years Old & Above Boys Girls Children | Smooth Turning Puzzle Toy for Adults	NewItem	INR	12.48	12.48	1	0	1		
2026-04-28T13:25:04+00:00	8240763232		405-6643610-3645908	CustomerReturn	1630202	X001ETHG47	B09B7PNSTV	Cubelelo Drift Infinity Cube (Blue) | Magic Puzzle Cool Mini Gadget for Stress and Anxiety Relief for Kids and Adults | Desk Finger Flip Toy for Fun and Game | for Ages 3 Years and Above	NewItem	INR	59.65	59.65	1	0	1		
2026-04-28T09:39:54+00:00	8239180432		171-3158841-3377129	CustomerReturn	1040400	X002DFU80F	B0FL7TDJLF	Cubelelo Drift 4x4 Stickerless Cube Puzzle Toy | Combines Smoothness, Stability & Durability | 4x4x4 Speedcube for Beginners| Suitable for Kids Ages 6 to 14 Years Old, Boys, Girls & Adults	NewItem	INR	22.75	22.75	1	0	1		
2026-04-28T08:20:05+00:00	8238549532		402-1830548-5358761	CustomerServiceIssue	1460553	X001WPZI9N	B0BYVHGR5H	Cubelelo Drift 2x2, 3x3 & Pyraminx Cube Combo (Stickerless) | Ideal for Kids Above 3 4 5 6 Years Old Boys Girls | 3 in 1 Speedcube Gift Set | High Speed Puzzle 3x3x3 2x2x2 Pyramid Triangle	NewItem	INR	379.66	379.66	1	0	1		
2026-04-28T02:59:59+00:00	8238052672		402-3288252-3326711	CustomerReturn	1020600	X001I2IMWF	B09QCHSPYP	Cubelelo Drift 2M 2x2 Magnetic Stickerless Speedcube | Premium Multicolor Puzzle Cube for Kids & Adults | Ideal for Speedcubing, Brainstorming, and Mental Development | (Smooth & Fast Turns)	NewItem	INR	379.66	379.66	1	0	1		
2026-04-28T01:47:52+00:00	8237767042		403-4851159-6395528	CustomerServiceIssue	1030604	X0027JJHDB	B0DRVQVFJB	Cubelelo Drift 3M v3 3x3 Magnetic Speedcube (Standard) | Latest Version with New & Improved Internal Structure for Smooth Turns & Stability | Cube Toy for 6-10 Years Old Boys Girls Adults	NewItem	INR	332.04	332.04	1	0	1		
2026-04-28T01:23:20+00:00	8237513632		402-5324494-7994742	CustomerReturn	1120038	X0027JP4VP	B0DRVTQ6NM	Cubelelo Drift 3x3 Mirror Color (Tiled) Speedcube | New Colored Version Looks Fantastic with Buttery Smooth Turns | Ideal for Kids Above 5 Years Old | Unique Shape-Shifting Design for Puzzle Toy	NewItem	INR	2.84	2.84	1	0	1		
2026-04-28T01:07:32+00:00	8237800542		403-0200332-0309918	CustomerServiceIssue	1020200	X0019BU39P	B08LBJ3P8L	Cubelelo Drift 2x2 Stickerless Cube | Beginner Speedcube for Kids Boys Girls Above 3 4 5 6 Years Old & Above | Magic Puzzle Toy | Durable & Smooth Cube with Anti-Pop Design 2x2x2	NewItem	INR	9.35	9.35	1	0	1		
2026-04-28T00:54:31+00:00	8237360402		407-7487062-5373163	CustomerServiceIssue	1120100	X0019BU32H	B08LBGYZ51	Cubelelo Drift 3x3 Mirror (Silver) Magic Speed Cube | Shape Shifter Speedcube with Durable Stickers | Advanced 3x3x3 Puzzle Toy for Kids Ages 7-14 Boys Girls & Adults | Collector's Item	NewItem	INR	55.05	55.05	1	0	1		
2026-04-28T00:23:12+00:00	8237774342		404-0119309-3510731	CustomerServiceIssue	1030300_EAN	X002C88WLZ	B0FBMGT6V7	Cubelelo Drift Explorer 3x3 Speed Cube | Best Starter Speedcube for Beginners | Perfect Brain Teaser for Kids Ages 4 to14 Years Old & Above Boys Girls Children | Smooth Turning Puzzle Toy for Adults	NewItem	INR	41.60	41.60	1	0	1		
2026-04-27T22:20:45+00:00	8237333022		402-8370254-8801942	CustomerServiceIssue	1030400	X0012WM1NR	B07XPNC385	Cubelelo Drift 3x3 Black Speedcube | Beginner Cube for Kids & Adults | Magic Speed Stress Buster Brainstorming Puzzle (Multicolor) | Anti-Pop Technology | Smooth Turning | Durable	NewItem	INR	89.22	89.22	1	0	1		
2026-04-27T19:52:57+00:00	8237542902		408-5659465-4081941	CustomerServiceIssue	1030400	X0012WM1NR	B07XPNC385	Cubelelo Drift 3x3 Black Speedcube | Beginner Cube for Kids & Adults | Magic Speed Stress Buster Brainstorming Puzzle (Multicolor) | Anti-Pop Technology | Smooth Turning | Durable	NewItem	INR	0.88	0.88	1	0	1		
2026-04-27T19:47:26+00:00	8237427582		407-5898489-7073931	CustomerServiceIssue	1630210	X00262W227	B09HH8CC7Y	Cubelelo Drift Number Sliding Magnetic Puzzle 4x4 | Toys For 6-10 Years Old Boys & Girls | 15-Blocks Brain Teaser Puzzle Game for Kids | Educational, Learning, Activity Toy for Return & Birthday Gifts	NewItem	INR	46.77	46.77	1	0	1		
2026-04-27T18:14:02+00:00	8236974482		405-9603767-3860328	CustomerServiceIssue	1030300_EAN	X002C88WLZ	B0FBMGT6V7	Cubelelo Drift Explorer 3x3 Speed Cube | Best Starter Speedcube for Beginners | Perfect Brain Teaser for Kids Ages 4 to14 Years Old & Above Boys Girls Children | Smooth Turning Puzzle Toy for Adults	NewItem	INR	0.42	0.42	1	0	1		
2026-04-27T17:56:19+00:00	8237405722		405-8068431-0134730	CustomerServiceIssue	1030604	X0027JJHDB	B0DRVQVFJB	Cubelelo Drift 3M v3 3x3 Magnetic Speedcube (Standard) | Latest Version with New & Improved Internal Structure for Smooth Turns & Stability | Cube Toy for 6-10 Years Old Boys Girls Adults	NewItem	INR	3.31	3.31	1	0	1		
2026-04-27T13:29:05+00:00	8235784732		406-8624810-6389146	CustomerReturn	1030300_EAN	X002C88WLZ	B0FBMGT6V7	Cubelelo Drift Explorer 3x3 Speed Cube | Best Starter Speedcube for Beginners | Perfect Brain Teaser for Kids Ages 4 to14 Years Old & Above Boys Girls Children | Smooth Turning Puzzle Toy for Adults	NewItem	INR	12.48	12.48	1	0	1		
2026-04-27T13:11:35+00:00	8236555912		407-0765755-3698702	CustomerServiceIssue	1030604	X0027JJHDB	B0DRVQVFJB	Cubelelo Drift 3M v3 3x3 Magnetic Speedcube (Standard) | Latest Version with New & Improved Internal Structure for Smooth Turns & Stability | Cube Toy for 6-10 Years Old Boys Girls Adults	NewItem	INR	155.61	155.61	1	0	1		
2026-04-27T12:25:55+00:00	8235963312		407-2043332-4200369	CustomerReturn	1270100	X001F0AT1H	B09BZPFCZ8	Cubelelo Drift Mastermorphix Stickerless Cube Puzzle for Kids & Adults Speedy Stress Buster Brainstorming Cube	NewItem	INR	175.91	175.91	1	0	1		
2026-04-27T11:59:23+00:00	8235538202		407-2043332-4200369	CustomerReturn	1630300_EAN	X001S3KHTZ	B0C55MW9WL	Cubelelo Drift Column 3x3 Stickerless Speedcube Puzzle | Unique Cylindrical Speed Cube | Ultimate Stress Buster & Brainstorming Challenge for Kids & Adults | Smooth, Fast Puzzle for All Skill Levels	NewItem	INR	208.35	208.35	1	0	1		
2026-04-27T10:50:09+00:00	8235453692		404-0395037-4309151	CustomerReturn	1460503	X001VFXJDV	B08XK4V59M	Cubelelo Drift 2x2, 3x3 & 4x4 Premium Gift Box | 3-in-1 Puzzle Game Set | Triple the Challenge, Thrice the Fun | Ultimate Value Saver Combo | Brainstoming Toy for Children Kids & Adults	NewItem	INR	36.15	36.15	1	0	1		
2026-04-27T09:42:00+00:00	8234819652		404-9824773-6801155	CustomerReturn	1630210	X00262W227	B09HH8CC7Y	Cubelelo Drift Number Sliding Magnetic Puzzle 4x4 | Toys For 6-10 Years Old Boys & Girls | 15-Blocks Brain Teaser Puzzle Game for Kids | Educational, Learning, Activity Toy for Return & Birthday Gifts	NewItem	INR	155.89	155.89	1	0	1		
2026-04-27T07:02:01+00:00	8234019802		408-8741676-2199546	CustomerReturn	1020200	X0019BU39P	B08LBJ3P8L	Cubelelo Drift 2x2 Stickerless Cube | Beginner Speedcube for Kids Boys Girls Above 3 4 5 6 Years Old & Above | Magic Puzzle Toy | Durable & Smooth Cube with Anti-Pop Design 2x2x2	NewItem	INR	117.80	117.80	1	0	1		
2026-04-27T05:50:05+00:00	8234083342		404-6386381-4142747	CustomerReturn	1030604	X0027JJHDB	B0DRVQVFJB	Cubelelo Drift 3M v3 3x3 Magnetic Speedcube (Standard) | Latest Version with New & Improved Internal Structure for Smooth Turns & Stability | Cube Toy for 6-10 Years Old Boys Girls Adults	NewItem	INR	332.04	332.04	1	0	1		
2026-04-27T05:11:20+00:00	8234320612		171-4755449-2797952	CustomerReturn	1270100	X001F0AT1H	B09BZPFCZ8	Cubelelo Drift Mastermorphix Stickerless Cube Puzzle for Kids & Adults Speedy Stress Buster Brainstorming Cube	NewItem	INR	173.03	173.03	1	0	1		
2026-04-27T05:09:56+00:00	8234320282		402-3243116-3485914	CustomerServiceIssue	1120034	X0016NVO3P	B08998HB2Y	Cubelelo Drift Mirror Blue Magic Cube Brainstorming Stressbuster Speedcube Puzzle	NewItem	INR	62.47	62.47	1	0	1		
2026-04-27T04:46:25+00:00	8234301682		406-1136033-5989106	CustomerServiceIssue	1180200	X001ZUQ2D1	B0CZ9JH3F5	Cubelelo Drift Axis (Tiled) 3x3 Magic Cube Puzzle | Unique Shape Mod with Premium Design, Smooth Finish Toy for Intermediate & Advanced Solvers | Toys for Adults & Kids Girls Boys Ages 7-14 Years Old	NewItem	INR	21.23	21.23	1	0	1		
2026-04-27T02:46:56+00:00	8234182572		402-7157332-4196341	CustomerServiceIssue	1020200	X0019BU39P	B08LBJ3P8L	Cubelelo Drift 2x2 Stickerless Cube | Beginner Speedcube for Kids Boys Girls Above 3 4 5 6 Years Old & Above | Magic Puzzle Toy | Durable & Smooth Cube with Anti-Pop Design 2x2x2	NewItem	INR	35.05	35.05	1	0	1		
2026-04-27T02:33:34+00:00	8234275422		405-5567129-2004311	CustomerServiceIssue	1030604	X0027JJHDB	B0DRVQVFJB	Cubelelo Drift 3M v3 3x3 Magnetic Speedcube (Standard) | Latest Version with New & Improved Internal Structure for Smooth Turns & Stability | Cube Toy for 6-10 Years Old Boys Girls Adults	NewItem	INR	332.04	332.04	1	0	1		
2026-04-27T01:21:14+00:00	8233862042		404-1382005-9167537	CustomerReturn	1460501	X001VLOAKL	B08XK25RRF	Cubelelo Drift 2x2 & 3x3 Cube Gift Box Combo | 2-in-1 Puzzle Toy Game Set for Children Kids & Adults Ages 4 5 6 & Above | Double the Challenge, Twice the Fun | Ultimate Value Saver Combo	NewItem	INR	52.49	52.49	1	0	1		
2026-04-26T18:28:58+00:00	8233271062		405-7280170-0025152	CustomerReturn	1630210	X00262W227	B09HH8CC7Y	Cubelelo Drift Number Sliding Magnetic Puzzle 4x4 | Toys For 6-10 Years Old Boys & Girls | 15-Blocks Brain Teaser Puzzle Game for Kids | Educational, Learning, Activity Toy for Return & Birthday Gifts	NewItem	INR	155.90	155.90	1	0	1		
2026-04-26T17:12:34+00:00	8232884172		403-4809968-0114738	CustomerReturn	1030400	X0012WM1NR	B07XPNC385	Cubelelo Drift 3x3 Black Speedcube | Beginner Cube for Kids & Adults | Magic Speed Stress Buster Brainstorming Puzzle (Multicolor) | Anti-Pop Technology | Smooth Turning | Durable	NewItem	INR	83.53	83.53	1	0	1		
2026-04-26T16:58:39+00:00	8233087752		403-3257038-9941929	CustomerServiceIssue	1030603	X0027JJ8K3	B0DRVMTFN1	Cubelelo Drift 3M v3 3x3 (Magnetic UV Coated) Speedcube - New Version | Premium Glossy Finish, Ultra Fast & Smooth Turns, Enhanced Auto-Alignment with 48 Magnets | Puzzle Cube for Kids & Adults	NewItem	INR	564.23	564.23	1	0	1		
2026-04-26T15:32:03+00:00	8232651112		408-5386885-7605159	CustomerServiceIssue	1030604	X0027JJHDB	B0DRVQVFJB	Cubelelo Drift 3M v3 3x3 Magnetic Speedcube (Standard) | Latest Version with New & Improved Internal Structure for Smooth Turns & Stability | Cube Toy for 6-10 Years Old Boys Girls Adults	NewItem	INR	155.61	155.61	1	0	1		
2026-04-26T14:50:32+00:00	8232819532		403-3985164-1740341	CustomerServiceIssue	1630201	X001I5SK8D	B09QMNCWYG	Cubelelo Drift Infinity Cube (Green) | Magic Puzzle Cool Mini Gadget for Stress and Anxiety Relief for Kids and Adults | Desk Finger Flip Toy for Fun and Game | for Ages 3 Years and Above	NewItem	INR	15.98	15.98	1	0	1		
2026-04-26T14:11:27+00:00	8232631082			Damaged_Warehouse	1030300_EAN	X002C88WLZ	B0FBMGT6V7	Cubelelo Drift Explorer 3x3 Speed Cube | Best Starter Speedcube for Beginners | Perfect Brain Teaser for Kids Ages 4 to14 Years Old & Above Boys Girls Children | Smooth Turning Puzzle Toy for Adults	NewItem	INR	12.48	12.48	1	0	1		
2026-04-26T09:05:17+00:00	8230636162		405-6919312-5175506	CustomerReturn	1030500	X0018CDFL3	B08H88N2N9	Cubelelo Drift Warrior 3x3 Stickerless Cube | Beginner Speedcube for Kids Boys Girls Above 3 4 5 6 Years Old & Above | Magic Puzzle Toy | Durable & Smooth Cube with Anti-Pop Design 3 3	NewItem	INR	89.22	89.22	1	0	1		
2026-04-26T03:39:57+00:00	8230226142		171-6271007-1984300	CustomerServiceIssue	1180200	X001ZUQ2D1	B0CZ9JH3F5	Cubelelo Drift Axis (Tiled) 3x3 Magic Cube Puzzle | Unique Shape Mod with Premium Design, Smooth Finish Toy for Intermediate & Advanced Solvers | Toys for Adults & Kids Girls Boys Ages 7-14 Years Old	NewItem	INR	2.65	2.65	1	0	1		
2026-04-26T02:08:42+00:00	8230043442		171-0046661-2671544	CustomerReturn	1290300	X00239RFKR	B0DB6311DK	Cubelelo Drift Megaminx v2 Cube (New Improved Version) | 12-Sided Fun and Challenging Puzzle with Ridge Design | Smooth Turning Dodecahedron | Perfect for Speed-Cubing | Ideal for Kids & Adults	NewItem	INR	37.52	37.52	1	0	1		
2026-04-26T00:36:26+00:00	8229518322		405-2118423-8236348	CustomerReturn	1030300_EAN	X002C88WLZ	B0FBMGT6V7	Cubelelo Drift Explorer 3x3 Speed Cube | Best Starter Speedcube for Beginners | Perfect Brain Teaser for Kids Ages 4 to14 Years Old & Above Boys Girls Children | Smooth Turning Puzzle Toy for Adults	NewItem	INR	41.60	41.60	1	0	1		
2026-04-25T23:11:44+00:00	8229588642		404-1586293-9198733	CustomerServiceIssue	1040300	X001G4QY25	B09HH8XQ14	Cubelelo Drift 4x4 (Black) Speedcube | Challenging Brain Teaser Puzzle Toy for Kids 7-14 Years Old Boys Girls & Adults All Ages | Fast Speed Cube for Intermediate and Advanced Cubers	NewItem	INR	184.46	184.46	1	0	1		
2026-04-25T20:21:45+00:00	8229438962		402-7475248-7522767	CustomerServiceIssue	1310036_EAN	X001PWQJFP	B0BV276B7T	Cubelelo Magic Snake Rainbow Puzzle Cube (72 Wedges) | Twist and Turn Shape Creation Fun Game for Kids Boys Girls and Adults | Multicolor Brain Teaser Stress Buster Toy | for Ages 3 Years and Above	NewItem	INR	126.41	126.41	1	0	1		
2026-04-25T19:49:19+00:00	8229659532		407-4686628-2651529	CustomerServiceIssue	1030300_EAN	X002C88WLZ	B0FBMGT6V7	Cubelelo Drift Explorer 3x3 Speed Cube | Best Starter Speedcube for Beginners | Perfect Brain Teaser for Kids Ages 4 to14 Years Old & Above Boys Girls Children | Smooth Turning Puzzle Toy for Adults	NewItem	INR	41.60	41.60	1	0	1		
2026-04-25T17:25:58+00:00	8229068342		403-4809968-0114738	CustomerReturn	1030400	X0012WM1NR	B07XPNC385	Cubelelo Drift 3x3 Black Speedcube | Beginner Cube for Kids & Adults | Magic Speed Stress Buster Brainstorming Puzzle (Multicolor) | Anti-Pop Technology | Smooth Turning | Durable	NewItem	INR	83.53	83.53	1	0	1		
2026-04-25T13:05:32+00:00	8228345322		407-6547775-2014718	CustomerReturn	1030400	X0012WM1NR	B07XPNC385	Cubelelo Drift 3x3 Black Speedcube | Beginner Cube for Kids & Adults | Magic Speed Stress Buster Brainstorming Puzzle (Multicolor) | Anti-Pop Technology | Smooth Turning | Durable	NewItem	INR	89.22	89.22	1	0	1		
2026-04-25T11:36:24+00:00	8228034502		402-3483444-8817919	CustomerServiceIssue	1290300	X00239RFKR	B0DB6311DK	Cubelelo Drift Megaminx v2 Cube (New Improved Version) | 12-Sided Fun and Challenging Puzzle with Ridge Design | Smooth Turning Dodecahedron | Perfect for Speed-Cubing | Ideal for Kids & Adults	NewItem	INR	37.52	37.52	1	0	1		
2026-04-25T04:36:35+00:00	8226830332		402-2618865-1769930	CustomerServiceIssue	1120200	X001G4N1DP	B08LKQHDBF	Cubelelo Drift 3x3 Mirror (Golden) Speed Cube | Shape Shifter Magic Speedcube Puzzle Toys for 7-14 Year Old Boys Girls and Adults All Ages | Advanced 3x3 with Durable Stickers | Collector's Item	NewItem	INR	2.08	2.08	1	0	1		
2026-04-25T03:23:54+00:00	8226673292		403-4146479-6619549	CustomerServiceIssue	1050200	X001GM0XER	B09K7QTCXP	Cubelelo Drift 5x5 Stickerless Speed Cube | AKA Professor's Cube Magic Puzzle for Kids & Adults | Smooth and Durable Speedy Brainstorming Puzzle| Ultimate Stress Buster and Mind Challenge	NewItem	INR	332.04	332.04	1	0	1		
2026-04-25T02:07:34+00:00	8226179172		405-0236774-3517920	CustomerReturn	1030604	X0027JJHDB	B0DRVQVFJB	Cubelelo Drift 3M v3 3x3 Magnetic Speedcube (Standard) | Latest Version with New & Improved Internal Structure for Smooth Turns & Stability | Cube Toy for 6-10 Years Old Boys Girls Adults	NewItem	INR	319.21	319.21	1	0	1		
2026-04-25T02:00:45+00:00	8226014352		171-0944080-8787514	CustomerServiceIssue	1120100	X0019BU32H	B08LBGYZ51	Cubelelo Drift 3x3 Mirror (Silver) Magic Speed Cube | Shape Shifter Speedcube with Durable Stickers | Advanced 3x3x3 Puzzle Toy for Kids Ages 7-14 Boys Girls & Adults | Collector's Item	NewItem	INR	184.46	184.46	1	0	1		
2026-04-25T01:58:56+00:00	8225712292		405-4713481-2758740	CustomerReturn	1030300_EAN	X002C88WLZ	B0FBMGT6V7	Cubelelo Drift Explorer 3x3 Speed Cube | Best Starter Speedcube for Beginners | Perfect Brain Teaser for Kids Ages 4 to14 Years Old & Above Boys Girls Children | Smooth Turning Puzzle Toy for Adults	NewItem	INR	41.60	41.60	1	0	1		
2026-04-25T00:56:00+00:00	8225505952		403-8701961-1457152	CustomerServiceIssue	1460501	X001VLOAKL	B08XK25RRF	Cubelelo Drift 2x2 & 3x3 Cube Gift Box Combo | 2-in-1 Puzzle Toy Game Set for Children Kids & Adults Ages 4 5 6 & Above | Double the Challenge, Twice the Fun | Ultimate Value Saver Combo	NewItem	INR	55.05	55.05	1	0	1		
2026-04-24T23:00:49+00:00	8226290752		405-1100882-1979512	CustomerReturn	1030604	X0027JJHDB	B0DRVQVFJB	Cubelelo Drift 3M v3 3x3 Magnetic Speedcube (Standard) | Latest Version with New & Improved Internal Structure for Smooth Turns & Stability | Cube Toy for 6-10 Years Old Boys Girls Adults	NewItem	INR	332.04	332.04	1	0	1		
2026-04-24T21:07:57+00:00	8225443302		404-2536795-8348369	CustomerServiceIssue	1030300_EAN	X002C88WLZ	B0FBMGT6V7	Cubelelo Drift Explorer 3x3 Speed Cube | Best Starter Speedcube for Beginners | Perfect Brain Teaser for Kids Ages 4 to14 Years Old & Above Boys Girls Children | Smooth Turning Puzzle Toy for Adults	NewItem	INR	41.60	41.60	1	0	1		
2026-04-24T18:37:46+00:00	8225389352		403-1878802-5605956	CustomerServiceIssue	1290300	X00239RFKR	B0DB6311DK	Cubelelo Drift Megaminx v2 Cube (New Improved Version) | 12-Sided Fun and Challenging Puzzle with Ridge Design | Smooth Turning Dodecahedron | Perfect for Speed-Cubing | Ideal for Kids & Adults	NewItem	INR	4.69	4.69	1	0	1		
2026-04-24T16:58:52+00:00	8225725702		408-4681226-0419565	CustomerServiceIssue	1040400	X002DFU80F	B0FL7TDJLF	Cubelelo Drift 4x4 Stickerless Cube Puzzle Toy | Combines Smoothness, Stability & Durability | 4x4x4 Speedcube for Beginners| Suitable for Kids Ages 6 to 14 Years Old, Boys, Girls & Adults	NewItem	INR	2.84	2.84	1	0	1		
2026-04-24T15:30:59+00:00	8225152332		408-4462780-4441911	CustomerReturn	1120100	X0019BU32H	B08LBGYZ51	Cubelelo Drift 3x3 Mirror (Silver) Magic Speed Cube | Shape Shifter Speedcube with Durable Stickers | Advanced 3x3x3 Puzzle Toy for Kids Ages 7-14 Boys Girls & Adults | Collector's Item	NewItem	INR	1.84	1.84	1	0	1		
2026-04-24T14:08:06+00:00	8224540242		406-3262179-4246709	CustomerReturn	1030300_EAN	X002C88WLZ	B0FBMGT6V7	Cubelelo Drift Explorer 3x3 Speed Cube | Best Starter Speedcube for Beginners | Perfect Brain Teaser for Kids Ages 4 to14 Years Old & Above Boys Girls Children | Smooth Turning Puzzle Toy for Adults	NewItem	INR	3.33	3.33	1	0	1		
2026-04-24T13:52:43+00:00	8224527342		402-5206438-2014747	CustomerReturn	1030500	X0018CDFL3	B08H88N2N9	Cubelelo Drift Warrior 3x3 Stickerless Cube | Beginner Speedcube for Kids Boys Girls Above 3 4 5 6 Years Old & Above | Magic Puzzle Toy | Durable & Smooth Cube with Anti-Pop Design 3 3	NewItem	INR	89.22	89.22	1	0	1		
2026-04-24T10:24:02+00:00	8223922852		407-9392903-3643534	CustomerReturn	1460565	X0023ASIV1	B089LJBSPQ	Cubelelo Drift 2x2 Stickerless with Stand | High-Performance Speed Cube | Smooth Turning & Adjustable Tension | Durable & Reliable | Ideal for All Ages	NewItem	INR	1.56	1.56	1	0	1		
2026-04-24T08:06:47+00:00	8222899752		406-9493004-7246768	CustomerReturn	1290300	X00239RFKR	B0DB6311DK	Cubelelo Drift Megaminx v2 Cube (New Improved Version) | 12-Sided Fun and Challenging Puzzle with Ridge Design | Smooth Turning Dodecahedron | Perfect for Speed-Cubing | Ideal for Kids & Adults	NewItem	INR	4.69	4.69	1	0	1		
2026-04-24T07:35:49+00:00	8223008422		408-4124768-5593933	CustomerReturn	1030603	X0027JJ8K3	B0DRVMTFN1	Cubelelo Drift 3M v3 3x3 (Magnetic UV Coated) Speedcube - New Version | Premium Glossy Finish, Ultra Fast & Smooth Turns, Enhanced Auto-Alignment with 48 Magnets | Puzzle Cube for Kids & Adults	NewItem	INR	45.14	45.14	1	0	1		
2026-04-24T06:37:19+00:00	8223191692		171-6538948-1297924	CustomerReturn	1630210	X00262W227	B09HH8CC7Y	Cubelelo Drift Number Sliding Magnetic Puzzle 4x4 | Toys For 6-10 Years Old Boys & Girls | 15-Blocks Brain Teaser Puzzle Game for Kids | Educational, Learning, Activity Toy for Return & Birthday Gifts	NewItem	INR	155.89	155.89	1	0	1		
2026-04-24T05:12:02+00:00	8222958022		171-6380677-2212320	CustomerReturn	1630202	X001ETHG47	B09B7PNSTV	Cubelelo Drift Infinity Cube (Blue) | Magic Puzzle Cool Mini Gadget for Stress and Anxiety Relief for Kids and Adults | Desk Finger Flip Toy for Fun and Game | for Ages 3 Years and Above	NewItem	INR	199.80	199.80	1	0	1		
2026-04-24T03:58:55+00:00	8222752202		405-8636347-4209118	CustomerServiceIssue	1630201	X001I5SK8D	B09QMNCWYG	Cubelelo Drift Infinity Cube (Green) | Magic Puzzle Cool Mini Gadget for Stress and Anxiety Relief for Kids and Adults | Desk Finger Flip Toy for Fun and Game | for Ages 3 Years and Above	NewItem	INR	199.80	199.80	1	0	1		
2026-04-24T02:57:08+00:00	8222717432		404-0541863-3859566	CustomerServiceIssue	1030604	X0027JJHDB	B0DRVQVFJB	Cubelelo Drift 3M v3 3x3 Magnetic Speedcube (Standard) | Latest Version with New & Improved Internal Structure for Smooth Turns & Stability | Cube Toy for 6-10 Years Old Boys Girls Adults	NewItem	INR	332.04	332.04	1	0	1		
2026-04-23T20:53:45+00:00	8221825082		406-5403960-7368361	CustomerServiceIssue	1040300	X001G4QY25	B09HH8XQ14	Cubelelo Drift 4x4 (Black) Speedcube | Challenging Brain Teaser Puzzle Toy for Kids 7-14 Years Old Boys Girls & Adults All Ages | Fast Speed Cube for Intermediate and Advanced Cubers	NewItem	INR	1.84	1.84	1	0	1		
2026-04-23T18:36:37+00:00	8222044172		406-8745349-7216355	CustomerReturn	1460583	X00233HSFF	B0D9QBDCQW	Cubelelo Drift 5x5 Stickerless with Cube Lubricant and Stand Combo | High-Performance Speed Cube | Adjustable Tension & Smooth Turning | Durable & Reliable | Ideal for All Ages	NewItem	INR	421.38	421.38	1	0	1		
2026-04-23T18:20:06+00:00	8220433422		408-8880628-5975529	CustomerServiceIssue	1030300_EAN	X002C88WLZ	B0FBMGT6V7	Cubelelo Drift Explorer 3x3 Speed Cube | Best Starter Speedcube for Beginners | Perfect Brain Teaser for Kids Ages 4 to14 Years Old & Above Boys Girls Children | Smooth Turning Puzzle Toy for Adults	NewItem	INR	12.48	12.48	1	0	1		
2026-04-23T15:16:09+00:00	8221272402		405-7873421-7518718	CustomerReturn	1180200	X001ZUQ2D1	B0CZ9JH3F5	Cubelelo Drift Axis (Tiled) 3x3 Magic Cube Puzzle | Unique Shape Mod with Premium Design, Smooth Finish Toy for Intermediate & Advanced Solvers | Toys for Adults & Kids Girls Boys Ages 7-14 Years Old	NewItem	INR	2.65	2.65	1	0	1		
2026-04-23T13:35:06+00:00	8220864252		408-1293439-9576357	CustomerServiceIssue	1280100a	X001LHLHUV	B09QYW9DYC	Cubelelo Drift Pyraminx Puzzle Speedcube | Beginner Starter Cube for Kids 3+ Year Old & Above | Triangle Pyramid Shape Stickerless 3x3 Cubes Toy | Ideal for Boys Girls Children 4 5 6+ Years & Adults	NewItem	INR	13.16	13.16	1	0	1		
2026-04-23T12:35:17+00:00	8220754022		171-9636356-8114763	CustomerReturn	1630210	X00262W227	B09HH8CC7Y	Cubelelo Drift Number Sliding Magnetic Puzzle 4x4 | Toys For 6-10 Years Old Boys & Girls | 15-Blocks Brain Teaser Puzzle Game for Kids | Educational, Learning, Activity Toy for Return & Birthday Gifts	NewItem	INR	155.90	155.90	1	0	1		
2026-04-23T12:27:44+00:00	8220495292		406-2160906-6609957	CustomerReturn	1630210	X00262W227	B09HH8CC7Y	Cubelelo Drift Number Sliding Magnetic Puzzle 4x4 | Toys For 6-10 Years Old Boys & Girls | 15-Blocks Brain Teaser Puzzle Game for Kids | Educational, Learning, Activity Toy for Return & Birthday Gifts	NewItem	INR	155.89	155.89	1	0	1		
2026-04-23T11:46:57+00:00	8219658602		404-0917232-3466708	CustomerReturn	1630210	X00262W227	B09HH8CC7Y	Cubelelo Drift Number Sliding Magnetic Puzzle 4x4 | Toys For 6-10 Years Old Boys & Girls | 15-Blocks Brain Teaser Puzzle Game for Kids | Educational, Learning, Activity Toy for Return & Birthday Gifts	NewItem	INR	46.77	46.77	1	0	1		
2026-04-23T11:00:08+00:00	8219719182		405-1679825-5372368	CustomerReturn	TB01004	X002EGWVQH	B0FQP635YZ	TinkerBox Mobile Hanging | 0+ Months | Montessori Wooden Crib Toy for Newborns & Babies | Early Visual Stimulation & Sensory Development | Safe & Durable Hanging Room Decoration Toy	NewItem	INR	197.01	197.01	1	0	1		
2026-04-23T10:00:23+00:00	8218737792		407-8440840-1202760	CustomerServiceIssue	1120034	X0016NVO3P	B08998HB2Y	Cubelelo Drift Mirror Blue Magic Cube Brainstorming Stressbuster Speedcube Puzzle	NewItem	INR	16.66	16.66	1	0	1		
2026-04-23T07:01:25+00:00	8219143082		407-3672994-1792328	CustomerReturn	1630210	X00262W227	B09HH8CC7Y	Cubelelo Drift Number Sliding Magnetic Puzzle 4x4 | Toys For 6-10 Years Old Boys & Girls | 15-Blocks Brain Teaser Puzzle Game for Kids | Educational, Learning, Activity Toy for Return & Birthday Gifts	NewItem	INR	155.89	155.89	1	0	1		
2026-04-23T05:23:33+00:00	8219002412		406-5541275-0375535	CustomerReturn	1630210	X00262W227	B09HH8CC7Y	Cubelelo Drift Number Sliding Magnetic Puzzle 4x4 | Toys For 6-10 Years Old Boys & Girls | 15-Blocks Brain Teaser Puzzle Game for Kids | Educational, Learning, Activity Toy for Return & Birthday Gifts	NewItem	INR	155.90	155.90	1	0	1		
2026-04-23T02:29:56+00:00	8218091492		171-7661591-8602745	CustomerReturn	CLB0214	X001YQVCLD	B0CW1R5ZBW	Cubelelo Drift Infinity Cube Combo (Pack of 2 - Blue & Green) | Stress Relief Fidget Toy for Focus & Anxiety Reduction | Portable Pocket-Sized Desk Gadget for All Age	NewItem	INR	402.33	402.33	1	0	1		
2026-04-23T00:19:47+00:00	8217873652		408-1293439-9576357	CustomerReturn	1280100a	X001LHLHUV	B09QYW9DYC	Cubelelo Drift Pyraminx Puzzle Speedcube | Beginner Starter Cube for Kids 3+ Year Old & Above | Triangle Pyramid Shape Stickerless 3x3 Cubes Toy | Ideal for Boys Girls Children 4 5 6+ Years & Adults	NewItem	INR	12.52	12.52	1	0	1		
2026-04-23T00:18:50+00:00	8218167122			Damaged_Warehouse	1290300	X00239RFKR	B0DB6311DK	Cubelelo Drift Megaminx v2 Cube (New Improved Version) | 12-Sided Fun and Challenging Puzzle with Ridge Design | Smooth Turning Dodecahedron | Perfect for Speed-Cubing | Ideal for Kids & Adults	NewItem	INR	140.70	140.70	1	0	1		
2026-04-23T00:18:49+00:00	8217891022			Damaged_Warehouse	1290300	X00239RFKR	B0DB6311DK	Cubelelo Drift Megaminx v2 Cube (New Improved Version) | 12-Sided Fun and Challenging Puzzle with Ridge Design | Smooth Turning Dodecahedron | Perfect for Speed-Cubing | Ideal for Kids & Adults	NewItem	INR	140.70	140.70	1	0	1		
2026-04-23T00:18:48+00:00	8218043502			Damaged_Warehouse	1290300	X00239RFKR	B0DB6311DK	Cubelelo Drift Megaminx v2 Cube (New Improved Version) | 12-Sided Fun and Challenging Puzzle with Ridge Design | Smooth Turning Dodecahedron | Perfect for Speed-Cubing | Ideal for Kids & Adults	NewItem	INR	140.70	140.70	1	0	1		
2026-04-23T00:18:47+00:00	8218043482			Damaged_Warehouse	1290300	X00239RFKR	B0DB6311DK	Cubelelo Drift Megaminx v2 Cube (New Improved Version) | 12-Sided Fun and Challenging Puzzle with Ridge Design | Smooth Turning Dodecahedron | Perfect for Speed-Cubing | Ideal for Kids & Adults	NewItem	INR	140.70	140.70	1	0	1		
2026-04-23T00:18:46+00:00	8218043462			Damaged_Warehouse	1290300	X00239RFKR	B0DB6311DK	Cubelelo Drift Megaminx v2 Cube (New Improved Version) | 12-Sided Fun and Challenging Puzzle with Ridge Design | Smooth Turning Dodecahedron | Perfect for Speed-Cubing | Ideal for Kids & Adults	NewItem	INR	140.70	140.70	1	0	1		
2026-04-23T00:18:45+00:00	8218043442			Damaged_Warehouse	1290300	X00239RFKR	B0DB6311DK	Cubelelo Drift Megaminx v2 Cube (New Improved Version) | 12-Sided Fun and Challenging Puzzle with Ridge Design | Smooth Turning Dodecahedron | Perfect for Speed-Cubing | Ideal for Kids & Adults	NewItem	INR	140.70	140.70	1	0	1		
2026-04-23T00:18:44+00:00	8217873432			Damaged_Warehouse	1290300	X00239RFKR	B0DB6311DK	Cubelelo Drift Megaminx v2 Cube (New Improved Version) | 12-Sided Fun and Challenging Puzzle with Ridge Design | Smooth Turning Dodecahedron | Perfect for Speed-Cubing | Ideal for Kids & Adults	NewItem	INR	140.70	140.70	1	0	1		
2026-04-22T23:34:34+00:00	8218236222		402-9163820-0522708	CustomerReturn	1030604	X0027JJHDB	B0DRVQVFJB	Cubelelo Drift 3M v3 3x3 Magnetic Speedcube (Standard) | Latest Version with New & Improved Internal Structure for Smooth Turns & Stability | Cube Toy for 6-10 Years Old Boys Girls Adults	NewItem	INR	332.04	332.04	1	0	1		
2026-04-22T23:28:08+00:00	8218144692		403-3913716-8221168	CustomerServiceIssue	1030604	X0027JJHDB	B0DRVQVFJB	Cubelelo Drift 3M v3 3x3 Magnetic Speedcube (Standard) | Latest Version with New & Improved Internal Structure for Smooth Turns & Stability | Cube Toy for 6-10 Years Old Boys Girls Adults	NewItem	INR	332.04	332.04	1	0	1		
2026-04-22T22:31:13+00:00	8217336472		171-3862134-4731534	CustomerServiceIssue	1630210	X00262W227	B09HH8CC7Y	Cubelelo Drift Number Sliding Magnetic Puzzle 4x4 | Toys For 6-10 Years Old Boys & Girls | 15-Blocks Brain Teaser Puzzle Game for Kids | Educational, Learning, Activity Toy for Return & Birthday Gifts	NewItem	INR	155.90	155.90	1	0	1		
2026-04-22T17:03:32+00:00	8216754022		408-1293439-9576357	CustomerServiceIssue	1040300	X001G4QY25	B09HH8XQ14	Cubelelo Drift 4x4 (Black) Speedcube | Challenging Brain Teaser Puzzle Toy for Kids 7-14 Years Old Boys Girls & Adults All Ages | Fast Speed Cube for Intermediate and Advanced Cubers	NewItem	INR	55.34	55.34	1	0	1		
2026-04-22T16:28:30+00:00	8216285842		403-0294180-0844350	CustomerReturn	1040400	X002DFU80F	B0FL7TDJLF	Cubelelo Drift 4x4 Stickerless Cube Puzzle Toy | Combines Smoothness, Stability & Durability | 4x4x4 Speedcube for Beginners| Suitable for Kids Ages 6 to 14 Years Old, Boys, Girls & Adults	NewItem	INR	273.02	273.02	1	0	1		
2026-04-22T12:05:51+00:00	8214709742		407-2102276-5768313	CustomerReturn	1030604	X0027JJHDB	B0DRVQVFJB	Cubelelo Drift 3M v3 3x3 Magnetic Speedcube (Standard) | Latest Version with New & Improved Internal Structure for Smooth Turns & Stability | Cube Toy for 6-10 Years Old Boys Girls Adults	NewItem	INR	332.04	332.04	1	0	1		
2026-04-22T07:39:55+00:00	8213017292		404-6914668-9504301	CustomerReturn	1630210	X00262W227	B09HH8CC7Y	Cubelelo Drift Number Sliding Magnetic Puzzle 4x4 | Toys For 6-10 Years Old Boys & Girls | 15-Blocks Brain Teaser Puzzle Game for Kids | Educational, Learning, Activity Toy for Return & Birthday Gifts	NewItem	INR	155.89	155.89	1	0	1		
2026-04-22T07:23:11+00:00	8212870502		407-4621275-9957906	CustomerServiceIssue	1280100a	X001LHLHUV	B09QYW9DYC	Cubelelo Drift Pyraminx Puzzle Speedcube | Beginner Starter Cube for Kids 3+ Year Old & Above | Triangle Pyramid Shape Stickerless 3x3 Cubes Toy | Ideal for Boys Girls Children 4 5 6+ Years & Adults	NewItem	INR	13.16	13.16	1	0	1		
2026-04-22T02:58:53+00:00	8212062172		404-1845189-0146724	CustomerReturn	4001001a	X001VD95XL	B0CJBLTM11	Cubelelo Drift Daily Calendar Puzzle | A-Puzzle-A-Day | Wooden Challenging Tangram Puzzle Toys for Adults and Kids | Compact, Travel Friendly Toy for Return & Birthday Gifts	NewItem	INR	1.64	1.64	1	0	1		
2026-04-22T01:32:27+00:00	8212188132		408-9790842-9461131	CustomerServiceIssue	1030604	X0027JJHDB	B0DRVQVFJB	Cubelelo Drift 3M v3 3x3 Magnetic Speedcube (Standard) | Latest Version with New & Improved Internal Structure for Smooth Turns & Stability | Cube Toy for 6-10 Years Old Boys Girls Adults	NewItem	INR	26.49	26.49	1	0	1		
2026-04-22T01:21:58+00:00	8212667152		408-2509967-4322710	CustomerReturn	1030300_EAN	X002C88WLZ	B0FBMGT6V7	Cubelelo Drift Explorer 3x3 Speed Cube | Best Starter Speedcube for Beginners | Perfect Brain Teaser for Kids Ages 4 to14 Years Old & Above Boys Girls Children | Smooth Turning Puzzle Toy for Adults	NewItem	INR	12.48	12.48	1	0	1		
2026-04-21T23:17:39+00:00	8211968222		408-6865806-6437903	CustomerServiceIssue	1030300_EAN	X002C88WLZ	B0FBMGT6V7	Cubelelo Drift Explorer 3x3 Speed Cube | Best Starter Speedcube for Beginners | Perfect Brain Teaser for Kids Ages 4 to14 Years Old & Above Boys Girls Children | Smooth Turning Puzzle Toy for Adults	NewItem	INR	41.60	41.60	1	0	1		
2026-04-21T18:40:26+00:00	8211851992		407-2356785-6678733	CustomerReturn	TB04002	X002EGUYGB	B0FQP762MD	TinkerBox Ring Stacker | 9+ Months | Montessori Wooden Stacking Toy for Toddlers & Kids | STEM Learning Puzzle for Shape, Size & Color Recognition | Safe & Durable Wooden Toy	NewItem	INR	293.86	293.86	1	0	1		
2026-04-21T17:04:36+00:00	8211458502		407-5308016-8450713	CustomerServiceIssue	1030300_EAN	X002C88WLZ	B0FBMGT6V7	Cubelelo Drift Explorer 3x3 Speed Cube | Best Starter Speedcube for Beginners | Perfect Brain Teaser for Kids Ages 4 to14 Years Old & Above Boys Girls Children | Smooth Turning Puzzle Toy for Adults	NewItem	INR	12.48	12.48	1	0	1		
2026-04-21T12:51:27+00:00	8210704192		408-1750596-8367507	CustomerServiceIssue	1290300	X00239RFKR	B0DB6311DK	Cubelelo Drift Megaminx v2 Cube (New Improved Version) | 12-Sided Fun and Challenging Puzzle with Ridge Design | Smooth Turning Dodecahedron | Perfect for Speed-Cubing | Ideal for Kids & Adults	NewItem	INR	446.14	446.14	1	0	1		
2026-04-21T07:33:24+00:00	8209123752		404-5791959-1013935	CustomerServiceIssue	1630210	X00262W227	B09HH8CC7Y	Cubelelo Drift Number Sliding Magnetic Puzzle 4x4 | Toys For 6-10 Years Old Boys & Girls | 15-Blocks Brain Teaser Puzzle Game for Kids | Educational, Learning, Activity Toy for Return & Birthday Gifts	NewItem	INR	46.77	46.77	1	0	1		
2026-04-21T04:55:37+00:00	8209056912		406-8520793-0937143	CustomerServiceIssue	1120100	X0019BU32H	B08LBGYZ51	Cubelelo Drift 3x3 Mirror (Silver) Magic Speed Cube | Shape Shifter Speedcube with Durable Stickers | Advanced 3x3x3 Puzzle Toy for Kids Ages 7-14 Boys Girls & Adults | Collector's Item	NewItem	INR	55.05	55.05	1	0	1		
2026-04-21T04:31:26+00:00	8208508142		403-2404333-2259502	CustomerReturn	1630210	X00262W227	B09HH8CC7Y	Cubelelo Drift Number Sliding Magnetic Puzzle 4x4 | Toys For 6-10 Years Old Boys & Girls | 15-Blocks Brain Teaser Puzzle Game for Kids | Educational, Learning, Activity Toy for Return & Birthday Gifts	NewItem	INR	155.90	155.90	1	0	1		
2026-04-21T02:56:34+00:00	8207858002		403-7364807-0903511	CustomerServiceIssue	1630202	X001ETHG47	B09B7PNSTV	Cubelelo Drift Infinity Cube (Blue) | Magic Puzzle Cool Mini Gadget for Stress and Anxiety Relief for Kids and Adults | Desk Finger Flip Toy for Fun and Game | for Ages 3 Years and Above	NewItem	INR	15.91	15.91	1	0	1		
2026-04-21T02:53:55+00:00	8208557752		402-6123664-4177938	CustomerServiceIssue	1030603	X0027JJ8K3	B0DRVMTFN1	Cubelelo Drift 3M v3 3x3 (Magnetic UV Coated) Speedcube - New Version | Premium Glossy Finish, Ultra Fast & Smooth Turns, Enhanced Auto-Alignment with 48 Magnets | Puzzle Cube for Kids & Adults	NewItem	INR	52.76	52.76	1	0	1		
2026-04-21T02:30:06+00:00	8208326392		402-4501723-5253951	CustomerReturn	1630210	X00262W227	B09HH8CC7Y	Cubelelo Drift Number Sliding Magnetic Puzzle 4x4 | Toys For 6-10 Years Old Boys & Girls | 15-Blocks Brain Teaser Puzzle Game for Kids | Educational, Learning, Activity Toy for Return & Birthday Gifts	NewItem	INR	175.91	175.91	1	0	1		
2026-04-21T01:40:35+00:00	8208147062		403-0684561-7410740	CustomerReturn	1030500	X0018CDFL3	B08H88N2N9	Cubelelo Drift Warrior 3x3 Stickerless Cube | Beginner Speedcube for Kids Boys Girls Above 3 4 5 6 Years Old & Above | Magic Puzzle Toy | Durable & Smooth Cube with Anti-Pop Design 3 3	NewItem	INR	89.22	89.22	1	0	1		
2026-04-21T00:59:49+00:00	8208138092		405-4201400-7660323	CustomerServiceIssue	1030300_EAN	X002C88WLZ	B0FBMGT6V7	Cubelelo Drift Explorer 3x3 Speed Cube | Best Starter Speedcube for Beginners | Perfect Brain Teaser for Kids Ages 4 to14 Years Old & Above Boys Girls Children | Smooth Turning Puzzle Toy for Adults	NewItem	INR	41.60	41.60	1	0	1		
2026-04-20T22:50:41+00:00	8207695472		407-7781031-1617158	CustomerReturn	1030300_EAN	X002C88WLZ	B0FBMGT6V7	Cubelelo Drift Explorer 3x3 Speed Cube | Best Starter Speedcube for Beginners | Perfect Brain Teaser for Kids Ages 4 to14 Years Old & Above Boys Girls Children | Smooth Turning Puzzle Toy for Adults	NewItem	INR	41.60	41.60	1	0	1		
2026-04-20T13:18:39+00:00	8206952222		402-4460009-8185926	CustomerReturn	1030604	X0027JJHDB	B0DRVQVFJB	Cubelelo Drift 3M v3 3x3 Magnetic Speedcube (Standard) | Latest Version with New & Improved Internal Structure for Smooth Turns & Stability | Cube Toy for 6-10 Years Old Boys Girls Adults	NewItem	INR	332.04	332.04	1	0	1		
2026-04-20T12:54:57+00:00	8206293892		404-0298812-0086761	CustomerReturn	1030500	X0018CDFL3	B08H88N2N9	Cubelelo Drift Warrior 3x3 Stickerless Cube | Beginner Speedcube for Kids Boys Girls Above 3 4 5 6 Years Old & Above | Magic Puzzle Toy | Durable & Smooth Cube with Anti-Pop Design 3 3	NewItem	INR	89.22	89.22	1	0	1		
2026-04-20T12:16:30+00:00	8205947482		407-6532944-7714711	CustomerReturn	1030400	X0012WM1NR	B07XPNC385	Cubelelo Drift 3x3 Black Speedcube | Beginner Cube for Kids & Adults | Magic Speed Stress Buster Brainstorming Puzzle (Multicolor) | Anti-Pop Technology | Smooth Turning | Durable	NewItem	INR	88.28	88.28	1	0	1		
2026-04-20T12:08:19+00:00	8206441682		407-7739522-2031507	CustomerServiceIssue	1030604	X0027JJHDB	B0DRVQVFJB	Cubelelo Drift 3M v3 3x3 Magnetic Speedcube (Standard) | Latest Version with New & Improved Internal Structure for Smooth Turns & Stability | Cube Toy for 6-10 Years Old Boys Girls Adults	NewItem	INR	332.04	332.04	1	0	1		
2026-04-20T11:39:24+00:00	8194190762	12439381882	S02-1602026-0561824	ReturnAdjustment	1030600_EAN	X001ORNFU3	B0BQ73MK6H	Cubelelo Drift 3M 3x3 (Magnetic) Stickerless Speed Cube | Enhances Auto-Alignment & Fast Turning with 48 NDM Magnets | Brainteaser Stress Buster Brainstorming Puzzle for Kids & Adults	NewItem	INR	232.43	232.43	1		1		
2026-04-20T11:34:37+00:00	8192884702	12440412722	S02-1602026-0561824	ReturnAdjustment	1020600	X001I2IMWF	B09QCHSPYP	Cubelelo Drift 2M 2x2 Magnetic Stickerless Speedcube | Premium Multicolor Puzzle Cube for Kids & Adults | Ideal for Speedcubing, Brainstorming, and Mental Development | (Smooth & Fast Turns)	NewItem	INR	252.43	252.43	1		1		
2026-04-20T10:36:26+00:00	8205850382		408-1473685-5983560	CustomerReturn	PLUXO01	X002C88X2D	B0DTP72KH3	Pluxo Neoprene Posture Corrector For Unisex Adjustable Posture Corrector Belt For Back Support, Spine Alignment & Pain Relief Comfortable & Lightweight For Relaxed use | Waist size 28-42 Inches	NewItem	INR	358.42	358.42	1	0	1		
2026-04-20T10:12:39+00:00	8193404942	12439079282	S02-1602026-0561824	ReturnAdjustment	1030604	X0027JJHDB	B0DRVQVFJB	Cubelelo Drift 3M v3 3x3 Magnetic Speedcube (Standard) | Latest Version with New & Improved Internal Structure for Smooth Turns & Stability | Cube Toy for 6-10 Years Old Boys Girls Adults	NewItem	INR	142.36	142.36	1		1		
2026-04-20T09:57:33+00:00	8205317782		408-6389986-1516362	CustomerServiceIssue	1120039	X0027ISPWL	B0DRVW5BNS	Cubelelo Drift 3x3 Mirror Blue (Tiled) Speed Cube | New Blue Version Looks Stunning with Buttery Smooth Turns | Ideal for Kids Above 5 6 Years Old Boys Girls | 3x3x3 Shape-Shifting Design Puzzle Toy	NewItem	INR	62.47	62.47	1	0	1		
2026-04-20T08:18:03+00:00	8192539652	12440493812	S02-1602026-0561824	ReturnAdjustment	1030700_EAN	X001P8LWWT	B0BRXJ9Q4G	Cubelelo Drift 3M Plus v2 3x3 (Magnetic) Cube | New Upgraded Version Based on MoYu RS3M v5 | Dual-Adjustment System | Premium Speedcube for Kids Boys Girls Ages 4+ Year Old & Adults	NewItem	INR	428.34	428.34	1		1		
2026-04-20T08:04:57+00:00	8205145122		403-4757403-7213159	CustomerReturn	1630210	X00262W227	B09HH8CC7Y	Cubelelo Drift Number Sliding Magnetic Puzzle 4x4 | Toys For 6-10 Years Old Boys & Girls | 15-Blocks Brain Teaser Puzzle Game for Kids | Educational, Learning, Activity Toy for Return & Birthday Gifts	NewItem	INR	155.90	155.90	1	0	1		
2026-04-20T07:45:16+00:00	8204643402		404-7373453-3621955	CustomerReturn	1030604	X0027JJHDB	B0DRVQVFJB	Cubelelo Drift 3M v3 3x3 Magnetic Speedcube (Standard) | Latest Version with New & Improved Internal Structure for Smooth Turns & Stability | Cube Toy for 6-10 Years Old Boys Girls Adults	NewItem	INR	155.61	155.61	1	0	1		
2026-04-20T06:51:33+00:00	8204509162		403-7949539-2149957	CustomerReturn	1460501	X001VLOAKL	B08XK25RRF	Cubelelo Drift 2x2 & 3x3 Cube Gift Box Combo | 2-in-1 Puzzle Toy Game Set for Children Kids & Adults Ages 4 5 6 & Above | Double the Challenge, Twice the Fun | Ultimate Value Saver Combo	NewItem	INR	184.46	184.46	1	0	1		
2026-04-20T05:53:35+00:00	8204600742		405-4511333-0676336	CustomerReturn	1030604	X0027JJHDB	B0DRVQVFJB	Cubelelo Drift 3M v3 3x3 Magnetic Speedcube (Standard) | Latest Version with New & Improved Internal Structure for Smooth Turns & Stability | Cube Toy for 6-10 Years Old Boys Girls Adults	NewItem	INR	332.04	332.04	1	0	1		
2026-04-20T04:59:47+00:00	8204582492		406-7036062-7700358	CustomerServiceIssue	1630202	X001ETHG47	B09B7PNSTV	Cubelelo Drift Infinity Cube (Blue) | Magic Puzzle Cool Mini Gadget for Stress and Anxiety Relief for Kids and Adults | Desk Finger Flip Toy for Fun and Game | for Ages 3 Years and Above	NewItem	INR	59.66	59.66	1	0	1		
2026-04-20T02:49:24+00:00	8204397252		402-8575247-5583523	CustomerReturn	1460501	X001VLOAKL	B08XK25RRF	Cubelelo Drift 2x2 & 3x3 Cube Gift Box Combo | 2-in-1 Puzzle Toy Game Set for Children Kids & Adults Ages 4 5 6 & Above | Double the Challenge, Twice the Fun | Ultimate Value Saver Combo	NewItem	INR	170.22	170.22	1	0	1		
2026-04-20T00:13:40+00:00	8203970932		408-4351856-2249904	CustomerReturn	1030300_EAN	X002C88WLZ	B0FBMGT6V7	Cubelelo Drift Explorer 3x3 Speed Cube | Best Starter Speedcube for Beginners | Perfect Brain Teaser for Kids Ages 4 to14 Years Old & Above Boys Girls Children | Smooth Turning Puzzle Toy for Adults	NewItem	INR	37.34	37.34	1	0	1		
2026-04-19T20:28:57+00:00	8204154322		407-7534547-4961932	CustomerServiceIssue	1030604	X0027JJHDB	B0DRVQVFJB	Cubelelo Drift 3M v3 3x3 Magnetic Speedcube (Standard) | Latest Version with New & Improved Internal Structure for Smooth Turns & Stability | Cube Toy for 6-10 Years Old Boys Girls Adults	NewItem	INR	155.61	155.61	1	0	1		
2026-04-19T17:51:42+00:00	8203022192		402-8575247-5583523	CustomerReturn	1460501	X001VLOAKL	B08XK25RRF	Cubelelo Drift 2x2 & 3x3 Cube Gift Box Combo | 2-in-1 Puzzle Toy Game Set for Children Kids & Adults Ages 4 5 6 & Above | Double the Challenge, Twice the Fun | Ultimate Value Saver Combo	NewItem	INR	170.22	170.22	1	0	1		
2026-04-19T15:16:05+00:00	8202474182		402-8575247-5583523	CustomerReturn	1460501	X001VLOAKL	B08XK25RRF	Cubelelo Drift 2x2 & 3x3 Cube Gift Box Combo | 2-in-1 Puzzle Toy Game Set for Children Kids & Adults Ages 4 5 6 & Above | Double the Challenge, Twice the Fun | Ultimate Value Saver Combo	NewItem	INR	170.22	170.22	1	0	1		
2026-04-19T15:01:07+00:00	8203498462		406-2751537-8346733	CustomerReturn	1630210	X00262W227	B09HH8CC7Y	Cubelelo Drift Number Sliding Magnetic Puzzle 4x4 | Toys For 6-10 Years Old Boys & Girls | 15-Blocks Brain Teaser Puzzle Game for Kids | Educational, Learning, Activity Toy for Return & Birthday Gifts	NewItem	INR	155.90	155.90	1	0	1		
2026-04-19T14:42:06+00:00	8202406362		402-8575247-5583523	CustomerReturn	1460501	X001VLOAKL	B08XK25RRF	Cubelelo Drift 2x2 & 3x3 Cube Gift Box Combo | 2-in-1 Puzzle Toy Game Set for Children Kids & Adults Ages 4 5 6 & Above | Double the Challenge, Twice the Fun | Ultimate Value Saver Combo	NewItem	INR	170.22	170.22	1	0	1		
2026-04-19T13:10:22+00:00	8203109832		402-8575247-5583523	CustomerReturn	1460501	X001VLOAKL	B08XK25RRF	Cubelelo Drift 2x2 & 3x3 Cube Gift Box Combo | 2-in-1 Puzzle Toy Game Set for Children Kids & Adults Ages 4 5 6 & Above | Double the Challenge, Twice the Fun | Ultimate Value Saver Combo	NewItem	INR	170.22	170.22	1	0	1		
2026-04-19T11:44:06+00:00	8202572662		402-8575247-5583523	CustomerReturn	1460501	X001VLOAKL	B08XK25RRF	Cubelelo Drift 2x2 & 3x3 Cube Gift Box Combo | 2-in-1 Puzzle Toy Game Set for Children Kids & Adults Ages 4 5 6 & Above | Double the Challenge, Twice the Fun | Ultimate Value Saver Combo	NewItem	INR	170.22	170.22	1	0	1		
2026-04-19T09:27:07+00:00	8200908342		403-8619446-0039560	CustomerServiceIssue	1140034	X001WWIYG5	B0CP1XHDTC	Cubelelo Drift Gear 3x3 Tiled Black Puzzle - Unique Gear Mechanism Speedcube for Enthusiasts & Beginners | Durable, Smooth-Turning, and Visually Striking 3x3 Magic Cube for Kid	NewItem	INR	379.66	379.66	1	0	1		
2026-04-19T08:22:35+00:00	8200895512		405-5571370-5768306	CustomerReturn	1030600_EAN	X001ORNFU3	B0BQ73MK6H	Cubelelo Drift 3M 3x3 (Magnetic) Stickerless Speed Cube | Enhances Auto-Alignment & Fast Turning with 48 NDM Magnets | Brainteaser Stress Buster Brainstorming Puzzle for Kids & Adults	NewItem	INR	3.80	3.80	1	0	1		
2026-04-19T07:16:05+00:00	8200436712		404-0696149-7993116	CustomerServiceIssue	1460501	X001VLOAKL	B08XK25RRF	Cubelelo Drift 2x2 & 3x3 Cube Gift Box Combo | 2-in-1 Puzzle Toy Game Set for Children Kids & Adults Ages 4 5 6 & Above | Double the Challenge, Twice the Fun | Ultimate Value Saver Combo	NewItem	INR	1.84	1.84	1	0	1		
2026-04-19T07:04:27+00:00	8200838322		402-8575247-5583523	CustomerReturn	1460501	X001VLOAKL	B08XK25RRF	Cubelelo Drift 2x2 & 3x3 Cube Gift Box Combo | 2-in-1 Puzzle Toy Game Set for Children Kids & Adults Ages 4 5 6 & Above | Double the Challenge, Twice the Fun | Ultimate Value Saver Combo	NewItem	INR	170.22	170.22	1	0	1		
2026-04-19T06:06:58+00:00	8200865232		402-8575247-5583523	CustomerReturn	1460501	X001VLOAKL	B08XK25RRF	Cubelelo Drift 2x2 & 3x3 Cube Gift Box Combo | 2-in-1 Puzzle Toy Game Set for Children Kids & Adults Ages 4 5 6 & Above | Double the Challenge, Twice the Fun | Ultimate Value Saver Combo	NewItem	INR	170.22	170.22	1	0	1		
2026-04-19T04:58:58+00:00	8200745302		402-8575247-5583523	CustomerReturn	1460501	X001VLOAKL	B08XK25RRF	Cubelelo Drift 2x2 & 3x3 Cube Gift Box Combo | 2-in-1 Puzzle Toy Game Set for Children Kids & Adults Ages 4 5 6 & Above | Double the Challenge, Twice the Fun | Ultimate Value Saver Combo	NewItem	INR	170.22	170.22	1	0	1		
2026-04-19T02:22:24+00:00	8200513462		403-8275994-8622756	CustomerReturn	1030604	X0027JJHDB	B0DRVQVFJB	Cubelelo Drift 3M v3 3x3 Magnetic Speedcube (Standard) | Latest Version with New & Improved Internal Structure for Smooth Turns & Stability | Cube Toy for 6-10 Years Old Boys Girls Adults	NewItem	INR	332.04	332.04	1	0	1		
2026-04-18T18:27:07+00:00	8199565252		406-3659078-4801114	CustomerReturn	1020200	X0019BU39P	B08LBJ3P8L	Cubelelo Drift 2x2 Stickerless Cube | Beginner Speedcube for Kids Boys Girls Above 3 4 5 6 Years Old & Above | Magic Puzzle Toy | Durable & Smooth Cube with Anti-Pop Design 2x2x2	NewItem	INR	117.80	117.80	1	0	1		
2026-04-18T15:45:23+00:00	8199513462		406-2649680-5252324	CustomerServiceIssue	1030300_EAN	X002C88WLZ	B0FBMGT6V7	Cubelelo Drift Explorer 3x3 Speed Cube | Best Starter Speedcube for Beginners | Perfect Brain Teaser for Kids Ages 4 to14 Years Old & Above Boys Girls Children | Smooth Turning Puzzle Toy for Adults	NewItem	INR	41.60	41.60	1	0	1		
2026-04-18T10:37:30+00:00	8198154742		404-9900801-0336331	CustomerServiceIssue	1280100a	X001LHLHUV	B09QYW9DYC	Cubelelo Drift Pyraminx Puzzle Speedcube | Beginner Starter Cube for Kids 3+ Year Old & Above | Triangle Pyramid Shape Stickerless 3x3 Cubes Toy | Ideal for Boys Girls Children 4 5 6+ Years & Adults	NewItem	INR	49.34	49.34	1	0	1		
2026-04-18T08:20:03+00:00	8196712372		408-3088282-3456331	CustomerReturn	1030300_EAN	X002C88WLZ	B0FBMGT6V7	Cubelelo Drift Explorer 3x3 Speed Cube | Best Starter Speedcube for Beginners | Perfect Brain Teaser for Kids Ages 4 to14 Years Old & Above Boys Girls Children | Smooth Turning Puzzle Toy for Adults	NewItem	INR	41.60	41.60	1	0	1		
2026-04-18T08:16:26+00:00	8197588052		403-3375195-7115501	CustomerReturn	1630202	X001ETHG47	B09B7PNSTV	Cubelelo Drift Infinity Cube (Blue) | Magic Puzzle Cool Mini Gadget for Stress and Anxiety Relief for Kids and Adults | Desk Finger Flip Toy for Fun and Game | for Ages 3 Years and Above	NewItem	INR	199.80	199.80	1	0	1		
2026-04-18T06:55:35+00:00	8183796032	12356509322	S02-6937171-5055762	ReturnAdjustment	1030651	X0025EZ04D	B0DJQWJFSX	Cubelelo Drift 3M Plus v2 3x3 (Magnetic) (New Upgraded Version) | Based on MoYu RS3M v5 | Dual-Adjustment System | Speedcube for Kids & Adults | Magic Speedy Stress Buster Brainstorming Puzzle	NewItem	INR	428.30	428.30	1		1		
2026-04-18T03:32:11+00:00	8196367242		403-7178173-1735532	CustomerReturn	1280100a	X001LHLHUV	B09QYW9DYC	Cubelelo Drift Pyraminx Puzzle Speedcube | Beginner Starter Cube for Kids 3+ Year Old & Above | Triangle Pyramid Shape Stickerless 3x3 Cubes Toy | Ideal for Boys Girls Children 4 5 6+ Years & Adults	NewItem	INR	153.98	153.98	1	0	1		
2026-04-18T01:25:58+00:00	8196259362		406-5020370-9869136	CustomerReturn	1030604	X0027JJHDB	B0DRVQVFJB	Cubelelo Drift 3M v3 3x3 Magnetic Speedcube (Standard) | Latest Version with New & Improved Internal Structure for Smooth Turns & Stability | Cube Toy for 6-10 Years Old Boys Girls Adults	NewItem	INR	332.04	332.04	1	0	1		
2026-04-18T00:44:45+00:00	8195882692			Damaged_Warehouse	1630222	X002HPDYRF	B0GH18NXXG	Cubelelo Drift Magnetic Tangram Puzzle | with Strong Magnets, Wooden Pieces & Bold Colors | Toys for 5-10 Years Old Boys Girls & Adults | Travel Friendly, Educational Toy for Return & Birthday Gifts	NewItem	INR	162.12	162.12	1	0	1		
2026-04-17T21:21:32+00:00	8194951782		404-7277746-3004306	CustomerReturn	1030478	X001HYK0PL	B09PYRTM4X	Cubelelo Drift 3x3 Jelly Edition Speedcube Magic Cube Puzzle	NewItem	INR	157.45	157.45	1	0	1		
2026-04-17T18:59:12+00:00	8194804992		171-8532162-2184328	CustomerServiceIssue	1630202	X001ETHG47	B09B7PNSTV	Cubelelo Drift Infinity Cube (Blue) | Magic Puzzle Cool Mini Gadget for Stress and Anxiety Relief for Kids and Adults | Desk Finger Flip Toy for Fun and Game | for Ages 3 Years and Above	NewItem	INR	199.80	199.80	1	0	1		
2026-04-17T18:20:24+00:00	8194140742		404-7072082-6026722	CustomerServiceIssue	1020200	X0019BU39P	B08LBJ3P8L	Cubelelo Drift 2x2 Stickerless Cube | Beginner Speedcube for Kids Boys Girls Above 3 4 5 6 Years Old & Above | Magic Puzzle Toy | Durable & Smooth Cube with Anti-Pop Design 2x2x2	NewItem	INR	117.80	117.80	1	0	1		
2026-04-17T18:19:02+00:00	8194890252		402-8262959-6672320	CustomerReturn	1630201	X001I5SK8D	B09QMNCWYG	Cubelelo Drift Infinity Cube (Green) | Magic Puzzle Cool Mini Gadget for Stress and Anxiety Relief for Kids and Adults | Desk Finger Flip Toy for Fun and Game | for Ages 3 Years and Above	NewItem	INR	2.00	2.00	1	0	1		
2026-04-17T16:31:38+00:00	8194514902		404-7145594-3880302	CustomerReturn	1030478	X001HYK0PL	B09PYRTM4X	Cubelelo Drift 3x3 Jelly Edition Speedcube Magic Cube Puzzle	NewItem	INR	165.41	165.41	1	0	1		
2026-04-17T14:06:27+00:00	8194665742		408-5748496-5651549	CustomerReturn	1160200	X001ZUU6DD	B0CZ9M5VBG	Cubelelo Drift Fisher (Tiled) Magic Cube Puzzle for Kids & Adults | Unique Shape Mod with Premium Design, Smooth Finish Toy for Intermediate and Advanced Solvers | for Ages 3 and Above	NewItem	INR	2.65	2.65	1	0	1		
2026-04-17T08:51:02+00:00	8192391092		171-6989717-6369958	CustomerServiceIssue	1120100	X0019BU32H	B08LBGYZ51	Cubelelo Drift 3x3 Mirror (Silver) Magic Speed Cube | Shape Shifter Speedcube with Durable Stickers | Advanced 3x3x3 Puzzle Toy for Kids Ages 7-14 Boys Girls & Adults | Collector's Item	NewItem	INR	1.84	1.84	1	0	1		
2026-04-17T08:48:43+00:00	8192514002		402-3127194-8442734	CustomerReturn	1030604	X0027JJHDB	B0DRVQVFJB	Cubelelo Drift 3M v3 3x3 Magnetic Speedcube (Standard) | Latest Version with New & Improved Internal Structure for Smooth Turns & Stability | Cube Toy for 6-10 Years Old Boys Girls Adults	NewItem	INR	332.04	332.04	1	0	1		
2026-04-17T07:40:36+00:00	8192361552		408-6824959-7084366	CustomerReturn	1460510	X001VW450P	B0BZL11XWC	Cubelelo Drift 4x4, 5x5 Premium Gift Box | 2-in-1 Puzzle Game Set | Challenge, Thrice The Fun | Ultimate Value Saver Combo | Brainstoming Toy for Children Kids & Adults	NewItem	INR	590.45	590.45	1	0	1		
2026-04-17T06:08:46+00:00	8191832102		402-1662326-0253121	CustomerReturn	1630210	X00262W227	B09HH8CC7Y	Cubelelo Drift Number Sliding Magnetic Puzzle 4x4 | Toys For 6-10 Years Old Boys & Girls | 15-Blocks Brain Teaser Puzzle Game for Kids | Educational, Learning, Activity Toy for Return & Birthday Gifts	NewItem	INR	182.56	182.56	1	0	1		
2026-04-17T05:54:43+00:00	8191864232		171-8592496-1639538	CustomerServiceIssue	1460577	X00232KSTT	B0D9NW55MK	Cubelelo Drift 2x2 with Cube Lubricant and Stand Combo | High-Performance Speed Cube | Smooth Turning & Durable | Ideal for All Ages	NewItem	INR	1.70	1.70	1	0	1		
2026-04-17T05:07:56+00:00	8191732952		405-2781904-8723530	CustomerServiceIssue	1630202	X001ETHG47	B09B7PNSTV	Cubelelo Drift Infinity Cube (Blue) | Magic Puzzle Cool Mini Gadget for Stress and Anxiety Relief for Kids and Adults | Desk Finger Flip Toy for Fun and Game | for Ages 3 Years and Above	NewItem	INR	15.91	15.91	1	0	1		
2026-04-16T23:47:57+00:00	8191099942		405-7424612-6519522	CustomerReturn	1630210	X00262W227	B09HH8CC7Y	Cubelelo Drift Number Sliding Magnetic Puzzle 4x4 | Toys For 6-10 Years Old Boys & Girls | 15-Blocks Brain Teaser Puzzle Game for Kids | Educational, Learning, Activity Toy for Return & Birthday Gifts	NewItem	INR	182.56	182.56	1	0	1		
2026-04-16T21:51:40+00:00	8191284472		404-2878632-2301909	CustomerReturn	1030700_EAN	X001P8LWWT	B0BRXJ9Q4G	Cubelelo Drift 3M Plus v2 3x3 (Magnetic) Cube | New Upgraded Version Based on MoYu RS3M v5 | Dual-Adjustment System | Premium Speedcube for Kids Boys Girls Ages 4+ Year Old & Adults	NewItem	INR	659.48	659.48	1	0	1		
2026-04-16T17:35:58+00:00	8190174862		171-4261894-6317911	CustomerReturn	1030300_EAN	X002C88WLZ	B0FBMGT6V7	Cubelelo Drift Explorer 3x3 Speed Cube | Best Starter Speedcube for Beginners | Perfect Brain Teaser for Kids Ages 4 to14 Years Old & Above Boys Girls Children | Smooth Turning Puzzle Toy for Adults	NewItem	INR	12.48	12.48	1	0	1		
2026-04-16T15:29:30+00:00	8189852792		402-8262959-6672320	CustomerServiceIssue	1630201	X001I5SK8D	B09QMNCWYG	Cubelelo Drift Infinity Cube (Green) | Magic Puzzle Cool Mini Gadget for Stress and Anxiety Relief for Kids and Adults | Desk Finger Flip Toy for Fun and Game | for Ages 3 Years and Above	NewItem	INR	2.00	2.00	1	0	1		
2026-04-16T15:20:34+00:00	8190222272		404-4596393-3719507	CustomerReturn	1630208	X001WV20T3	B0CNXSTGRX	Cubelelo Drift Mini Rainbow Ball Puzzle | Compact, Multicolor Sphere (Fidget Toy) | Portable Brain Teaser for Kids & Adults | Stress Relief & Fun On-The-Go Puzzle	NewItem	INR	30.60	30.60	1	0	1		
2026-04-16T14:35:08+00:00	8189818702		406-9118200-9185166	CustomerReturn	1030604	X0027JJHDB	B0DRVQVFJB	Cubelelo Drift 3M v3 3x3 Magnetic Speedcube (Standard) | Latest Version with New & Improved Internal Structure for Smooth Turns & Stability | Cube Toy for 6-10 Years Old Boys Girls Adults	NewItem	INR	332.04	332.04	1	0	1		
2026-04-16T14:11:33+00:00	8189549012		402-5308462-6777106	CustomerServiceIssue	1120100	X0019BU32H	B08LBGYZ51	Cubelelo Drift 3x3 Mirror (Silver) Magic Speed Cube | Shape Shifter Speedcube with Durable Stickers | Advanced 3x3x3 Puzzle Toy for Kids Ages 7-14 Boys Girls & Adults | Collector's Item	NewItem	INR	184.46	184.46	1	0	1		
2026-04-16T13:41:55+00:00	8189507982		171-8497102-8077111	CustomerReturn	1120038a	X002CWQDK3	B0FHW9DQ29	Cubelelo Drift Mirror 3x3 (Tiled - Colored) Speed Cube | No Stickers, Premium Finish with Smooth Turning Speedcube for Kids and Adults	NewItem	INR	133.68	133.68	1	0	1		
2026-04-16T10:27:31+00:00	8187990302		407-8938402-4863546	CustomerReturn	1030604	X0027JJHDB	B0DRVQVFJB	Cubelelo Drift 3M v3 3x3 Magnetic Speedcube (Standard) | Latest Version with New & Improved Internal Structure for Smooth Turns & Stability | Cube Toy for 6-10 Years Old Boys Girls Adults	NewItem	INR	332.04	332.04	1	0	1		
2026-04-16T09:19:06+00:00	8188235702		407-2454146-8225945	CustomerReturn	1160200	X001ZUU6DD	B0CZ9M5VBG	Cubelelo Drift Fisher (Tiled) Magic Cube Puzzle for Kids & Adults | Unique Shape Mod with Premium Design, Smooth Finish Toy for Intermediate and Advanced Solvers | for Ages 3 and Above	NewItem	INR	250.14	250.14	1	0	1		
2026-04-16T09:03:39+00:00	8187856292		171-6655396-3893902	CustomerReturn	1030604	X0027JJHDB	B0DRVQVFJB	Cubelelo Drift 3M v3 3x3 Magnetic Speedcube (Standard) | Latest Version with New & Improved Internal Structure for Smooth Turns & Stability | Cube Toy for 6-10 Years Old Boys Girls Adults	NewItem	INR	332.04	332.04	1	0	1		
2026-04-16T07:29:27+00:00	8187775252		405-9472954-3037901	CustomerReturn	1630223	X002IIXAZ7	B0GN1TJ7F4	Cubelelo Drift Clang! | 2-4 Players Classic Magnetic Attraction Strategy Game | Features 24 Magnets & Adjustable Rope | Fun Gifting Toy for Family, Teens & Adults | Compact and Travel Friendly	NewItem	INR	168.46	168.46	1	0	1		
2026-04-16T07:09:10+00:00	8187753622		408-5131751-2715559	CustomerReturn	1030300_EAN	X002C88WLZ	B0FBMGT6V7	Cubelelo Drift Explorer 3x3 Speed Cube | Best Starter Speedcube for Beginners | Perfect Brain Teaser for Kids Ages 4 to14 Years Old & Above Boys Girls Children | Smooth Turning Puzzle Toy for Adults	NewItem	INR	37.34	37.34	1	0	1		
2026-04-16T06:44:22+00:00	8187758982		407-5966661-5669902	CustomerReturn	1120038a	X002CWQDK3	B0FHW9DQ29	Cubelelo Drift Mirror 3x3 (Tiled - Colored) Speed Cube | No Stickers, Premium Finish with Smooth Turning Speedcube for Kids and Adults	NewItem	INR	284.42	284.42	1	0	1		
2026-04-16T05:05:41+00:00	8187463702		171-2055397-0447521	CustomerServiceIssue	1140022	X001602BQR	B08169YZPG	Cubelelo Drift Gear 3x3 Stickerless Cube Speed Cube | Toy for Kids & Adults | Magic Speedy Stress Buster Brainstorming Puzzle 3x3x3 (Multicolor)	NewItem	INR	21.23	21.23	1	0	1		
2026-04-16T04:34:49+00:00	8187458312		407-2402841-0589116	CustomerReturn	1030300_EAN	X002C88WLZ	B0FBMGT6V7	Cubelelo Drift Explorer 3x3 Speed Cube | Best Starter Speedcube for Beginners | Perfect Brain Teaser for Kids Ages 4 to14 Years Old & Above Boys Girls Children | Smooth Turning Puzzle Toy for Adults	NewItem	INR	41.60	41.60	1	0	1		
2026-04-16T03:22:26+00:00	8186962892		408-5131751-2715559	CustomerReturn	1030300_EAN	X002C88WLZ	B0FBMGT6V7	Cubelelo Drift Explorer 3x3 Speed Cube | Best Starter Speedcube for Beginners | Perfect Brain Teaser for Kids Ages 4 to14 Years Old & Above Boys Girls Children | Smooth Turning Puzzle Toy for Adults	NewItem	INR	37.34	37.34	1	0	1		
2026-04-16T03:11:08+00:00	8187406362		408-7987644-3151545	CustomerReturn	1030400	X0012WM1NR	B07XPNC385	Cubelelo Drift 3x3 Black Speedcube | Beginner Cube for Kids & Adults | Magic Speed Stress Buster Brainstorming Puzzle (Multicolor) | Anti-Pop Technology | Smooth Turning | Durable	NewItem	INR	88.27	88.27	1	0	1		
2026-04-16T03:10:56+00:00	8186956752		408-8852944-6922716	CustomerReturn	1030800_EAN	X001P8BZA3	B0BRXKFQWS	Cubelelo Drift 3M Plus v2 3x3 (MagLev) Magnetic Speedcube (New Version) | Cube for Kids Boys Girls Children Ages 4 5 6 7 8 & Above | Premium 3x3x3 for Speedcubing with Excellent Performance	NewItem	INR	872.73	872.73	1	0	1		
2026-04-16T03:08:30+00:00	8186956342		408-7477206-1932304	CustomerReturn	1030604	X0027JJHDB	B0DRVQVFJB	Cubelelo Drift 3M v3 3x3 Magnetic Speedcube (Standard) | Latest Version with New & Improved Internal Structure for Smooth Turns & Stability | Cube Toy for 6-10 Years Old Boys Girls Adults	NewItem	INR	332.04	332.04	1	0	1		
2026-04-16T03:03:59+00:00	8187147742		171-5879319-1633905	CustomerReturn	1630202	X001ETHG47	B09B7PNSTV	Cubelelo Drift Infinity Cube (Blue) | Magic Puzzle Cool Mini Gadget for Stress and Anxiety Relief for Kids and Adults | Desk Finger Flip Toy for Fun and Game | for Ages 3 Years and Above	NewItem	INR	191.26	191.26	1	0	1		
2026-04-16T01:28:25+00:00	8186775672		171-3529301-6495556	CustomerReturn	1040400	X002DFU80F	B0FL7TDJLF	Cubelelo Drift 4x4 Stickerless Cube Puzzle Toy | Combines Smoothness, Stability & Durability | 4x4x4 Speedcube for Beginners| Suitable for Kids Ages 6 to 14 Years Old, Boys, Girls & Adults	NewItem	INR	284.42	284.42	1	0	1		
2026-04-15T23:05:28+00:00	8186975982		403-0843419-6227537	CustomerServiceIssue	1460501	X001VLOAKL	B08XK25RRF	Cubelelo Drift 2x2 & 3x3 Cube Gift Box Combo | 2-in-1 Puzzle Toy Game Set for Children Kids & Adults Ages 4 5 6 & Above | Double the Challenge, Twice the Fun | Ultimate Value Saver Combo	NewItem	INR	14.68	14.68	1	0	1		
2026-04-15T22:34:49+00:00	8186072802		171-6075436-7053147	CustomerServiceIssue	1030604	X0027JJHDB	B0DRVQVFJB	Cubelelo Drift 3M v3 3x3 Magnetic Speedcube (Standard) | Latest Version with New & Improved Internal Structure for Smooth Turns & Stability | Cube Toy for 6-10 Years Old Boys Girls Adults	NewItem	INR	26.49	26.49	1	0	1		
2026-04-15T21:30:49+00:00	8186057092		403-5625553-9749112	CustomerServiceIssue	1460553	X001WPZI9N	B0BYVHGR5H	Cubelelo Drift 2x2, 3x3 & Pyraminx Cube Combo (Stickerless) | Ideal for Kids Above 3 4 5 6 Years Old Boys Girls | 3 in 1 Speedcube Gift Set | High Speed Puzzle 3x3x3 2x2x2 Pyramid Triangle	NewItem	INR	113.90	113.90	1	0	1		
2026-04-15T19:46:26+00:00	8185956462		405-1669915-0104347	CustomerServiceIssue	1460501	X001VLOAKL	B08XK25RRF	Cubelelo Drift 2x2 & 3x3 Cube Gift Box Combo | 2-in-1 Puzzle Toy Game Set for Children Kids & Adults Ages 4 5 6 & Above | Double the Challenge, Twice the Fun | Ultimate Value Saver Combo	NewItem	INR	55.05	55.05	1	0	1		
2026-04-15T15:16:40+00:00	8185799332		402-5862662-1127545	CustomerServiceIssue	1030300_EAN	X002C88WLZ	B0FBMGT6V7	Cubelelo Drift Explorer 3x3 Speed Cube | Best Starter Speedcube for Beginners | Perfect Brain Teaser for Kids Ages 4 to14 Years Old & Above Boys Girls Children | Smooth Turning Puzzle Toy for Adults	NewItem	INR	12.48	12.48	1	0	1		
2026-04-15T09:00:05+00:00	8184098972		406-6118334-9370759	CustomerServiceIssue	1120100	X0019BU32H	B08LBGYZ51	Cubelelo Drift 3x3 Mirror (Silver) Magic Speed Cube | Shape Shifter Speedcube with Durable Stickers | Advanced 3x3x3 Puzzle Toy for Kids Ages 7-14 Boys Girls & Adults | Collector's Item	NewItem	INR	14.68	14.68	1	0	1		
2026-04-15T03:34:58+00:00	8182673722		403-8831739-2225159	CustomerReturn	1030300_EAN	X002C88WLZ	B0FBMGT6V7	Cubelelo Drift Explorer 3x3 Speed Cube | Best Starter Speedcube for Beginners | Perfect Brain Teaser for Kids Ages 4 to14 Years Old & Above Boys Girls Children | Smooth Turning Puzzle Toy for Adults	NewItem	INR	41.60	41.60	1	0	1		
2026-04-15T02:54:43+00:00	8183090902		403-6020656-0140331	CustomerServiceIssue	1030603	X0027JJ8K3	B0DRVMTFN1	Cubelelo Drift 3M v3 3x3 (Magnetic UV Coated) Speedcube - New Version | Premium Glossy Finish, Ultra Fast & Smooth Turns, Enhanced Auto-Alignment with 48 Magnets | Puzzle Cube for Kids & Adults	NewItem	INR	197.84	197.84	1	0	1		
2026-04-14T23:47:28+00:00	8182728632		403-3314895-6885158	CustomerReturn	1030604	X0027JJHDB	B0DRVQVFJB	Cubelelo Drift 3M v3 3x3 Magnetic Speedcube (Standard) | Latest Version with New & Improved Internal Structure for Smooth Turns & Stability | Cube Toy for 6-10 Years Old Boys Girls Adults	NewItem	INR	155.61	155.61	1	0	1		
2026-04-14T18:40:57+00:00	8181727162		405-0910048-7388302	CustomerServiceIssue	1030604	X0027JJHDB	B0DRVQVFJB	Cubelelo Drift 3M v3 3x3 Magnetic Speedcube (Standard) | Latest Version with New & Improved Internal Structure for Smooth Turns & Stability | Cube Toy for 6-10 Years Old Boys Girls Adults	NewItem	INR	155.61	155.61	1	0	1		
2026-04-14T18:11:49+00:00	8181849582		407-0253427-3970747	CustomerReturn	1030500	X0018CDFL3	B08H88N2N9	Cubelelo Drift Warrior 3x3 Stickerless Cube | Beginner Speedcube for Kids Boys Girls Above 3 4 5 6 Years Old & Above | Magic Puzzle Toy | Durable & Smooth Cube with Anti-Pop Design 3 3	NewItem	INR	89.22	89.22	1	0	1		
2026-04-14T15:23:18+00:00	8181973902		403-6336785-4762715	CustomerReturn	1630210	X00262W227	B09HH8CC7Y	Cubelelo Drift Number Sliding Magnetic Puzzle 4x4 | Toys For 6-10 Years Old Boys & Girls | 15-Blocks Brain Teaser Puzzle Game for Kids | Educational, Learning, Activity Toy for Return & Birthday Gifts	NewItem	INR	184.46	184.46	1	0	1		
2026-04-14T15:03:18+00:00	8181268712		404-0859411-5335541	CustomerServiceIssue	1030300_EAN	X002C88WLZ	B0FBMGT6V7	Cubelelo Drift Explorer 3x3 Speed Cube | Best Starter Speedcube for Beginners | Perfect Brain Teaser for Kids Ages 4 to14 Years Old & Above Boys Girls Children | Smooth Turning Puzzle Toy for Adults	NewItem	INR	3.33	3.33	1	0	1		
2026-04-14T12:41:41+00:00	8181498552		171-6416238-2107566	CustomerServiceIssue	1030500	X0018CDFL3	B08H88N2N9	Cubelelo Drift Warrior 3x3 Stickerless Cube | Beginner Speedcube for Kids Boys Girls Above 3 4 5 6 Years Old & Above | Magic Puzzle Toy | Durable & Smooth Cube with Anti-Pop Design 3 3	NewItem	INR	89.22	89.22	1	0	1		
2026-04-14T12:20:37+00:00	8180997962		171-4261894-6317911	CustomerServiceIssue	1030300_EAN	X002C88WLZ	B0FBMGT6V7	Cubelelo Drift Explorer 3x3 Speed Cube | Best Starter Speedcube for Beginners | Perfect Brain Teaser for Kids Ages 4 to14 Years Old & Above Boys Girls Children | Smooth Turning Puzzle Toy for Adults	NewItem	INR	12.48	12.48	1	0	1		
2026-04-14T10:18:36+00:00	8169097572	12365062172	S02-6170781-8728757	ReturnAdjustment	1160200	X001ZUU6DD	B0CZ9M5VBG	Cubelelo Drift Fisher (Tiled) Magic Cube Puzzle for Kids & Adults | Unique Shape Mod with Premium Design, Smooth Finish Toy for Intermediate and Advanced Solvers | for Ages 3 and Above	NewItem	INR	176.43	176.43	1		1		
2026-04-14T07:43:01+00:00	8179287192		404-1994111-6240359	CustomerReturn	1040300	X001G4QY25	B09HH8XQ14	Cubelelo Drift 4x4 (Black) Speedcube | Challenging Brain Teaser Puzzle Toy for Kids 7-14 Years Old Boys Girls & Adults All Ages | Fast Speed Cube for Intermediate and Advanced Cubers	NewItem	INR	14.76	14.76	1	0	1		
2026-04-14T06:00:42+00:00	8179133792		171-1908861-3249964	CustomerReturn	1630210	X00262W227	B09HH8CC7Y	Cubelelo Drift Number Sliding Magnetic Puzzle 4x4 | Toys For 6-10 Years Old Boys & Girls | 15-Blocks Brain Teaser Puzzle Game for Kids | Educational, Learning, Activity Toy for Return & Birthday Gifts	NewItem	INR	184.46	184.46	1	0	1		
2026-04-14T04:33:44+00:00	8179244692		403-3465935-9049938	CustomerServiceIssue	1030500	X0018CDFL3	B08H88N2N9	Cubelelo Drift Warrior 3x3 Stickerless Cube | Beginner Speedcube for Kids Boys Girls Above 3 4 5 6 Years Old & Above | Magic Puzzle Toy | Durable & Smooth Cube with Anti-Pop Design 3 3	NewItem	INR	89.22	89.22	1	0	1		
2026-04-14T02:45:20+00:00	8179469812		407-4905199-9445141	CustomerServiceIssue	1030300_EAN	X002C88WLZ	B0FBMGT6V7	Cubelelo Drift Explorer 3x3 Speed Cube | Best Starter Speedcube for Beginners | Perfect Brain Teaser for Kids Ages 4 to14 Years Old & Above Boys Girls Children | Smooth Turning Puzzle Toy for Adults	NewItem	INR	41.60	41.60	1	0	1		
2026-04-14T01:28:47+00:00	8178644952		403-5159247-2521924	CustomerReturn	CLB0502	X001VZMI15	B0CL3HR7YS	Cubelelo Drift Warrior 3x3 & Premium Cube Lubricant Combo | Speed Cube Set for Fast, Smooth, Professional Solving | Ultimate Kit for All Your Speedcubing Needs Multicolor for Kids, Adults All Ages	NewItem	INR	1.56	1.56	1	0	1		
2026-04-14T01:05:49+00:00	8179184732		405-8419009-5973130	CustomerServiceIssue	1280600_EAN	X001PEDWDF	B0BSFD6XY8	Cubelelo Drift Pyraminx M (Magnetic) Puzzle | Toys for Kids 4 5 6 7 8 to 14 Years Old & Above Boys Girls All Ages | Stickerless Pyramid Triangle High Speed Gift Cube Toy | Travel Friendly	NewItem	INR	154.99	154.99	1	0	1		
2026-04-13T21:59:33+00:00	8178134252		405-2283472-8563510	CustomerServiceIssue	1630202	X001ETHG47	B09B7PNSTV	Cubelelo Drift Infinity Cube (Blue) | Magic Puzzle Cool Mini Gadget for Stress and Anxiety Relief for Kids and Adults | Desk Finger Flip Toy for Fun and Game | for Ages 3 Years and Above	NewItem	INR	2.00	2.00	1	0	1		
2026-04-13T20:08:53+00:00	8178602382		405-2078344-9364337	CustomerServiceIssue	1280100a	X001LHLHUV	B09QYW9DYC	Cubelelo Drift Pyraminx Puzzle Speedcube | Beginner Starter Cube for Kids 3+ Year Old & Above | Triangle Pyramid Shape Stickerless 3x3 Cubes Toy | Ideal for Boys Girls Children 4 5 6+ Years & Adults	NewItem	INR	49.34	49.34	1	0	1		
2026-04-13T19:24:58+00:00	8178082842		405-5106244-7354720	CustomerServiceIssue	1030603	X0027JJ8K3	B0DRVMTFN1	Cubelelo Drift 3M v3 3x3 (Magnetic UV Coated) Speedcube - New Version | Premium Glossy Finish, Ultra Fast & Smooth Turns, Enhanced Auto-Alignment with 48 Magnets | Puzzle Cube for Kids & Adults	NewItem	INR	564.24	564.24	1	0	1		
2026-04-13T13:54:09+00:00	8177866352		402-2739336-8764306	CustomerReturn	1030651	X0025EZ04D	B0DJQWJFSX	Cubelelo Drift 3M Plus v2 3x3 (Magnetic) (New Upgraded Version) | Based on MoYu RS3M v5 | Dual-Adjustment System | Speedcube for Kids & Adults | Magic Speedy Stress Buster Brainstorming Puzzle	NewItem	INR	169.27	169.27	1	0	1		
2026-04-13T12:42:16+00:00	8176988022		406-3825257-7209116	CustomerServiceIssue	1030400	X0012WM1NR	B07XPNC385	Cubelelo Drift 3x3 Black Speedcube | Beginner Cube for Kids & Adults | Magic Speed Stress Buster Brainstorming Puzzle (Multicolor) | Anti-Pop Technology | Smooth Turning | Durable	NewItem	INR	89.22	89.22	1	0	1		
2026-04-13T10:50:56+00:00	8176112312			Damaged_Warehouse	1630202	X001ETHG47	B09B7PNSTV	Cubelelo Drift Infinity Cube (Blue) | Magic Puzzle Cool Mini Gadget for Stress and Anxiety Relief for Kids and Adults | Desk Finger Flip Toy for Fun and Game | for Ages 3 Years and Above	NewItem	INR	59.94	59.94	1	0	1		
2026-04-13T08:53:23+00:00	8176185552		404-5394495-3827516	CustomerReturn	4001044	X001YJP3KB	B0CVDDHZMR	Cubelelo Drift Weekday Calendar Puzzle | Fun & Educational 7-Day Calendar Puzzle for All Ages | Enhance Cognitive Skills & Time Management Kids, Adults	NewItem	INR	236.80	236.80	1	0	1		
2026-04-13T06:22:31+00:00	8175563502		407-6560240-2595553	CustomerReturn	1030604	X0027JJHDB	B0DRVQVFJB	Cubelelo Drift 3M v3 3x3 Magnetic Speedcube (Standard) | Latest Version with New & Improved Internal Structure for Smooth Turns & Stability | Cube Toy for 6-10 Years Old Boys Girls Adults	NewItem	INR	319.21	319.21	1	0	1		
2026-04-13T05:58:08+00:00	8175541182		403-5230596-7791518	CustomerReturn	1630300_EAN	X001S3KHTZ	B0C55MW9WL	Cubelelo Drift Column 3x3 Stickerless Speedcube Puzzle | Unique Cylindrical Speed Cube | Ultimate Stress Buster & Brainstorming Challenge for Kids & Adults | Smooth, Fast Puzzle for All Skill Levels	NewItem	INR	208.35	208.35	1	0	1		
2026-04-13T05:41:19+00:00	8175439262		406-5039302-2601914	CustomerServiceIssue	1050200	X001GM0XER	B09K7QTCXP	Cubelelo Drift 5x5 Stickerless Speed Cube | AKA Professor's Cube Magic Puzzle for Kids & Adults | Smooth and Durable Speedy Brainstorming Puzzle| Ultimate Stress Buster and Mind Challenge	NewItem	INR	3.32	3.32	1	0	1		
2026-04-13T05:40:24+00:00	8175295672		407-6878545-7040342	CustomerServiceIssue	1060100	X001G4MZFF	B09HH5R69B	Cubelelo Drift 6x6 Stickerless Speed Cube Magic Puzzle for Kids & Adults | Advanced Level Speedcube | Speedy Stress Buster Brainstorming Cube	NewItem	INR	240.70	240.70	1	0	1		
2026-04-13T04:59:42+00:00	8175534802		405-4976980-1962752	CustomerServiceIssue	1030300_EAN	X002C88WLZ	B0FBMGT6V7	Cubelelo Drift Explorer 3x3 Speed Cube | Best Starter Speedcube for Beginners | Perfect Brain Teaser for Kids Ages 4 to14 Years Old & Above Boys Girls Children | Smooth Turning Puzzle Toy for Adults	NewItem	INR	41.60	41.60	1	0	1		
2026-04-13T03:02:19+00:00	8175330172		408-3969407-7987517	CustomerReturn	1030500	X0018CDFL3	B08H88N2N9	Cubelelo Drift Warrior 3x3 Stickerless Cube | Beginner Speedcube for Kids Boys Girls Above 3 4 5 6 Years Old & Above | Magic Puzzle Toy | Durable & Smooth Cube with Anti-Pop Design 3 3	NewItem	INR	89.22	89.22	1	0	1		
2026-04-13T02:48:13+00:00	8175340062		402-9913051-4006706	CustomerServiceIssue	1060600	X001JJ1BL1	B09WHY3DPP	Cubelelo Drift 6M 6x6 (Magnetic) Stickerless Speedcube Magic Puzzle Toy for Kids & Adults Speedy Stress Buster Brainstorming Cube	NewItem	INR	1357.24	1357.24	1	0	1		
2026-04-12T22:10:13+00:00	8174741392		402-4373613-9521924	CustomerReturn	1030300_EAN	X002C88WLZ	B0FBMGT6V7	Cubelelo Drift Explorer 3x3 Speed Cube | Best Starter Speedcube for Beginners | Perfect Brain Teaser for Kids Ages 4 to14 Years Old & Above Boys Girls Children | Smooth Turning Puzzle Toy for Adults	NewItem	INR	41.60	41.60	1	0	1		
2026-04-12T22:01:19+00:00	8174362992		405-1036083-7208324	CustomerServiceIssue	1630202	X001ETHG47	B09B7PNSTV	Cubelelo Drift Infinity Cube (Blue) | Magic Puzzle Cool Mini Gadget for Stress and Anxiety Relief for Kids and Adults | Desk Finger Flip Toy for Fun and Game | for Ages 3 Years and Above	NewItem	INR	199.80	199.80	1	0	1		
2026-04-12T20:24:07+00:00	8174052582		402-8302334-6740348	CustomerReturn	1460510	X001VW450P	B0BZL11XWC	Cubelelo Drift 4x4, 5x5 Premium Gift Box | 2-in-1 Puzzle Game Set | Challenge, Thrice The Fun | Ultimate Value Saver Combo | Brainstoming Toy for Children Kids & Adults	NewItem	INR	183.56	183.56	1	0	1		
2026-04-12T20:14:03+00:00	8174393962		405-1624530-6827544	CustomerReturn	1030604	X0027JJHDB	B0DRVQVFJB	Cubelelo Drift 3M v3 3x3 Magnetic Speedcube (Standard) | Latest Version with New & Improved Internal Structure for Smooth Turns & Stability | Cube Toy for 6-10 Years Old Boys Girls Adults	NewItem	INR	319.21	319.21	1	0	1		
2026-04-12T20:12:35+00:00	8174598542		405-2704444-1177958	CustomerServiceIssue	1140034	X001WWIYG5	B0CP1XHDTC	Cubelelo Drift Gear 3x3 Tiled Black Puzzle - Unique Gear Mechanism Speedcube for Enthusiasts & Beginners | Durable, Smooth-Turning, and Visually Striking 3x3 Magic Cube for Kid	NewItem	INR	113.90	113.90	1	0	1		
2026-04-12T18:03:45+00:00	8173677582		405-1624530-6827544	CustomerReturn	1030300_EAN	X002C88WLZ	B0FBMGT6V7	Cubelelo Drift Explorer 3x3 Speed Cube | Best Starter Speedcube for Beginners | Perfect Brain Teaser for Kids Ages 4 to14 Years Old & Above Boys Girls Children | Smooth Turning Puzzle Toy for Adults	NewItem	INR	37.34	37.34	1	0	1		
2026-04-12T18:02:20+00:00	8174267112		406-7921338-2572317	CustomerReturn	1630210	X00262W227	B09HH8CC7Y	Cubelelo Drift Number Sliding Magnetic Puzzle 4x4 | Toys For 6-10 Years Old Boys & Girls | 15-Blocks Brain Teaser Puzzle Game for Kids | Educational, Learning, Activity Toy for Return & Birthday Gifts	NewItem	INR	42.93	42.93	1	0	1		
2026-04-12T15:00:07+00:00	8174220272		408-2379421-9644329	CustomerReturn	1040400	X002DFU80F	B0FL7TDJLF	Cubelelo Drift 4x4 Stickerless Cube Puzzle Toy | Combines Smoothness, Stability & Durability | 4x4x4 Speedcube for Beginners| Suitable for Kids Ages 6 to 14 Years Old, Boys, Girls & Adults	NewItem	INR	273.02	273.02	1	0	1		
2026-04-12T14:49:35+00:00	8173620352		407-6560240-2595553	CustomerReturn	1030604	X0027JJHDB	B0DRVQVFJB	Cubelelo Drift 3M v3 3x3 Magnetic Speedcube (Standard) | Latest Version with New & Improved Internal Structure for Smooth Turns & Stability | Cube Toy for 6-10 Years Old Boys Girls Adults	NewItem	INR	319.21	319.21	1	0	1		
2026-04-12T12:45:31+00:00	8174087692		405-6609426-2570716	CustomerServiceIssue	1030604	X0027JJHDB	B0DRVQVFJB	Cubelelo Drift 3M v3 3x3 Magnetic Speedcube (Standard) | Latest Version with New & Improved Internal Structure for Smooth Turns & Stability | Cube Toy for 6-10 Years Old Boys Girls Adults	NewItem	INR	332.04	332.04	1	0	1		
2026-04-12T11:46:28+00:00	8172768442		403-1051192-6871512	CustomerReturn	CLB0503	X0025QFMUN	B0DKJD6WV1	Cubelelo Drift 3M Plus v2 3x3 (Magnetic) with Cube Lubricant & Premium Pouch (2024 Updated Version) | 48 Strong Magnets for Enhanced Stability & Smooth Turns | Kids & Adults,multicolor	NewItem	INR	50.93	50.93	1	0	1		
2026-04-12T11:23:50+00:00	8172994372		171-0756057-3042769	CustomerServiceIssue	1460541	X001YLRGGN	B0CVL1VSNM	Cubelelo Drift Megaminx Speed Cube + Lube Combo | Stickerless High-Speed Megaminx Puzzle with Professional Lubrication | Ideal for Speedcubing Enthusiasts, Kids & Adults	NewItem	INR	141.06	141.06	1	0	1		
2026-04-12T11:06:19+00:00	8172731912		405-3981859-0572350	CustomerServiceIssue	1030300_EAN	X002C88WLZ	B0FBMGT6V7	Cubelelo Drift Explorer 3x3 Speed Cube | Best Starter Speedcube for Beginners | Perfect Brain Teaser for Kids Ages 4 to14 Years Old & Above Boys Girls Children | Smooth Turning Puzzle Toy for Adults	NewItem	INR	41.60	41.60	1	0	1		
2026-04-12T09:54:58+00:00	8172904642		405-2000957-5985115	CustomerReturn	1030604	X0027JJHDB	B0DRVQVFJB	Cubelelo Drift 3M v3 3x3 Magnetic Speedcube (Standard) | Latest Version with New & Improved Internal Structure for Smooth Turns & Stability | Cube Toy for 6-10 Years Old Boys Girls Adults	NewItem	INR	3.32	3.32	1	0	1		
2026-04-12T08:36:02+00:00	8171824452		171-2970655-4377938	CustomerServiceIssue	1120100	X0019BU32H	B08LBGYZ51	Cubelelo Drift 3x3 Mirror (Silver) Magic Speed Cube | Shape Shifter Speedcube with Durable Stickers | Advanced 3x3x3 Puzzle Toy for Kids Ages 7-14 Boys Girls & Adults | Collector's Item	NewItem	INR	184.46	184.46	1	0	1		
2026-04-12T06:35:47+00:00	8171286892		404-0531377-7616333	CustomerServiceIssue	1460583	X00233HSFF	B0D9QBDCQW	Cubelelo Drift 5x5 Stickerless with Cube Lubricant and Stand Combo | High-Performance Speed Cube | Adjustable Tension & Smooth Turning | Durable & Reliable | Ideal for All Ages	NewItem	INR	421.38	421.38	1	0	1		
2026-04-12T04:46:00+00:00	8171681202		404-5220674-7305117	CustomerReturn	1030400	X0012WM1NR	B07XPNC385	Cubelelo Drift 3x3 Black Speedcube | Beginner Cube for Kids & Adults | Magic Speed Stress Buster Brainstorming Puzzle (Multicolor) | Anti-Pop Technology | Smooth Turning | Durable	NewItem	INR	89.22	89.22	1	0	1		
2026-04-12T03:27:33+00:00	8171374752		406-7104738-3121919	CustomerReturn	1630223	X002IIXAZ7	B0GN1TJ7F4	Cubelelo Drift Clang! | 2-4 Players Classic Magnetic Attraction Strategy Game | Features 24 Magnets & Adjustable Rope | Fun Gifting Toy for Family, Teens & Adults | Compact and Travel Friendly	NewItem	INR	28.67	28.67	1	0	1		
2026-04-12T02:18:35+00:00	8171442712		171-2623698-4531528	CustomerServiceIssue	CLB0525	X00271Q95N	B0DQ8XH4J5	Cubelelo Drift 3M Plus v2 MagLev 3x3 Speedcube with Premium Pouch & Cube Lubricant Combo | Advanced MagLev Technology for Superior Stability | Ultra-Smooth Turns | Ideal for Speedcubers, Kids & Adults	NewItem	INR	298.51	298.51	1	0	1		
2026-04-12T01:39:36+00:00	8171427212		406-3571704-4172317	CustomerReturn	1030300_EAN	X002C88WLZ	B0FBMGT6V7	Cubelelo Drift Explorer 3x3 Speed Cube | Best Starter Speedcube for Beginners | Perfect Brain Teaser for Kids Ages 4 to14 Years Old & Above Boys Girls Children | Smooth Turning Puzzle Toy for Adults	NewItem	INR	41.60	41.60	1	0	1		
2026-04-11T23:44:59+00:00	8171177662		407-6468840-8818739	CustomerReturn	1630201	X001I5SK8D	B09QMNCWYG	Cubelelo Drift Infinity Cube (Green) | Magic Puzzle Cool Mini Gadget for Stress and Anxiety Relief for Kids and Adults | Desk Finger Flip Toy for Fun and Game | for Ages 3 Years and Above	NewItem	INR	199.80	199.80	1	0	1		
2026-04-11T23:24:18+00:00	8170897032		408-7892660-8215544	CustomerReturn	1120100	X0019BU32H	B08LBGYZ51	Cubelelo Drift 3x3 Mirror (Silver) Magic Speed Cube | Shape Shifter Speedcube with Durable Stickers | Advanced 3x3x3 Puzzle Toy for Kids Ages 7-14 Boys Girls & Adults | Collector's Item	NewItem	INR	1.84	1.84	1	0	1		
2026-04-11T22:25:18+00:00	8170958572		403-4056443-1893907	CustomerReturn	1630222	X002HPDYRF	B0GH18NXXG	Cubelelo Drift Magnetic Tangram Puzzle | with Strong Magnets, Wooden Pieces & Bold Colors | Toys for 5-10 Years Old Boys Girls & Adults | Travel Friendly, Educational Toy for Return & Birthday Gifts	NewItem	INR	22.68	22.68	1	0	1		
2026-04-11T20:01:33+00:00	8170724332		404-3653902-9649966	CustomerServiceIssue	1120038a	X002CWQDK3	B0FHW9DQ29	Cubelelo Drift Mirror 3x3 (Tiled - Colored) Speed Cube | No Stickers, Premium Finish with Smooth Turning Speedcube for Kids and Adults	NewItem	INR	22.75	22.75	1	0	1		
2026-04-11T19:54:10+00:00	8170094692		403-4049365-7070749	CustomerReturn	1030604	X0027JJHDB	B0DRVQVFJB	Cubelelo Drift 3M v3 3x3 Magnetic Speedcube (Standard) | Latest Version with New & Improved Internal Structure for Smooth Turns & Stability | Cube Toy for 6-10 Years Old Boys Girls Adults	NewItem	INR	332.04	332.04	1	0	1		
2026-04-11T17:12:02+00:00	8170051752		408-5072544-2792344	CustomerReturn	1180200	X001ZUQ2D1	B0CZ9JH3F5	Cubelelo Drift Axis (Tiled) 3x3 Magic Cube Puzzle | Unique Shape Mod with Premium Design, Smooth Finish Toy for Intermediate & Advanced Solvers | Toys for Adults & Kids Girls Boys Ages 7-14 Years Old	NewItem	INR	265.37	265.37	1	0	1		
2026-04-11T12:16:21+00:00	8169632162		408-1975930-1921113	CustomerReturn	1030600_EAN	X001ORNFU3	B0BQ73MK6H	Cubelelo Drift 3M 3x3 (Magnetic) Stickerless Speed Cube | Enhances Auto-Alignment & Fast Turning with 48 NDM Magnets | Brainteaser Stress Buster Brainstorming Puzzle for Kids & Adults	NewItem	INR	25.80	25.80	1	0	1		
2026-04-11T10:41:10+00:00	8168648322		408-2105076-7006744	CustomerReturn	1030300_EAN	X002C88WLZ	B0FBMGT6V7	Cubelelo Drift Explorer 3x3 Speed Cube | Best Starter Speedcube for Beginners | Perfect Brain Teaser for Kids Ages 4 to14 Years Old & Above Boys Girls Children | Smooth Turning Puzzle Toy for Adults	NewItem	INR	41.60	41.60	1	0	1		
2026-04-11T10:16:37+00:00	8156933932	12340558842	S02-3966447-2210545	ReturnAdjustment	1460501	X001VLOAKL	B08XK25RRF	Cubelelo Drift 2x2 & 3x3 Cube Gift Box Combo | 2-in-1 Puzzle Toy Game Set for Children Kids & Adults Ages 4 5 6 & Above | Double the Challenge, Twice the Fun | Ultimate Value Saver Combo	NewItem	INR	129.12	129.12	1		1		
2026-04-11T09:54:58+00:00	8168917712		405-7281918-7453900	CustomerServiceIssue	1030400	X0012WM1NR	B07XPNC385	Cubelelo Drift 3x3 Black Speedcube | Beginner Cube for Kids & Adults | Magic Speed Stress Buster Brainstorming Puzzle (Multicolor) | Anti-Pop Technology | Smooth Turning | Durable	NewItem	INR	1.27	1.27	1	0	1		
2026-04-10T21:48:36+00:00	8167172892		403-2913600-9160314	CustomerServiceIssue	1030651	X0025EZ04D	B0DJQWJFSX	Cubelelo Drift 3M Plus v2 3x3 (Magnetic) (New Upgraded Version) | Based on MoYu RS3M v5 | Dual-Adjustment System | Speedcube for Kids & Adults | Magic Speedy Stress Buster Brainstorming Puzzle	NewItem	INR	45.14	45.14	1	0	1		
2026-04-10T19:24:16+00:00	8166913782		402-9667240-4661115	CustomerReturn	1030300_EAN	X002C88WLZ	B0FBMGT6V7	Cubelelo Drift Explorer 3x3 Speed Cube | Best Starter Speedcube for Beginners | Perfect Brain Teaser for Kids Ages 4 to14 Years Old & Above Boys Girls Children | Smooth Turning Puzzle Toy for Adults	NewItem	INR	41.60	41.60	1	0	1		
2026-04-10T16:07:27+00:00	8166729252		402-6599737-9354735	CustomerServiceIssue	1020200	X0019BU39P	B08LBJ3P8L	Cubelelo Drift 2x2 Stickerless Cube | Beginner Speedcube for Kids Boys Girls Above 3 4 5 6 Years Old & Above | Magic Puzzle Toy | Durable & Smooth Cube with Anti-Pop Design 2x2x2	NewItem	INR	1.04	1.04	1	0	1		
2026-04-10T14:30:15+00:00	8166387352		407-2033713-5534729	CustomerReturn	1630300_EAN	X001S3KHTZ	B0C55MW9WL	Cubelelo Drift Column 3x3 Stickerless Speedcube Puzzle | Unique Cylindrical Speed Cube | Ultimate Stress Buster & Brainstorming Challenge for Kids & Adults | Smooth, Fast Puzzle for All Skill Levels	NewItem	INR	208.35	208.35	1	0	1		
2026-04-10T09:00:23+00:00	8164521622		406-9939661-4065129	CustomerReturn	1050200	X001GM0XER	B09K7QTCXP	Cubelelo Drift 5x5 Stickerless Speed Cube | AKA Professor's Cube Magic Puzzle for Kids & Adults | Smooth and Durable Speedy Brainstorming Puzzle| Ultimate Stress Buster and Mind Challenge	NewItem	INR	26.56	26.56	1	0	1		
2026-04-10T08:11:13+00:00	8163922582		171-0636735-3828368	CustomerReturn	1040300	X001G4QY25	B09HH8XQ14	Cubelelo Drift 4x4 (Black) Speedcube | Challenging Brain Teaser Puzzle Toy for Kids 7-14 Years Old Boys Girls & Adults All Ages | Fast Speed Cube for Intermediate and Advanced Cubers	NewItem	INR	14.76	14.76	1	0	1		
2026-04-10T04:42:49+00:00	8164011792		407-3566434-7407527	CustomerServiceIssue	1030322	X000WRSIMB	B07F1M6KCP	Cubelelo Drift 3x3 Carbon Fiber Speed Cube Puzzle | Premium Multicolor Magic Cube for Kids & Adults | Stress Relief Brain Teaser with Smooth Turns & Durable Carbon Fiber Stickers	NewItem	INR	174.94	174.94	1	0	1		
2026-04-10T03:59:34+00:00	8163839792		407-2033713-5534729	CustomerReturn	1270100	X001F0AT1H	B09BZPFCZ8	Cubelelo Drift Mastermorphix Stickerless Cube Puzzle for Kids & Adults Speedy Stress Buster Brainstorming Cube	NewItem	INR	175.91	175.91	1	0	1		
2026-04-10T03:46:35+00:00	8163654242		406-4165004-6079555	CustomerReturn	1030400	X0012WM1NR	B07XPNC385	Cubelelo Drift 3x3 Black Speedcube | Beginner Cube for Kids & Adults | Magic Speed Stress Buster Brainstorming Puzzle (Multicolor) | Anti-Pop Technology | Smooth Turning | Durable	NewItem	INR	89.22	89.22	1	0	1		
2026-04-10T03:25:42+00:00	8163830942		405-6861660-5582733	CustomerReturn	1050600	X001I2GYZR	B09QCL5JCC	Cubelelo Drift 5M 5x5 (Magnetic) Stickerless Speed Cube Magic Puzzle for Kids & Adults Speedy Stress Buster Brainstorming Cube	NewItem	INR	995.04	995.04	1	0	1		
2026-04-10T01:40:05+00:00	8163600382		404-0915325-3805938	CustomerReturn	1310035_EAN	X001PWV6K3	B0BV247KZ6	Cubelelo Magic Snake Rainbow Puzzle Cube (24 Wedges) | Twist and Turn Shape Creation Fun Game for Kids Boys Girls and Adults | Multicolor Brain Teaser Stress Buster Toy | for Ages 3 Years and Above	NewItem	INR	1.37	1.37	1	0	1		
2026-04-10T00:35:30+00:00	8163277502		171-1985357-7575568	CustomerServiceIssue	1120100	X0019BU32H	B08LBGYZ51	Cubelelo Drift 3x3 Mirror (Silver) Magic Speed Cube | Shape Shifter Speedcube with Durable Stickers | Advanced 3x3x3 Puzzle Toy for Kids Ages 7-14 Boys Girls & Adults | Collector's Item	NewItem	INR	55.05	55.05	1	0	1		
2026-04-09T23:26:57+00:00	8163483252		402-9799133-2004367	CustomerReturn	1290300	X00239RFKR	B0DB6311DK	Cubelelo Drift Megaminx v2 Cube (New Improved Version) | 12-Sided Fun and Challenging Puzzle with Ridge Design | Smooth Turning Dodecahedron | Perfect for Speed-Cubing | Ideal for Kids & Adults	NewItem	INR	469.00	469.00	1	0	1		
2026-04-09T22:59:58+00:00	8162857232		405-1313744-5706745	CustomerServiceIssue	1120100	X0019BU32H	B08LBGYZ51	Cubelelo Drift 3x3 Mirror (Silver) Magic Speed Cube | Shape Shifter Speedcube with Durable Stickers | Advanced 3x3x3 Puzzle Toy for Kids Ages 7-14 Boys Girls & Adults | Collector's Item	NewItem	INR	1.84	1.84	1	0	1		
2026-04-09T21:22:18+00:00	8162840232		407-5925098-9894711	CustomerReturn	1630202	X001ETHG47	B09B7PNSTV	Cubelelo Drift Infinity Cube (Blue) | Magic Puzzle Cool Mini Gadget for Stress and Anxiety Relief for Kids and Adults | Desk Finger Flip Toy for Fun and Game | for Ages 3 Years and Above	NewItem	INR	199.80	199.80	1	0	1		
2026-04-09T18:54:04+00:00	8162237252		407-7562778-5589125	CustomerReturn	1350100	X001O3K2YJ	B0BM63N44W	Cubelelo Drift 2x2x3 Cuboid Stickerless Puzzle | Unique Twist | Smooth Rotations for Stress Relief & Brain Teasers | Ideal Puzzle for Kids & Adults	NewItem	INR	236.80	236.80	1	0	1		